2026-07-13 00:02:01.792 +05:30 [INF] Request starting HTTP/1.1 GET http://localhost:5049/css/site.css?v=sRyjsd1L8K3j6s0MFvWVxY0FwJH8ZY0yw9NGYCFfF4s - null null
2026-07-13 00:02:01.962 +05:30 [INF] The file /css/site.css was not modified
2026-07-13 00:02:01.964 +05:30 [INF] HTTP GET /css/site.css responded 304 in 32.4166 ms
2026-07-13 00:02:01.980 +05:30 [INF] Request finished HTTP/1.1 GET http://localhost:5049/css/site.css?v=sRyjsd1L8K3j6s0MFvWVxY0FwJH8ZY0yw9NGYCFfF4s - 304 null text/css 205.3155ms
2026-07-13 00:02:04.187 +05:30 [INF] Request starting HTTP/1.1 GET http://localhost:5049/sw.js - null null
2026-07-13 00:02:04.188 +05:30 [INF] The file /sw.js was not modified
2026-07-13 00:02:04.191 +05:30 [INF] HTTP GET /sw.js responded 304 in 3.5278 ms
2026-07-13 00:02:04.192 +05:30 [INF] Request finished HTTP/1.1 GET http://localhost:5049/sw.js - 304 null text/javascript 4.8893ms
2026-07-13 00:02:34.021 +05:30 [INF] Request starting HTTP/1.1 POST http://localhost:5049/Home/AskAi - application/json 39
2026-07-13 00:02:34.465 +05:30 [INF] CORS policy execution successful.
2026-07-13 00:02:34.766 +05:30 [INF] Executing endpoint 'Portfolio_Management_System.Controllers.HomeController.AskAi (Portfolio Management System)'
2026-07-13 00:02:35.015 +05:30 [INF] Route matched with {action = "AskAi", controller = "Home"}. Executing controller action with signature System.Threading.Tasks.Task`1[Microsoft.AspNetCore.Mvc.IActionResult] AskAi(AskAiRequest) on controller Portfolio_Management_System.Controllers.HomeController (Portfolio Management System).
2026-07-13 00:02:37.331 +05:30 [INF] Executing JsonResult, writing value of type '<>f__AnonymousType29`2[[System.Boolean, System.Private.CoreLib, Version=9.0.0.0, Culture=neutral, PublicKeyToken=7cec85d7bea7798e],[System.String, System.Private.CoreLib, Version=9.0.0.0, Culture=neutral, PublicKeyToken=7cec85d7bea7798e]]'.
2026-07-13 00:02:37.431 +05:30 [INF] Executed action Portfolio_Management_System.Controllers.HomeController.AskAi (Portfolio Management System) in 2405.0833ms
2026-07-13 00:02:37.432 +05:30 [INF] Executed endpoint 'Portfolio_Management_System.Controllers.HomeController.AskAi (Portfolio Management System)'
2026-07-13 00:02:37.455 +05:30 [INF] HTTP POST /Home/AskAi responded 200 in 3420.6357 ms
2026-07-13 00:02:37.457 +05:30 [INF] Request finished HTTP/1.1 POST http://localhost:5049/Home/AskAi - 200 null application/json; charset=utf-8 3436.4134ms
2026-07-13 00:02:44.522 +05:30 [INF] Request starting HTTP/1.1 POST http://localhost:5049/Home/AskAi - application/json 52
2026-07-13 00:02:44.565 +05:30 [INF] CORS policy execution successful.
2026-07-13 00:02:44.572 +05:30 [INF] Executing endpoint 'Portfolio_Management_System.Controllers.HomeController.AskAi (Portfolio Management System)'
2026-07-13 00:02:44.574 +05:30 [INF] Route matched with {action = "AskAi", controller = "Home"}. Executing controller action with signature System.Threading.Tasks.Task`1[Microsoft.AspNetCore.Mvc.IActionResult] AskAi(AskAiRequest) on controller Portfolio_Management_System.Controllers.HomeController (Portfolio Management System).
2026-07-13 00:02:45.856 +05:30 [INF] Executing JsonResult, writing value of type '<>f__AnonymousType29`2[[System.Boolean, System.Private.CoreLib, Version=9.0.0.0, Culture=neutral, PublicKeyToken=7cec85d7bea7798e],[System.String, System.Private.CoreLib, Version=9.0.0.0, Culture=neutral, PublicKeyToken=7cec85d7bea7798e]]'.
2026-07-13 00:02:45.868 +05:30 [INF] Executed action Portfolio_Management_System.Controllers.HomeController.AskAi (Portfolio Management System) in 1292.895ms
2026-07-13 00:02:45.868 +05:30 [INF] Executed endpoint 'Portfolio_Management_System.Controllers.HomeController.AskAi (Portfolio Management System)'
2026-07-13 00:02:45.870 +05:30 [INF] HTTP POST /Home/AskAi responded 200 in 1346.3460 ms
2026-07-13 00:02:45.870 +05:30 [INF] Request finished HTTP/1.1 POST http://localhost:5049/Home/AskAi - 200 null application/json; charset=utf-8 1348.4007ms
2026-07-13 00:02:47.782 +05:30 [INF] Request starting HTTP/1.1 POST http://localhost:5049/Home/AskAi - application/json 34
2026-07-13 00:02:47.859 +05:30 [INF] CORS policy execution successful.
2026-07-13 00:02:47.865 +05:30 [INF] Executing endpoint 'Portfolio_Management_System.Controllers.HomeController.AskAi (Portfolio Management System)'
2026-07-13 00:02:47.866 +05:30 [INF] Route matched with {action = "AskAi", controller = "Home"}. Executing controller action with signature System.Threading.Tasks.Task`1[Microsoft.AspNetCore.Mvc.IActionResult] AskAi(AskAiRequest) on controller Portfolio_Management_System.Controllers.HomeController (Portfolio Management System).
2026-07-13 00:02:49.089 +05:30 [INF] Executing JsonResult, writing value of type '<>f__AnonymousType29`2[[System.Boolean, System.Private.CoreLib, Version=9.0.0.0, Culture=neutral, PublicKeyToken=7cec85d7bea7798e],[System.String, System.Private.CoreLib, Version=9.0.0.0, Culture=neutral, PublicKeyToken=7cec85d7bea7798e]]'.
2026-07-13 00:02:49.089 +05:30 [INF] Executed action Portfolio_Management_System.Controllers.HomeController.AskAi (Portfolio Management System) in 1223.0458ms
2026-07-13 00:02:49.089 +05:30 [INF] Executed endpoint 'Portfolio_Management_System.Controllers.HomeController.AskAi (Portfolio Management System)'
2026-07-13 00:02:49.090 +05:30 [INF] HTTP POST /Home/AskAi responded 200 in 1307.2324 ms
2026-07-13 00:02:49.090 +05:30 [INF] Request finished HTTP/1.1 POST http://localhost:5049/Home/AskAi - 200 null application/json; charset=utf-8 1308.0528ms
2026-07-13 00:03:01.080 +05:30 [INF] Request starting HTTP/1.1 POST http://localhost:5049/Home/AskAi - application/json 41
2026-07-13 00:03:01.080 +05:30 [INF] CORS policy execution successful.
2026-07-13 00:03:01.081 +05:30 [INF] Executing endpoint 'Portfolio_Management_System.Controllers.HomeController.AskAi (Portfolio Management System)'
2026-07-13 00:03:01.081 +05:30 [INF] Route matched with {action = "AskAi", controller = "Home"}. Executing controller action with signature System.Threading.Tasks.Task`1[Microsoft.AspNetCore.Mvc.IActionResult] AskAi(AskAiRequest) on controller Portfolio_Management_System.Controllers.HomeController (Portfolio Management System).
2026-07-13 00:03:02.154 +05:30 [INF] Executing JsonResult, writing value of type '<>f__AnonymousType29`2[[System.Boolean, System.Private.CoreLib, Version=9.0.0.0, Culture=neutral, PublicKeyToken=7cec85d7bea7798e],[System.String, System.Private.CoreLib, Version=9.0.0.0, Culture=neutral, PublicKeyToken=7cec85d7bea7798e]]'.
2026-07-13 00:03:02.155 +05:30 [INF] Executed action Portfolio_Management_System.Controllers.HomeController.AskAi (Portfolio Management System) in 1073.9236ms
2026-07-13 00:03:02.155 +05:30 [INF] Executed endpoint 'Portfolio_Management_System.Controllers.HomeController.AskAi (Portfolio Management System)'
2026-07-13 00:03:02.155 +05:30 [INF] HTTP POST /Home/AskAi responded 200 in 1075.1535 ms
2026-07-13 00:03:02.156 +05:30 [INF] Request finished HTTP/1.1 POST http://localhost:5049/Home/AskAi - 200 null application/json; charset=utf-8 1076.3329ms
2026-07-13 00:03:34.666 +05:30 [INF] Request starting HTTP/1.1 POST http://localhost:5049/chathub/negotiate?negotiateVersion=1 - null 0
2026-07-13 00:03:34.669 +05:30 [INF] CORS policy execution successful.
2026-07-13 00:03:34.669 +05:30 [INF] Executing endpoint '/chathub/negotiate'
2026-07-13 00:03:34.759 +05:30 [INF] Executed endpoint '/chathub/negotiate'
2026-07-13 00:03:34.759 +05:30 [INF] HTTP POST /chathub/negotiate responded 200 in 92.4102 ms
2026-07-13 00:03:34.759 +05:30 [INF] Request finished HTTP/1.1 POST http://localhost:5049/chathub/negotiate?negotiateVersion=1 - 200 316 application/json 92.8057ms
2026-07-13 00:03:34.799 +05:30 [INF] Request starting HTTP/1.1 GET http://localhost:5049/chathub?id=4UMIBw3nZmIuSNhYVyV-UQ - null null
2026-07-13 00:03:34.801 +05:30 [INF] CORS policy execution successful.
2026-07-13 00:03:34.801 +05:30 [INF] Executing endpoint '/chathub'
2026-07-13 00:17:53.571 +05:30 [INF] Request starting HTTP/1.1 POST http://localhost:5049/chathub/negotiate?negotiateVersion=1 - null 0
2026-07-13 00:17:53.608 +05:30 [INF] CORS policy execution successful.
2026-07-13 00:17:53.642 +05:30 [INF] Executing endpoint '/chathub/negotiate'
2026-07-13 00:17:53.658 +05:30 [INF] Executed endpoint '/chathub/negotiate'
2026-07-13 00:17:53.664 +05:30 [INF] HTTP POST /chathub/negotiate responded 200 in 82.1349 ms
2026-07-13 00:17:53.669 +05:30 [INF] Request finished HTTP/1.1 POST http://localhost:5049/chathub/negotiate?negotiateVersion=1 - 200 316 application/json 96.5345ms
2026-07-13 00:17:53.683 +05:30 [INF] Request starting HTTP/1.1 GET http://localhost:5049/chathub?id=FMGFfVVrZFInbe14gYaQtg - null null
2026-07-13 00:17:53.692 +05:30 [INF] CORS policy execution successful.
2026-07-13 00:17:53.693 +05:30 [INF] Executing endpoint '/chathub'
2026-07-13 00:25:19.924 +05:30 [WRN] JWT SecretKey missing in configuration. JWT Auth not configured.
2026-07-13 00:25:25.115 +05:30 [INF] Executed DbCommand (159ms) [Parameters=[], CommandType='"Text"', CommandTimeout='30']
SELECT 1
2026-07-13 00:25:25.146 +05:30 [INF] Acquiring an exclusive lock for migration application. See https://aka.ms/efcore-docs-migrations-lock for more information if this takes too long.
2026-07-13 00:25:25.323 +05:30 [INF] Executed DbCommand (158ms) [Parameters=[], CommandType='"Text"', CommandTimeout='30']
DECLARE @result int;
EXEC @result = sp_getapplock @Resource = '__EFMigrationsLock', @LockOwner = 'Session', @LockMode = 'Exclusive';
SELECT @result
2026-07-13 00:25:25.788 +05:30 [INF] Executed DbCommand (153ms) [Parameters=[], CommandType='"Text"', CommandTimeout='30']
IF OBJECT_ID(N'[__EFMigrationsHistory]') IS NULL
BEGIN
    CREATE TABLE [__EFMigrationsHistory] (
        [MigrationId] nvarchar(150) NOT NULL,
        [ProductVersion] nvarchar(32) NOT NULL,
        CONSTRAINT [PK___EFMigrationsHistory] PRIMARY KEY ([MigrationId])
    );
END;
2026-07-13 00:25:26.258 +05:30 [INF] Executed DbCommand (152ms) [Parameters=[], CommandType='"Text"', CommandTimeout='30']
SELECT 1
2026-07-13 00:25:26.413 +05:30 [INF] Executed DbCommand (153ms) [Parameters=[], CommandType='"Text"', CommandTimeout='30']
SELECT OBJECT_ID(N'[__EFMigrationsHistory]');
2026-07-13 00:25:26.570 +05:30 [INF] Executed DbCommand (153ms) [Parameters=[], CommandType='"Text"', CommandTimeout='30']
SELECT [MigrationId], [ProductVersion]
FROM [__EFMigrationsHistory]
ORDER BY [MigrationId];
2026-07-13 00:25:26.587 +05:30 [INF] No migrations were applied. The database is already up to date.
2026-07-13 00:25:26.892 +05:30 [INF] Executed DbCommand (153ms) [Parameters=[], CommandType='"Text"', CommandTimeout='30']
DECLARE @result int;
EXEC @result = sp_releaseapplock @Resource = '__EFMigrationsLock', @LockOwner = 'Session';
SELECT @result
2026-07-13 00:25:26.905 +05:30 [INF] Initializing AKTU multi-university portal database schema...
2026-07-13 00:25:28.934 +05:30 [INF] Database tables initialized/verified successfully.
2026-07-13 00:25:28.941 +05:30 [INF] Fetching Indian universities from API...
2026-07-13 00:25:30.100 +05:30 [INF] Loaded 475 universities from API. Syncing with database...
2026-07-13 00:25:30.570 +05:30 [INF] Successfully inserted 0 new universities from API.
2026-07-13 00:25:31.741 +05:30 [INF] Using uvicorn executable: "c:\Users\ak731\Desktop\DSA\Portfolio Management System\venv\Scripts\uvicorn.exe"
2026-07-13 00:25:31.915 +05:30 [INF] Started Python AI Server automatically at c:\Users\ak731\Desktop\DSA\Portfolio Management System\AutoTube\AutoTube.AI (using venv if available).
2026-07-13 00:25:39.019 +05:30 [WRN] Python AI Server started but health check timed out. It may still be loading.
2026-07-13 00:25:39.019 +05:30 [INF] Unified API starting on Development
2026-07-13 00:25:39.069 +05:30 [INF] User profile is available. Using 'C:\Users\ak731\AppData\Local\ASP.NET\DataProtection-Keys' as key repository and Windows DPAPI to encrypt keys at rest.
2026-07-13 00:25:39.114 +05:30 [INF] Gallery Auto-Uploader Background Service started.
2026-07-13 00:25:39.150 +05:30 [INF] Start processing HTTP request GET https://www.youtube.com/@CodeCrafters42
2026-07-13 00:25:39.192 +05:30 [INF] Sending HTTP request GET https://www.youtube.com/@CodeCrafters42
2026-07-13 00:25:39.250 +05:30 [INF] AutoTube Video Automation Background Scheduler started. Scheduled for 9:00 AM daily.
2026-07-13 00:25:39.250 +05:30 [INF] Next video generation cycle scheduled at "2026-07-13T09:00:00.0000000" (in 8.57 hours).
2026-07-13 00:25:39.415 +05:30 [INF] Now listening on: http://localhost:5049
2026-07-13 00:25:39.415 +05:30 [INF] Application started. Press Ctrl+C to shut down.
2026-07-13 00:25:39.415 +05:30 [INF] Hosting environment: Development
2026-07-13 00:25:39.416 +05:30 [INF] Content root path: c:\Users\ak731\Desktop\DSA\Portfolio Management System
2026-07-13 00:25:39.544 +05:30 [INF] Received HTTP response headers after 346.8975ms - 404
2026-07-13 00:25:39.551 +05:30 [INF] End processing HTTP request after 422.1086ms - 404
2026-07-13 00:25:40.425 +05:30 [INF] Daily AI Generated Video upload complete: HTML & CSS Layouts - Daily AI Tutorial [Copyright-Free]
2026-07-13 00:28:36.128 +05:30 [INF] Request starting HTTP/1.1 POST http://localhost:5049/chathub/negotiate?negotiateVersion=1 - null 0
2026-07-13 00:28:36.272 +05:30 [WRN] Failed to determine the https port for redirect.
2026-07-13 00:28:36.335 +05:30 [INF] CORS policy execution successful.
2026-07-13 00:28:36.345 +05:30 [WRN] Error unprotecting the session cookie.
System.Security.Cryptography.CryptographicException: The payload was invalid. For more information go to https://aka.ms/aspnet/dataprotectionwarning
   at Microsoft.AspNetCore.DataProtection.Cng.CbcAuthenticatedEncryptor.DecryptImpl(Byte* pbCiphertext, UInt32 cbCiphertext, Byte* pbAdditionalAuthenticatedData, UInt32 cbAdditionalAuthenticatedData)
   at Microsoft.AspNetCore.DataProtection.Cng.Internal.CngAuthenticatedEncryptorBase.Decrypt(ArraySegment`1 ciphertext, ArraySegment`1 additionalAuthenticatedData)
   at Microsoft.AspNetCore.DataProtection.KeyManagement.KeyRingBasedDataProtector.UnprotectCore(Byte[] protectedData, Boolean allowOperationsOnRevokedKeys, UnprotectStatus& status)
   at Microsoft.AspNetCore.DataProtection.KeyManagement.KeyRingBasedDataProtector.Unprotect(Byte[] protectedData)
   at Microsoft.AspNetCore.Session.CookieProtection.Unprotect(IDataProtector protector, String protectedText, ILogger logger)
2026-07-13 00:28:36.395 +05:30 [INF] Executing endpoint '/chathub/negotiate'
2026-07-13 00:28:36.440 +05:30 [INF] Executed endpoint '/chathub/negotiate'
2026-07-13 00:28:36.459 +05:30 [INF] HTTP POST /chathub/negotiate responded 200 in 286.1115 ms
2026-07-13 00:28:36.470 +05:30 [INF] Request finished HTTP/1.1 POST http://localhost:5049/chathub/negotiate?negotiateVersion=1 - 200 316 application/json 352.7482ms
2026-07-13 00:28:36.508 +05:30 [INF] Request starting HTTP/1.1 GET http://localhost:5049/chathub?id=ITOcyGKdl3d8Ldw9fSr7JA - null null
2026-07-13 00:28:36.534 +05:30 [INF] CORS policy execution successful.
2026-07-13 00:28:36.535 +05:30 [WRN] Error unprotecting the session cookie.
System.Security.Cryptography.CryptographicException: The payload was invalid. For more information go to https://aka.ms/aspnet/dataprotectionwarning
   at Microsoft.AspNetCore.DataProtection.Cng.CbcAuthenticatedEncryptor.DecryptImpl(Byte* pbCiphertext, UInt32 cbCiphertext, Byte* pbAdditionalAuthenticatedData, UInt32 cbAdditionalAuthenticatedData)
   at Microsoft.AspNetCore.DataProtection.Cng.Internal.CngAuthenticatedEncryptorBase.Decrypt(ArraySegment`1 ciphertext, ArraySegment`1 additionalAuthenticatedData)
   at Microsoft.AspNetCore.DataProtection.KeyManagement.KeyRingBasedDataProtector.UnprotectCore(Byte[] protectedData, Boolean allowOperationsOnRevokedKeys, UnprotectStatus& status)
   at Microsoft.AspNetCore.DataProtection.KeyManagement.KeyRingBasedDataProtector.Unprotect(Byte[] protectedData)
   at Microsoft.AspNetCore.Session.CookieProtection.Unprotect(IDataProtector protector, String protectedText, ILogger logger)
2026-07-13 00:28:36.552 +05:30 [INF] Executing endpoint '/chathub'
2026-07-13 00:28:37.695 +05:30 [INF] Request starting HTTP/1.1 POST http://localhost:5049/chathub/negotiate?negotiateVersion=1 - null 0
2026-07-13 00:28:37.698 +05:30 [INF] CORS policy execution successful.
2026-07-13 00:28:37.699 +05:30 [WRN] Error unprotecting the session cookie.
System.Security.Cryptography.CryptographicException: The payload was invalid. For more information go to https://aka.ms/aspnet/dataprotectionwarning
   at Microsoft.AspNetCore.DataProtection.Cng.CbcAuthenticatedEncryptor.DecryptImpl(Byte* pbCiphertext, UInt32 cbCiphertext, Byte* pbAdditionalAuthenticatedData, UInt32 cbAdditionalAuthenticatedData)
   at Microsoft.AspNetCore.DataProtection.Cng.Internal.CngAuthenticatedEncryptorBase.Decrypt(ArraySegment`1 ciphertext, ArraySegment`1 additionalAuthenticatedData)
   at Microsoft.AspNetCore.DataProtection.KeyManagement.KeyRingBasedDataProtector.UnprotectCore(Byte[] protectedData, Boolean allowOperationsOnRevokedKeys, UnprotectStatus& status)
   at Microsoft.AspNetCore.DataProtection.KeyManagement.KeyRingBasedDataProtector.Unprotect(Byte[] protectedData)
   at Microsoft.AspNetCore.Session.CookieProtection.Unprotect(IDataProtector protector, String protectedText, ILogger logger)
2026-07-13 00:28:37.701 +05:30 [INF] Executing endpoint '/chathub/negotiate'
2026-07-13 00:28:37.702 +05:30 [INF] Executed endpoint '/chathub/negotiate'
2026-07-13 00:28:37.703 +05:30 [INF] HTTP POST /chathub/negotiate responded 200 in 7.2365 ms
2026-07-13 00:28:37.712 +05:30 [INF] Request finished HTTP/1.1 POST http://localhost:5049/chathub/negotiate?negotiateVersion=1 - 200 316 application/json 16.5224ms
2026-07-13 00:28:37.714 +05:30 [INF] Request starting HTTP/1.1 GET http://localhost:5049/chathub?id=i6MEJUkc06pNDU252-NpPw - null null
2026-07-13 00:28:37.715 +05:30 [INF] CORS policy execution successful.
2026-07-13 00:28:37.717 +05:30 [WRN] Error unprotecting the session cookie.
System.Security.Cryptography.CryptographicException: The payload was invalid. For more information go to https://aka.ms/aspnet/dataprotectionwarning
   at Microsoft.AspNetCore.DataProtection.Cng.CbcAuthenticatedEncryptor.DecryptImpl(Byte* pbCiphertext, UInt32 cbCiphertext, Byte* pbAdditionalAuthenticatedData, UInt32 cbAdditionalAuthenticatedData)
   at Microsoft.AspNetCore.DataProtection.Cng.Internal.CngAuthenticatedEncryptorBase.Decrypt(ArraySegment`1 ciphertext, ArraySegment`1 additionalAuthenticatedData)
   at Microsoft.AspNetCore.DataProtection.KeyManagement.KeyRingBasedDataProtector.UnprotectCore(Byte[] protectedData, Boolean allowOperationsOnRevokedKeys, UnprotectStatus& status)
   at Microsoft.AspNetCore.DataProtection.KeyManagement.KeyRingBasedDataProtector.Unprotect(Byte[] protectedData)
   at Microsoft.AspNetCore.Session.CookieProtection.Unprotect(IDataProtector protector, String protectedText, ILogger logger)
2026-07-13 00:28:37.718 +05:30 [INF] Executing endpoint '/chathub'
2026-07-13 00:28:40.048 +05:30 [INF] Request starting HTTP/1.1 POST http://localhost:5049/chathub/negotiate?negotiateVersion=1 - null 0
2026-07-13 00:28:40.050 +05:30 [INF] CORS policy execution successful.
2026-07-13 00:28:40.050 +05:30 [WRN] Error unprotecting the session cookie.
System.Security.Cryptography.CryptographicException: The payload was invalid. For more information go to https://aka.ms/aspnet/dataprotectionwarning
   at Microsoft.AspNetCore.DataProtection.Cng.CbcAuthenticatedEncryptor.DecryptImpl(Byte* pbCiphertext, UInt32 cbCiphertext, Byte* pbAdditionalAuthenticatedData, UInt32 cbAdditionalAuthenticatedData)
   at Microsoft.AspNetCore.DataProtection.Cng.Internal.CngAuthenticatedEncryptorBase.Decrypt(ArraySegment`1 ciphertext, ArraySegment`1 additionalAuthenticatedData)
   at Microsoft.AspNetCore.DataProtection.KeyManagement.KeyRingBasedDataProtector.UnprotectCore(Byte[] protectedData, Boolean allowOperationsOnRevokedKeys, UnprotectStatus& status)
   at Microsoft.AspNetCore.DataProtection.KeyManagement.KeyRingBasedDataProtector.Unprotect(Byte[] protectedData)
   at Microsoft.AspNetCore.Session.CookieProtection.Unprotect(IDataProtector protector, String protectedText, ILogger logger)
2026-07-13 00:28:40.051 +05:30 [INF] Executing endpoint '/chathub/negotiate'
2026-07-13 00:28:40.052 +05:30 [INF] Executed endpoint '/chathub/negotiate'
2026-07-13 00:28:40.052 +05:30 [INF] HTTP POST /chathub/negotiate responded 200 in 2.3862 ms
2026-07-13 00:28:40.052 +05:30 [INF] Request finished HTTP/1.1 POST http://localhost:5049/chathub/negotiate?negotiateVersion=1 - 200 316 application/json 3.5469ms
2026-07-13 00:28:40.076 +05:30 [INF] Request starting HTTP/1.1 GET http://localhost:5049/chathub?id=OelmKs3_LQAyoDcarCPR2g - null null
2026-07-13 00:28:40.077 +05:30 [INF] CORS policy execution successful.
2026-07-13 00:28:40.078 +05:30 [WRN] Error unprotecting the session cookie.
System.Security.Cryptography.CryptographicException: The payload was invalid. For more information go to https://aka.ms/aspnet/dataprotectionwarning
   at Microsoft.AspNetCore.DataProtection.Cng.CbcAuthenticatedEncryptor.DecryptImpl(Byte* pbCiphertext, UInt32 cbCiphertext, Byte* pbAdditionalAuthenticatedData, UInt32 cbAdditionalAuthenticatedData)
   at Microsoft.AspNetCore.DataProtection.Cng.Internal.CngAuthenticatedEncryptorBase.Decrypt(ArraySegment`1 ciphertext, ArraySegment`1 additionalAuthenticatedData)
   at Microsoft.AspNetCore.DataProtection.KeyManagement.KeyRingBasedDataProtector.UnprotectCore(Byte[] protectedData, Boolean allowOperationsOnRevokedKeys, UnprotectStatus& status)
   at Microsoft.AspNetCore.DataProtection.KeyManagement.KeyRingBasedDataProtector.Unprotect(Byte[] protectedData)
   at Microsoft.AspNetCore.Session.CookieProtection.Unprotect(IDataProtector protector, String protectedText, ILogger logger)
2026-07-13 00:28:40.084 +05:30 [INF] Executing endpoint '/chathub'
2026-07-13 00:28:47.260 +05:30 [INF] Request starting HTTP/1.1 GET http://localhost:5049/css/site.css?v=sRyjsd1L8K3j6s0MFvWVxY0FwJH8ZY0yw9NGYCFfF4s - null null
2026-07-13 00:28:47.307 +05:30 [INF] Executed endpoint '/chathub'
2026-07-13 00:28:47.309 +05:30 [INF] Executed endpoint '/chathub'
2026-07-13 00:28:47.307 +05:30 [INF] Executed endpoint '/chathub'
2026-07-13 00:28:47.321 +05:30 [INF] HTTP GET /chathub responded 101 in 10812.2984 ms
2026-07-13 00:28:47.321 +05:30 [INF] HTTP GET /chathub responded 101 in 7244.6797 ms
2026-07-13 00:28:47.321 +05:30 [INF] HTTP GET /chathub responded 101 in 9606.7820 ms
2026-07-13 00:28:47.323 +05:30 [INF] Request finished HTTP/1.1 GET http://localhost:5049/chathub?id=OelmKs3_LQAyoDcarCPR2g - 101 null null 7246.425ms
2026-07-13 00:28:47.323 +05:30 [INF] Request finished HTTP/1.1 GET http://localhost:5049/chathub?id=i6MEJUkc06pNDU252-NpPw - 101 null null 9608.8388ms
2026-07-13 00:28:47.323 +05:30 [INF] Request finished HTTP/1.1 GET http://localhost:5049/chathub?id=ITOcyGKdl3d8Ldw9fSr7JA - 101 null null 10814.3715ms
2026-07-13 00:28:47.343 +05:30 [INF] The file /css/site.css was not modified
2026-07-13 00:28:47.347 +05:30 [INF] HTTP GET /css/site.css responded 304 in 86.8161 ms
2026-07-13 00:28:47.348 +05:30 [INF] Request finished HTTP/1.1 GET http://localhost:5049/css/site.css?v=sRyjsd1L8K3j6s0MFvWVxY0FwJH8ZY0yw9NGYCFfF4s - 304 null text/css 87.3751ms
2026-07-13 00:28:47.354 +05:30 [INF] Request starting HTTP/1.1 GET http://localhost:5049/manifest.json - null null
2026-07-13 00:28:47.358 +05:30 [INF] The file /manifest.json was not modified
2026-07-13 00:28:47.359 +05:30 [INF] HTTP GET /manifest.json responded 304 in 3.8890 ms
2026-07-13 00:28:47.359 +05:30 [INF] Request finished HTTP/1.1 GET http://localhost:5049/manifest.json - 304 null application/json 4.5658ms
2026-07-13 00:28:49.501 +05:30 [INF] Request starting HTTP/1.1 GET http://localhost:5049/sw.js - null null
2026-07-13 00:28:49.502 +05:30 [INF] The file /sw.js was not modified
2026-07-13 00:28:49.502 +05:30 [INF] HTTP GET /sw.js responded 304 in 0.5123 ms
2026-07-13 00:28:49.502 +05:30 [INF] Request finished HTTP/1.1 GET http://localhost:5049/sw.js - 304 null text/javascript 1.0742ms
2026-07-13 00:29:21.703 +05:30 [INF] Request starting HTTP/1.1 POST http://localhost:5049/chathub/negotiate?negotiateVersion=1 - null 0
2026-07-13 00:29:21.703 +05:30 [INF] CORS policy execution successful.
2026-07-13 00:29:21.704 +05:30 [WRN] Error unprotecting the session cookie.
System.Security.Cryptography.CryptographicException: The payload was invalid. For more information go to https://aka.ms/aspnet/dataprotectionwarning
   at Microsoft.AspNetCore.DataProtection.Cng.CbcAuthenticatedEncryptor.DecryptImpl(Byte* pbCiphertext, UInt32 cbCiphertext, Byte* pbAdditionalAuthenticatedData, UInt32 cbAdditionalAuthenticatedData)
   at Microsoft.AspNetCore.DataProtection.Cng.Internal.CngAuthenticatedEncryptorBase.Decrypt(ArraySegment`1 ciphertext, ArraySegment`1 additionalAuthenticatedData)
   at Microsoft.AspNetCore.DataProtection.KeyManagement.KeyRingBasedDataProtector.UnprotectCore(Byte[] protectedData, Boolean allowOperationsOnRevokedKeys, UnprotectStatus& status)
   at Microsoft.AspNetCore.DataProtection.KeyManagement.KeyRingBasedDataProtector.Unprotect(Byte[] protectedData)
   at Microsoft.AspNetCore.Session.CookieProtection.Unprotect(IDataProtector protector, String protectedText, ILogger logger)
2026-07-13 00:29:21.706 +05:30 [INF] Executing endpoint '/chathub/negotiate'
2026-07-13 00:29:21.707 +05:30 [INF] Executed endpoint '/chathub/negotiate'
2026-07-13 00:29:21.707 +05:30 [INF] HTTP POST /chathub/negotiate responded 200 in 4.3965 ms
2026-07-13 00:29:21.707 +05:30 [INF] Request finished HTTP/1.1 POST http://localhost:5049/chathub/negotiate?negotiateVersion=1 - 200 316 application/json 4.7216ms
2026-07-13 00:29:21.718 +05:30 [INF] Request starting HTTP/1.1 GET http://localhost:5049/chathub?id=gDrzyGDwbnMKOSXIdMABag - null null
2026-07-13 00:29:21.719 +05:30 [INF] CORS policy execution successful.
2026-07-13 00:29:21.719 +05:30 [WRN] Error unprotecting the session cookie.
System.Security.Cryptography.CryptographicException: The payload was invalid. For more information go to https://aka.ms/aspnet/dataprotectionwarning
   at Microsoft.AspNetCore.DataProtection.Cng.CbcAuthenticatedEncryptor.DecryptImpl(Byte* pbCiphertext, UInt32 cbCiphertext, Byte* pbAdditionalAuthenticatedData, UInt32 cbAdditionalAuthenticatedData)
   at Microsoft.AspNetCore.DataProtection.Cng.Internal.CngAuthenticatedEncryptorBase.Decrypt(ArraySegment`1 ciphertext, ArraySegment`1 additionalAuthenticatedData)
   at Microsoft.AspNetCore.DataProtection.KeyManagement.KeyRingBasedDataProtector.UnprotectCore(Byte[] protectedData, Boolean allowOperationsOnRevokedKeys, UnprotectStatus& status)
   at Microsoft.AspNetCore.DataProtection.KeyManagement.KeyRingBasedDataProtector.Unprotect(Byte[] protectedData)
   at Microsoft.AspNetCore.Session.CookieProtection.Unprotect(IDataProtector protector, String protectedText, ILogger logger)
2026-07-13 00:29:21.719 +05:30 [INF] Executing endpoint '/chathub'
2026-07-13 00:32:31.838 +05:30 [INF] Request starting HTTP/1.1 POST http://localhost:5049/chathub/negotiate?negotiateVersion=1 - null 0
2026-07-13 00:32:31.839 +05:30 [INF] CORS policy execution successful.
2026-07-13 00:32:31.840 +05:30 [WRN] Error unprotecting the session cookie.
System.Security.Cryptography.CryptographicException: The payload was invalid. For more information go to https://aka.ms/aspnet/dataprotectionwarning
   at Microsoft.AspNetCore.DataProtection.Cng.CbcAuthenticatedEncryptor.DecryptImpl(Byte* pbCiphertext, UInt32 cbCiphertext, Byte* pbAdditionalAuthenticatedData, UInt32 cbAdditionalAuthenticatedData)
   at Microsoft.AspNetCore.DataProtection.Cng.Internal.CngAuthenticatedEncryptorBase.Decrypt(ArraySegment`1 ciphertext, ArraySegment`1 additionalAuthenticatedData)
   at Microsoft.AspNetCore.DataProtection.KeyManagement.KeyRingBasedDataProtector.UnprotectCore(Byte[] protectedData, Boolean allowOperationsOnRevokedKeys, UnprotectStatus& status)
   at Microsoft.AspNetCore.DataProtection.KeyManagement.KeyRingBasedDataProtector.Unprotect(Byte[] protectedData)
   at Microsoft.AspNetCore.Session.CookieProtection.Unprotect(IDataProtector protector, String protectedText, ILogger logger)
2026-07-13 00:32:31.844 +05:30 [INF] Executing endpoint '/chathub/negotiate'
2026-07-13 00:32:31.845 +05:30 [INF] Executed endpoint '/chathub/negotiate'
2026-07-13 00:32:31.846 +05:30 [INF] HTTP POST /chathub/negotiate responded 200 in 7.5440 ms
2026-07-13 00:32:31.848 +05:30 [INF] Request finished HTTP/1.1 POST http://localhost:5049/chathub/negotiate?negotiateVersion=1 - 200 316 application/json 9.6078ms
2026-07-13 00:32:31.864 +05:30 [INF] Request starting HTTP/1.1 GET http://localhost:5049/chathub?id=Syk6-AfiA-4e6VD91pI4Qw - null null
2026-07-13 00:32:31.865 +05:30 [INF] CORS policy execution successful.
2026-07-13 00:32:31.866 +05:30 [WRN] Error unprotecting the session cookie.
System.Security.Cryptography.CryptographicException: The payload was invalid. For more information go to https://aka.ms/aspnet/dataprotectionwarning
   at Microsoft.AspNetCore.DataProtection.Cng.CbcAuthenticatedEncryptor.DecryptImpl(Byte* pbCiphertext, UInt32 cbCiphertext, Byte* pbAdditionalAuthenticatedData, UInt32 cbAdditionalAuthenticatedData)
   at Microsoft.AspNetCore.DataProtection.Cng.Internal.CngAuthenticatedEncryptorBase.Decrypt(ArraySegment`1 ciphertext, ArraySegment`1 additionalAuthenticatedData)
   at Microsoft.AspNetCore.DataProtection.KeyManagement.KeyRingBasedDataProtector.UnprotectCore(Byte[] protectedData, Boolean allowOperationsOnRevokedKeys, UnprotectStatus& status)
   at Microsoft.AspNetCore.DataProtection.KeyManagement.KeyRingBasedDataProtector.Unprotect(Byte[] protectedData)
   at Microsoft.AspNetCore.Session.CookieProtection.Unprotect(IDataProtector protector, String protectedText, ILogger logger)
2026-07-13 00:32:31.872 +05:30 [INF] Executing endpoint '/chathub'
2026-07-13 00:32:32.824 +05:30 [INF] Request starting HTTP/1.1 POST http://localhost:5049/chathub/negotiate?negotiateVersion=1 - null 0
2026-07-13 00:32:32.825 +05:30 [INF] CORS policy execution successful.
2026-07-13 00:32:32.828 +05:30 [WRN] Error unprotecting the session cookie.
System.Security.Cryptography.CryptographicException: The payload was invalid. For more information go to https://aka.ms/aspnet/dataprotectionwarning
   at Microsoft.AspNetCore.DataProtection.Cng.CbcAuthenticatedEncryptor.DecryptImpl(Byte* pbCiphertext, UInt32 cbCiphertext, Byte* pbAdditionalAuthenticatedData, UInt32 cbAdditionalAuthenticatedData)
   at Microsoft.AspNetCore.DataProtection.Cng.Internal.CngAuthenticatedEncryptorBase.Decrypt(ArraySegment`1 ciphertext, ArraySegment`1 additionalAuthenticatedData)
   at Microsoft.AspNetCore.DataProtection.KeyManagement.KeyRingBasedDataProtector.UnprotectCore(Byte[] protectedData, Boolean allowOperationsOnRevokedKeys, UnprotectStatus& status)
   at Microsoft.AspNetCore.DataProtection.KeyManagement.KeyRingBasedDataProtector.Unprotect(Byte[] protectedData)
   at Microsoft.AspNetCore.Session.CookieProtection.Unprotect(IDataProtector protector, String protectedText, ILogger logger)
2026-07-13 00:32:32.830 +05:30 [INF] Executing endpoint '/chathub/negotiate'
2026-07-13 00:32:32.832 +05:30 [INF] Executed endpoint '/chathub/negotiate'
2026-07-13 00:32:32.858 +05:30 [INF] HTTP POST /chathub/negotiate responded 200 in 33.4865 ms
2026-07-13 00:32:32.860 +05:30 [INF] Request finished HTTP/1.1 POST http://localhost:5049/chathub/negotiate?negotiateVersion=1 - 200 316 application/json 34.2657ms
2026-07-13 00:32:32.867 +05:30 [INF] Request starting HTTP/1.1 GET http://localhost:5049/chathub?id=xK7YU4VWsRRxv-KxZ8R_Lg - null null
2026-07-13 00:32:32.867 +05:30 [INF] CORS policy execution successful.
2026-07-13 00:32:32.868 +05:30 [WRN] Error unprotecting the session cookie.
System.Security.Cryptography.CryptographicException: The payload was invalid. For more information go to https://aka.ms/aspnet/dataprotectionwarning
   at Microsoft.AspNetCore.DataProtection.Cng.CbcAuthenticatedEncryptor.DecryptImpl(Byte* pbCiphertext, UInt32 cbCiphertext, Byte* pbAdditionalAuthenticatedData, UInt32 cbAdditionalAuthenticatedData)
   at Microsoft.AspNetCore.DataProtection.Cng.Internal.CngAuthenticatedEncryptorBase.Decrypt(ArraySegment`1 ciphertext, ArraySegment`1 additionalAuthenticatedData)
   at Microsoft.AspNetCore.DataProtection.KeyManagement.KeyRingBasedDataProtector.UnprotectCore(Byte[] protectedData, Boolean allowOperationsOnRevokedKeys, UnprotectStatus& status)
   at Microsoft.AspNetCore.DataProtection.KeyManagement.KeyRingBasedDataProtector.Unprotect(Byte[] protectedData)
   at Microsoft.AspNetCore.Session.CookieProtection.Unprotect(IDataProtector protector, String protectedText, ILogger logger)
2026-07-13 00:32:32.874 +05:30 [INF] Executing endpoint '/chathub'
2026-07-13 00:32:35.485 +05:30 [INF] Executed endpoint '/chathub'
2026-07-13 00:32:35.485 +05:30 [INF] Executed endpoint '/chathub'
2026-07-13 00:32:35.488 +05:30 [INF] HTTP GET /chathub responded 101 in 2620.6642 ms
2026-07-13 00:32:35.488 +05:30 [INF] HTTP GET /chathub responded 101 in 193768.9956 ms
2026-07-13 00:32:35.488 +05:30 [INF] Request finished HTTP/1.1 GET http://localhost:5049/chathub?id=xK7YU4VWsRRxv-KxZ8R_Lg - 101 null null 2621.1919ms
2026-07-13 00:32:35.488 +05:30 [INF] Request finished HTTP/1.1 GET http://localhost:5049/chathub?id=gDrzyGDwbnMKOSXIdMABag - 101 null null 193769.4998ms
2026-07-13 00:32:35.485 +05:30 [INF] Executed endpoint '/chathub'
2026-07-13 00:32:35.488 +05:30 [INF] HTTP GET /chathub responded 101 in 3623.7584 ms
2026-07-13 00:32:35.489 +05:30 [INF] Request finished HTTP/1.1 GET http://localhost:5049/chathub?id=Syk6-AfiA-4e6VD91pI4Qw - 101 null null 3624.007ms
2026-07-13 00:32:37.630 +05:30 [INF] Request starting HTTP/1.1 GET http://localhost:5049/sw.js - null null
2026-07-13 00:32:37.640 +05:30 [INF] The file /sw.js was not modified
2026-07-13 00:32:37.641 +05:30 [INF] HTTP GET /sw.js responded 304 in 10.8713 ms
2026-07-13 00:32:37.642 +05:30 [INF] Request finished HTTP/1.1 GET http://localhost:5049/sw.js - 304 null text/javascript 12.151ms
2026-07-13 00:34:59.018 +05:30 [INF] Request starting HTTP/1.1 GET http://localhost:5049/sw.js - null null
2026-07-13 00:34:59.024 +05:30 [INF] The file /sw.js was not modified
2026-07-13 00:34:59.024 +05:30 [INF] HTTP GET /sw.js responded 304 in 5.1725 ms
2026-07-13 00:34:59.033 +05:30 [INF] Request finished HTTP/1.1 GET http://localhost:5049/sw.js - 304 null text/javascript 14.3394ms
2026-07-13 00:35:00.924 +05:30 [INF] Request starting HTTP/1.1 GET http://localhost:5049/sw.js - null null
2026-07-13 00:35:00.925 +05:30 [INF] The file /sw.js was not modified
2026-07-13 00:35:00.925 +05:30 [INF] HTTP GET /sw.js responded 304 in 0.5414 ms
2026-07-13 00:35:00.925 +05:30 [INF] Request finished HTTP/1.1 GET http://localhost:5049/sw.js - 304 null text/javascript 1.6113ms
2026-07-13 00:41:49.240 +05:30 [WRN] JWT SecretKey missing in configuration. JWT Auth not configured.
2026-07-13 00:42:10.099 +05:30 [ERR] An error occurred using the connection to database 'db45290' on server 'db45290.public.databaseasp.net'.
2026-07-13 00:42:10.435 +05:30 [WRN] Pre-migration schema check failed/skipped: A network-related or instance-specific error occurred while establishing a connection to SQL Server. The server was not found or was not accessible. Verify that the instance name is correct and that SQL Server is configured to allow remote connections. (provider: Named Pipes Provider, error: 40 - Could not open a connection to SQL Server)
2026-07-13 00:42:11.131 +05:30 [WRN] Migration or schema init skipped: A network-related or instance-specific error occurred while establishing a connection to SQL Server. The server was not found or was not accessible. Verify that the instance name is correct and that SQL Server is configured to allow remote connections. (provider: Named Pipes Provider, error: 40 - Could not open a connection to SQL Server)
2026-07-13 00:42:11.987 +05:30 [INF] Using uvicorn executable: "C:\Users\ak731\Desktop\DSA\Portfolio Management System\venv\Scripts\uvicorn.exe"
2026-07-13 00:42:12.152 +05:30 [INF] Started Python AI Server automatically at C:\Users\ak731\Desktop\DSA\Portfolio Management System\AutoTube\AutoTube.AI (using venv if available).
2026-07-13 00:42:19.714 +05:30 [INF] Python AI Server health check passed.
2026-07-13 00:42:19.720 +05:30 [INF] Unified API starting on Development
2026-07-13 00:42:19.870 +05:30 [INF] User profile is available. Using 'C:\Users\ak731\AppData\Local\ASP.NET\DataProtection-Keys' as key repository and Windows DPAPI to encrypt keys at rest.
2026-07-13 00:42:19.925 +05:30 [INF] Gallery Auto-Uploader Background Service started.
2026-07-13 00:42:19.963 +05:30 [INF] Start processing HTTP request GET https://www.youtube.com/@CodeCrafters42
2026-07-13 00:42:19.970 +05:30 [INF] Sending HTTP request GET https://www.youtube.com/@CodeCrafters42
2026-07-13 00:42:20.058 +05:30 [INF] AutoTube Video Automation Background Scheduler started. Scheduled for 9:00 AM daily.
2026-07-13 00:42:20.439 +05:30 [WRN] Could not resolve channel ID from handle @CodeCrafters42: No such host is known. (www.youtube.com:443)
2026-07-13 00:42:20.070 +05:30 [INF] Next video generation cycle scheduled at "2026-07-13T09:00:00.0000000" (in 8.29 hours).
2026-07-13 00:42:20.967 +05:30 [INF] Request starting HTTP/2 GET https://localhost:44341/ - null null
2026-07-13 00:42:21.160 +05:30 [INF] Application started. Press Ctrl+C to shut down.
2026-07-13 00:42:21.160 +05:30 [INF] Hosting environment: Development
2026-07-13 00:42:21.161 +05:30 [INF] Content root path: C:\Users\ak731\Desktop\DSA\Portfolio Management System
2026-07-13 00:42:26.339 +05:30 [INF] Executing endpoint 'Portfolio_Management_System.Controllers.HomeController.Index (Portfolio Management System)'
2026-07-13 00:42:26.457 +05:30 [INF] Route matched with {action = "Index", controller = "Home"}. Executing controller action with signature System.Threading.Tasks.Task`1[Microsoft.AspNetCore.Mvc.IActionResult] Index() on controller Portfolio_Management_System.Controllers.HomeController (Portfolio Management System).
2026-07-13 00:42:35.386 +05:30 [ERR] Error getting gallery items
Microsoft.Data.SqlClient.SqlException (0x80131904): A network-related or instance-specific error occurred while establishing a connection to SQL Server. The server was not found or was not accessible. Verify that the instance name is correct and that SQL Server is configured to allow remote connections. (provider: Named Pipes Provider, error: 40 - Could not open a connection to SQL Server)
 ---> System.ComponentModel.Win32Exception (53): The network path was not found.
   at Microsoft.Data.SqlClient.SqlInternalConnection.OnError(SqlException exception, Boolean breakConnection, Action`1 wrapCloseInAction)
   at Microsoft.Data.SqlClient.TdsParser.ThrowExceptionAndWarning(TdsParserStateObject stateObj, SqlCommand command, Boolean callerHasConnectionLock, Boolean asyncClose)
   at Microsoft.Data.SqlClient.TdsParser.Connect(ServerInfo serverInfo, SqlInternalConnectionTds connHandler, TimeoutTimer timeout, SqlConnectionString connectionOptions, Boolean withFailover)
   at Microsoft.Data.SqlClient.SqlInternalConnectionTds.AttemptOneLogin(ServerInfo serverInfo, String newPassword, SecureString newSecurePassword, TimeoutTimer timeout, Boolean withFailover)
   at Microsoft.Data.SqlClient.SqlInternalConnectionTds.LoginNoFailover(ServerInfo serverInfo, String newPassword, SecureString newSecurePassword, Boolean redirectedUserInstance, SqlConnectionString connectionOptions, SqlCredential credential, TimeoutTimer timeout)
   at Microsoft.Data.SqlClient.SqlInternalConnectionTds.OpenLoginEnlist(TimeoutTimer timeout, SqlConnectionString connectionOptions, SqlCredential credential, String newPassword, SecureString newSecurePassword, Boolean redirectedUserInstance)
   at Microsoft.Data.SqlClient.SqlInternalConnectionTds..ctor(DbConnectionPoolIdentity identity, SqlConnectionString connectionOptions, SqlCredential credential, Object providerInfo, String newPassword, SecureString newSecurePassword, Boolean redirectedUserInstance, SqlConnectionString userConnectionOptions, SessionData reconnectSessionData, Boolean applyTransientFaultHandling, String accessToken, IDbConnectionPool pool, Func`3 accessTokenCallback)
   at Microsoft.Data.SqlClient.SqlConnectionFactory.CreateConnection(DbConnectionOptions options, DbConnectionPoolKey poolKey, DbConnectionPoolGroupProviderInfo poolGroupProviderInfo, IDbConnectionPool pool, DbConnection owningConnection, DbConnectionOptions userOptions)
   at Microsoft.Data.ProviderBase.DbConnectionFactory.CreatePooledConnection(IDbConnectionPool pool, DbConnection owningObject, DbConnectionOptions options, DbConnectionPoolKey poolKey, DbConnectionOptions userOptions)
   at Microsoft.Data.SqlClient.ConnectionPool.WaitHandleDbConnectionPool.CreateObject(DbConnection owningObject, DbConnectionOptions userOptions, DbConnectionInternal oldConnection)
   at Microsoft.Data.SqlClient.ConnectionPool.WaitHandleDbConnectionPool.UserCreateRequest(DbConnection owningObject, DbConnectionOptions userOptions, DbConnectionInternal oldConnection)
   at Microsoft.Data.SqlClient.ConnectionPool.WaitHandleDbConnectionPool.TryGetConnection(DbConnection owningObject, UInt32 waitForMultipleObjectsTimeout, Boolean allowCreate, Boolean onlyOneCheckConnection, DbConnectionOptions userOptions, DbConnectionInternal& connection)
   at Microsoft.Data.SqlClient.ConnectionPool.WaitHandleDbConnectionPool.WaitForPendingOpen()
--- End of stack trace from previous location ---
   at Portfolio_Management_System.DAL.DbHelper.GetAllGalleryItemsAsync(String type) in C:\Users\ak731\Desktop\DSA\Portfolio Management System\DAL\DbHelper.cs:line 54
ClientConnectionId:00000000-0000-0000-0000-000000000000
Error Number:53,State:0,Class:20
2026-07-13 00:42:35.386 +05:30 [ERR] Error creating visitor
Microsoft.Data.SqlClient.SqlException (0x80131904): A network-related or instance-specific error occurred while establishing a connection to SQL Server. The server was not found or was not accessible. Verify that the instance name is correct and that SQL Server is configured to allow remote connections. (provider: Named Pipes Provider, error: 40 - Could not open a connection to SQL Server)
 ---> System.ComponentModel.Win32Exception (53): The network path was not found.
   at Microsoft.Data.SqlClient.ConnectionPool.WaitHandleDbConnectionPool.TryGetConnection(DbConnection owningObject, UInt32 waitForMultipleObjectsTimeout, Boolean allowCreate, Boolean onlyOneCheckConnection, DbConnectionOptions userOptions, DbConnectionInternal& connection)
   at Microsoft.Data.SqlClient.ConnectionPool.WaitHandleDbConnectionPool.WaitForPendingOpen()
--- End of stack trace from previous location ---
   at Portfolio_Management_System.DAL.DbHelper.CreateVisitorAsync(VisitorTrackingModel visitor) in C:\Users\ak731\Desktop\DSA\Portfolio Management System\DAL\DbHelper.cs:line 2165
ClientConnectionId:00000000-0000-0000-0000-000000000000
Error Number:53,State:0,Class:20
2026-07-13 00:42:35.558 +05:30 [WRN] Error executing visitor tracking filter
Microsoft.Data.SqlClient.SqlException (0x80131904): A network-related or instance-specific error occurred while establishing a connection to SQL Server. The server was not found or was not accessible. Verify that the instance name is correct and that SQL Server is configured to allow remote connections. (provider: Named Pipes Provider, error: 40 - Could not open a connection to SQL Server)
 ---> System.ComponentModel.Win32Exception (53): The network path was not found.
   at Microsoft.Data.SqlClient.ConnectionPool.WaitHandleDbConnectionPool.TryGetConnection(DbConnection owningObject, UInt32 waitForMultipleObjectsTimeout, Boolean allowCreate, Boolean onlyOneCheckConnection, DbConnectionOptions userOptions, DbConnectionInternal& connection)
   at Microsoft.Data.SqlClient.ConnectionPool.WaitHandleDbConnectionPool.WaitForPendingOpen()
--- End of stack trace from previous location ---
   at Portfolio_Management_System.DAL.DbHelper.CreateVisitorAsync(VisitorTrackingModel visitor) in C:\Users\ak731\Desktop\DSA\Portfolio Management System\DAL\DbHelper.cs:line 2165
   at Portfolio_Management_System.Filters.VisitorTrackFilter.OnActionExecutionAsync(ActionExecutingContext context, ActionExecutionDelegate next) in C:\Users\ak731\Desktop\DSA\Portfolio Management System\Filters\VisitorTrackFilter.cs:line 61
ClientConnectionId:00000000-0000-0000-0000-000000000000
Error Number:53,State:0,Class:20
2026-07-13 00:42:35.624 +05:30 [ERR] Error adding gallery item
Microsoft.Data.SqlClient.SqlException (0x80131904): A network-related or instance-specific error occurred while establishing a connection to SQL Server. The server was not found or was not accessible. Verify that the instance name is correct and that SQL Server is configured to allow remote connections. (provider: Named Pipes Provider, error: 40 - Could not open a connection to SQL Server)
 ---> System.ComponentModel.Win32Exception (53): The network path was not found.
   at Microsoft.Data.SqlClient.ConnectionPool.WaitHandleDbConnectionPool.TryGetConnection(DbConnection owningObject, UInt32 waitForMultipleObjectsTimeout, Boolean allowCreate, Boolean onlyOneCheckConnection, DbConnectionOptions userOptions, DbConnectionInternal& connection)
   at Microsoft.Data.SqlClient.ConnectionPool.WaitHandleDbConnectionPool.TryGetConnection(DbConnection owningObject, TaskCompletionSource`1 taskCompletionSource, DbConnectionOptions userOptions, DbConnectionInternal& connection)
   at Microsoft.Data.ProviderBase.DbConnectionFactory.TryGetConnection(DbConnection owningConnection, TaskCompletionSource`1 retry, DbConnectionOptions userOptions, DbConnectionInternal oldConnection, DbConnectionInternal& connection)
   at Microsoft.Data.ProviderBase.DbConnectionInternal.TryOpenConnectionInternal(DbConnection outerConnection, DbConnectionFactory connectionFactory, TaskCompletionSource`1 retry, DbConnectionOptions userOptions)
   at Microsoft.Data.ProviderBase.DbConnectionClosed.TryOpenConnection(DbConnection outerConnection, DbConnectionFactory connectionFactory, TaskCompletionSource`1 retry, DbConnectionOptions userOptions)
   at Microsoft.Data.SqlClient.SqlConnection.TryOpen(TaskCompletionSource`1 retry, SqlConnectionOverrides overrides)
   at Microsoft.Data.SqlClient.SqlConnection.InternalOpenAsync(SqlConnectionOverrides overrides, CancellationToken cancellationToken)
--- End of stack trace from previous location ---
   at Portfolio_Management_System.DAL.DbHelper.AddGalleryItemAsync(GalleryModel item) in C:\Users\ak731\Desktop\DSA\Portfolio Management System\DAL\DbHelper.cs:line 2030
ClientConnectionId:00000000-0000-0000-0000-000000000000
Error Number:53,State:0,Class:20
2026-07-13 00:42:35.853 +05:30 [ERR] Error getting profile
Microsoft.Data.SqlClient.SqlException (0x80131904): A network-related or instance-specific error occurred while establishing a connection to SQL Server. The server was not found or was not accessible. Verify that the instance name is correct and that SQL Server is configured to allow remote connections. (provider: Named Pipes Provider, error: 40 - Could not open a connection to SQL Server)
 ---> System.ComponentModel.Win32Exception (53): The network path was not found.
   at Microsoft.Data.SqlClient.ConnectionPool.WaitHandleDbConnectionPool.TryGetConnection(DbConnection owningObject, UInt32 waitForMultipleObjectsTimeout, Boolean allowCreate, Boolean onlyOneCheckConnection, DbConnectionOptions userOptions, DbConnectionInternal& connection)
   at Microsoft.Data.SqlClient.ConnectionPool.WaitHandleDbConnectionPool.TryGetConnection(DbConnection owningObject, TaskCompletionSource`1 taskCompletionSource, DbConnectionOptions userOptions, DbConnectionInternal& connection)
   at Microsoft.Data.ProviderBase.DbConnectionFactory.TryGetConnection(DbConnection owningConnection, TaskCompletionSource`1 retry, DbConnectionOptions userOptions, DbConnectionInternal oldConnection, DbConnectionInternal& connection)
   at Microsoft.Data.ProviderBase.DbConnectionInternal.TryOpenConnectionInternal(DbConnection outerConnection, DbConnectionFactory connectionFactory, TaskCompletionSource`1 retry, DbConnectionOptions userOptions)
   at Microsoft.Data.ProviderBase.DbConnectionClosed.TryOpenConnection(DbConnection outerConnection, DbConnectionFactory connectionFactory, TaskCompletionSource`1 retry, DbConnectionOptions userOptions)
   at Microsoft.Data.SqlClient.SqlConnection.TryOpen(TaskCompletionSource`1 retry, SqlConnectionOverrides overrides)
   at Microsoft.Data.SqlClient.SqlConnection.InternalOpenAsync(SqlConnectionOverrides overrides, CancellationToken cancellationToken)
--- End of stack trace from previous location ---
   at Portfolio_Management_System.DAL.DbHelper.GetProfileAsync() in C:\Users\ak731\Desktop\DSA\Portfolio Management System\DAL\DbHelper.cs:line 202
ClientConnectionId:00000000-0000-0000-0000-000000000000
Error Number:53,State:0,Class:20
2026-07-13 00:42:35.723 +05:30 [ERR] Error creating daily AI fallback video.
Microsoft.Data.SqlClient.SqlException (0x80131904): A network-related or instance-specific error occurred while establishing a connection to SQL Server. The server was not found or was not accessible. Verify that the instance name is correct and that SQL Server is configured to allow remote connections. (provider: Named Pipes Provider, error: 40 - Could not open a connection to SQL Server)
 ---> System.ComponentModel.Win32Exception (53): The network path was not found.
   at Microsoft.Data.SqlClient.ConnectionPool.WaitHandleDbConnectionPool.TryGetConnection(DbConnection owningObject, UInt32 waitForMultipleObjectsTimeout, Boolean allowCreate, Boolean onlyOneCheckConnection, DbConnectionOptions userOptions, DbConnectionInternal& connection)
   at Microsoft.Data.SqlClient.ConnectionPool.WaitHandleDbConnectionPool.TryGetConnection(DbConnection owningObject, TaskCompletionSource`1 taskCompletionSource, DbConnectionOptions userOptions, DbConnectionInternal& connection)
   at Microsoft.Data.ProviderBase.DbConnectionFactory.TryGetConnection(DbConnection owningConnection, TaskCompletionSource`1 retry, DbConnectionOptions userOptions, DbConnectionInternal oldConnection, DbConnectionInternal& connection)
   at Microsoft.Data.ProviderBase.DbConnectionInternal.TryOpenConnectionInternal(DbConnection outerConnection, DbConnectionFactory connectionFactory, TaskCompletionSource`1 retry, DbConnectionOptions userOptions)
   at Microsoft.Data.ProviderBase.DbConnectionClosed.TryOpenConnection(DbConnection outerConnection, DbConnectionFactory connectionFactory, TaskCompletionSource`1 retry, DbConnectionOptions userOptions)
   at Microsoft.Data.SqlClient.SqlConnection.TryOpen(TaskCompletionSource`1 retry, SqlConnectionOverrides overrides)
   at Microsoft.Data.SqlClient.SqlConnection.InternalOpenAsync(SqlConnectionOverrides overrides, CancellationToken cancellationToken)
--- End of stack trace from previous location ---
   at Portfolio_Management_System.DAL.DbHelper.AddGalleryItemAsync(GalleryModel item) in C:\Users\ak731\Desktop\DSA\Portfolio Management System\DAL\DbHelper.cs:line 2030
   at Portfolio_Management_System.Services.GalleryAutoUploaderService.PerformSyncAsync() in C:\Users\ak731\Desktop\DSA\Portfolio Management System\Services\GalleryAutoUploaderService.cs:line 196
ClientConnectionId:00000000-0000-0000-0000-000000000000
Error Number:53,State:0,Class:20
2026-07-13 00:42:35.989 +05:30 [ERR] Error getting skills
Microsoft.Data.SqlClient.SqlException (0x80131904): A network-related or instance-specific error occurred while establishing a connection to SQL Server. The server was not found or was not accessible. Verify that the instance name is correct and that SQL Server is configured to allow remote connections. (provider: Named Pipes Provider, error: 40 - Could not open a connection to SQL Server)
 ---> System.ComponentModel.Win32Exception (53): The network path was not found.
   at Microsoft.Data.SqlClient.ConnectionPool.WaitHandleDbConnectionPool.TryGetConnection(DbConnection owningObject, UInt32 waitForMultipleObjectsTimeout, Boolean allowCreate, Boolean onlyOneCheckConnection, DbConnectionOptions userOptions, DbConnectionInternal& connection)
   at Microsoft.Data.SqlClient.ConnectionPool.WaitHandleDbConnectionPool.TryGetConnection(DbConnection owningObject, TaskCompletionSource`1 taskCompletionSource, DbConnectionOptions userOptions, DbConnectionInternal& connection)
   at Microsoft.Data.ProviderBase.DbConnectionFactory.TryGetConnection(DbConnection owningConnection, TaskCompletionSource`1 retry, DbConnectionOptions userOptions, DbConnectionInternal oldConnection, DbConnectionInternal& connection)
   at Microsoft.Data.ProviderBase.DbConnectionInternal.TryOpenConnectionInternal(DbConnection outerConnection, DbConnectionFactory connectionFactory, TaskCompletionSource`1 retry, DbConnectionOptions userOptions)
   at Microsoft.Data.ProviderBase.DbConnectionClosed.TryOpenConnection(DbConnection outerConnection, DbConnectionFactory connectionFactory, TaskCompletionSource`1 retry, DbConnectionOptions userOptions)
   at Microsoft.Data.SqlClient.SqlConnection.TryOpen(TaskCompletionSource`1 retry, SqlConnectionOverrides overrides)
   at Microsoft.Data.SqlClient.SqlConnection.InternalOpenAsync(SqlConnectionOverrides overrides, CancellationToken cancellationToken)
--- End of stack trace from previous location ---
   at Portfolio_Management_System.DAL.DbHelper.GetAllSkillsAsync() in C:\Users\ak731\Desktop\DSA\Portfolio Management System\DAL\DbHelper.cs:line 291
ClientConnectionId:00000000-0000-0000-0000-000000000000
Error Number:53,State:0,Class:20
2026-07-13 00:42:36.087 +05:30 [ERR] Error getting projects
Microsoft.Data.SqlClient.SqlException (0x80131904): A network-related or instance-specific error occurred while establishing a connection to SQL Server. The server was not found or was not accessible. Verify that the instance name is correct and that SQL Server is configured to allow remote connections. (provider: Named Pipes Provider, error: 40 - Could not open a connection to SQL Server)
 ---> System.ComponentModel.Win32Exception (53): The network path was not found.
   at Microsoft.Data.SqlClient.ConnectionPool.WaitHandleDbConnectionPool.TryGetConnection(DbConnection owningObject, UInt32 waitForMultipleObjectsTimeout, Boolean allowCreate, Boolean onlyOneCheckConnection, DbConnectionOptions userOptions, DbConnectionInternal& connection)
   at Microsoft.Data.SqlClient.ConnectionPool.WaitHandleDbConnectionPool.TryGetConnection(DbConnection owningObject, TaskCompletionSource`1 taskCompletionSource, DbConnectionOptions userOptions, DbConnectionInternal& connection)
   at Microsoft.Data.ProviderBase.DbConnectionFactory.TryGetConnection(DbConnection owningConnection, TaskCompletionSource`1 retry, DbConnectionOptions userOptions, DbConnectionInternal oldConnection, DbConnectionInternal& connection)
   at Microsoft.Data.ProviderBase.DbConnectionInternal.TryOpenConnectionInternal(DbConnection outerConnection, DbConnectionFactory connectionFactory, TaskCompletionSource`1 retry, DbConnectionOptions userOptions)
   at Microsoft.Data.ProviderBase.DbConnectionClosed.TryOpenConnection(DbConnection outerConnection, DbConnectionFactory connectionFactory, TaskCompletionSource`1 retry, DbConnectionOptions userOptions)
   at Microsoft.Data.SqlClient.SqlConnection.TryOpen(TaskCompletionSource`1 retry, SqlConnectionOverrides overrides)
   at Microsoft.Data.SqlClient.SqlConnection.InternalOpenAsync(SqlConnectionOverrides overrides, CancellationToken cancellationToken)
--- End of stack trace from previous location ---
   at Portfolio_Management_System.DAL.DbHelper.GetAllProjectsAsync() in C:\Users\ak731\Desktop\DSA\Portfolio Management System\DAL\DbHelper.cs:line 396
ClientConnectionId:00000000-0000-0000-0000-000000000000
Error Number:53,State:0,Class:20
2026-07-13 00:42:36.175 +05:30 [ERR] Error getting experience
Microsoft.Data.SqlClient.SqlException (0x80131904): A network-related or instance-specific error occurred while establishing a connection to SQL Server. The server was not found or was not accessible. Verify that the instance name is correct and that SQL Server is configured to allow remote connections. (provider: Named Pipes Provider, error: 40 - Could not open a connection to SQL Server)
 ---> System.ComponentModel.Win32Exception (53): The network path was not found.
   at Microsoft.Data.SqlClient.ConnectionPool.WaitHandleDbConnectionPool.TryGetConnection(DbConnection owningObject, UInt32 waitForMultipleObjectsTimeout, Boolean allowCreate, Boolean onlyOneCheckConnection, DbConnectionOptions userOptions, DbConnectionInternal& connection)
   at Microsoft.Data.SqlClient.ConnectionPool.WaitHandleDbConnectionPool.TryGetConnection(DbConnection owningObject, TaskCompletionSource`1 taskCompletionSource, DbConnectionOptions userOptions, DbConnectionInternal& connection)
   at Microsoft.Data.ProviderBase.DbConnectionFactory.TryGetConnection(DbConnection owningConnection, TaskCompletionSource`1 retry, DbConnectionOptions userOptions, DbConnectionInternal oldConnection, DbConnectionInternal& connection)
   at Microsoft.Data.ProviderBase.DbConnectionInternal.TryOpenConnectionInternal(DbConnection outerConnection, DbConnectionFactory connectionFactory, TaskCompletionSource`1 retry, DbConnectionOptions userOptions)
   at Microsoft.Data.ProviderBase.DbConnectionClosed.TryOpenConnection(DbConnection outerConnection, DbConnectionFactory connectionFactory, TaskCompletionSource`1 retry, DbConnectionOptions userOptions)
   at Microsoft.Data.SqlClient.SqlConnection.TryOpen(TaskCompletionSource`1 retry, SqlConnectionOverrides overrides)
   at Microsoft.Data.SqlClient.SqlConnection.InternalOpenAsync(SqlConnectionOverrides overrides, CancellationToken cancellationToken)
--- End of stack trace from previous location ---
   at Portfolio_Management_System.DAL.DbHelper.GetAllExperienceAsync() in C:\Users\ak731\Desktop\DSA\Portfolio Management System\DAL\DbHelper.cs:line 2641
ClientConnectionId:00000000-0000-0000-0000-000000000000
Error Number:53,State:0,Class:20
2026-07-13 00:42:36.274 +05:30 [ERR] Error getting education
Microsoft.Data.SqlClient.SqlException (0x80131904): A network-related or instance-specific error occurred while establishing a connection to SQL Server. The server was not found or was not accessible. Verify that the instance name is correct and that SQL Server is configured to allow remote connections. (provider: Named Pipes Provider, error: 40 - Could not open a connection to SQL Server)
 ---> System.ComponentModel.Win32Exception (53): The network path was not found.
   at Microsoft.Data.SqlClient.ConnectionPool.WaitHandleDbConnectionPool.TryGetConnection(DbConnection owningObject, UInt32 waitForMultipleObjectsTimeout, Boolean allowCreate, Boolean onlyOneCheckConnection, DbConnectionOptions userOptions, DbConnectionInternal& connection)
   at Microsoft.Data.SqlClient.ConnectionPool.WaitHandleDbConnectionPool.TryGetConnection(DbConnection owningObject, TaskCompletionSource`1 taskCompletionSource, DbConnectionOptions userOptions, DbConnectionInternal& connection)
   at Microsoft.Data.ProviderBase.DbConnectionFactory.TryGetConnection(DbConnection owningConnection, TaskCompletionSource`1 retry, DbConnectionOptions userOptions, DbConnectionInternal oldConnection, DbConnectionInternal& connection)
   at Microsoft.Data.ProviderBase.DbConnectionInternal.TryOpenConnectionInternal(DbConnection outerConnection, DbConnectionFactory connectionFactory, TaskCompletionSource`1 retry, DbConnectionOptions userOptions)
   at Microsoft.Data.ProviderBase.DbConnectionClosed.TryOpenConnection(DbConnection outerConnection, DbConnectionFactory connectionFactory, TaskCompletionSource`1 retry, DbConnectionOptions userOptions)
   at Microsoft.Data.SqlClient.SqlConnection.TryOpen(TaskCompletionSource`1 retry, SqlConnectionOverrides overrides)
   at Microsoft.Data.SqlClient.SqlConnection.InternalOpenAsync(SqlConnectionOverrides overrides, CancellationToken cancellationToken)
--- End of stack trace from previous location ---
   at Portfolio_Management_System.DAL.DbHelper.GetAllEducationAsync() in C:\Users\ak731\Desktop\DSA\Portfolio Management System\DAL\DbHelper.cs:line 514
ClientConnectionId:00000000-0000-0000-0000-000000000000
Error Number:53,State:0,Class:20
2026-07-13 00:42:36.356 +05:30 [ERR] Error getting blog posts
Microsoft.Data.SqlClient.SqlException (0x80131904): A network-related or instance-specific error occurred while establishing a connection to SQL Server. The server was not found or was not accessible. Verify that the instance name is correct and that SQL Server is configured to allow remote connections. (provider: Named Pipes Provider, error: 40 - Could not open a connection to SQL Server)
 ---> System.ComponentModel.Win32Exception (53): The network path was not found.
   at Microsoft.Data.SqlClient.ConnectionPool.WaitHandleDbConnectionPool.TryGetConnection(DbConnection owningObject, UInt32 waitForMultipleObjectsTimeout, Boolean allowCreate, Boolean onlyOneCheckConnection, DbConnectionOptions userOptions, DbConnectionInternal& connection)
   at Microsoft.Data.SqlClient.ConnectionPool.WaitHandleDbConnectionPool.TryGetConnection(DbConnection owningObject, TaskCompletionSource`1 taskCompletionSource, DbConnectionOptions userOptions, DbConnectionInternal& connection)
   at Microsoft.Data.ProviderBase.DbConnectionFactory.TryGetConnection(DbConnection owningConnection, TaskCompletionSource`1 retry, DbConnectionOptions userOptions, DbConnectionInternal oldConnection, DbConnectionInternal& connection)
   at Microsoft.Data.ProviderBase.DbConnectionInternal.TryOpenConnectionInternal(DbConnection outerConnection, DbConnectionFactory connectionFactory, TaskCompletionSource`1 retry, DbConnectionOptions userOptions)
   at Microsoft.Data.ProviderBase.DbConnectionClosed.TryOpenConnection(DbConnection outerConnection, DbConnectionFactory connectionFactory, TaskCompletionSource`1 retry, DbConnectionOptions userOptions)
   at Microsoft.Data.SqlClient.SqlConnection.TryOpen(TaskCompletionSource`1 retry, SqlConnectionOverrides overrides)
   at Microsoft.Data.SqlClient.SqlConnection.InternalOpenAsync(SqlConnectionOverrides overrides, CancellationToken cancellationToken)
--- End of stack trace from previous location ---
   at Portfolio_Management_System.DAL.DbHelper.GetRecentBlogPostsAsync(Int32 count) in C:\Users\ak731\Desktop\DSA\Portfolio Management System\DAL\DbHelper.cs:line 745
ClientConnectionId:00000000-0000-0000-0000-000000000000
Error Number:53,State:0,Class:20
2026-07-13 00:42:36.399 +05:30 [INF] Executing ViewResult, running view Index.
2026-07-13 00:42:36.888 +05:30 [ERR] Error getting certificates
Microsoft.Data.SqlClient.SqlException (0x80131904): A network-related or instance-specific error occurred while establishing a connection to SQL Server. The server was not found or was not accessible. Verify that the instance name is correct and that SQL Server is configured to allow remote connections. (provider: Named Pipes Provider, error: 40 - Could not open a connection to SQL Server)
 ---> System.ComponentModel.Win32Exception (53): The network path was not found.
   at Microsoft.Data.SqlClient.ConnectionPool.WaitHandleDbConnectionPool.TryGetConnection(DbConnection owningObject, UInt32 waitForMultipleObjectsTimeout, Boolean allowCreate, Boolean onlyOneCheckConnection, DbConnectionOptions userOptions, DbConnectionInternal& connection)
   at Microsoft.Data.SqlClient.ConnectionPool.WaitHandleDbConnectionPool.TryGetConnection(DbConnection owningObject, TaskCompletionSource`1 taskCompletionSource, DbConnectionOptions userOptions, DbConnectionInternal& connection)
   at Microsoft.Data.ProviderBase.DbConnectionFactory.TryGetConnection(DbConnection owningConnection, TaskCompletionSource`1 retry, DbConnectionOptions userOptions, DbConnectionInternal oldConnection, DbConnectionInternal& connection)
   at Microsoft.Data.ProviderBase.DbConnectionInternal.TryOpenConnectionInternal(DbConnection outerConnection, DbConnectionFactory connectionFactory, TaskCompletionSource`1 retry, DbConnectionOptions userOptions)
   at Microsoft.Data.ProviderBase.DbConnectionClosed.TryOpenConnection(DbConnection outerConnection, DbConnectionFactory connectionFactory, TaskCompletionSource`1 retry, DbConnectionOptions userOptions)
   at Microsoft.Data.SqlClient.SqlConnection.TryOpen(TaskCompletionSource`1 retry, SqlConnectionOverrides overrides)
   at Microsoft.Data.SqlClient.SqlConnection.InternalOpenAsync(SqlConnectionOverrides overrides, CancellationToken cancellationToken)
--- End of stack trace from previous location ---
   at Portfolio_Management_System.DAL.DbHelper.GetAllCertificatesAsync() in C:\Users\ak731\Desktop\DSA\Portfolio Management System\DAL\DbHelper.cs:line 2825
ClientConnectionId:00000000-0000-0000-0000-000000000000
Error Number:53,State:0,Class:20
2026-07-13 00:42:37.220 +05:30 [ERR] Error getting developer dashboard stats
Microsoft.Data.SqlClient.SqlException (0x80131904): A network-related or instance-specific error occurred while establishing a connection to SQL Server. The server was not found or was not accessible. Verify that the instance name is correct and that SQL Server is configured to allow remote connections. (provider: Named Pipes Provider, error: 40 - Could not open a connection to SQL Server)
 ---> System.ComponentModel.Win32Exception (53): The network path was not found.
   at Microsoft.Data.SqlClient.ConnectionPool.WaitHandleDbConnectionPool.TryGetConnection(DbConnection owningObject, UInt32 waitForMultipleObjectsTimeout, Boolean allowCreate, Boolean onlyOneCheckConnection, DbConnectionOptions userOptions, DbConnectionInternal& connection)
   at Microsoft.Data.SqlClient.ConnectionPool.WaitHandleDbConnectionPool.TryGetConnection(DbConnection owningObject, TaskCompletionSource`1 taskCompletionSource, DbConnectionOptions userOptions, DbConnectionInternal& connection)
   at Microsoft.Data.ProviderBase.DbConnectionFactory.TryGetConnection(DbConnection owningConnection, TaskCompletionSource`1 retry, DbConnectionOptions userOptions, DbConnectionInternal oldConnection, DbConnectionInternal& connection)
   at Microsoft.Data.ProviderBase.DbConnectionInternal.TryOpenConnectionInternal(DbConnection outerConnection, DbConnectionFactory connectionFactory, TaskCompletionSource`1 retry, DbConnectionOptions userOptions)
   at Microsoft.Data.ProviderBase.DbConnectionClosed.TryOpenConnection(DbConnection outerConnection, DbConnectionFactory connectionFactory, TaskCompletionSource`1 retry, DbConnectionOptions userOptions)
   at Microsoft.Data.SqlClient.SqlConnection.TryOpen(TaskCompletionSource`1 retry, SqlConnectionOverrides overrides)
   at Microsoft.Data.SqlClient.SqlConnection.InternalOpenAsync(SqlConnectionOverrides overrides, CancellationToken cancellationToken)
--- End of stack trace from previous location ---
   at Portfolio_Management_System.DAL.DbHelper.GetDeveloperDashboardStatsAsync() in C:\Users\ak731\Desktop\DSA\Portfolio Management System\DAL\DbHelper.cs:line 2881
ClientConnectionId:00000000-0000-0000-0000-000000000000
Error Number:53,State:0,Class:20
2026-07-13 00:42:37.515 +05:30 [ERR] Error getting profile
Microsoft.Data.SqlClient.SqlException (0x80131904): A network-related or instance-specific error occurred while establishing a connection to SQL Server. The server was not found or was not accessible. Verify that the instance name is correct and that SQL Server is configured to allow remote connections. (provider: Named Pipes Provider, error: 40 - Could not open a connection to SQL Server)
 ---> System.ComponentModel.Win32Exception (53): The network path was not found.
   at Microsoft.Data.SqlClient.ConnectionPool.WaitHandleDbConnectionPool.TryGetConnection(DbConnection owningObject, UInt32 waitForMultipleObjectsTimeout, Boolean allowCreate, Boolean onlyOneCheckConnection, DbConnectionOptions userOptions, DbConnectionInternal& connection)
   at Microsoft.Data.SqlClient.ConnectionPool.WaitHandleDbConnectionPool.TryGetConnection(DbConnection owningObject, TaskCompletionSource`1 taskCompletionSource, DbConnectionOptions userOptions, DbConnectionInternal& connection)
   at Microsoft.Data.ProviderBase.DbConnectionFactory.TryGetConnection(DbConnection owningConnection, TaskCompletionSource`1 retry, DbConnectionOptions userOptions, DbConnectionInternal oldConnection, DbConnectionInternal& connection)
   at Microsoft.Data.ProviderBase.DbConnectionInternal.TryOpenConnectionInternal(DbConnection outerConnection, DbConnectionFactory connectionFactory, TaskCompletionSource`1 retry, DbConnectionOptions userOptions)
   at Microsoft.Data.ProviderBase.DbConnectionClosed.TryOpenConnection(DbConnection outerConnection, DbConnectionFactory connectionFactory, TaskCompletionSource`1 retry, DbConnectionOptions userOptions)
   at Microsoft.Data.SqlClient.SqlConnection.TryOpen(TaskCompletionSource`1 retry, SqlConnectionOverrides overrides)
   at Microsoft.Data.SqlClient.SqlConnection.InternalOpenAsync(SqlConnectionOverrides overrides, CancellationToken cancellationToken)
--- End of stack trace from previous location ---
   at Portfolio_Management_System.DAL.DbHelper.GetProfileAsync() in C:\Users\ak731\Desktop\DSA\Portfolio Management System\DAL\DbHelper.cs:line 202
ClientConnectionId:00000000-0000-0000-0000-000000000000
Error Number:53,State:0,Class:20
2026-07-13 00:42:37.753 +05:30 [INF] Executed ViewResult - view Index executed in 1356.4395ms.
2026-07-13 00:42:37.819 +05:30 [INF] Executed action Portfolio_Management_System.Controllers.HomeController.Index (Portfolio Management System) in 11358.7128ms
2026-07-13 00:42:37.827 +05:30 [INF] Executed endpoint 'Portfolio_Management_System.Controllers.HomeController.Index (Portfolio Management System)'
2026-07-13 00:42:37.884 +05:30 [INF] Request starting HTTP/2 GET https://localhost:44341/css/site.css?v=sRyjsd1L8K3j6s0MFvWVxY0FwJH8ZY0yw9NGYCFfF4s - null null
2026-07-13 00:42:37.883 +05:30 [INF] HTTP GET / responded 200 in 11719.0524 ms
2026-07-13 00:42:37.946 +05:30 [INF] Request finished HTTP/2 GET https://localhost:44341/ - 200 null text/html; charset=utf-8 17011.9543ms
2026-07-13 00:42:37.976 +05:30 [INF] Sending file. Request path: '/css/site.css'. Physical path: 'C:\Users\ak731\Desktop\DSA\Portfolio Management System\wwwroot\css\site.css'
2026-07-13 00:42:37.977 +05:30 [INF] HTTP GET /css/site.css responded 200 in 92.2165 ms
2026-07-13 00:42:37.982 +05:30 [INF] Request finished HTTP/2 GET https://localhost:44341/css/site.css?v=sRyjsd1L8K3j6s0MFvWVxY0FwJH8ZY0yw9NGYCFfF4s - 200 20411 text/css 105.3622ms
2026-07-13 00:42:38.196 +05:30 [INF] Request starting HTTP/2 GET https://localhost:44341/images/ajay-avatar.png - null null
2026-07-13 00:42:38.205 +05:30 [INF] The file /images/ajay-avatar.png was not modified
2026-07-13 00:42:38.208 +05:30 [INF] HTTP GET /images/ajay-avatar.png responded 304 in 11.3676 ms
2026-07-13 00:42:38.223 +05:30 [INF] Request finished HTTP/2 GET https://localhost:44341/images/ajay-avatar.png - 304 null image/png 25.273ms
2026-07-13 00:42:38.516 +05:30 [INF] Request starting HTTP/2 GET https://localhost:44341/manifest.json - null null
2026-07-13 00:42:38.557 +05:30 [INF] Sending file. Request path: '/manifest.json'. Physical path: 'C:\Users\ak731\Desktop\DSA\Portfolio Management System\wwwroot\manifest.json'
2026-07-13 00:42:38.557 +05:30 [INF] HTTP GET /manifest.json responded 200 in 33.3575 ms
2026-07-13 00:42:38.557 +05:30 [INF] Request finished HTTP/2 GET https://localhost:44341/manifest.json - 200 301 application/json 40.9716ms
2026-07-13 00:42:38.679 +05:30 [INF] Request starting HTTP/2 GET https://localhost:44341/_framework/aspnetcore-browser-refresh.js - null null
2026-07-13 00:42:38.691 +05:30 [INF] Request starting HTTP/2 GET https://localhost:44341/_vs/browserLink - null null
2026-07-13 00:42:38.711 +05:30 [INF] Request finished HTTP/2 GET https://localhost:44341/_framework/aspnetcore-browser-refresh.js - 200 16539 application/javascript; charset=utf-8 19.5296ms
2026-07-13 00:42:39.891 +05:30 [INF] Request finished HTTP/2 GET https://localhost:44341/_vs/browserLink - 200 null text/javascript; charset=UTF-8 1200.1933ms
2026-07-13 00:43:01.791 +05:30 [INF] Request starting HTTP/2 GET https://localhost:44341/favicon.ico - null null
2026-07-13 00:43:01.794 +05:30 [INF] The file /favicon.ico was not modified
2026-07-13 00:43:01.794 +05:30 [INF] HTTP GET /favicon.ico responded 304 in 2.5878 ms
2026-07-13 00:43:01.796 +05:30 [INF] Request finished HTTP/2 GET https://localhost:44341/favicon.ico - 304 null image/x-icon 5.1276ms
2026-07-13 20:14:28.732 +05:30 [WRN] JWT SecretKey missing in configuration. JWT Auth not configured.
2026-07-13 20:14:33.809 +05:30 [INF] Executed DbCommand (159ms) [Parameters=[], CommandType='"Text"', CommandTimeout='30']
SELECT 1
2026-07-13 20:14:33.831 +05:30 [INF] Acquiring an exclusive lock for migration application. See https://aka.ms/efcore-docs-migrations-lock for more information if this takes too long.
2026-07-13 20:14:33.998 +05:30 [INF] Executed DbCommand (161ms) [Parameters=[], CommandType='"Text"', CommandTimeout='30']
DECLARE @result int;
EXEC @result = sp_getapplock @Resource = '__EFMigrationsLock', @LockOwner = 'Session', @LockMode = 'Exclusive';
SELECT @result
2026-07-13 20:14:34.478 +05:30 [INF] Executed DbCommand (154ms) [Parameters=[], CommandType='"Text"', CommandTimeout='30']
IF OBJECT_ID(N'[__EFMigrationsHistory]') IS NULL
BEGIN
    CREATE TABLE [__EFMigrationsHistory] (
        [MigrationId] nvarchar(150) NOT NULL,
        [ProductVersion] nvarchar(32) NOT NULL,
        CONSTRAINT [PK___EFMigrationsHistory] PRIMARY KEY ([MigrationId])
    );
END;
2026-07-13 20:14:34.951 +05:30 [INF] Executed DbCommand (153ms) [Parameters=[], CommandType='"Text"', CommandTimeout='30']
SELECT 1
2026-07-13 20:14:35.107 +05:30 [INF] Executed DbCommand (154ms) [Parameters=[], CommandType='"Text"', CommandTimeout='30']
SELECT OBJECT_ID(N'[__EFMigrationsHistory]');
2026-07-13 20:14:35.267 +05:30 [INF] Executed DbCommand (156ms) [Parameters=[], CommandType='"Text"', CommandTimeout='30']
SELECT [MigrationId], [ProductVersion]
FROM [__EFMigrationsHistory]
ORDER BY [MigrationId];
2026-07-13 20:14:35.282 +05:30 [INF] No migrations were applied. The database is already up to date.
2026-07-13 20:14:35.592 +05:30 [INF] Executed DbCommand (156ms) [Parameters=[], CommandType='"Text"', CommandTimeout='30']
DECLARE @result int;
EXEC @result = sp_releaseapplock @Resource = '__EFMigrationsLock', @LockOwner = 'Session';
SELECT @result
2026-07-13 20:14:35.606 +05:30 [INF] Initializing AKTU multi-university portal database schema...
2026-07-13 20:14:37.716 +05:30 [INF] Database tables initialized/verified successfully.
2026-07-13 20:14:37.722 +05:30 [INF] Fetching Indian universities from API...
2026-07-13 20:14:39.018 +05:30 [INF] Loaded 475 universities from API. Syncing with database...
2026-07-13 20:14:39.483 +05:30 [INF] Successfully inserted 0 new universities from API.
2026-07-13 20:14:40.770 +05:30 [INF] Using uvicorn executable: "c:\Users\ak731\Desktop\DSA\Portfolio Management System\venv\Scripts\uvicorn.exe"
2026-07-13 20:14:41.173 +05:30 [INF] Started Python AI Server automatically at c:\Users\ak731\Desktop\DSA\Portfolio Management System\AutoTube\AutoTube.AI (using venv if available).
2026-07-13 20:14:48.363 +05:30 [WRN] Python AI Server started but health check timed out. It may still be loading.
2026-07-13 20:14:48.363 +05:30 [INF] Unified API starting on Development
2026-07-13 20:14:48.412 +05:30 [INF] User profile is available. Using 'C:\Users\ak731\AppData\Local\ASP.NET\DataProtection-Keys' as key repository and Windows DPAPI to encrypt keys at rest.
2026-07-13 20:14:48.469 +05:30 [INF] Gallery Auto-Uploader Background Service started.
2026-07-13 20:14:48.579 +05:30 [INF] Start processing HTTP request GET https://www.youtube.com/@CodeCrafters42
2026-07-13 20:14:48.664 +05:30 [INF] Sending HTTP request GET https://www.youtube.com/@CodeCrafters42
2026-07-13 20:14:48.744 +05:30 [INF] AutoTube Video Automation Background Scheduler started. Scheduled for 9:00 AM daily.
2026-07-13 20:14:48.744 +05:30 [INF] Next video generation cycle scheduled at "2026-07-14T09:00:00.0000000" (in 12.75 hours).
2026-07-13 20:14:48.904 +05:30 [INF] Now listening on: http://localhost:5049
2026-07-13 20:14:48.905 +05:30 [INF] Application started. Press Ctrl+C to shut down.
2026-07-13 20:14:48.905 +05:30 [INF] Hosting environment: Development
2026-07-13 20:14:48.905 +05:30 [INF] Content root path: c:\Users\ak731\Desktop\DSA\Portfolio Management System
2026-07-13 20:14:49.104 +05:30 [INF] Received HTTP response headers after 434.7187ms - 404
2026-07-13 20:14:49.111 +05:30 [INF] End processing HTTP request after 619.8329ms - 404
2026-07-13 20:15:56.977 +05:30 [INF] Request starting HTTP/1.1 GET http://localhost:5049/ - null null
2026-07-13 20:15:57.037 +05:30 [WRN] Failed to determine the https port for redirect.
2026-07-13 20:15:57.095 +05:30 [INF] Executing endpoint 'Portfolio_Management_System.Controllers.HomeController.Index (Portfolio Management System)'
2026-07-13 20:15:57.133 +05:30 [INF] Route matched with {action = "Index", controller = "Home"}. Executing controller action with signature System.Threading.Tasks.Task`1[Microsoft.AspNetCore.Mvc.IActionResult] Index() on controller Portfolio_Management_System.Controllers.HomeController (Portfolio Management System).
2026-07-13 20:15:58.532 +05:30 [INF] Executing ViewResult, running view Index.
2026-07-13 20:16:02.666 +05:30 [INF] Executed ViewResult - view Index executed in 4133.3929ms.
2026-07-13 20:16:02.670 +05:30 [INF] Executed action Portfolio_Management_System.Controllers.HomeController.Index (Portfolio Management System) in 5535.3522ms
2026-07-13 20:16:02.671 +05:30 [INF] Executed endpoint 'Portfolio_Management_System.Controllers.HomeController.Index (Portfolio Management System)'
2026-07-13 20:16:02.674 +05:30 [INF] Session started; Key:6ff21009-e536-7f54-7399-3a04f1c3e33d, Id:5837cdae-7674-26a3-e9f9-2630aba7e903
2026-07-13 20:16:02.684 +05:30 [INF] HTTP GET / responded 200 in 5697.4219 ms
2026-07-13 20:16:02.694 +05:30 [INF] Request finished HTTP/1.1 GET http://localhost:5049/ - 200 null text/html; charset=utf-8 5721.0924ms
2026-07-13 20:16:03.070 +05:30 [INF] Request starting HTTP/1.1 GET http://localhost:5049/Gallery - null null
2026-07-13 20:16:03.076 +05:30 [INF] Executing endpoint 'Portfolio_Management_System.Controllers.GalleryController.Index (Portfolio Management System)'
2026-07-13 20:16:03.094 +05:30 [INF] Route matched with {action = "Index", controller = "Gallery"}. Executing controller action with signature System.Threading.Tasks.Task`1[Microsoft.AspNetCore.Mvc.IActionResult] Index(System.String) on controller Portfolio_Management_System.Controllers.GalleryController (Portfolio Management System).
2026-07-13 20:16:04.261 +05:30 [INF] Executing ViewResult, running view Index.
2026-07-13 20:16:04.436 +05:30 [INF] Executed ViewResult - view Index executed in 175.633ms.
2026-07-13 20:16:04.437 +05:30 [INF] Executed action Portfolio_Management_System.Controllers.GalleryController.Index (Portfolio Management System) in 1342.5181ms
2026-07-13 20:16:04.437 +05:30 [INF] Executed endpoint 'Portfolio_Management_System.Controllers.GalleryController.Index (Portfolio Management System)'
2026-07-13 20:16:04.437 +05:30 [INF] Session started; Key:f804751f-d0bd-66e8-3d63-51e13c04a84f, Id:af05f744-04c2-1186-9afb-a1b6c780e703
2026-07-13 20:16:04.437 +05:30 [INF] HTTP GET /Gallery responded 200 in 1367.1390 ms
2026-07-13 20:16:04.438 +05:30 [INF] Request finished HTTP/1.1 GET http://localhost:5049/Gallery - 200 null text/html; charset=utf-8 1367.8142ms
2026-07-13 20:16:04.831 +05:30 [INF] Request starting HTTP/1.1 GET http://localhost:5049/Gallery?type=document - null null
2026-07-13 20:16:04.837 +05:30 [INF] Executing endpoint 'Portfolio_Management_System.Controllers.GalleryController.Index (Portfolio Management System)'
2026-07-13 20:16:04.837 +05:30 [INF] Route matched with {action = "Index", controller = "Gallery"}. Executing controller action with signature System.Threading.Tasks.Task`1[Microsoft.AspNetCore.Mvc.IActionResult] Index(System.String) on controller Portfolio_Management_System.Controllers.GalleryController (Portfolio Management System).
2026-07-13 20:16:05.475 +05:30 [INF] Executing ViewResult, running view Index.
2026-07-13 20:16:05.633 +05:30 [INF] Executed ViewResult - view Index executed in 158.5663ms.
2026-07-13 20:16:05.633 +05:30 [INF] Executed action Portfolio_Management_System.Controllers.GalleryController.Index (Portfolio Management System) in 796.4066ms
2026-07-13 20:16:05.633 +05:30 [INF] Executed endpoint 'Portfolio_Management_System.Controllers.GalleryController.Index (Portfolio Management System)'
2026-07-13 20:16:05.634 +05:30 [INF] Session started; Key:df2be50b-3dee-496e-22af-46912b93b64c, Id:bfc05cff-ba0e-f0b4-d6eb-d0b0f03a0637
2026-07-13 20:16:05.634 +05:30 [INF] HTTP GET /Gallery responded 200 in 802.5899 ms
2026-07-13 20:16:05.634 +05:30 [INF] Request finished HTTP/1.1 GET http://localhost:5049/Gallery?type=document - 200 null text/html; charset=utf-8 803.0645ms
2026-07-13 20:16:06.371 +05:30 [INF] Request starting HTTP/1.1 GET http://localhost:5049/Gallery?type=video - null null
2026-07-13 20:16:06.372 +05:30 [INF] Executing endpoint 'Portfolio_Management_System.Controllers.GalleryController.Index (Portfolio Management System)'
2026-07-13 20:16:06.372 +05:30 [INF] Route matched with {action = "Index", controller = "Gallery"}. Executing controller action with signature System.Threading.Tasks.Task`1[Microsoft.AspNetCore.Mvc.IActionResult] Index(System.String) on controller Portfolio_Management_System.Controllers.GalleryController (Portfolio Management System).
2026-07-13 20:16:07.315 +05:30 [INF] Executing ViewResult, running view Index.
2026-07-13 20:16:07.481 +05:30 [INF] Executed ViewResult - view Index executed in 165.9052ms.
2026-07-13 20:16:07.481 +05:30 [INF] Executed action Portfolio_Management_System.Controllers.GalleryController.Index (Portfolio Management System) in 1109.3429ms
2026-07-13 20:16:07.481 +05:30 [INF] Executed endpoint 'Portfolio_Management_System.Controllers.GalleryController.Index (Portfolio Management System)'
2026-07-13 20:16:07.481 +05:30 [INF] Session started; Key:efc9bd92-b5dc-9f52-0c9b-d27221edaf88, Id:717fbe23-6107-cea2-1633-3ef4374e6f90
2026-07-13 20:16:07.482 +05:30 [INF] HTTP GET /Gallery responded 200 in 1110.0822 ms
2026-07-13 20:16:07.482 +05:30 [INF] Request finished HTTP/1.1 GET http://localhost:5049/Gallery?type=video - 200 null text/html; charset=utf-8 1110.4901ms
2026-07-13 20:16:07.776 +05:30 [INF] Request starting HTTP/1.1 GET http://localhost:5049/Blog - null null
2026-07-13 20:16:07.776 +05:30 [INF] Executing endpoint 'Portfolio_Management_System.Controllers.BlogController.Index (Portfolio Management System)'
2026-07-13 20:16:07.784 +05:30 [INF] Route matched with {action = "Index", controller = "Blog"}. Executing controller action with signature System.Threading.Tasks.Task`1[Microsoft.AspNetCore.Mvc.IActionResult] Index(System.Nullable`1[System.Int32], System.String, System.String, Int32) on controller Portfolio_Management_System.Controllers.BlogController (Portfolio Management System).
2026-07-13 20:16:09.555 +05:30 [INF] Executing ViewResult, running view Index.
2026-07-13 20:16:09.765 +05:30 [INF] Executed ViewResult - view Index executed in 210.9804ms.
2026-07-13 20:16:09.766 +05:30 [INF] Executed action Portfolio_Management_System.Controllers.BlogController.Index (Portfolio Management System) in 1980.9634ms
2026-07-13 20:16:09.766 +05:30 [INF] Executed endpoint 'Portfolio_Management_System.Controllers.BlogController.Index (Portfolio Management System)'
2026-07-13 20:16:09.766 +05:30 [INF] Session started; Key:e3129a2f-4b32-67da-04ba-7d2c389b4a1d, Id:3b071b9c-ab4b-070a-32a3-163cb1d6f747
2026-07-13 20:16:09.766 +05:30 [INF] HTTP GET /Blog responded 200 in 1989.8199 ms
2026-07-13 20:16:09.766 +05:30 [INF] Request finished HTTP/1.1 GET http://localhost:5049/Blog - 200 null text/html; charset=utf-8 1990.1801ms
2026-07-13 20:16:09.866 +05:30 [INF] Request starting HTTP/1.1 GET http://localhost:5049/Resume/ViewResume - null null
2026-07-13 20:16:09.867 +05:30 [INF] Executing endpoint 'Portfolio_Management_System.Controllers.ResumeController.ViewResume (Portfolio Management System)'
2026-07-13 20:16:09.869 +05:30 [INF] Route matched with {action = "ViewResume", controller = "Resume"}. Executing controller action with signature Microsoft.AspNetCore.Mvc.IActionResult ViewResume() on controller Portfolio_Management_System.Controllers.ResumeController (Portfolio Management System).
2026-07-13 20:16:10.186 +05:30 [INF] Executing ViewResult, running view ViewResume.
2026-07-13 20:16:10.404 +05:30 [INF] Executed ViewResult - view ViewResume executed in 219.178ms.
2026-07-13 20:16:10.404 +05:30 [INF] Executed action Portfolio_Management_System.Controllers.ResumeController.ViewResume (Portfolio Management System) in 535.1578ms
2026-07-13 20:16:10.404 +05:30 [INF] Executed endpoint 'Portfolio_Management_System.Controllers.ResumeController.ViewResume (Portfolio Management System)'
2026-07-13 20:16:10.404 +05:30 [INF] Session started; Key:b43c01a1-eaf7-760a-52ec-0ab71fef8448, Id:bf631d6b-b4fb-2d6f-a7e0-d747f5773216
2026-07-13 20:16:10.404 +05:30 [INF] HTTP GET /Resume/ViewResume responded 200 in 537.8076 ms
2026-07-13 20:16:10.405 +05:30 [INF] Request finished HTTP/1.1 GET http://localhost:5049/Resume/ViewResume - 200 null text/html; charset=utf-8 538.1607ms
2026-07-13 20:16:11.398 +05:30 [INF] Request starting HTTP/1.1 GET http://localhost:5049/Resume/Download - null null
2026-07-13 20:16:11.399 +05:30 [INF] Executing endpoint 'Portfolio_Management_System.Controllers.ResumeController.Download (Portfolio Management System)'
2026-07-13 20:16:11.405 +05:30 [INF] Route matched with {action = "Download", controller = "Resume"}. Executing controller action with signature System.Threading.Tasks.Task`1[Microsoft.AspNetCore.Mvc.IActionResult] Download() on controller Portfolio_Management_System.Controllers.ResumeController (Portfolio Management System).
2026-07-13 20:16:11.934 +05:30 [INF] Executing FileContentResult, sending file with download name 'deb7faec-a12e-4420-97ee-a071600d510f.pdf' ...
2026-07-13 20:16:11.950 +05:30 [INF] Executed action Portfolio_Management_System.Controllers.ResumeController.Download (Portfolio Management System) in 544.8861ms
2026-07-13 20:16:11.951 +05:30 [INF] Executed endpoint 'Portfolio_Management_System.Controllers.ResumeController.Download (Portfolio Management System)'
2026-07-13 20:16:11.951 +05:30 [INF] Session started; Key:b0f152a3-5f35-3522-0ea3-b9b6767cc263, Id:accc3322-e73e-e3c6-4fa8-039053a16bf4
2026-07-13 20:16:11.951 +05:30 [INF] HTTP GET /Resume/Download responded 200 in 553.0707 ms
2026-07-13 20:16:11.951 +05:30 [INF] Request finished HTTP/1.1 GET http://localhost:5049/Resume/Download - 200 169284 application/pdf 553.4525ms
2026-07-13 20:16:12.245 +05:30 [INF] Request starting HTTP/1.1 GET http://localhost:5049/AktuPortal - null null
2026-07-13 20:16:12.246 +05:30 [INF] Executing endpoint 'Portfolio_Management_System.Controllers.AktuPortalController.Index (Portfolio Management System)'
2026-07-13 20:16:12.253 +05:30 [INF] Route matched with {action = "Index", controller = "AktuPortal"}. Executing controller action with signature System.Threading.Tasks.Task`1[Microsoft.AspNetCore.Mvc.IActionResult] Index(System.String, System.Nullable`1[System.Int32], System.Nullable`1[System.Int32], System.Nullable`1[System.Int32], System.Nullable`1[System.Int32], System.Nullable`1[System.Int32], System.String) on controller Portfolio_Management_System.Controllers.AktuPortalController (Portfolio Management System).
2026-07-13 20:16:13.409 +05:30 [INF] Executing ViewResult, running view Index.
2026-07-13 20:16:13.655 +05:30 [INF] Executed ViewResult - view Index executed in 247.0021ms.
2026-07-13 20:16:13.656 +05:30 [INF] Executed action Portfolio_Management_System.Controllers.AktuPortalController.Index (Portfolio Management System) in 1402.3473ms
2026-07-13 20:16:13.656 +05:30 [INF] Executed endpoint 'Portfolio_Management_System.Controllers.AktuPortalController.Index (Portfolio Management System)'
2026-07-13 20:16:13.656 +05:30 [INF] Session started; Key:33ec4c58-da62-5dc9-7d57-528889b5cbc4, Id:14187286-5783-f824-6284-fce99bf035e7
2026-07-13 20:16:13.656 +05:30 [INF] HTTP GET /AktuPortal responded 200 in 1410.4738 ms
2026-07-13 20:16:13.656 +05:30 [INF] Request finished HTTP/1.1 GET http://localhost:5049/AktuPortal - 200 null text/html; charset=utf-8 1410.9102ms
2026-07-13 20:16:13.863 +05:30 [INF] Request starting HTTP/1.1 GET http://localhost:5049/Admin - null null
2026-07-13 20:16:13.864 +05:30 [INF] HTTP GET /Admin responded 404 in 0.9670 ms
2026-07-13 20:16:13.864 +05:30 [INF] Request finished HTTP/1.1 GET http://localhost:5049/Admin - 404 0 null 1.3066ms
2026-07-13 20:16:13.865 +05:30 [INF] Request reached the end of the middleware pipeline without being handled by application code. Request path: GET http://localhost:5049/Admin, Response status code: 404
2026-07-13 20:16:13.937 +05:30 [INF] Request starting HTTP/1.1 GET http://localhost:5049/Home/AskAi - null null
2026-07-13 20:16:13.937 +05:30 [INF] Executing endpoint '405 HTTP Method Not Supported'
2026-07-13 20:16:13.938 +05:30 [INF] Executed endpoint '405 HTTP Method Not Supported'
2026-07-13 20:16:13.938 +05:30 [INF] HTTP GET /Home/AskAi responded 405 in 0.7737 ms
2026-07-13 20:16:13.938 +05:30 [INF] Request finished HTTP/1.1 GET http://localhost:5049/Home/AskAi - 405 0 null 1.3ms
2026-07-13 20:17:25.691 +05:30 [INF] Request starting HTTP/1.1 GET http://localhost:5049/Admin/Login - null null
2026-07-13 20:17:25.692 +05:30 [INF] Executing endpoint 'Portfolio_Management_System.Controllers.AdminController.Login (Portfolio Management System)'
2026-07-13 20:17:25.697 +05:30 [INF] Route matched with {action = "Login", controller = "Admin"}. Executing controller action with signature Microsoft.AspNetCore.Mvc.IActionResult Login() on controller Portfolio_Management_System.Controllers.AdminController (Portfolio Management System).
2026-07-13 20:17:26.019 +05:30 [INF] Executing ViewResult, running view Login.
2026-07-13 20:17:26.045 +05:30 [INF] Executed ViewResult - view Login executed in 26.8715ms.
2026-07-13 20:17:26.045 +05:30 [INF] Executed action Portfolio_Management_System.Controllers.AdminController.Login (Portfolio Management System) in 348.3085ms
2026-07-13 20:17:26.045 +05:30 [INF] Executed endpoint 'Portfolio_Management_System.Controllers.AdminController.Login (Portfolio Management System)'
2026-07-13 20:17:26.045 +05:30 [INF] Session started; Key:01163cbe-c83d-152a-a27d-aeac1b566413, Id:6e2e8b7b-373b-924c-3875-d89c1fc9e78b
2026-07-13 20:17:26.045 +05:30 [INF] HTTP GET /Admin/Login responded 200 in 353.9629 ms
2026-07-13 20:17:26.046 +05:30 [INF] Request finished HTTP/1.1 GET http://localhost:5049/Admin/Login - 200 null text/html; charset=utf-8 354.2424ms
2026-07-13 20:17:26.083 +05:30 [INF] Request starting HTTP/1.1 GET http://localhost:5049/Admin/Dashboard - null null
2026-07-13 20:17:26.096 +05:30 [INF] Executing endpoint 'Portfolio_Management_System.Controllers.AdminController.Dashboard (Portfolio Management System)'
2026-07-13 20:17:26.102 +05:30 [INF] Route matched with {action = "Dashboard", controller = "Admin"}. Executing controller action with signature System.Threading.Tasks.Task`1[Microsoft.AspNetCore.Mvc.IActionResult] Dashboard() on controller Portfolio_Management_System.Controllers.AdminController (Portfolio Management System).
2026-07-13 20:17:26.433 +05:30 [INF] Executing RedirectResult, redirecting to /Admin/Login.
2026-07-13 20:17:26.433 +05:30 [INF] Executed action Portfolio_Management_System.Controllers.AdminController.Dashboard (Portfolio Management System) in 330.9751ms
2026-07-13 20:17:26.433 +05:30 [INF] Executed endpoint 'Portfolio_Management_System.Controllers.AdminController.Dashboard (Portfolio Management System)'
2026-07-13 20:17:26.433 +05:30 [INF] Session started; Key:b97d548e-475f-58d5-2f0f-d03116ad2749, Id:6079fd5a-69ba-44c3-5901-2331e1e6785f
2026-07-13 20:17:26.433 +05:30 [INF] HTTP GET /Admin/Dashboard responded 302 in 350.2245 ms
2026-07-13 20:17:26.434 +05:30 [INF] Request finished HTTP/1.1 GET http://localhost:5049/Admin/Dashboard - 302 0 null 350.4971ms
2026-07-13 20:17:26.440 +05:30 [INF] Request starting HTTP/1.1 GET http://localhost:5049/Admin/Login - null null
2026-07-13 20:17:26.442 +05:30 [INF] Executing endpoint 'Portfolio_Management_System.Controllers.AdminController.Login (Portfolio Management System)'
2026-07-13 20:17:26.442 +05:30 [INF] Route matched with {action = "Login", controller = "Admin"}. Executing controller action with signature Microsoft.AspNetCore.Mvc.IActionResult Login() on controller Portfolio_Management_System.Controllers.AdminController (Portfolio Management System).
2026-07-13 20:17:26.756 +05:30 [INF] Executing ViewResult, running view Login.
2026-07-13 20:17:26.758 +05:30 [INF] Executed ViewResult - view Login executed in 2.6478ms.
2026-07-13 20:17:26.758 +05:30 [INF] Executed action Portfolio_Management_System.Controllers.AdminController.Login (Portfolio Management System) in 316.4495ms
2026-07-13 20:17:26.758 +05:30 [INF] Executed endpoint 'Portfolio_Management_System.Controllers.AdminController.Login (Portfolio Management System)'
2026-07-13 20:17:26.759 +05:30 [INF] HTTP GET /Admin/Login responded 200 in 318.4625 ms
2026-07-13 20:17:26.759 +05:30 [INF] Request finished HTTP/1.1 GET http://localhost:5049/Admin/Login - 200 null text/html; charset=utf-8 318.6962ms
2026-07-13 20:17:26.782 +05:30 [INF] Request starting HTTP/1.1 GET http://localhost:5049/AktuPortal/Index - null null
2026-07-13 20:17:26.782 +05:30 [INF] Executing endpoint 'Portfolio_Management_System.Controllers.AktuPortalController.Index (Portfolio Management System)'
2026-07-13 20:17:26.783 +05:30 [INF] Route matched with {action = "Index", controller = "AktuPortal"}. Executing controller action with signature System.Threading.Tasks.Task`1[Microsoft.AspNetCore.Mvc.IActionResult] Index(System.String, System.Nullable`1[System.Int32], System.Nullable`1[System.Int32], System.Nullable`1[System.Int32], System.Nullable`1[System.Int32], System.Nullable`1[System.Int32], System.String) on controller Portfolio_Management_System.Controllers.AktuPortalController (Portfolio Management System).
2026-07-13 20:17:27.886 +05:30 [INF] Executing ViewResult, running view Index.
2026-07-13 20:17:28.045 +05:30 [INF] Executed ViewResult - view Index executed in 158.4163ms.
2026-07-13 20:17:28.045 +05:30 [INF] Executed action Portfolio_Management_System.Controllers.AktuPortalController.Index (Portfolio Management System) in 1262.4379ms
2026-07-13 20:17:28.045 +05:30 [INF] Executed endpoint 'Portfolio_Management_System.Controllers.AktuPortalController.Index (Portfolio Management System)'
2026-07-13 20:17:28.045 +05:30 [INF] Session started; Key:dcb8a698-28d5-c007-ba5b-c6bd6e9862ca, Id:d9b5ad78-e744-19eb-730b-7d2596f4f26f
2026-07-13 20:17:28.046 +05:30 [INF] HTTP GET /AktuPortal/Index responded 200 in 1263.3313 ms
2026-07-13 20:17:28.046 +05:30 [INF] Request finished HTTP/1.1 GET http://localhost:5049/AktuPortal/Index - 200 null text/html; charset=utf-8 1263.6343ms
2026-07-13 20:17:28.215 +05:30 [INF] Request starting HTTP/1.1 GET http://localhost:5049/Blog/Index - null null
2026-07-13 20:17:28.216 +05:30 [INF] Executing endpoint 'Portfolio_Management_System.Controllers.BlogController.Index (Portfolio Management System)'
2026-07-13 20:17:28.216 +05:30 [INF] Route matched with {action = "Index", controller = "Blog"}. Executing controller action with signature System.Threading.Tasks.Task`1[Microsoft.AspNetCore.Mvc.IActionResult] Index(System.Nullable`1[System.Int32], System.String, System.String, Int32) on controller Portfolio_Management_System.Controllers.BlogController (Portfolio Management System).
2026-07-13 20:17:29.944 +05:30 [INF] Executing ViewResult, running view Index.
2026-07-13 20:17:30.101 +05:30 [INF] Executed ViewResult - view Index executed in 156.801ms.
2026-07-13 20:17:30.101 +05:30 [INF] Executed action Portfolio_Management_System.Controllers.BlogController.Index (Portfolio Management System) in 1884.6302ms
2026-07-13 20:17:30.101 +05:30 [INF] Executed endpoint 'Portfolio_Management_System.Controllers.BlogController.Index (Portfolio Management System)'
2026-07-13 20:17:30.101 +05:30 [INF] Session started; Key:b66066f9-8eb5-d0f8-df02-cf7ba9fafc21, Id:b041791c-7688-08e8-69a1-e5b7b13f1631
2026-07-13 20:17:30.101 +05:30 [INF] HTTP GET /Blog/Index responded 200 in 1885.6973 ms
2026-07-13 20:17:30.101 +05:30 [INF] Request finished HTTP/1.1 GET http://localhost:5049/Blog/Index - 200 null text/html; charset=utf-8 1886.1841ms
2026-07-13 20:17:30.186 +05:30 [INF] Request starting HTTP/1.1 GET http://localhost:5049/Admin/AutoTube - null null
2026-07-13 20:17:30.187 +05:30 [INF] HTTP GET /Admin/AutoTube responded 404 in 0.4446 ms
2026-07-13 20:17:30.187 +05:30 [INF] Request finished HTTP/1.1 GET http://localhost:5049/Admin/AutoTube - 404 0 null 0.7356ms
2026-07-13 20:17:30.187 +05:30 [INF] Request reached the end of the middleware pipeline without being handled by application code. Request path: GET http://localhost:5049/Admin/AutoTube, Response status code: 404
2026-07-13 20:19:21.971 +05:30 [INF] Request starting HTTP/1.1 GET http://localhost:5049/ - null null
2026-07-13 20:19:21.972 +05:30 [INF] Executing endpoint 'Portfolio_Management_System.Controllers.HomeController.Index (Portfolio Management System)'
2026-07-13 20:19:21.972 +05:30 [INF] Route matched with {action = "Index", controller = "Home"}. Executing controller action with signature System.Threading.Tasks.Task`1[Microsoft.AspNetCore.Mvc.IActionResult] Index() on controller Portfolio_Management_System.Controllers.HomeController (Portfolio Management System).
2026-07-13 20:19:23.460 +05:30 [INF] Executing ViewResult, running view Index.
2026-07-13 20:19:27.360 +05:30 [INF] Executed ViewResult - view Index executed in 3900.618ms.
2026-07-13 20:19:27.361 +05:30 [INF] Executed action Portfolio_Management_System.Controllers.HomeController.Index (Portfolio Management System) in 5388.4805ms
2026-07-13 20:19:27.361 +05:30 [INF] Executed endpoint 'Portfolio_Management_System.Controllers.HomeController.Index (Portfolio Management System)'
2026-07-13 20:19:27.361 +05:30 [INF] Session started; Key:ff965871-1231-e8a6-045d-c4b7f16b65bc, Id:be614514-955b-1183-ba6d-e73e4e3d6cdf
2026-07-13 20:19:27.361 +05:30 [INF] HTTP GET / responded 200 in 5389.4398 ms
2026-07-13 20:19:27.361 +05:30 [INF] Request finished HTTP/1.1 GET http://localhost:5049/ - 200 null text/html; charset=utf-8 5389.8503ms
2026-07-13 20:19:27.365 +05:30 [INF] Request starting HTTP/1.1 GET http://localhost:5049/ - null null
2026-07-13 20:19:27.366 +05:30 [INF] Executing endpoint 'Portfolio_Management_System.Controllers.HomeController.Index (Portfolio Management System)'
2026-07-13 20:19:27.366 +05:30 [INF] Route matched with {action = "Index", controller = "Home"}. Executing controller action with signature System.Threading.Tasks.Task`1[Microsoft.AspNetCore.Mvc.IActionResult] Index() on controller Portfolio_Management_System.Controllers.HomeController (Portfolio Management System).
2026-07-13 20:19:27.601 +05:30 [INF] Request starting HTTP/1.1 GET http://localhost:5049/css/site.css?v=sRyjsd1L8K3j6s0MFvWVxY0FwJH8ZY0yw9NGYCFfF4s - null null
2026-07-13 20:19:27.663 +05:30 [INF] Sending file. Request path: '/css/site.css'. Physical path: 'c:\Users\ak731\Desktop\DSA\Portfolio Management System\wwwroot\css\site.css'
2026-07-13 20:19:27.663 +05:30 [INF] HTTP GET /css/site.css responded 200 in 61.9066 ms
2026-07-13 20:19:27.663 +05:30 [INF] Request finished HTTP/1.1 GET http://localhost:5049/css/site.css?v=sRyjsd1L8K3j6s0MFvWVxY0FwJH8ZY0yw9NGYCFfF4s - 200 20411 text/css 62.2165ms
2026-07-13 20:19:27.677 +05:30 [INF] Request starting HTTP/1.1 GET http://localhost:5049/images/ajay-avatar.png - null null
2026-07-13 20:19:27.743 +05:30 [INF] Sending file. Request path: '/images/ajay-avatar.png'. Physical path: 'c:\Users\ak731\Desktop\DSA\Portfolio Management System\wwwroot\images\ajay-avatar.png'
2026-07-13 20:19:27.743 +05:30 [INF] HTTP GET /images/ajay-avatar.png responded 200 in 66.7272 ms
2026-07-13 20:19:27.744 +05:30 [INF] Request finished HTTP/1.1 GET http://localhost:5049/images/ajay-avatar.png - 200 586130 image/png 66.9887ms
2026-07-13 20:19:28.480 +05:30 [INF] Request starting HTTP/1.1 GET http://localhost:5049/manifest.json - null null
2026-07-13 20:19:28.516 +05:30 [INF] Sending file. Request path: '/manifest.json'. Physical path: 'c:\Users\ak731\Desktop\DSA\Portfolio Management System\wwwroot\manifest.json'
2026-07-13 20:19:28.517 +05:30 [INF] HTTP GET /manifest.json responded 200 in 37.1285 ms
2026-07-13 20:19:28.517 +05:30 [INF] Request finished HTTP/1.1 GET http://localhost:5049/manifest.json - 200 301 application/json 37.4212ms
2026-07-13 20:19:28.656 +05:30 [INF] Executing ViewResult, running view Index.
2026-07-13 20:19:29.681 +05:30 [INF] Request starting HTTP/1.1 GET http://localhost:5049/sw.js - null null
2026-07-13 20:19:29.757 +05:30 [INF] Sending file. Request path: '/sw.js'. Physical path: 'c:\Users\ak731\Desktop\DSA\Portfolio Management System\wwwroot\sw.js'
2026-07-13 20:19:29.757 +05:30 [INF] HTTP GET /sw.js responded 200 in 75.9825 ms
2026-07-13 20:19:29.757 +05:30 [INF] Request finished HTTP/1.1 GET http://localhost:5049/sw.js - 200 602 text/javascript 76.2461ms
2026-07-13 20:19:29.796 +05:30 [INF] Request starting HTTP/1.1 GET http://localhost:5049/css/site.css - null null
2026-07-13 20:19:29.798 +05:30 [INF] Sending file. Request path: '/css/site.css'. Physical path: 'c:\Users\ak731\Desktop\DSA\Portfolio Management System\wwwroot\css\site.css'
2026-07-13 20:19:29.798 +05:30 [INF] HTTP GET /css/site.css responded 200 in 1.5290 ms
2026-07-13 20:19:29.798 +05:30 [INF] Request finished HTTP/1.1 GET http://localhost:5049/css/site.css - 200 20411 text/css 1.878ms
2026-07-13 20:19:29.808 +05:30 [INF] Request starting HTTP/1.1 GET http://localhost:5049/lib/bootstrap/dist/css/bootstrap.min.css - null null
2026-07-13 20:19:29.809 +05:30 [INF] Request starting HTTP/1.1 GET http://localhost:5049/lib/jquery/dist/jquery.min.js - null null
2026-07-13 20:19:29.858 +05:30 [INF] Sending file. Request path: '/lib/bootstrap/dist/css/bootstrap.min.css'. Physical path: 'c:\Users\ak731\Desktop\DSA\Portfolio Management System\wwwroot\lib\bootstrap\dist\css\bootstrap.min.css'
2026-07-13 20:19:29.859 +05:30 [INF] HTTP GET /lib/bootstrap/dist/css/bootstrap.min.css responded 200 in 50.0616 ms
2026-07-13 20:19:29.860 +05:30 [INF] Request finished HTTP/1.1 GET http://localhost:5049/lib/bootstrap/dist/css/bootstrap.min.css - 200 232803 text/css 50.2881ms
2026-07-13 20:19:30.083 +05:30 [INF] Sending file. Request path: '/lib/jquery/dist/jquery.min.js'. Physical path: 'c:\Users\ak731\Desktop\DSA\Portfolio Management System\wwwroot\lib\jquery\dist\jquery.min.js'
2026-07-13 20:19:30.083 +05:30 [INF] HTTP GET /lib/jquery/dist/jquery.min.js responded 200 in 274.4480 ms
2026-07-13 20:19:30.084 +05:30 [INF] Request finished HTTP/1.1 GET http://localhost:5049/lib/jquery/dist/jquery.min.js - 200 87533 text/javascript 274.6327ms
2026-07-13 20:19:30.323 +05:30 [INF] Request starting HTTP/1.1 GET http://localhost:5049/favicon.ico - null null
2026-07-13 20:19:30.328 +05:30 [INF] Sending file. Request path: '/favicon.ico'. Physical path: 'c:\Users\ak731\Desktop\DSA\Portfolio Management System\wwwroot\favicon.ico'
2026-07-13 20:19:30.328 +05:30 [INF] HTTP GET /favicon.ico responded 200 in 4.8692 ms
2026-07-13 20:19:30.328 +05:30 [INF] Request finished HTTP/1.1 GET http://localhost:5049/favicon.ico - 200 5430 image/x-icon 5.1671ms
2026-07-13 20:19:32.547 +05:30 [INF] Executed ViewResult - view Index executed in 3890.7199ms.
2026-07-13 20:19:32.547 +05:30 [INF] Executed action Portfolio_Management_System.Controllers.HomeController.Index (Portfolio Management System) in 5181.1913ms
2026-07-13 20:19:32.547 +05:30 [INF] Executed endpoint 'Portfolio_Management_System.Controllers.HomeController.Index (Portfolio Management System)'
2026-07-13 20:19:32.547 +05:30 [INF] Session started; Key:ee1eea78-c19b-7c86-ac10-4716fbadf3ae, Id:4e304bfb-2f6d-405c-e994-6bb8e37a95f3
2026-07-13 20:19:32.547 +05:30 [INF] Request starting HTTP/1.1 GET http://localhost:5049/ - null null
2026-07-13 20:19:32.548 +05:30 [INF] HTTP GET / responded 200 in 5182.3355 ms
2026-07-13 20:19:32.548 +05:30 [INF] Request finished HTTP/1.1 GET http://localhost:5049/ - 200 null text/html; charset=utf-8 5182.6271ms
2026-07-13 20:19:32.548 +05:30 [INF] Executing endpoint 'Portfolio_Management_System.Controllers.HomeController.Index (Portfolio Management System)'
2026-07-13 20:19:32.548 +05:30 [INF] Route matched with {action = "Index", controller = "Home"}. Executing controller action with signature System.Threading.Tasks.Task`1[Microsoft.AspNetCore.Mvc.IActionResult] Index() on controller Portfolio_Management_System.Controllers.HomeController (Portfolio Management System).
2026-07-13 20:19:33.811 +05:30 [INF] Executing ViewResult, running view Index.
2026-07-13 20:19:37.671 +05:30 [INF] Executed ViewResult - view Index executed in 3860.1126ms.
2026-07-13 20:19:37.672 +05:30 [INF] Executed action Portfolio_Management_System.Controllers.HomeController.Index (Portfolio Management System) in 5123.6072ms
2026-07-13 20:19:37.672 +05:30 [INF] Executed endpoint 'Portfolio_Management_System.Controllers.HomeController.Index (Portfolio Management System)'
2026-07-13 20:19:37.672 +05:30 [INF] Session started; Key:962dcb71-585d-75b0-3898-61e8891dd067, Id:7a338708-b5e5-efcc-bd88-3d429f6f7f03
2026-07-13 20:19:37.672 +05:30 [INF] HTTP GET / responded 200 in 5124.5885 ms
2026-07-13 20:19:37.672 +05:30 [INF] Request finished HTTP/1.1 GET http://localhost:5049/ - 200 null text/html; charset=utf-8 5124.7622ms
2026-07-13 20:19:37.673 +05:30 [INF] Request starting HTTP/1.1 GET http://localhost:5049/ - null null
2026-07-13 20:19:37.673 +05:30 [INF] Executing endpoint 'Portfolio_Management_System.Controllers.HomeController.Index (Portfolio Management System)'
2026-07-13 20:19:37.673 +05:30 [INF] Route matched with {action = "Index", controller = "Home"}. Executing controller action with signature System.Threading.Tasks.Task`1[Microsoft.AspNetCore.Mvc.IActionResult] Index() on controller Portfolio_Management_System.Controllers.HomeController (Portfolio Management System).
2026-07-13 20:19:38.923 +05:30 [INF] Executing ViewResult, running view Index.
2026-07-13 20:19:42.814 +05:30 [INF] Executed ViewResult - view Index executed in 3891.2102ms.
2026-07-13 20:19:42.815 +05:30 [INF] Executed action Portfolio_Management_System.Controllers.HomeController.Index (Portfolio Management System) in 5141.4071ms
2026-07-13 20:19:42.815 +05:30 [INF] Executed endpoint 'Portfolio_Management_System.Controllers.HomeController.Index (Portfolio Management System)'
2026-07-13 20:19:42.815 +05:30 [INF] Session started; Key:2f024f3b-bd6d-ac3f-db1e-009a9cf0df29, Id:e75fb640-3d31-208f-6147-f5ea0f03a2e9
2026-07-13 20:19:42.815 +05:30 [INF] HTTP GET / responded 200 in 5142.2415 ms
2026-07-13 20:19:42.815 +05:30 [INF] Request finished HTTP/1.1 GET http://localhost:5049/ - 200 null text/html; charset=utf-8 5142.4433ms
2026-07-13 20:19:42.816 +05:30 [INF] Request starting HTTP/1.1 GET http://localhost:5049/ - null null
2026-07-13 20:19:42.818 +05:30 [INF] Executing endpoint 'Portfolio_Management_System.Controllers.HomeController.Index (Portfolio Management System)'
2026-07-13 20:19:42.818 +05:30 [INF] Route matched with {action = "Index", controller = "Home"}. Executing controller action with signature System.Threading.Tasks.Task`1[Microsoft.AspNetCore.Mvc.IActionResult] Index() on controller Portfolio_Management_System.Controllers.HomeController (Portfolio Management System).
2026-07-13 20:19:44.286 +05:30 [INF] Executing ViewResult, running view Index.
2026-07-13 20:19:48.181 +05:30 [INF] Executed ViewResult - view Index executed in 3895.0629ms.
2026-07-13 20:19:48.181 +05:30 [INF] Executed action Portfolio_Management_System.Controllers.HomeController.Index (Portfolio Management System) in 5362.8609ms
2026-07-13 20:19:48.181 +05:30 [INF] Executed endpoint 'Portfolio_Management_System.Controllers.HomeController.Index (Portfolio Management System)'
2026-07-13 20:19:48.182 +05:30 [INF] HTTP GET / responded 200 in 5366.7445 ms
2026-07-13 20:19:48.183 +05:30 [INF] Request finished HTTP/1.1 GET http://localhost:5049/ - 200 null text/html; charset=utf-8 5367.4622ms
2026-07-13 20:22:53.765 +05:30 [INF] Request starting HTTP/1.1 GET http://localhost:5049/Admin/Login - null null
2026-07-13 20:22:53.766 +05:30 [INF] Executing endpoint 'Portfolio_Management_System.Controllers.AdminController.Login (Portfolio Management System)'
2026-07-13 20:22:53.766 +05:30 [INF] Route matched with {action = "Login", controller = "Admin"}. Executing controller action with signature Microsoft.AspNetCore.Mvc.IActionResult Login() on controller Portfolio_Management_System.Controllers.AdminController (Portfolio Management System).
2026-07-13 20:22:53.768 +05:30 [INF] Accessing expired session, Key:2f024f3b-bd6d-ac3f-db1e-009a9cf0df29
2026-07-13 20:22:54.081 +05:30 [INF] Executing ViewResult, running view Login.
2026-07-13 20:22:54.084 +05:30 [INF] Executed ViewResult - view Login executed in 2.5591ms.
2026-07-13 20:22:54.084 +05:30 [INF] Executed action Portfolio_Management_System.Controllers.AdminController.Login (Portfolio Management System) in 317.3297ms
2026-07-13 20:22:54.085 +05:30 [INF] Executed endpoint 'Portfolio_Management_System.Controllers.AdminController.Login (Portfolio Management System)'
2026-07-13 20:22:54.085 +05:30 [INF] Session started; Key:2f024f3b-bd6d-ac3f-db1e-009a9cf0df29, Id:aba7e1ef-ffe5-5d76-31d1-deb497e79e86
2026-07-13 20:22:54.085 +05:30 [INF] HTTP GET /Admin/Login responded 200 in 319.7156 ms
2026-07-13 20:22:54.085 +05:30 [INF] Request finished HTTP/1.1 GET http://localhost:5049/Admin/Login - 200 null text/html; charset=utf-8 320.2151ms
2026-07-13 20:22:54.187 +05:30 [INF] Request starting HTTP/1.1 GET http://localhost:5049/css/admin.css?v=639195709740831269 - null null
2026-07-13 20:22:54.222 +05:30 [INF] Sending file. Request path: '/css/admin.css'. Physical path: 'c:\Users\ak731\Desktop\DSA\Portfolio Management System\wwwroot\css\admin.css'
2026-07-13 20:22:54.222 +05:30 [INF] HTTP GET /css/admin.css responded 200 in 34.8733 ms
2026-07-13 20:22:54.223 +05:30 [INF] Request finished HTTP/1.1 GET http://localhost:5049/css/admin.css?v=639195709740831269 - 200 19965 text/css 35.553ms
2026-07-13 20:22:55.899 +05:30 [INF] Request starting HTTP/1.1 GET http://localhost:5049/sw.js - null null
2026-07-13 20:22:55.901 +05:30 [INF] The file /sw.js was not modified
2026-07-13 20:22:55.901 +05:30 [INF] HTTP GET /sw.js responded 304 in 1.9898 ms
2026-07-13 20:22:55.901 +05:30 [INF] Request finished HTTP/1.1 GET http://localhost:5049/sw.js - 304 null text/javascript 2.2528ms
2026-07-13 20:22:56.919 +05:30 [INF] Request starting HTTP/1.1 POST http://localhost:5049/Admin/Login - application/x-www-form-urlencoded 217
2026-07-13 20:22:56.920 +05:30 [INF] CORS policy execution successful.
2026-07-13 20:22:56.921 +05:30 [INF] Executing endpoint 'Portfolio_Management_System.Controllers.AdminController.Login (Portfolio Management System)'
2026-07-13 20:22:56.940 +05:30 [INF] Route matched with {action = "Login", controller = "Admin"}. Executing controller action with signature System.Threading.Tasks.Task`1[Microsoft.AspNetCore.Mvc.IActionResult] Login(Portfolio_Management_System.Models.AdminLoginModel) on controller Portfolio_Management_System.Controllers.AdminController (Portfolio Management System).
2026-07-13 20:22:57.131 +05:30 [INF] Executing RedirectResult, redirecting to /Admin/Dashboard.
2026-07-13 20:22:57.131 +05:30 [INF] Executed action Portfolio_Management_System.Controllers.AdminController.Login (Portfolio Management System) in 190.9656ms
2026-07-13 20:22:57.131 +05:30 [INF] Executed endpoint 'Portfolio_Management_System.Controllers.AdminController.Login (Portfolio Management System)'
2026-07-13 20:22:57.131 +05:30 [INF] HTTP POST /Admin/Login responded 302 in 212.4944 ms
2026-07-13 20:22:57.132 +05:30 [INF] Request finished HTTP/1.1 POST http://localhost:5049/Admin/Login - 302 0 null 213.3809ms
2026-07-13 20:22:57.147 +05:30 [INF] Request starting HTTP/1.1 GET http://localhost:5049/Admin/Dashboard - null null
2026-07-13 20:22:57.147 +05:30 [INF] Executing endpoint 'Portfolio_Management_System.Controllers.AdminController.Dashboard (Portfolio Management System)'
2026-07-13 20:22:57.147 +05:30 [INF] Route matched with {action = "Dashboard", controller = "Admin"}. Executing controller action with signature System.Threading.Tasks.Task`1[Microsoft.AspNetCore.Mvc.IActionResult] Dashboard() on controller Portfolio_Management_System.Controllers.AdminController (Portfolio Management System).
2026-07-13 20:22:58.553 +05:30 [ERR] Error getting recent messages
System.InvalidCastException: Unable to cast object of type 'System.Boolean' to type 'System.DateTime'.
   at Microsoft.Data.SqlClient.SqlDataReader.GetDateTime(Int32 i)
   at Portfolio_Management_System.DAL.DbHelper.GetRecentMessagesAsync(Int32 count) in c:\Users\ak731\Desktop\DSA\Portfolio Management System\DAL\DbHelper.cs:line 1441
2026-07-13 20:22:59.906 +05:30 [INF] Executing ViewResult, running view Dashboard.
2026-07-13 20:23:00.127 +05:30 [INF] Executed ViewResult - view Dashboard executed in 223.3801ms.
2026-07-13 20:23:00.127 +05:30 [INF] Executed action Portfolio_Management_System.Controllers.AdminController.Dashboard (Portfolio Management System) in 2979.7662ms
2026-07-13 20:23:00.128 +05:30 [INF] Executed endpoint 'Portfolio_Management_System.Controllers.AdminController.Dashboard (Portfolio Management System)'
2026-07-13 20:23:00.128 +05:30 [INF] HTTP GET /Admin/Dashboard responded 200 in 2981.3341 ms
2026-07-13 20:23:00.129 +05:30 [INF] Request finished HTTP/1.1 GET http://localhost:5049/Admin/Dashboard - 200 null text/html; charset=utf-8 2982.2121ms
2026-07-13 20:23:00.222 +05:30 [INF] Request starting HTTP/1.1 GET http://localhost:5049/css/admin.css?v=639195709800902669 - null null
2026-07-13 20:23:00.223 +05:30 [INF] Sending file. Request path: '/css/admin.css'. Physical path: 'c:\Users\ak731\Desktop\DSA\Portfolio Management System\wwwroot\css\admin.css'
2026-07-13 20:23:00.223 +05:30 [INF] HTTP GET /css/admin.css responded 200 in 0.9685 ms
2026-07-13 20:23:00.223 +05:30 [INF] Request finished HTTP/1.1 GET http://localhost:5049/css/admin.css?v=639195709800902669 - 200 19965 text/css 1.5223ms
2026-07-13 20:23:00.593 +05:30 [INF] Request starting HTTP/1.1 GET http://localhost:5049/Admin/GetUnreadMessagesCount - null null
2026-07-13 20:23:00.593 +05:30 [INF] Request starting HTTP/1.1 GET http://localhost:5049/Admin/GetRecentMessages - null null
2026-07-13 20:23:00.593 +05:30 [INF] Executing endpoint 'Portfolio_Management_System.Controllers.AdminController.GetUnreadMessagesCount (Portfolio Management System)'
2026-07-13 20:23:00.594 +05:30 [INF] Executing endpoint 'Portfolio_Management_System.Controllers.AdminController.GetRecentMessages (Portfolio Management System)'
2026-07-13 20:23:00.607 +05:30 [INF] Route matched with {action = "GetUnreadMessagesCount", controller = "Admin"}. Executing controller action with signature System.Threading.Tasks.Task`1[Microsoft.AspNetCore.Mvc.IActionResult] GetUnreadMessagesCount() on controller Portfolio_Management_System.Controllers.AdminController (Portfolio Management System).
2026-07-13 20:23:00.616 +05:30 [INF] Request starting HTTP/1.1 GET http://localhost:5049/Admin/GetExperienceDetails - null null
2026-07-13 20:23:00.617 +05:30 [INF] Executing endpoint 'Portfolio_Management_System.Controllers.AdminController.GetExperienceDetails (Portfolio Management System)'
2026-07-13 20:23:00.627 +05:30 [INF] Route matched with {action = "GetRecentMessages", controller = "Admin"}. Executing controller action with signature System.Threading.Tasks.Task`1[Microsoft.AspNetCore.Mvc.IActionResult] GetRecentMessages() on controller Portfolio_Management_System.Controllers.AdminController (Portfolio Management System).
2026-07-13 20:23:00.656 +05:30 [INF] Route matched with {action = "GetExperienceDetails", controller = "Admin"}. Executing controller action with signature System.Threading.Tasks.Task`1[Microsoft.AspNetCore.Mvc.IActionResult] GetExperienceDetails() on controller Portfolio_Management_System.Controllers.AdminController (Portfolio Management System).
2026-07-13 20:23:00.815 +05:30 [INF] Executing JsonResult, writing value of type 'System.Int32'.
2026-07-13 20:23:00.816 +05:30 [INF] Executing JsonResult, writing value of type 'System.Collections.Generic.List`1[[<>f__AnonymousType23`7[[System.Int32, System.Private.CoreLib, Version=9.0.0.0, Culture=neutral, PublicKeyToken=7cec85d7bea7798e],[System.String, System.Private.CoreLib, Version=9.0.0.0, Culture=neutral, PublicKeyToken=7cec85d7bea7798e],[System.String, System.Private.CoreLib, Version=9.0.0.0, Culture=neutral, PublicKeyToken=7cec85d7bea7798e],[System.String, System.Private.CoreLib, Version=9.0.0.0, Culture=neutral, PublicKeyToken=7cec85d7bea7798e],[System.String, System.Private.CoreLib, Version=9.0.0.0, Culture=neutral, PublicKeyToken=7cec85d7bea7798e],[System.Boolean, System.Private.CoreLib, Version=9.0.0.0, Culture=neutral, PublicKeyToken=7cec85d7bea7798e],[System.DateTime, System.Private.CoreLib, Version=9.0.0.0, Culture=neutral, PublicKeyToken=7cec85d7bea7798e]], Portfolio Management System, Version=1.0.0.0, Culture=neutral, PublicKeyToken=null]]'.
2026-07-13 20:23:00.826 +05:30 [INF] Executed action Portfolio_Management_System.Controllers.AdminController.GetUnreadMessagesCount (Portfolio Management System) in 218.2437ms
2026-07-13 20:23:00.833 +05:30 [INF] Executed endpoint 'Portfolio_Management_System.Controllers.AdminController.GetUnreadMessagesCount (Portfolio Management System)'
2026-07-13 20:23:00.842 +05:30 [INF] HTTP GET /Admin/GetUnreadMessagesCount responded 200 in 248.8959 ms
2026-07-13 20:23:00.842 +05:30 [INF] Request finished HTTP/1.1 GET http://localhost:5049/Admin/GetUnreadMessagesCount - 200 null application/json; charset=utf-8 249.5324ms
2026-07-13 20:23:00.920 +05:30 [INF] Executed action Portfolio_Management_System.Controllers.AdminController.GetRecentMessages (Portfolio Management System) in 292.3689ms
2026-07-13 20:23:00.920 +05:30 [INF] Executed endpoint 'Portfolio_Management_System.Controllers.AdminController.GetRecentMessages (Portfolio Management System)'
2026-07-13 20:23:00.920 +05:30 [INF] HTTP GET /Admin/GetRecentMessages responded 200 in 326.6269 ms
2026-07-13 20:23:00.920 +05:30 [INF] Request finished HTTP/1.1 GET http://localhost:5049/Admin/GetRecentMessages - 200 null application/json; charset=utf-8 326.8475ms
2026-07-13 20:23:01.591 +05:30 [INF] Executing JsonResult, writing value of type '<>f__AnonymousType20`10[[System.Boolean, System.Private.CoreLib, Version=9.0.0.0, Culture=neutral, PublicKeyToken=7cec85d7bea7798e],[System.Int32, System.Private.CoreLib, Version=9.0.0.0, Culture=neutral, PublicKeyToken=7cec85d7bea7798e],[System.String, System.Private.CoreLib, Version=9.0.0.0, Culture=neutral, PublicKeyToken=7cec85d7bea7798e],[System.String, System.Private.CoreLib, Version=9.0.0.0, Culture=neutral, PublicKeyToken=7cec85d7bea7798e],[System.String, System.Private.CoreLib, Version=9.0.0.0, Culture=neutral, PublicKeyToken=7cec85d7bea7798e],[System.Int32, System.Private.CoreLib, Version=9.0.0.0, Culture=neutral, PublicKeyToken=7cec85d7bea7798e],[System.Int32, System.Private.CoreLib, Version=9.0.0.0, Culture=neutral, PublicKeyToken=7cec85d7bea7798e],[System.Int32, System.Private.CoreLib, Version=9.0.0.0, Culture=neutral, PublicKeyToken=7cec85d7bea7798e],[System.Int32, System.Private.CoreLib, Version=9.0.0.0, Culture=neutral, PublicKeyToken=7cec85d7bea7798e],[System.Int32, System.Private.CoreLib, Version=9.0.0.0, Culture=neutral, PublicKeyToken=7cec85d7bea7798e]]'.
2026-07-13 20:23:01.597 +05:30 [INF] Executed action Portfolio_Management_System.Controllers.AdminController.GetExperienceDetails (Portfolio Management System) in 941.619ms
2026-07-13 20:23:01.598 +05:30 [INF] Executed endpoint 'Portfolio_Management_System.Controllers.AdminController.GetExperienceDetails (Portfolio Management System)'
2026-07-13 20:23:01.598 +05:30 [INF] HTTP GET /Admin/GetExperienceDetails responded 200 in 980.9760 ms
2026-07-13 20:23:01.598 +05:30 [INF] Request finished HTTP/1.1 GET http://localhost:5049/Admin/GetExperienceDetails - 200 null application/json; charset=utf-8 981.2886ms
2026-07-13 20:23:02.420 +05:30 [INF] Request starting HTTP/1.1 GET http://localhost:5049/sw.js - null null
2026-07-13 20:23:02.421 +05:30 [INF] The file /sw.js was not modified
2026-07-13 20:23:02.421 +05:30 [INF] HTTP GET /sw.js responded 304 in 0.5243 ms
2026-07-13 20:23:02.421 +05:30 [INF] Request finished HTTP/1.1 GET http://localhost:5049/sw.js - 304 null text/javascript 0.7333ms
2026-07-13 20:23:29.523 +05:30 [INF] Request starting HTTP/1.1 GET http://localhost:5049/Admin/Profile - null null
2026-07-13 20:23:29.523 +05:30 [INF] Executing endpoint 'Portfolio_Management_System.Controllers.AdminController.Profile (Portfolio Management System)'
2026-07-13 20:23:29.537 +05:30 [INF] Route matched with {action = "Profile", controller = "Admin"}. Executing controller action with signature System.Threading.Tasks.Task`1[Microsoft.AspNetCore.Mvc.IActionResult] Profile() on controller Portfolio_Management_System.Controllers.AdminController (Portfolio Management System).
2026-07-13 20:23:30.014 +05:30 [INF] Executing ViewResult, running view Profile.
2026-07-13 20:23:30.229 +05:30 [INF] Executed ViewResult - view Profile executed in 216.8196ms.
2026-07-13 20:23:30.229 +05:30 [INF] Executed action Portfolio_Management_System.Controllers.AdminController.Profile (Portfolio Management System) in 691.9154ms
2026-07-13 20:23:30.229 +05:30 [INF] Executed endpoint 'Portfolio_Management_System.Controllers.AdminController.Profile (Portfolio Management System)'
2026-07-13 20:23:30.229 +05:30 [INF] HTTP GET /Admin/Profile responded 200 in 706.2525 ms
2026-07-13 20:23:30.229 +05:30 [INF] Request finished HTTP/1.1 GET http://localhost:5049/Admin/Profile - 200 null text/html; charset=utf-8 706.4885ms
2026-07-13 20:23:30.295 +05:30 [INF] Request starting HTTP/1.1 GET http://localhost:5049/css/admin.css?v=639195710102165533 - null null
2026-07-13 20:23:30.296 +05:30 [INF] Sending file. Request path: '/css/admin.css'. Physical path: 'c:\Users\ak731\Desktop\DSA\Portfolio Management System\wwwroot\css\admin.css'
2026-07-13 20:23:30.296 +05:30 [INF] HTTP GET /css/admin.css responded 200 in 1.0014 ms
2026-07-13 20:23:30.304 +05:30 [INF] Request finished HTTP/1.1 GET http://localhost:5049/css/admin.css?v=639195710102165533 - 200 19965 text/css 9.1397ms
2026-07-13 20:23:30.305 +05:30 [INF] Request starting HTTP/1.1 GET http://localhost:5049/lib/jquery-validation/dist/jquery.validate.min.js - null null
2026-07-13 20:23:30.305 +05:30 [INF] Request starting HTTP/1.1 GET http://localhost:5049/lib/jquery-validation-unobtrusive/dist/jquery.validate.unobtrusive.min.js - null null
2026-07-13 20:23:30.333 +05:30 [INF] Sending file. Request path: '/lib/jquery-validation-unobtrusive/dist/jquery.validate.unobtrusive.min.js'. Physical path: 'c:\Users\ak731\Desktop\DSA\Portfolio Management System\wwwroot\lib\jquery-validation-unobtrusive\dist\jquery.validate.unobtrusive.min.js'
2026-07-13 20:23:30.333 +05:30 [INF] HTTP GET /lib/jquery-validation-unobtrusive/dist/jquery.validate.unobtrusive.min.js responded 200 in 27.7073 ms
2026-07-13 20:23:30.333 +05:30 [INF] Request finished HTTP/1.1 GET http://localhost:5049/lib/jquery-validation-unobtrusive/dist/jquery.validate.unobtrusive.min.js - 200 5824 text/javascript 27.8597ms
2026-07-13 20:23:30.524 +05:30 [INF] Sending file. Request path: '/lib/jquery-validation/dist/jquery.validate.min.js'. Physical path: 'c:\Users\ak731\Desktop\DSA\Portfolio Management System\wwwroot\lib\jquery-validation\dist\jquery.validate.min.js'
2026-07-13 20:23:30.524 +05:30 [INF] HTTP GET /lib/jquery-validation/dist/jquery.validate.min.js responded 200 in 219.0850 ms
2026-07-13 20:23:30.524 +05:30 [INF] Request finished HTTP/1.1 GET http://localhost:5049/lib/jquery-validation/dist/jquery.validate.min.js - 200 25308 text/javascript 219.2576ms
2026-07-13 20:23:30.591 +05:30 [INF] Request starting HTTP/1.1 GET http://localhost:5049/Admin/GetUnreadMessagesCount - null null
2026-07-13 20:23:30.591 +05:30 [INF] Executing endpoint 'Portfolio_Management_System.Controllers.AdminController.GetUnreadMessagesCount (Portfolio Management System)'
2026-07-13 20:23:30.591 +05:30 [INF] Route matched with {action = "GetUnreadMessagesCount", controller = "Admin"}. Executing controller action with signature System.Threading.Tasks.Task`1[Microsoft.AspNetCore.Mvc.IActionResult] GetUnreadMessagesCount() on controller Portfolio_Management_System.Controllers.AdminController (Portfolio Management System).
2026-07-13 20:23:30.594 +05:30 [INF] Request starting HTTP/1.1 GET http://localhost:5049/Admin/GetRecentMessages - null null
2026-07-13 20:23:30.599 +05:30 [INF] Executing endpoint 'Portfolio_Management_System.Controllers.AdminController.GetRecentMessages (Portfolio Management System)'
2026-07-13 20:23:30.599 +05:30 [INF] Route matched with {action = "GetRecentMessages", controller = "Admin"}. Executing controller action with signature System.Threading.Tasks.Task`1[Microsoft.AspNetCore.Mvc.IActionResult] GetRecentMessages() on controller Portfolio_Management_System.Controllers.AdminController (Portfolio Management System).
2026-07-13 20:23:30.746 +05:30 [INF] Executing JsonResult, writing value of type 'System.Int32'.
2026-07-13 20:23:30.747 +05:30 [INF] Executed action Portfolio_Management_System.Controllers.AdminController.GetUnreadMessagesCount (Portfolio Management System) in 155.2439ms
2026-07-13 20:23:30.747 +05:30 [INF] Executed endpoint 'Portfolio_Management_System.Controllers.AdminController.GetUnreadMessagesCount (Portfolio Management System)'
2026-07-13 20:23:30.747 +05:30 [INF] HTTP GET /Admin/GetUnreadMessagesCount responded 200 in 156.4684 ms
2026-07-13 20:23:30.747 +05:30 [INF] Request finished HTTP/1.1 GET http://localhost:5049/Admin/GetUnreadMessagesCount - 200 null application/json; charset=utf-8 156.6742ms
2026-07-13 20:23:30.755 +05:30 [INF] Executing JsonResult, writing value of type 'System.Collections.Generic.List`1[[<>f__AnonymousType23`7[[System.Int32, System.Private.CoreLib, Version=9.0.0.0, Culture=neutral, PublicKeyToken=7cec85d7bea7798e],[System.String, System.Private.CoreLib, Version=9.0.0.0, Culture=neutral, PublicKeyToken=7cec85d7bea7798e],[System.String, System.Private.CoreLib, Version=9.0.0.0, Culture=neutral, PublicKeyToken=7cec85d7bea7798e],[System.String, System.Private.CoreLib, Version=9.0.0.0, Culture=neutral, PublicKeyToken=7cec85d7bea7798e],[System.String, System.Private.CoreLib, Version=9.0.0.0, Culture=neutral, PublicKeyToken=7cec85d7bea7798e],[System.Boolean, System.Private.CoreLib, Version=9.0.0.0, Culture=neutral, PublicKeyToken=7cec85d7bea7798e],[System.DateTime, System.Private.CoreLib, Version=9.0.0.0, Culture=neutral, PublicKeyToken=7cec85d7bea7798e]], Portfolio Management System, Version=1.0.0.0, Culture=neutral, PublicKeyToken=null]]'.
2026-07-13 20:23:30.755 +05:30 [INF] Executed action Portfolio_Management_System.Controllers.AdminController.GetRecentMessages (Portfolio Management System) in 155.9425ms
2026-07-13 20:23:30.755 +05:30 [INF] Executed endpoint 'Portfolio_Management_System.Controllers.AdminController.GetRecentMessages (Portfolio Management System)'
2026-07-13 20:23:30.755 +05:30 [INF] HTTP GET /Admin/GetRecentMessages responded 200 in 160.8632 ms
2026-07-13 20:23:30.755 +05:30 [INF] Request finished HTTP/1.1 GET http://localhost:5049/Admin/GetRecentMessages - 200 null application/json; charset=utf-8 161.0366ms
2026-07-13 20:23:32.101 +05:30 [INF] Request starting HTTP/1.1 GET http://localhost:5049/sw.js - null null
2026-07-13 20:23:32.101 +05:30 [INF] The file /sw.js was not modified
2026-07-13 20:23:32.102 +05:30 [INF] HTTP GET /sw.js responded 304 in 0.6377 ms
2026-07-13 20:23:32.102 +05:30 [INF] Request finished HTTP/1.1 GET http://localhost:5049/sw.js - 304 null text/javascript 0.9491ms
2026-07-13 20:23:35.226 +05:30 [INF] Request starting HTTP/1.1 GET http://localhost:5049/uploads/resumes/deb7faec-a12e-4420-97ee-a071600d510f.pdf - null null
2026-07-13 20:23:35.246 +05:30 [INF] Sending file. Request path: '/uploads/resumes/deb7faec-a12e-4420-97ee-a071600d510f.pdf'. Physical path: 'c:\Users\ak731\Desktop\DSA\Portfolio Management System\wwwroot\uploads\resumes\deb7faec-a12e-4420-97ee-a071600d510f.pdf'
2026-07-13 20:23:35.246 +05:30 [INF] HTTP GET /uploads/resumes/deb7faec-a12e-4420-97ee-a071600d510f.pdf responded 200 in 19.1607 ms
2026-07-13 20:23:35.246 +05:30 [INF] Request finished HTTP/1.1 GET http://localhost:5049/uploads/resumes/deb7faec-a12e-4420-97ee-a071600d510f.pdf - 200 169284 application/pdf 19.5811ms
2026-07-13 20:23:36.919 +05:30 [INF] Request starting HTTP/1.1 GET http://localhost:5049/sw.js - null null
2026-07-13 20:23:36.919 +05:30 [INF] The file /sw.js was not modified
2026-07-13 20:23:36.919 +05:30 [INF] HTTP GET /sw.js responded 304 in 0.4425 ms
2026-07-13 20:23:36.919 +05:30 [INF] Request finished HTTP/1.1 GET http://localhost:5049/sw.js - 304 null text/javascript 0.6773ms
2026-07-13 20:23:41.577 +05:30 [INF] Request starting HTTP/1.1 GET http://localhost:5049/Admin/Skills - null null
2026-07-13 20:23:41.578 +05:30 [INF] Executing endpoint 'Portfolio_Management_System.Controllers.AdminController.Skills (Portfolio Management System)'
2026-07-13 20:23:41.594 +05:30 [INF] Route matched with {action = "Skills", controller = "Admin"}. Executing controller action with signature System.Threading.Tasks.Task`1[Microsoft.AspNetCore.Mvc.IActionResult] Skills() on controller Portfolio_Management_System.Controllers.AdminController (Portfolio Management System).
2026-07-13 20:23:42.071 +05:30 [INF] Executing ViewResult, running view Skills.
2026-07-13 20:23:42.239 +05:30 [INF] Executed ViewResult - view Skills executed in 170.0721ms.
2026-07-13 20:23:42.239 +05:30 [INF] Executed action Portfolio_Management_System.Controllers.AdminController.Skills (Portfolio Management System) in 644.959ms
2026-07-13 20:23:42.239 +05:30 [INF] Executed endpoint 'Portfolio_Management_System.Controllers.AdminController.Skills (Portfolio Management System)'
2026-07-13 20:23:42.239 +05:30 [INF] HTTP GET /Admin/Skills responded 200 in 661.6285 ms
2026-07-13 20:23:42.239 +05:30 [INF] Request finished HTTP/1.1 GET http://localhost:5049/Admin/Skills - 200 null text/html; charset=utf-8 661.9043ms
2026-07-13 20:23:42.315 +05:30 [INF] Request starting HTTP/1.1 GET http://localhost:5049/css/admin.css?v=639195710222364239 - null null
2026-07-13 20:23:42.321 +05:30 [INF] Sending file. Request path: '/css/admin.css'. Physical path: 'c:\Users\ak731\Desktop\DSA\Portfolio Management System\wwwroot\css\admin.css'
2026-07-13 20:23:42.321 +05:30 [INF] HTTP GET /css/admin.css responded 200 in 6.0357 ms
2026-07-13 20:23:42.321 +05:30 [INF] Request finished HTTP/1.1 GET http://localhost:5049/css/admin.css?v=639195710222364239 - 200 19965 text/css 6.2549ms
2026-07-13 20:23:42.416 +05:30 [INF] Request starting HTTP/1.1 GET http://localhost:5049/Admin/GetUnreadMessagesCount - null null
2026-07-13 20:23:42.417 +05:30 [INF] Executing endpoint 'Portfolio_Management_System.Controllers.AdminController.GetUnreadMessagesCount (Portfolio Management System)'
2026-07-13 20:23:42.417 +05:30 [INF] Route matched with {action = "GetUnreadMessagesCount", controller = "Admin"}. Executing controller action with signature System.Threading.Tasks.Task`1[Microsoft.AspNetCore.Mvc.IActionResult] GetUnreadMessagesCount() on controller Portfolio_Management_System.Controllers.AdminController (Portfolio Management System).
2026-07-13 20:23:42.440 +05:30 [INF] Request starting HTTP/1.1 GET http://localhost:5049/Admin/GetRecentMessages - null null
2026-07-13 20:23:42.448 +05:30 [INF] Executing endpoint 'Portfolio_Management_System.Controllers.AdminController.GetRecentMessages (Portfolio Management System)'
2026-07-13 20:23:42.450 +05:30 [INF] Route matched with {action = "GetRecentMessages", controller = "Admin"}. Executing controller action with signature System.Threading.Tasks.Task`1[Microsoft.AspNetCore.Mvc.IActionResult] GetRecentMessages() on controller Portfolio_Management_System.Controllers.AdminController (Portfolio Management System).
2026-07-13 20:23:42.573 +05:30 [INF] Executing JsonResult, writing value of type 'System.Int32'.
2026-07-13 20:23:42.573 +05:30 [INF] Executed action Portfolio_Management_System.Controllers.AdminController.GetUnreadMessagesCount (Portfolio Management System) in 156.0971ms
2026-07-13 20:23:42.574 +05:30 [INF] Executed endpoint 'Portfolio_Management_System.Controllers.AdminController.GetUnreadMessagesCount (Portfolio Management System)'
2026-07-13 20:23:42.574 +05:30 [INF] HTTP GET /Admin/GetUnreadMessagesCount responded 200 in 157.1380 ms
2026-07-13 20:23:42.574 +05:30 [INF] Request finished HTTP/1.1 GET http://localhost:5049/Admin/GetUnreadMessagesCount - 200 null application/json; charset=utf-8 157.3341ms
2026-07-13 20:23:42.606 +05:30 [INF] Executing JsonResult, writing value of type 'System.Collections.Generic.List`1[[<>f__AnonymousType23`7[[System.Int32, System.Private.CoreLib, Version=9.0.0.0, Culture=neutral, PublicKeyToken=7cec85d7bea7798e],[System.String, System.Private.CoreLib, Version=9.0.0.0, Culture=neutral, PublicKeyToken=7cec85d7bea7798e],[System.String, System.Private.CoreLib, Version=9.0.0.0, Culture=neutral, PublicKeyToken=7cec85d7bea7798e],[System.String, System.Private.CoreLib, Version=9.0.0.0, Culture=neutral, PublicKeyToken=7cec85d7bea7798e],[System.String, System.Private.CoreLib, Version=9.0.0.0, Culture=neutral, PublicKeyToken=7cec85d7bea7798e],[System.Boolean, System.Private.CoreLib, Version=9.0.0.0, Culture=neutral, PublicKeyToken=7cec85d7bea7798e],[System.DateTime, System.Private.CoreLib, Version=9.0.0.0, Culture=neutral, PublicKeyToken=7cec85d7bea7798e]], Portfolio Management System, Version=1.0.0.0, Culture=neutral, PublicKeyToken=null]]'.
2026-07-13 20:23:42.606 +05:30 [INF] Executed action Portfolio_Management_System.Controllers.AdminController.GetRecentMessages (Portfolio Management System) in 156.2938ms
2026-07-13 20:23:42.607 +05:30 [INF] Executed endpoint 'Portfolio_Management_System.Controllers.AdminController.GetRecentMessages (Portfolio Management System)'
2026-07-13 20:23:42.607 +05:30 [INF] HTTP GET /Admin/GetRecentMessages responded 200 in 166.0891 ms
2026-07-13 20:23:42.607 +05:30 [INF] Request finished HTTP/1.1 GET http://localhost:5049/Admin/GetRecentMessages - 200 null application/json; charset=utf-8 166.5494ms
2026-07-13 20:23:43.645 +05:30 [INF] Request starting HTTP/1.1 GET http://localhost:5049/Admin/Skills - null null
2026-07-13 20:23:43.646 +05:30 [INF] Executing endpoint 'Portfolio_Management_System.Controllers.AdminController.Skills (Portfolio Management System)'
2026-07-13 20:23:43.646 +05:30 [INF] Route matched with {action = "Skills", controller = "Admin"}. Executing controller action with signature System.Threading.Tasks.Task`1[Microsoft.AspNetCore.Mvc.IActionResult] Skills() on controller Portfolio_Management_System.Controllers.AdminController (Portfolio Management System).
2026-07-13 20:23:43.970 +05:30 [INF] Request starting HTTP/1.1 GET http://localhost:5049/sw.js - null null
2026-07-13 20:23:43.971 +05:30 [INF] The file /sw.js was not modified
2026-07-13 20:23:43.971 +05:30 [INF] HTTP GET /sw.js responded 304 in 0.6857 ms
2026-07-13 20:23:43.971 +05:30 [INF] Request finished HTTP/1.1 GET http://localhost:5049/sw.js - 304 null text/javascript 1.1357ms
2026-07-13 20:23:44.129 +05:30 [INF] Executing ViewResult, running view Skills.
2026-07-13 20:23:44.287 +05:30 [INF] Executed ViewResult - view Skills executed in 158.132ms.
2026-07-13 20:23:44.287 +05:30 [INF] Executed action Portfolio_Management_System.Controllers.AdminController.Skills (Portfolio Management System) in 640.4374ms
2026-07-13 20:23:44.287 +05:30 [INF] Executed endpoint 'Portfolio_Management_System.Controllers.AdminController.Skills (Portfolio Management System)'
2026-07-13 20:23:44.287 +05:30 [INF] HTTP GET /Admin/Skills responded 200 in 641.9805 ms
2026-07-13 20:23:44.287 +05:30 [INF] Request finished HTTP/1.1 GET http://localhost:5049/Admin/Skills - 200 null text/html; charset=utf-8 642.5259ms
2026-07-13 20:23:44.395 +05:30 [INF] Request starting HTTP/1.1 GET http://localhost:5049/css/admin.css?v=639195710242864337 - null null
2026-07-13 20:23:44.397 +05:30 [INF] Sending file. Request path: '/css/admin.css'. Physical path: 'c:\Users\ak731\Desktop\DSA\Portfolio Management System\wwwroot\css\admin.css'
2026-07-13 20:23:44.397 +05:30 [INF] HTTP GET /css/admin.css responded 200 in 2.0128 ms
2026-07-13 20:23:44.398 +05:30 [INF] Request finished HTTP/1.1 GET http://localhost:5049/css/admin.css?v=639195710242864337 - 200 19965 text/css 2.3346ms
2026-07-13 20:23:44.488 +05:30 [INF] Request starting HTTP/1.1 GET http://localhost:5049/Admin/GetUnreadMessagesCount - null null
2026-07-13 20:23:44.489 +05:30 [INF] Executing endpoint 'Portfolio_Management_System.Controllers.AdminController.GetUnreadMessagesCount (Portfolio Management System)'
2026-07-13 20:23:44.489 +05:30 [INF] Request starting HTTP/1.1 GET http://localhost:5049/Admin/GetRecentMessages - null null
2026-07-13 20:23:44.490 +05:30 [INF] Executing endpoint 'Portfolio_Management_System.Controllers.AdminController.GetRecentMessages (Portfolio Management System)'
2026-07-13 20:23:44.490 +05:30 [INF] Route matched with {action = "GetRecentMessages", controller = "Admin"}. Executing controller action with signature System.Threading.Tasks.Task`1[Microsoft.AspNetCore.Mvc.IActionResult] GetRecentMessages() on controller Portfolio_Management_System.Controllers.AdminController (Portfolio Management System).
2026-07-13 20:23:44.490 +05:30 [INF] Route matched with {action = "GetUnreadMessagesCount", controller = "Admin"}. Executing controller action with signature System.Threading.Tasks.Task`1[Microsoft.AspNetCore.Mvc.IActionResult] GetUnreadMessagesCount() on controller Portfolio_Management_System.Controllers.AdminController (Portfolio Management System).
2026-07-13 20:23:44.645 +05:30 [INF] Executing JsonResult, writing value of type 'System.Int32'.
2026-07-13 20:23:44.646 +05:30 [INF] Executed action Portfolio_Management_System.Controllers.AdminController.GetUnreadMessagesCount (Portfolio Management System) in 155.9095ms
2026-07-13 20:23:44.646 +05:30 [INF] Executed endpoint 'Portfolio_Management_System.Controllers.AdminController.GetUnreadMessagesCount (Portfolio Management System)'
2026-07-13 20:23:44.646 +05:30 [INF] HTTP GET /Admin/GetUnreadMessagesCount responded 200 in 156.9481 ms
2026-07-13 20:23:44.646 +05:30 [INF] Request finished HTTP/1.1 GET http://localhost:5049/Admin/GetUnreadMessagesCount - 200 null application/json; charset=utf-8 157.7822ms
2026-07-13 20:23:44.646 +05:30 [INF] Executing JsonResult, writing value of type 'System.Collections.Generic.List`1[[<>f__AnonymousType23`7[[System.Int32, System.Private.CoreLib, Version=9.0.0.0, Culture=neutral, PublicKeyToken=7cec85d7bea7798e],[System.String, System.Private.CoreLib, Version=9.0.0.0, Culture=neutral, PublicKeyToken=7cec85d7bea7798e],[System.String, System.Private.CoreLib, Version=9.0.0.0, Culture=neutral, PublicKeyToken=7cec85d7bea7798e],[System.String, System.Private.CoreLib, Version=9.0.0.0, Culture=neutral, PublicKeyToken=7cec85d7bea7798e],[System.String, System.Private.CoreLib, Version=9.0.0.0, Culture=neutral, PublicKeyToken=7cec85d7bea7798e],[System.Boolean, System.Private.CoreLib, Version=9.0.0.0, Culture=neutral, PublicKeyToken=7cec85d7bea7798e],[System.DateTime, System.Private.CoreLib, Version=9.0.0.0, Culture=neutral, PublicKeyToken=7cec85d7bea7798e]], Portfolio Management System, Version=1.0.0.0, Culture=neutral, PublicKeyToken=null]]'.
2026-07-13 20:23:44.646 +05:30 [INF] Executed action Portfolio_Management_System.Controllers.AdminController.GetRecentMessages (Portfolio Management System) in 156.5404ms
2026-07-13 20:23:44.646 +05:30 [INF] Executed endpoint 'Portfolio_Management_System.Controllers.AdminController.GetRecentMessages (Portfolio Management System)'
2026-07-13 20:23:44.646 +05:30 [INF] HTTP GET /Admin/GetRecentMessages responded 200 in 156.9923 ms
2026-07-13 20:23:44.646 +05:30 [INF] Request finished HTTP/1.1 GET http://localhost:5049/Admin/GetRecentMessages - 200 null application/json; charset=utf-8 157.1037ms
2026-07-13 20:23:46.012 +05:30 [INF] Request starting HTTP/1.1 GET http://localhost:5049/sw.js - null null
2026-07-13 20:23:46.012 +05:30 [INF] The file /sw.js was not modified
2026-07-13 20:23:46.012 +05:30 [INF] HTTP GET /sw.js responded 304 in 0.3380 ms
2026-07-13 20:23:46.012 +05:30 [INF] Request finished HTTP/1.1 GET http://localhost:5049/sw.js - 304 null text/javascript 0.5152ms
2026-07-13 20:23:47.514 +05:30 [INF] Request starting HTTP/1.1 GET http://localhost:5049/Admin/Projects - null null
2026-07-13 20:23:47.514 +05:30 [INF] Executing endpoint 'Portfolio_Management_System.Controllers.AdminController.Projects (Portfolio Management System)'
2026-07-13 20:23:47.527 +05:30 [INF] Route matched with {action = "Projects", controller = "Admin"}. Executing controller action with signature System.Threading.Tasks.Task`1[Microsoft.AspNetCore.Mvc.IActionResult] Projects() on controller Portfolio_Management_System.Controllers.AdminController (Portfolio Management System).
2026-07-13 20:23:47.996 +05:30 [INF] Executing ViewResult, running view Projects.
2026-07-13 20:23:48.164 +05:30 [INF] Executed ViewResult - view Projects executed in 169.4042ms.
2026-07-13 20:23:48.164 +05:30 [INF] Executed action Portfolio_Management_System.Controllers.AdminController.Projects (Portfolio Management System) in 637.0418ms
2026-07-13 20:23:48.165 +05:30 [INF] Executed endpoint 'Portfolio_Management_System.Controllers.AdminController.Projects (Portfolio Management System)'
2026-07-13 20:23:48.165 +05:30 [INF] HTTP GET /Admin/Projects responded 200 in 650.9161 ms
2026-07-13 20:23:48.165 +05:30 [INF] Request finished HTTP/1.1 GET http://localhost:5049/Admin/Projects - 200 null text/html; charset=utf-8 651.1314ms
2026-07-13 20:23:48.228 +05:30 [INF] Request starting HTTP/1.1 GET http://localhost:5049/css/admin.css?v=639195710281639342 - null null
2026-07-13 20:23:48.231 +05:30 [INF] Sending file. Request path: '/css/admin.css'. Physical path: 'c:\Users\ak731\Desktop\DSA\Portfolio Management System\wwwroot\css\admin.css'
2026-07-13 20:23:48.231 +05:30 [INF] HTTP GET /css/admin.css responded 200 in 3.2438 ms
2026-07-13 20:23:48.231 +05:30 [INF] Request finished HTTP/1.1 GET http://localhost:5049/css/admin.css?v=639195710281639342 - 200 19965 text/css 3.5567ms
2026-07-13 20:23:48.322 +05:30 [INF] Request starting HTTP/1.1 GET http://localhost:5049/Admin/GetUnreadMessagesCount - null null
2026-07-13 20:23:48.322 +05:30 [INF] Executing endpoint 'Portfolio_Management_System.Controllers.AdminController.GetUnreadMessagesCount (Portfolio Management System)'
2026-07-13 20:23:48.322 +05:30 [INF] Route matched with {action = "GetUnreadMessagesCount", controller = "Admin"}. Executing controller action with signature System.Threading.Tasks.Task`1[Microsoft.AspNetCore.Mvc.IActionResult] GetUnreadMessagesCount() on controller Portfolio_Management_System.Controllers.AdminController (Portfolio Management System).
2026-07-13 20:23:48.328 +05:30 [INF] Request starting HTTP/1.1 GET http://localhost:5049/Admin/GetRecentMessages - null null
2026-07-13 20:23:48.329 +05:30 [INF] Executing endpoint 'Portfolio_Management_System.Controllers.AdminController.GetRecentMessages (Portfolio Management System)'
2026-07-13 20:23:48.329 +05:30 [INF] Route matched with {action = "GetRecentMessages", controller = "Admin"}. Executing controller action with signature System.Threading.Tasks.Task`1[Microsoft.AspNetCore.Mvc.IActionResult] GetRecentMessages() on controller Portfolio_Management_System.Controllers.AdminController (Portfolio Management System).
2026-07-13 20:23:48.479 +05:30 [INF] Executing JsonResult, writing value of type 'System.Int32'.
2026-07-13 20:23:48.479 +05:30 [INF] Executed action Portfolio_Management_System.Controllers.AdminController.GetUnreadMessagesCount (Portfolio Management System) in 156.6551ms
2026-07-13 20:23:48.479 +05:30 [INF] Executed endpoint 'Portfolio_Management_System.Controllers.AdminController.GetUnreadMessagesCount (Portfolio Management System)'
2026-07-13 20:23:48.479 +05:30 [INF] HTTP GET /Admin/GetUnreadMessagesCount responded 200 in 157.1899 ms
2026-07-13 20:23:48.480 +05:30 [INF] Request finished HTTP/1.1 GET http://localhost:5049/Admin/GetUnreadMessagesCount - 200 null application/json; charset=utf-8 157.7602ms
2026-07-13 20:23:48.484 +05:30 [INF] Executing JsonResult, writing value of type 'System.Collections.Generic.List`1[[<>f__AnonymousType23`7[[System.Int32, System.Private.CoreLib, Version=9.0.0.0, Culture=neutral, PublicKeyToken=7cec85d7bea7798e],[System.String, System.Private.CoreLib, Version=9.0.0.0, Culture=neutral, PublicKeyToken=7cec85d7bea7798e],[System.String, System.Private.CoreLib, Version=9.0.0.0, Culture=neutral, PublicKeyToken=7cec85d7bea7798e],[System.String, System.Private.CoreLib, Version=9.0.0.0, Culture=neutral, PublicKeyToken=7cec85d7bea7798e],[System.String, System.Private.CoreLib, Version=9.0.0.0, Culture=neutral, PublicKeyToken=7cec85d7bea7798e],[System.Boolean, System.Private.CoreLib, Version=9.0.0.0, Culture=neutral, PublicKeyToken=7cec85d7bea7798e],[System.DateTime, System.Private.CoreLib, Version=9.0.0.0, Culture=neutral, PublicKeyToken=7cec85d7bea7798e]], Portfolio Management System, Version=1.0.0.0, Culture=neutral, PublicKeyToken=null]]'.
2026-07-13 20:23:48.485 +05:30 [INF] Executed action Portfolio_Management_System.Controllers.AdminController.GetRecentMessages (Portfolio Management System) in 155.4306ms
2026-07-13 20:23:48.485 +05:30 [INF] Executed endpoint 'Portfolio_Management_System.Controllers.AdminController.GetRecentMessages (Portfolio Management System)'
2026-07-13 20:23:48.485 +05:30 [INF] HTTP GET /Admin/GetRecentMessages responded 200 in 156.6889 ms
2026-07-13 20:23:48.485 +05:30 [INF] Request finished HTTP/1.1 GET http://localhost:5049/Admin/GetRecentMessages - 200 null application/json; charset=utf-8 156.8456ms
2026-07-13 20:23:49.921 +05:30 [INF] Request starting HTTP/1.1 GET http://localhost:5049/sw.js - null null
2026-07-13 20:23:49.921 +05:30 [INF] The file /sw.js was not modified
2026-07-13 20:23:49.921 +05:30 [INF] HTTP GET /sw.js responded 304 in 0.4554 ms
2026-07-13 20:23:49.922 +05:30 [INF] Request finished HTTP/1.1 GET http://localhost:5049/sw.js - 304 null text/javascript 0.8318ms
2026-07-13 20:23:51.982 +05:30 [INF] Request starting HTTP/1.1 GET http://localhost:5049/Admin/Experience - null null
2026-07-13 20:23:51.983 +05:30 [INF] Executing endpoint 'Portfolio_Management_System.Controllers.AdminController.Experience (Portfolio Management System)'
2026-07-13 20:23:51.995 +05:30 [INF] Route matched with {action = "Experience", controller = "Admin"}. Executing controller action with signature System.Threading.Tasks.Task`1[Microsoft.AspNetCore.Mvc.IActionResult] Experience() on controller Portfolio_Management_System.Controllers.AdminController (Portfolio Management System).
2026-07-13 20:23:52.469 +05:30 [INF] Executing ViewResult, running view Experience.
2026-07-13 20:23:52.633 +05:30 [INF] Executed ViewResult - view Experience executed in 165.3951ms.
2026-07-13 20:23:52.634 +05:30 [INF] Executed action Portfolio_Management_System.Controllers.AdminController.Experience (Portfolio Management System) in 638.3331ms
2026-07-13 20:23:52.634 +05:30 [INF] Executed endpoint 'Portfolio_Management_System.Controllers.AdminController.Experience (Portfolio Management System)'
2026-07-13 20:23:52.634 +05:30 [INF] HTTP GET /Admin/Experience responded 200 in 651.4062 ms
2026-07-13 20:23:52.634 +05:30 [INF] Request finished HTTP/1.1 GET http://localhost:5049/Admin/Experience - 200 null text/html; charset=utf-8 651.6031ms
2026-07-13 20:23:52.692 +05:30 [INF] Request starting HTTP/1.1 GET http://localhost:5049/css/admin.css?v=639195710326329128 - null null
2026-07-13 20:23:52.695 +05:30 [INF] Sending file. Request path: '/css/admin.css'. Physical path: 'c:\Users\ak731\Desktop\DSA\Portfolio Management System\wwwroot\css\admin.css'
2026-07-13 20:23:52.695 +05:30 [INF] HTTP GET /css/admin.css responded 200 in 2.4820 ms
2026-07-13 20:23:52.695 +05:30 [INF] Request finished HTTP/1.1 GET http://localhost:5049/css/admin.css?v=639195710326329128 - 200 19965 text/css 2.6981ms
2026-07-13 20:23:52.792 +05:30 [INF] Request starting HTTP/1.1 GET http://localhost:5049/Admin/GetUnreadMessagesCount - null null
2026-07-13 20:23:52.793 +05:30 [INF] Executing endpoint 'Portfolio_Management_System.Controllers.AdminController.GetUnreadMessagesCount (Portfolio Management System)'
2026-07-13 20:23:52.793 +05:30 [INF] Route matched with {action = "GetUnreadMessagesCount", controller = "Admin"}. Executing controller action with signature System.Threading.Tasks.Task`1[Microsoft.AspNetCore.Mvc.IActionResult] GetUnreadMessagesCount() on controller Portfolio_Management_System.Controllers.AdminController (Portfolio Management System).
2026-07-13 20:23:52.796 +05:30 [INF] Request starting HTTP/1.1 GET http://localhost:5049/Admin/GetRecentMessages - null null
2026-07-13 20:23:52.801 +05:30 [INF] Executing endpoint 'Portfolio_Management_System.Controllers.AdminController.GetRecentMessages (Portfolio Management System)'
2026-07-13 20:23:52.802 +05:30 [INF] Route matched with {action = "GetRecentMessages", controller = "Admin"}. Executing controller action with signature System.Threading.Tasks.Task`1[Microsoft.AspNetCore.Mvc.IActionResult] GetRecentMessages() on controller Portfolio_Management_System.Controllers.AdminController (Portfolio Management System).
2026-07-13 20:23:52.950 +05:30 [INF] Executing JsonResult, writing value of type 'System.Int32'.
2026-07-13 20:23:52.951 +05:30 [INF] Executed action Portfolio_Management_System.Controllers.AdminController.GetUnreadMessagesCount (Portfolio Management System) in 157.9566ms
2026-07-13 20:23:52.951 +05:30 [INF] Executed endpoint 'Portfolio_Management_System.Controllers.AdminController.GetUnreadMessagesCount (Portfolio Management System)'
2026-07-13 20:23:52.951 +05:30 [INF] HTTP GET /Admin/GetUnreadMessagesCount responded 200 in 158.5746 ms
2026-07-13 20:23:52.951 +05:30 [INF] Request finished HTTP/1.1 GET http://localhost:5049/Admin/GetUnreadMessagesCount - 200 null application/json; charset=utf-8 158.8073ms
2026-07-13 20:23:52.962 +05:30 [INF] Executing JsonResult, writing value of type 'System.Collections.Generic.List`1[[<>f__AnonymousType23`7[[System.Int32, System.Private.CoreLib, Version=9.0.0.0, Culture=neutral, PublicKeyToken=7cec85d7bea7798e],[System.String, System.Private.CoreLib, Version=9.0.0.0, Culture=neutral, PublicKeyToken=7cec85d7bea7798e],[System.String, System.Private.CoreLib, Version=9.0.0.0, Culture=neutral, PublicKeyToken=7cec85d7bea7798e],[System.String, System.Private.CoreLib, Version=9.0.0.0, Culture=neutral, PublicKeyToken=7cec85d7bea7798e],[System.String, System.Private.CoreLib, Version=9.0.0.0, Culture=neutral, PublicKeyToken=7cec85d7bea7798e],[System.Boolean, System.Private.CoreLib, Version=9.0.0.0, Culture=neutral, PublicKeyToken=7cec85d7bea7798e],[System.DateTime, System.Private.CoreLib, Version=9.0.0.0, Culture=neutral, PublicKeyToken=7cec85d7bea7798e]], Portfolio Management System, Version=1.0.0.0, Culture=neutral, PublicKeyToken=null]]'.
2026-07-13 20:23:52.963 +05:30 [INF] Executed action Portfolio_Management_System.Controllers.AdminController.GetRecentMessages (Portfolio Management System) in 161.2166ms
2026-07-13 20:23:52.963 +05:30 [INF] Executed endpoint 'Portfolio_Management_System.Controllers.AdminController.GetRecentMessages (Portfolio Management System)'
2026-07-13 20:23:52.963 +05:30 [INF] HTTP GET /Admin/GetRecentMessages responded 200 in 162.1459 ms
2026-07-13 20:23:52.963 +05:30 [INF] Request finished HTTP/1.1 GET http://localhost:5049/Admin/GetRecentMessages - 200 null application/json; charset=utf-8 167.3399ms
2026-07-13 20:23:54.315 +05:30 [INF] Request starting HTTP/1.1 GET http://localhost:5049/sw.js - null null
2026-07-13 20:23:54.316 +05:30 [INF] The file /sw.js was not modified
2026-07-13 20:23:54.316 +05:30 [INF] HTTP GET /sw.js responded 304 in 0.3849 ms
2026-07-13 20:23:54.316 +05:30 [INF] Request finished HTTP/1.1 GET http://localhost:5049/sw.js - 304 null text/javascript 0.7133ms
2026-07-13 20:23:55.801 +05:30 [INF] Request starting HTTP/1.1 GET http://localhost:5049/Admin/Education - null null
2026-07-13 20:23:55.801 +05:30 [INF] Executing endpoint 'Portfolio_Management_System.Controllers.AdminController.Education (Portfolio Management System)'
2026-07-13 20:23:55.812 +05:30 [INF] Route matched with {action = "Education", controller = "Admin"}. Executing controller action with signature System.Threading.Tasks.Task`1[Microsoft.AspNetCore.Mvc.IActionResult] Education() on controller Portfolio_Management_System.Controllers.AdminController (Portfolio Management System).
2026-07-13 20:23:56.280 +05:30 [INF] Executing ViewResult, running view Education.
2026-07-13 20:23:56.465 +05:30 [INF] Executed ViewResult - view Education executed in 187.0623ms.
2026-07-13 20:23:56.465 +05:30 [INF] Executed action Portfolio_Management_System.Controllers.AdminController.Education (Portfolio Management System) in 653.5859ms
2026-07-13 20:23:56.465 +05:30 [INF] Executed endpoint 'Portfolio_Management_System.Controllers.AdminController.Education (Portfolio Management System)'
2026-07-13 20:23:56.465 +05:30 [INF] HTTP GET /Admin/Education responded 200 in 664.7549 ms
2026-07-13 20:23:56.465 +05:30 [INF] Request finished HTTP/1.1 GET http://localhost:5049/Admin/Education - 200 null text/html; charset=utf-8 664.9946ms
2026-07-13 20:23:56.917 +05:30 [INF] Request starting HTTP/1.1 GET http://localhost:5049/css/admin.css?v=639195710364637837 - null null
2026-07-13 20:23:56.918 +05:30 [INF] Sending file. Request path: '/css/admin.css'. Physical path: 'c:\Users\ak731\Desktop\DSA\Portfolio Management System\wwwroot\css\admin.css'
2026-07-13 20:23:56.918 +05:30 [INF] HTTP GET /css/admin.css responded 200 in 1.2978 ms
2026-07-13 20:23:56.920 +05:30 [INF] Request finished HTTP/1.1 GET http://localhost:5049/css/admin.css?v=639195710364637837 - 200 19965 text/css 1.5734ms
2026-07-13 20:23:57.023 +05:30 [INF] Request starting HTTP/1.1 GET http://localhost:5049/Admin/GetUnreadMessagesCount - null null
2026-07-13 20:23:57.030 +05:30 [INF] Request starting HTTP/1.1 GET http://localhost:5049/Admin/GetRecentMessages - null null
2026-07-13 20:23:57.030 +05:30 [INF] Executing endpoint 'Portfolio_Management_System.Controllers.AdminController.GetRecentMessages (Portfolio Management System)'
2026-07-13 20:23:57.030 +05:30 [INF] Executing endpoint 'Portfolio_Management_System.Controllers.AdminController.GetUnreadMessagesCount (Portfolio Management System)'
2026-07-13 20:23:57.030 +05:30 [INF] Route matched with {action = "GetUnreadMessagesCount", controller = "Admin"}. Executing controller action with signature System.Threading.Tasks.Task`1[Microsoft.AspNetCore.Mvc.IActionResult] GetUnreadMessagesCount() on controller Portfolio_Management_System.Controllers.AdminController (Portfolio Management System).
2026-07-13 20:23:57.030 +05:30 [INF] Route matched with {action = "GetRecentMessages", controller = "Admin"}. Executing controller action with signature System.Threading.Tasks.Task`1[Microsoft.AspNetCore.Mvc.IActionResult] GetRecentMessages() on controller Portfolio_Management_System.Controllers.AdminController (Portfolio Management System).
2026-07-13 20:23:57.185 +05:30 [INF] Executing JsonResult, writing value of type 'System.Collections.Generic.List`1[[<>f__AnonymousType23`7[[System.Int32, System.Private.CoreLib, Version=9.0.0.0, Culture=neutral, PublicKeyToken=7cec85d7bea7798e],[System.String, System.Private.CoreLib, Version=9.0.0.0, Culture=neutral, PublicKeyToken=7cec85d7bea7798e],[System.String, System.Private.CoreLib, Version=9.0.0.0, Culture=neutral, PublicKeyToken=7cec85d7bea7798e],[System.String, System.Private.CoreLib, Version=9.0.0.0, Culture=neutral, PublicKeyToken=7cec85d7bea7798e],[System.String, System.Private.CoreLib, Version=9.0.0.0, Culture=neutral, PublicKeyToken=7cec85d7bea7798e],[System.Boolean, System.Private.CoreLib, Version=9.0.0.0, Culture=neutral, PublicKeyToken=7cec85d7bea7798e],[System.DateTime, System.Private.CoreLib, Version=9.0.0.0, Culture=neutral, PublicKeyToken=7cec85d7bea7798e]], Portfolio Management System, Version=1.0.0.0, Culture=neutral, PublicKeyToken=null]]'.
2026-07-13 20:23:57.185 +05:30 [INF] Executing JsonResult, writing value of type 'System.Int32'.
2026-07-13 20:23:57.185 +05:30 [INF] Executed action Portfolio_Management_System.Controllers.AdminController.GetUnreadMessagesCount (Portfolio Management System) in 154.8578ms
2026-07-13 20:23:57.185 +05:30 [INF] Executed action Portfolio_Management_System.Controllers.AdminController.GetRecentMessages (Portfolio Management System) in 154.9551ms
2026-07-13 20:23:57.185 +05:30 [INF] Executed endpoint 'Portfolio_Management_System.Controllers.AdminController.GetUnreadMessagesCount (Portfolio Management System)'
2026-07-13 20:23:57.185 +05:30 [INF] Executed endpoint 'Portfolio_Management_System.Controllers.AdminController.GetRecentMessages (Portfolio Management System)'
2026-07-13 20:23:57.185 +05:30 [INF] HTTP GET /Admin/GetUnreadMessagesCount responded 200 in 155.5195 ms
2026-07-13 20:23:57.185 +05:30 [INF] HTTP GET /Admin/GetRecentMessages responded 200 in 155.4577 ms
2026-07-13 20:23:57.185 +05:30 [INF] Request finished HTTP/1.1 GET http://localhost:5049/Admin/GetUnreadMessagesCount - 200 null application/json; charset=utf-8 162.2919ms
2026-07-13 20:23:57.185 +05:30 [INF] Request finished HTTP/1.1 GET http://localhost:5049/Admin/GetRecentMessages - 200 null application/json; charset=utf-8 155.636ms
2026-07-13 20:23:58.521 +05:30 [INF] Request starting HTTP/1.1 GET http://localhost:5049/sw.js - null null
2026-07-13 20:23:58.522 +05:30 [INF] The file /sw.js was not modified
2026-07-13 20:23:58.523 +05:30 [INF] HTTP GET /sw.js responded 304 in 1.2867 ms
2026-07-13 20:23:58.523 +05:30 [INF] Request finished HTTP/1.1 GET http://localhost:5049/sw.js - 304 null text/javascript 1.5301ms
2026-07-13 20:24:01.536 +05:30 [INF] Request starting HTTP/1.1 GET http://localhost:5049/AdminBlog - null null
2026-07-13 20:24:01.536 +05:30 [INF] Executing endpoint 'Portfolio_Management_System.Controllers.AdminBlogController.Index (Portfolio Management System)'
2026-07-13 20:24:01.567 +05:30 [INF] Route matched with {action = "Index", controller = "AdminBlog"}. Executing controller action with signature System.Threading.Tasks.Task`1[Microsoft.AspNetCore.Mvc.IActionResult] Index() on controller Portfolio_Management_System.Controllers.AdminBlogController (Portfolio Management System).
2026-07-13 20:24:02.048 +05:30 [INF] Executing ViewResult, running view Index.
2026-07-13 20:24:02.229 +05:30 [INF] Executed ViewResult - view Index executed in 182.199ms.
2026-07-13 20:24:02.230 +05:30 [INF] Executed action Portfolio_Management_System.Controllers.AdminBlogController.Index (Portfolio Management System) in 662.3256ms
2026-07-13 20:24:02.230 +05:30 [INF] Executed endpoint 'Portfolio_Management_System.Controllers.AdminBlogController.Index (Portfolio Management System)'
2026-07-13 20:24:02.230 +05:30 [INF] HTTP GET /AdminBlog responded 200 in 694.1021 ms
2026-07-13 20:24:02.230 +05:30 [INF] Request finished HTTP/1.1 GET http://localhost:5049/AdminBlog - 200 null text/html; charset=utf-8 694.6924ms
2026-07-13 20:24:02.306 +05:30 [INF] Request starting HTTP/1.1 GET http://localhost:5049/css/admin.css?v=639195710422233111 - null null
2026-07-13 20:24:02.318 +05:30 [INF] Sending file. Request path: '/css/admin.css'. Physical path: 'c:\Users\ak731\Desktop\DSA\Portfolio Management System\wwwroot\css\admin.css'
2026-07-13 20:24:02.328 +05:30 [INF] HTTP GET /css/admin.css responded 200 in 22.1967 ms
2026-07-13 20:24:02.328 +05:30 [INF] Request finished HTTP/1.1 GET http://localhost:5049/css/admin.css?v=639195710422233111 - 200 19965 text/css 22.4979ms
2026-07-13 20:24:02.432 +05:30 [INF] Request starting HTTP/1.1 GET http://localhost:5049/Admin/GetUnreadMessagesCount - null null
2026-07-13 20:24:02.432 +05:30 [INF] Executing endpoint 'Portfolio_Management_System.Controllers.AdminController.GetUnreadMessagesCount (Portfolio Management System)'
2026-07-13 20:24:02.433 +05:30 [INF] Route matched with {action = "GetUnreadMessagesCount", controller = "Admin"}. Executing controller action with signature System.Threading.Tasks.Task`1[Microsoft.AspNetCore.Mvc.IActionResult] GetUnreadMessagesCount() on controller Portfolio_Management_System.Controllers.AdminController (Portfolio Management System).
2026-07-13 20:24:02.433 +05:30 [INF] Request starting HTTP/1.1 GET http://localhost:5049/Admin/GetRecentMessages - null null
2026-07-13 20:24:02.433 +05:30 [INF] Executing endpoint 'Portfolio_Management_System.Controllers.AdminController.GetRecentMessages (Portfolio Management System)'
2026-07-13 20:24:02.433 +05:30 [INF] Route matched with {action = "GetRecentMessages", controller = "Admin"}. Executing controller action with signature System.Threading.Tasks.Task`1[Microsoft.AspNetCore.Mvc.IActionResult] GetRecentMessages() on controller Portfolio_Management_System.Controllers.AdminController (Portfolio Management System).
2026-07-13 20:24:02.586 +05:30 [INF] Executing JsonResult, writing value of type 'System.Int32'.
2026-07-13 20:24:02.586 +05:30 [INF] Executed action Portfolio_Management_System.Controllers.AdminController.GetUnreadMessagesCount (Portfolio Management System) in 153.3013ms
2026-07-13 20:24:02.586 +05:30 [INF] Executed endpoint 'Portfolio_Management_System.Controllers.AdminController.GetUnreadMessagesCount (Portfolio Management System)'
2026-07-13 20:24:02.586 +05:30 [INF] HTTP GET /Admin/GetUnreadMessagesCount responded 200 in 153.8484 ms
2026-07-13 20:24:02.586 +05:30 [INF] Request finished HTTP/1.1 GET http://localhost:5049/Admin/GetUnreadMessagesCount - 200 null application/json; charset=utf-8 154.5232ms
2026-07-13 20:24:02.602 +05:30 [INF] Executing JsonResult, writing value of type 'System.Collections.Generic.List`1[[<>f__AnonymousType23`7[[System.Int32, System.Private.CoreLib, Version=9.0.0.0, Culture=neutral, PublicKeyToken=7cec85d7bea7798e],[System.String, System.Private.CoreLib, Version=9.0.0.0, Culture=neutral, PublicKeyToken=7cec85d7bea7798e],[System.String, System.Private.CoreLib, Version=9.0.0.0, Culture=neutral, PublicKeyToken=7cec85d7bea7798e],[System.String, System.Private.CoreLib, Version=9.0.0.0, Culture=neutral, PublicKeyToken=7cec85d7bea7798e],[System.String, System.Private.CoreLib, Version=9.0.0.0, Culture=neutral, PublicKeyToken=7cec85d7bea7798e],[System.Boolean, System.Private.CoreLib, Version=9.0.0.0, Culture=neutral, PublicKeyToken=7cec85d7bea7798e],[System.DateTime, System.Private.CoreLib, Version=9.0.0.0, Culture=neutral, PublicKeyToken=7cec85d7bea7798e]], Portfolio Management System, Version=1.0.0.0, Culture=neutral, PublicKeyToken=null]]'.
2026-07-13 20:24:02.602 +05:30 [INF] Executed action Portfolio_Management_System.Controllers.AdminController.GetRecentMessages (Portfolio Management System) in 168.7117ms
2026-07-13 20:24:02.602 +05:30 [INF] Executed endpoint 'Portfolio_Management_System.Controllers.AdminController.GetRecentMessages (Portfolio Management System)'
2026-07-13 20:24:02.602 +05:30 [INF] HTTP GET /Admin/GetRecentMessages responded 200 in 169.0602 ms
2026-07-13 20:24:02.602 +05:30 [INF] Request finished HTTP/1.1 GET http://localhost:5049/Admin/GetRecentMessages - 200 null application/json; charset=utf-8 169.1755ms
2026-07-13 20:24:03.921 +05:30 [INF] Request starting HTTP/1.1 GET http://localhost:5049/sw.js - null null
2026-07-13 20:24:03.922 +05:30 [INF] The file /sw.js was not modified
2026-07-13 20:24:03.922 +05:30 [INF] HTTP GET /sw.js responded 304 in 0.5765 ms
2026-07-13 20:24:03.922 +05:30 [INF] Request finished HTTP/1.1 GET http://localhost:5049/sw.js - 304 null text/javascript 0.8163ms
2026-07-13 20:24:24.583 +05:30 [INF] Request starting HTTP/1.1 GET http://localhost:5049/AdminBlog/Categories - null null
2026-07-13 20:24:24.584 +05:30 [INF] Executing endpoint 'Portfolio_Management_System.Controllers.AdminBlogController.Categories (Portfolio Management System)'
2026-07-13 20:24:24.597 +05:30 [INF] Route matched with {action = "Categories", controller = "AdminBlog"}. Executing controller action with signature System.Threading.Tasks.Task`1[Microsoft.AspNetCore.Mvc.IActionResult] Categories() on controller Portfolio_Management_System.Controllers.AdminBlogController (Portfolio Management System).
2026-07-13 20:24:25.073 +05:30 [INF] Executing ViewResult, running view Categories.
2026-07-13 20:24:25.243 +05:30 [INF] Executed ViewResult - view Categories executed in 170.221ms.
2026-07-13 20:24:25.243 +05:30 [INF] Executed action Portfolio_Management_System.Controllers.AdminBlogController.Categories (Portfolio Management System) in 645.7806ms
2026-07-13 20:24:25.243 +05:30 [INF] Executed endpoint 'Portfolio_Management_System.Controllers.AdminBlogController.Categories (Portfolio Management System)'
2026-07-13 20:24:25.244 +05:30 [INF] HTTP GET /AdminBlog/Categories responded 200 in 660.7384 ms
2026-07-13 20:24:25.244 +05:30 [INF] Request finished HTTP/1.1 GET http://localhost:5049/AdminBlog/Categories - 200 null text/html; charset=utf-8 661.0883ms
2026-07-13 20:24:25.310 +05:30 [INF] Request starting HTTP/1.1 GET http://localhost:5049/css/admin.css?v=639195710652413826 - null null
2026-07-13 20:24:25.311 +05:30 [INF] Sending file. Request path: '/css/admin.css'. Physical path: 'c:\Users\ak731\Desktop\DSA\Portfolio Management System\wwwroot\css\admin.css'
2026-07-13 20:24:25.311 +05:30 [INF] HTTP GET /css/admin.css responded 200 in 0.8434 ms
2026-07-13 20:24:25.312 +05:30 [INF] Request finished HTTP/1.1 GET http://localhost:5049/css/admin.css?v=639195710652413826 - 200 19965 text/css 1.5383ms
2026-07-13 20:24:25.411 +05:30 [INF] Request starting HTTP/1.1 GET http://localhost:5049/Admin/GetUnreadMessagesCount - null null
2026-07-13 20:24:25.412 +05:30 [INF] Request starting HTTP/1.1 GET http://localhost:5049/Admin/GetRecentMessages - null null
2026-07-13 20:24:25.412 +05:30 [INF] Executing endpoint 'Portfolio_Management_System.Controllers.AdminController.GetUnreadMessagesCount (Portfolio Management System)'
2026-07-13 20:24:25.412 +05:30 [INF] Executing endpoint 'Portfolio_Management_System.Controllers.AdminController.GetRecentMessages (Portfolio Management System)'
2026-07-13 20:24:25.412 +05:30 [INF] Route matched with {action = "GetUnreadMessagesCount", controller = "Admin"}. Executing controller action with signature System.Threading.Tasks.Task`1[Microsoft.AspNetCore.Mvc.IActionResult] GetUnreadMessagesCount() on controller Portfolio_Management_System.Controllers.AdminController (Portfolio Management System).
2026-07-13 20:24:25.412 +05:30 [INF] Route matched with {action = "GetRecentMessages", controller = "Admin"}. Executing controller action with signature System.Threading.Tasks.Task`1[Microsoft.AspNetCore.Mvc.IActionResult] GetRecentMessages() on controller Portfolio_Management_System.Controllers.AdminController (Portfolio Management System).
2026-07-13 20:24:25.565 +05:30 [INF] Executing JsonResult, writing value of type 'System.Int32'.
2026-07-13 20:24:25.565 +05:30 [INF] Executed action Portfolio_Management_System.Controllers.AdminController.GetUnreadMessagesCount (Portfolio Management System) in 152.7783ms
2026-07-13 20:24:25.565 +05:30 [INF] Executed endpoint 'Portfolio_Management_System.Controllers.AdminController.GetUnreadMessagesCount (Portfolio Management System)'
2026-07-13 20:24:25.565 +05:30 [INF] HTTP GET /Admin/GetUnreadMessagesCount responded 200 in 153.2743 ms
2026-07-13 20:24:25.565 +05:30 [INF] Request finished HTTP/1.1 GET http://localhost:5049/Admin/GetUnreadMessagesCount - 200 null application/json; charset=utf-8 153.4399ms
2026-07-13 20:24:25.568 +05:30 [INF] Executing JsonResult, writing value of type 'System.Collections.Generic.List`1[[<>f__AnonymousType23`7[[System.Int32, System.Private.CoreLib, Version=9.0.0.0, Culture=neutral, PublicKeyToken=7cec85d7bea7798e],[System.String, System.Private.CoreLib, Version=9.0.0.0, Culture=neutral, PublicKeyToken=7cec85d7bea7798e],[System.String, System.Private.CoreLib, Version=9.0.0.0, Culture=neutral, PublicKeyToken=7cec85d7bea7798e],[System.String, System.Private.CoreLib, Version=9.0.0.0, Culture=neutral, PublicKeyToken=7cec85d7bea7798e],[System.String, System.Private.CoreLib, Version=9.0.0.0, Culture=neutral, PublicKeyToken=7cec85d7bea7798e],[System.Boolean, System.Private.CoreLib, Version=9.0.0.0, Culture=neutral, PublicKeyToken=7cec85d7bea7798e],[System.DateTime, System.Private.CoreLib, Version=9.0.0.0, Culture=neutral, PublicKeyToken=7cec85d7bea7798e]], Portfolio Management System, Version=1.0.0.0, Culture=neutral, PublicKeyToken=null]]'.
2026-07-13 20:24:25.568 +05:30 [INF] Executed action Portfolio_Management_System.Controllers.AdminController.GetRecentMessages (Portfolio Management System) in 155.9305ms
2026-07-13 20:24:25.568 +05:30 [INF] Executed endpoint 'Portfolio_Management_System.Controllers.AdminController.GetRecentMessages (Portfolio Management System)'
2026-07-13 20:24:25.568 +05:30 [INF] HTTP GET /Admin/GetRecentMessages responded 200 in 156.2450 ms
2026-07-13 20:24:25.568 +05:30 [INF] Request finished HTTP/1.1 GET http://localhost:5049/Admin/GetRecentMessages - 200 null application/json; charset=utf-8 156.3542ms
2026-07-13 20:24:26.995 +05:30 [INF] Request starting HTTP/1.1 GET http://localhost:5049/sw.js - null null
2026-07-13 20:24:26.995 +05:30 [INF] The file /sw.js was not modified
2026-07-13 20:24:26.995 +05:30 [INF] HTTP GET /sw.js responded 304 in 0.3246 ms
2026-07-13 20:24:26.995 +05:30 [INF] Request finished HTTP/1.1 GET http://localhost:5049/sw.js - 304 null text/javascript 0.479ms
2026-07-13 20:24:28.878 +05:30 [INF] Request starting HTTP/1.1 GET http://localhost:5049/AdminBlog/Comments - null null
2026-07-13 20:24:28.882 +05:30 [INF] Executing endpoint 'Portfolio_Management_System.Controllers.AdminBlogController.Comments (Portfolio Management System)'
2026-07-13 20:24:28.890 +05:30 [INF] Route matched with {action = "Comments", controller = "AdminBlog"}. Executing controller action with signature System.Threading.Tasks.Task`1[Microsoft.AspNetCore.Mvc.IActionResult] Comments() on controller Portfolio_Management_System.Controllers.AdminBlogController (Portfolio Management System).
2026-07-13 20:24:29.372 +05:30 [INF] Executing ViewResult, running view Comments.
2026-07-13 20:24:29.558 +05:30 [INF] Executed ViewResult - view Comments executed in 187.0976ms.
2026-07-13 20:24:29.559 +05:30 [INF] Executed action Portfolio_Management_System.Controllers.AdminBlogController.Comments (Portfolio Management System) in 667.9014ms
2026-07-13 20:24:29.559 +05:30 [INF] Executed endpoint 'Portfolio_Management_System.Controllers.AdminBlogController.Comments (Portfolio Management System)'
2026-07-13 20:24:29.559 +05:30 [INF] HTTP GET /AdminBlog/Comments responded 200 in 680.4417 ms
2026-07-13 20:24:29.560 +05:30 [INF] Request finished HTTP/1.1 GET http://localhost:5049/AdminBlog/Comments - 200 null text/html; charset=utf-8 682.1732ms
2026-07-13 20:24:29.643 +05:30 [INF] Request starting HTTP/1.1 GET http://localhost:5049/css/admin.css?v=639195710695575135 - null null
2026-07-13 20:24:29.644 +05:30 [INF] Sending file. Request path: '/css/admin.css'. Physical path: 'c:\Users\ak731\Desktop\DSA\Portfolio Management System\wwwroot\css\admin.css'
2026-07-13 20:24:29.644 +05:30 [INF] HTTP GET /css/admin.css responded 200 in 1.7007 ms
2026-07-13 20:24:29.646 +05:30 [INF] Request finished HTTP/1.1 GET http://localhost:5049/css/admin.css?v=639195710695575135 - 200 19965 text/css 3.1073ms
2026-07-13 20:24:29.737 +05:30 [INF] Request starting HTTP/1.1 GET http://localhost:5049/Admin/GetRecentMessages - null null
2026-07-13 20:24:29.737 +05:30 [INF] Request starting HTTP/1.1 GET http://localhost:5049/Admin/GetUnreadMessagesCount - null null
2026-07-13 20:24:29.738 +05:30 [INF] Executing endpoint 'Portfolio_Management_System.Controllers.AdminController.GetUnreadMessagesCount (Portfolio Management System)'
2026-07-13 20:24:29.738 +05:30 [INF] Executing endpoint 'Portfolio_Management_System.Controllers.AdminController.GetRecentMessages (Portfolio Management System)'
2026-07-13 20:24:29.738 +05:30 [INF] Route matched with {action = "GetUnreadMessagesCount", controller = "Admin"}. Executing controller action with signature System.Threading.Tasks.Task`1[Microsoft.AspNetCore.Mvc.IActionResult] GetUnreadMessagesCount() on controller Portfolio_Management_System.Controllers.AdminController (Portfolio Management System).
2026-07-13 20:24:29.738 +05:30 [INF] Route matched with {action = "GetRecentMessages", controller = "Admin"}. Executing controller action with signature System.Threading.Tasks.Task`1[Microsoft.AspNetCore.Mvc.IActionResult] GetRecentMessages() on controller Portfolio_Management_System.Controllers.AdminController (Portfolio Management System).
2026-07-13 20:24:29.889 +05:30 [INF] Executing JsonResult, writing value of type 'System.Collections.Generic.List`1[[<>f__AnonymousType23`7[[System.Int32, System.Private.CoreLib, Version=9.0.0.0, Culture=neutral, PublicKeyToken=7cec85d7bea7798e],[System.String, System.Private.CoreLib, Version=9.0.0.0, Culture=neutral, PublicKeyToken=7cec85d7bea7798e],[System.String, System.Private.CoreLib, Version=9.0.0.0, Culture=neutral, PublicKeyToken=7cec85d7bea7798e],[System.String, System.Private.CoreLib, Version=9.0.0.0, Culture=neutral, PublicKeyToken=7cec85d7bea7798e],[System.String, System.Private.CoreLib, Version=9.0.0.0, Culture=neutral, PublicKeyToken=7cec85d7bea7798e],[System.Boolean, System.Private.CoreLib, Version=9.0.0.0, Culture=neutral, PublicKeyToken=7cec85d7bea7798e],[System.DateTime, System.Private.CoreLib, Version=9.0.0.0, Culture=neutral, PublicKeyToken=7cec85d7bea7798e]], Portfolio Management System, Version=1.0.0.0, Culture=neutral, PublicKeyToken=null]]'.
2026-07-13 20:24:29.889 +05:30 [INF] Executed action Portfolio_Management_System.Controllers.AdminController.GetRecentMessages (Portfolio Management System) in 151.3452ms
2026-07-13 20:24:29.889 +05:30 [INF] Executed endpoint 'Portfolio_Management_System.Controllers.AdminController.GetRecentMessages (Portfolio Management System)'
2026-07-13 20:24:29.889 +05:30 [INF] HTTP GET /Admin/GetRecentMessages responded 200 in 151.8565 ms
2026-07-13 20:24:29.889 +05:30 [INF] Request finished HTTP/1.1 GET http://localhost:5049/Admin/GetRecentMessages - 200 null application/json; charset=utf-8 152.0225ms
2026-07-13 20:24:29.893 +05:30 [INF] Executing JsonResult, writing value of type 'System.Int32'.
2026-07-13 20:24:29.895 +05:30 [INF] Executed action Portfolio_Management_System.Controllers.AdminController.GetUnreadMessagesCount (Portfolio Management System) in 156.7874ms
2026-07-13 20:24:29.895 +05:30 [INF] Executed endpoint 'Portfolio_Management_System.Controllers.AdminController.GetUnreadMessagesCount (Portfolio Management System)'
2026-07-13 20:24:29.895 +05:30 [INF] HTTP GET /Admin/GetUnreadMessagesCount responded 200 in 157.2844 ms
2026-07-13 20:24:29.895 +05:30 [INF] Request finished HTTP/1.1 GET http://localhost:5049/Admin/GetUnreadMessagesCount - 200 null application/json; charset=utf-8 157.4967ms
2026-07-13 20:24:31.267 +05:30 [INF] Request starting HTTP/1.1 GET http://localhost:5049/sw.js - null null
2026-07-13 20:24:31.267 +05:30 [INF] The file /sw.js was not modified
2026-07-13 20:24:31.267 +05:30 [INF] HTTP GET /sw.js responded 304 in 0.2806 ms
2026-07-13 20:24:31.267 +05:30 [INF] Request finished HTTP/1.1 GET http://localhost:5049/sw.js - 304 null text/javascript 0.4451ms
2026-07-13 20:24:36.064 +05:30 [INF] Request starting HTTP/1.1 GET http://localhost:5049/AdminGallery - null null
2026-07-13 20:24:36.064 +05:30 [INF] Executing endpoint 'Portfolio_Management_System.Controllers.AdminGalleryController.Index (Portfolio Management System)'
2026-07-13 20:24:36.085 +05:30 [INF] Route matched with {action = "Index", controller = "AdminGallery"}. Executing controller action with signature System.Threading.Tasks.Task`1[Microsoft.AspNetCore.Mvc.IActionResult] Index(System.String) on controller Portfolio_Management_System.Controllers.AdminGalleryController (Portfolio Management System).
2026-07-13 20:24:37.030 +05:30 [INF] Executing ViewResult, running view Index.
2026-07-13 20:24:37.202 +05:30 [INF] Executed ViewResult - view Index executed in 173.1046ms.
2026-07-13 20:24:37.203 +05:30 [INF] Executed action Portfolio_Management_System.Controllers.AdminGalleryController.Index (Portfolio Management System) in 1117.0713ms
2026-07-13 20:24:37.203 +05:30 [INF] Executed endpoint 'Portfolio_Management_System.Controllers.AdminGalleryController.Index (Portfolio Management System)'
2026-07-13 20:24:37.203 +05:30 [INF] HTTP GET /AdminGallery responded 200 in 1138.4223 ms
2026-07-13 20:24:37.203 +05:30 [INF] Request finished HTTP/1.1 GET http://localhost:5049/AdminGallery - 200 null text/html; charset=utf-8 1138.8471ms
2026-07-13 20:24:37.308 +05:30 [INF] Request starting HTTP/1.1 GET http://localhost:5049/css/admin.css?v=639195710772009399 - null null
2026-07-13 20:24:37.312 +05:30 [INF] Sending file. Request path: '/css/admin.css'. Physical path: 'c:\Users\ak731\Desktop\DSA\Portfolio Management System\wwwroot\css\admin.css'
2026-07-13 20:24:37.312 +05:30 [INF] HTTP GET /css/admin.css responded 200 in 3.6458 ms
2026-07-13 20:24:37.312 +05:30 [INF] Request finished HTTP/1.1 GET http://localhost:5049/css/admin.css?v=639195710772009399 - 200 19965 text/css 3.8348ms
2026-07-13 20:24:37.478 +05:30 [INF] Request starting HTTP/1.1 GET http://localhost:5049/Admin/GetUnreadMessagesCount - null null
2026-07-13 20:24:37.478 +05:30 [INF] Executing endpoint 'Portfolio_Management_System.Controllers.AdminController.GetUnreadMessagesCount (Portfolio Management System)'
2026-07-13 20:24:37.478 +05:30 [INF] Route matched with {action = "GetUnreadMessagesCount", controller = "Admin"}. Executing controller action with signature System.Threading.Tasks.Task`1[Microsoft.AspNetCore.Mvc.IActionResult] GetUnreadMessagesCount() on controller Portfolio_Management_System.Controllers.AdminController (Portfolio Management System).
2026-07-13 20:24:37.479 +05:30 [INF] Request starting HTTP/1.1 GET http://localhost:5049/Admin/GetRecentMessages - null null
2026-07-13 20:24:37.479 +05:30 [INF] Executing endpoint 'Portfolio_Management_System.Controllers.AdminController.GetRecentMessages (Portfolio Management System)'
2026-07-13 20:24:37.479 +05:30 [INF] Route matched with {action = "GetRecentMessages", controller = "Admin"}. Executing controller action with signature System.Threading.Tasks.Task`1[Microsoft.AspNetCore.Mvc.IActionResult] GetRecentMessages() on controller Portfolio_Management_System.Controllers.AdminController (Portfolio Management System).
2026-07-13 20:24:37.633 +05:30 [INF] Executing JsonResult, writing value of type 'System.Collections.Generic.List`1[[<>f__AnonymousType23`7[[System.Int32, System.Private.CoreLib, Version=9.0.0.0, Culture=neutral, PublicKeyToken=7cec85d7bea7798e],[System.String, System.Private.CoreLib, Version=9.0.0.0, Culture=neutral, PublicKeyToken=7cec85d7bea7798e],[System.String, System.Private.CoreLib, Version=9.0.0.0, Culture=neutral, PublicKeyToken=7cec85d7bea7798e],[System.String, System.Private.CoreLib, Version=9.0.0.0, Culture=neutral, PublicKeyToken=7cec85d7bea7798e],[System.String, System.Private.CoreLib, Version=9.0.0.0, Culture=neutral, PublicKeyToken=7cec85d7bea7798e],[System.Boolean, System.Private.CoreLib, Version=9.0.0.0, Culture=neutral, PublicKeyToken=7cec85d7bea7798e],[System.DateTime, System.Private.CoreLib, Version=9.0.0.0, Culture=neutral, PublicKeyToken=7cec85d7bea7798e]], Portfolio Management System, Version=1.0.0.0, Culture=neutral, PublicKeyToken=null]]'.
2026-07-13 20:24:37.633 +05:30 [INF] Executed action Portfolio_Management_System.Controllers.AdminController.GetRecentMessages (Portfolio Management System) in 154.2027ms
2026-07-13 20:24:37.633 +05:30 [INF] Executed endpoint 'Portfolio_Management_System.Controllers.AdminController.GetRecentMessages (Portfolio Management System)'
2026-07-13 20:24:37.634 +05:30 [INF] HTTP GET /Admin/GetRecentMessages responded 200 in 154.8585 ms
2026-07-13 20:24:37.634 +05:30 [INF] Request finished HTTP/1.1 GET http://localhost:5049/Admin/GetRecentMessages - 200 null application/json; charset=utf-8 155.0343ms
2026-07-13 20:24:37.634 +05:30 [INF] Executing JsonResult, writing value of type 'System.Int32'.
2026-07-13 20:24:37.634 +05:30 [INF] Executed action Portfolio_Management_System.Controllers.AdminController.GetUnreadMessagesCount (Portfolio Management System) in 155.9931ms
2026-07-13 20:24:37.635 +05:30 [INF] Executed endpoint 'Portfolio_Management_System.Controllers.AdminController.GetUnreadMessagesCount (Portfolio Management System)'
2026-07-13 20:24:37.635 +05:30 [INF] HTTP GET /Admin/GetUnreadMessagesCount responded 200 in 156.9123 ms
2026-07-13 20:24:37.635 +05:30 [INF] Request finished HTTP/1.1 GET http://localhost:5049/Admin/GetUnreadMessagesCount - 200 null application/json; charset=utf-8 157.1862ms
2026-07-13 20:24:40.461 +05:30 [INF] Request starting HTTP/1.1 GET http://localhost:5049/sw.js - null null
2026-07-13 20:24:40.461 +05:30 [INF] The file /sw.js was not modified
2026-07-13 20:24:40.461 +05:30 [INF] HTTP GET /sw.js responded 304 in 0.2914 ms
2026-07-13 20:24:40.461 +05:30 [INF] Request finished HTTP/1.1 GET http://localhost:5049/sw.js - 304 null text/javascript 0.4851ms
2026-07-13 20:24:46.617 +05:30 [INF] Request starting HTTP/1.1 GET http://localhost:5049/Admin/Messages - null null
2026-07-13 20:24:46.618 +05:30 [INF] Executing endpoint 'Portfolio_Management_System.Controllers.AdminController.Messages (Portfolio Management System)'
2026-07-13 20:24:46.626 +05:30 [INF] Route matched with {action = "Messages", controller = "Admin"}. Executing controller action with signature System.Threading.Tasks.Task`1[Microsoft.AspNetCore.Mvc.IActionResult] Messages() on controller Portfolio_Management_System.Controllers.AdminController (Portfolio Management System).
2026-07-13 20:24:47.107 +05:30 [INF] Executing ViewResult, running view Messages.
2026-07-13 20:24:47.269 +05:30 [INF] Executed ViewResult - view Messages executed in 163.4662ms.
2026-07-13 20:24:47.269 +05:30 [INF] Executed action Portfolio_Management_System.Controllers.AdminController.Messages (Portfolio Management System) in 643.183ms
2026-07-13 20:24:47.269 +05:30 [INF] Executed endpoint 'Portfolio_Management_System.Controllers.AdminController.Messages (Portfolio Management System)'
2026-07-13 20:24:47.270 +05:30 [INF] HTTP GET /Admin/Messages responded 200 in 652.1193 ms
2026-07-13 20:24:47.270 +05:30 [INF] Request finished HTTP/1.1 GET http://localhost:5049/Admin/Messages - 200 null text/html; charset=utf-8 652.3464ms
2026-07-13 20:24:47.335 +05:30 [INF] Request starting HTTP/1.1 GET http://localhost:5049/css/admin.css?v=639195710872687506 - null null
2026-07-13 20:24:47.336 +05:30 [INF] Sending file. Request path: '/css/admin.css'. Physical path: 'c:\Users\ak731\Desktop\DSA\Portfolio Management System\wwwroot\css\admin.css'
2026-07-13 20:24:47.336 +05:30 [INF] HTTP GET /css/admin.css responded 200 in 1.2268 ms
2026-07-13 20:24:47.336 +05:30 [INF] Request finished HTTP/1.1 GET http://localhost:5049/css/admin.css?v=639195710872687506 - 200 19965 text/css 1.7358ms
2026-07-13 20:24:47.415 +05:30 [INF] Request starting HTTP/1.1 GET http://localhost:5049/Admin/GetUnreadMessagesCount - null null
2026-07-13 20:24:47.415 +05:30 [INF] Executing endpoint 'Portfolio_Management_System.Controllers.AdminController.GetUnreadMessagesCount (Portfolio Management System)'
2026-07-13 20:24:47.415 +05:30 [INF] Route matched with {action = "GetUnreadMessagesCount", controller = "Admin"}. Executing controller action with signature System.Threading.Tasks.Task`1[Microsoft.AspNetCore.Mvc.IActionResult] GetUnreadMessagesCount() on controller Portfolio_Management_System.Controllers.AdminController (Portfolio Management System).
2026-07-13 20:24:47.416 +05:30 [INF] Request starting HTTP/1.1 GET http://localhost:5049/Admin/GetRecentMessages - null null
2026-07-13 20:24:47.416 +05:30 [INF] Executing endpoint 'Portfolio_Management_System.Controllers.AdminController.GetRecentMessages (Portfolio Management System)'
2026-07-13 20:24:47.416 +05:30 [INF] Route matched with {action = "GetRecentMessages", controller = "Admin"}. Executing controller action with signature System.Threading.Tasks.Task`1[Microsoft.AspNetCore.Mvc.IActionResult] GetRecentMessages() on controller Portfolio_Management_System.Controllers.AdminController (Portfolio Management System).
2026-07-13 20:24:47.567 +05:30 [INF] Executing JsonResult, writing value of type 'System.Collections.Generic.List`1[[<>f__AnonymousType23`7[[System.Int32, System.Private.CoreLib, Version=9.0.0.0, Culture=neutral, PublicKeyToken=7cec85d7bea7798e],[System.String, System.Private.CoreLib, Version=9.0.0.0, Culture=neutral, PublicKeyToken=7cec85d7bea7798e],[System.String, System.Private.CoreLib, Version=9.0.0.0, Culture=neutral, PublicKeyToken=7cec85d7bea7798e],[System.String, System.Private.CoreLib, Version=9.0.0.0, Culture=neutral, PublicKeyToken=7cec85d7bea7798e],[System.String, System.Private.CoreLib, Version=9.0.0.0, Culture=neutral, PublicKeyToken=7cec85d7bea7798e],[System.Boolean, System.Private.CoreLib, Version=9.0.0.0, Culture=neutral, PublicKeyToken=7cec85d7bea7798e],[System.DateTime, System.Private.CoreLib, Version=9.0.0.0, Culture=neutral, PublicKeyToken=7cec85d7bea7798e]], Portfolio Management System, Version=1.0.0.0, Culture=neutral, PublicKeyToken=null]]'.
2026-07-13 20:24:47.568 +05:30 [INF] Executed action Portfolio_Management_System.Controllers.AdminController.GetRecentMessages (Portfolio Management System) in 151.5633ms
2026-07-13 20:24:47.568 +05:30 [INF] Executed endpoint 'Portfolio_Management_System.Controllers.AdminController.GetRecentMessages (Portfolio Management System)'
2026-07-13 20:24:47.568 +05:30 [INF] HTTP GET /Admin/GetRecentMessages responded 200 in 151.9552 ms
2026-07-13 20:24:47.568 +05:30 [INF] Request finished HTTP/1.1 GET http://localhost:5049/Admin/GetRecentMessages - 200 null application/json; charset=utf-8 152.1642ms
2026-07-13 20:24:47.571 +05:30 [INF] Executing JsonResult, writing value of type 'System.Int32'.
2026-07-13 20:24:47.571 +05:30 [INF] Executed action Portfolio_Management_System.Controllers.AdminController.GetUnreadMessagesCount (Portfolio Management System) in 155.9693ms
2026-07-13 20:24:47.571 +05:30 [INF] Executed endpoint 'Portfolio_Management_System.Controllers.AdminController.GetUnreadMessagesCount (Portfolio Management System)'
2026-07-13 20:24:47.571 +05:30 [INF] HTTP GET /Admin/GetUnreadMessagesCount responded 200 in 156.4104 ms
2026-07-13 20:24:47.572 +05:30 [INF] Request finished HTTP/1.1 GET http://localhost:5049/Admin/GetUnreadMessagesCount - 200 null application/json; charset=utf-8 156.6267ms
2026-07-13 20:24:48.947 +05:30 [INF] Request starting HTTP/1.1 GET http://localhost:5049/sw.js - null null
2026-07-13 20:24:48.947 +05:30 [INF] The file /sw.js was not modified
2026-07-13 20:24:48.947 +05:30 [INF] HTTP GET /sw.js responded 304 in 0.4321 ms
2026-07-13 20:24:48.948 +05:30 [INF] Request finished HTTP/1.1 GET http://localhost:5049/sw.js - 304 null text/javascript 0.6691ms
2026-07-13 20:24:50.480 +05:30 [INF] Request starting HTTP/1.1 GET http://localhost:5049/Admin/ResumeViews - null null
2026-07-13 20:24:50.480 +05:30 [INF] Executing endpoint 'Portfolio_Management_System.Controllers.AdminController.ResumeViews (Portfolio Management System)'
2026-07-13 20:24:50.492 +05:30 [INF] Route matched with {action = "ResumeViews", controller = "Admin"}. Executing controller action with signature System.Threading.Tasks.Task`1[Microsoft.AspNetCore.Mvc.IActionResult] ResumeViews() on controller Portfolio_Management_System.Controllers.AdminController (Portfolio Management System).
2026-07-13 20:24:50.968 +05:30 [INF] Executing ViewResult, running view ResumeViews.
2026-07-13 20:24:51.136 +05:30 [INF] Executed ViewResult - view ResumeViews executed in 167.935ms.
2026-07-13 20:24:51.136 +05:30 [INF] Executed action Portfolio_Management_System.Controllers.AdminController.ResumeViews (Portfolio Management System) in 643.678ms
2026-07-13 20:24:51.136 +05:30 [INF] Executed endpoint 'Portfolio_Management_System.Controllers.AdminController.ResumeViews (Portfolio Management System)'
2026-07-13 20:24:51.136 +05:30 [INF] HTTP GET /Admin/ResumeViews responded 200 in 655.7673 ms
2026-07-13 20:24:51.136 +05:30 [INF] Request finished HTTP/1.1 GET http://localhost:5049/Admin/ResumeViews - 200 null text/html; charset=utf-8 655.9852ms
2026-07-13 20:24:51.198 +05:30 [INF] Request starting HTTP/1.1 GET http://localhost:5049/css/admin.css?v=639195710911354284 - null null
2026-07-13 20:24:51.198 +05:30 [INF] Sending file. Request path: '/css/admin.css'. Physical path: 'c:\Users\ak731\Desktop\DSA\Portfolio Management System\wwwroot\css\admin.css'
2026-07-13 20:24:51.199 +05:30 [INF] HTTP GET /css/admin.css responded 200 in 0.7725 ms
2026-07-13 20:24:51.199 +05:30 [INF] Request finished HTTP/1.1 GET http://localhost:5049/css/admin.css?v=639195710911354284 - 200 19965 text/css 0.9619ms
2026-07-13 20:24:51.300 +05:30 [INF] Request starting HTTP/1.1 GET http://localhost:5049/Admin/GetUnreadMessagesCount - null null
2026-07-13 20:24:51.300 +05:30 [INF] Executing endpoint 'Portfolio_Management_System.Controllers.AdminController.GetUnreadMessagesCount (Portfolio Management System)'
2026-07-13 20:24:51.300 +05:30 [INF] Route matched with {action = "GetUnreadMessagesCount", controller = "Admin"}. Executing controller action with signature System.Threading.Tasks.Task`1[Microsoft.AspNetCore.Mvc.IActionResult] GetUnreadMessagesCount() on controller Portfolio_Management_System.Controllers.AdminController (Portfolio Management System).
2026-07-13 20:24:51.307 +05:30 [INF] Request starting HTTP/1.1 GET http://localhost:5049/Admin/GetRecentMessages - null null
2026-07-13 20:24:51.308 +05:30 [INF] Executing endpoint 'Portfolio_Management_System.Controllers.AdminController.GetRecentMessages (Portfolio Management System)'
2026-07-13 20:24:51.309 +05:30 [INF] Route matched with {action = "GetRecentMessages", controller = "Admin"}. Executing controller action with signature System.Threading.Tasks.Task`1[Microsoft.AspNetCore.Mvc.IActionResult] GetRecentMessages() on controller Portfolio_Management_System.Controllers.AdminController (Portfolio Management System).
2026-07-13 20:24:51.455 +05:30 [INF] Executing JsonResult, writing value of type 'System.Int32'.
2026-07-13 20:24:51.455 +05:30 [INF] Executed action Portfolio_Management_System.Controllers.AdminController.GetUnreadMessagesCount (Portfolio Management System) in 155.0321ms
2026-07-13 20:24:51.455 +05:30 [INF] Executed endpoint 'Portfolio_Management_System.Controllers.AdminController.GetUnreadMessagesCount (Portfolio Management System)'
2026-07-13 20:24:51.456 +05:30 [INF] HTTP GET /Admin/GetUnreadMessagesCount responded 200 in 155.5032 ms
2026-07-13 20:24:51.456 +05:30 [INF] Request finished HTTP/1.1 GET http://localhost:5049/Admin/GetUnreadMessagesCount - 200 null application/json; charset=utf-8 155.6787ms
2026-07-13 20:24:51.472 +05:30 [INF] Executing JsonResult, writing value of type 'System.Collections.Generic.List`1[[<>f__AnonymousType23`7[[System.Int32, System.Private.CoreLib, Version=9.0.0.0, Culture=neutral, PublicKeyToken=7cec85d7bea7798e],[System.String, System.Private.CoreLib, Version=9.0.0.0, Culture=neutral, PublicKeyToken=7cec85d7bea7798e],[System.String, System.Private.CoreLib, Version=9.0.0.0, Culture=neutral, PublicKeyToken=7cec85d7bea7798e],[System.String, System.Private.CoreLib, Version=9.0.0.0, Culture=neutral, PublicKeyToken=7cec85d7bea7798e],[System.String, System.Private.CoreLib, Version=9.0.0.0, Culture=neutral, PublicKeyToken=7cec85d7bea7798e],[System.Boolean, System.Private.CoreLib, Version=9.0.0.0, Culture=neutral, PublicKeyToken=7cec85d7bea7798e],[System.DateTime, System.Private.CoreLib, Version=9.0.0.0, Culture=neutral, PublicKeyToken=7cec85d7bea7798e]], Portfolio Management System, Version=1.0.0.0, Culture=neutral, PublicKeyToken=null]]'.
2026-07-13 20:24:51.472 +05:30 [INF] Executed action Portfolio_Management_System.Controllers.AdminController.GetRecentMessages (Portfolio Management System) in 163.3598ms
2026-07-13 20:24:51.472 +05:30 [INF] Executed endpoint 'Portfolio_Management_System.Controllers.AdminController.GetRecentMessages (Portfolio Management System)'
2026-07-13 20:24:51.472 +05:30 [INF] HTTP GET /Admin/GetRecentMessages responded 200 in 164.4611 ms
2026-07-13 20:24:51.472 +05:30 [INF] Request finished HTTP/1.1 GET http://localhost:5049/Admin/GetRecentMessages - 200 null application/json; charset=utf-8 165.2363ms
2026-07-13 20:24:52.841 +05:30 [INF] Request starting HTTP/1.1 GET http://localhost:5049/sw.js - null null
2026-07-13 20:24:52.842 +05:30 [INF] The file /sw.js was not modified
2026-07-13 20:24:52.842 +05:30 [INF] HTTP GET /sw.js responded 304 in 0.2638 ms
2026-07-13 20:24:52.842 +05:30 [INF] Request finished HTTP/1.1 GET http://localhost:5049/sw.js - 304 null text/javascript 0.412ms
2026-07-13 20:24:58.213 +05:30 [INF] Request starting HTTP/1.1 GET http://localhost:5049/Admin/AutoTube/Videos - null null
2026-07-13 20:24:58.213 +05:30 [INF] Executing endpoint 'Portfolio_Management_System.Controllers.AdminAutoTubeController.Videos (Portfolio Management System)'
2026-07-13 20:24:58.227 +05:30 [INF] Route matched with {action = "Videos", controller = "AdminAutoTube"}. Executing controller action with signature System.Threading.Tasks.Task`1[Microsoft.AspNetCore.Mvc.IActionResult] Videos() on controller Portfolio_Management_System.Controllers.AdminAutoTubeController (Portfolio Management System).
2026-07-13 20:24:59.970 +05:30 [INF] Executed DbCommand (176ms) [Parameters=[], CommandType='"Text"', CommandTimeout='30']
SELECT [v].[Id], [v].[AudioFilePath], [v].[CreatedAt], [v].[Description], [v].[Hook], [v].[PlaylistId], [v].[PublishedAt], [v].[ScheduledPublishAt], [v].[ScriptJson], [v].[Status], [v].[Tags], [v].[ThumbnailPath], [v].[Title], [v].[TrendTopicId], [v].[UpdatedAt], [v].[VideoFilePath], [v].[Visibility], [v].[YouTubeVideoId], [t].[Id], [t].[Category], [t].[CompetitionScore], [t].[FetchedAt], [t].[IsSelected], [t].[Keywords], [t].[PopularityScore], [t].[SelectedAt], [t].[Source], [t].[Title], [t].[ViralityScore], [v0].[Id], [v0].[CameraAngle], [v0].[CharacterEmotions], [v0].[Characters], [v0].[CreatedAt], [v0].[Dialogue], [v0].[DurationSeconds], [v0].[ImageFilePath], [v0].[Lighting], [v0].[Location], [v0].[SceneNumber], [v0].[SfxNotes], [v0].[SubtitleText], [v0].[Type], [v0].[VideoId], [v0].[VisualPrompt], [v0].[VoiceoverFilePath], [v0].[VoiceoverText]
FROM [Videos] AS [v]
INNER JOIN [TrendTopics] AS [t] ON [v].[TrendTopicId] = [t].[Id]
LEFT JOIN [VideoScenes] AS [v0] ON [v].[Id] = [v0].[VideoId]
ORDER BY [v].[CreatedAt] DESC, [v].[Id], [t].[Id], [v0].[SceneNumber]
2026-07-13 20:25:00.344 +05:30 [INF] Executing ViewResult, running view ~/Views/Admin/Videos.cshtml.
2026-07-13 20:25:00.537 +05:30 [INF] Executed ViewResult - view ~/Views/Admin/Videos.cshtml executed in 195.1307ms.
2026-07-13 20:25:00.537 +05:30 [INF] Executed action Portfolio_Management_System.Controllers.AdminAutoTubeController.Videos (Portfolio Management System) in 2310.4179ms
2026-07-13 20:25:00.537 +05:30 [INF] Executed endpoint 'Portfolio_Management_System.Controllers.AdminAutoTubeController.Videos (Portfolio Management System)'
2026-07-13 20:25:00.537 +05:30 [INF] HTTP GET /Admin/AutoTube/Videos responded 200 in 2324.6486 ms
2026-07-13 20:25:00.593 +05:30 [INF] Request finished HTTP/1.1 GET http://localhost:5049/Admin/AutoTube/Videos - 200 null text/html; charset=utf-8 2380.0768ms
2026-07-13 20:25:00.659 +05:30 [INF] Request starting HTTP/1.1 GET http://localhost:5049/css/admin.css?v=639195711005220712 - null null
2026-07-13 20:25:00.677 +05:30 [INF] Sending file. Request path: '/css/admin.css'. Physical path: 'c:\Users\ak731\Desktop\DSA\Portfolio Management System\wwwroot\css\admin.css'
2026-07-13 20:25:00.678 +05:30 [INF] HTTP GET /css/admin.css responded 200 in 18.3883 ms
2026-07-13 20:25:00.678 +05:30 [INF] Request finished HTTP/1.1 GET http://localhost:5049/css/admin.css?v=639195711005220712 - 200 19965 text/css 19.1585ms
2026-07-13 20:25:00.835 +05:30 [INF] Request starting HTTP/1.1 GET http://localhost:5049/Admin/GetUnreadMessagesCount - null null
2026-07-13 20:25:00.836 +05:30 [INF] Executing endpoint 'Portfolio_Management_System.Controllers.AdminController.GetUnreadMessagesCount (Portfolio Management System)'
2026-07-13 20:25:00.836 +05:30 [INF] Route matched with {action = "GetUnreadMessagesCount", controller = "Admin"}. Executing controller action with signature System.Threading.Tasks.Task`1[Microsoft.AspNetCore.Mvc.IActionResult] GetUnreadMessagesCount() on controller Portfolio_Management_System.Controllers.AdminController (Portfolio Management System).
2026-07-13 20:25:00.837 +05:30 [INF] Request starting HTTP/1.1 GET http://localhost:5049/Admin/GetRecentMessages - null null
2026-07-13 20:25:00.837 +05:30 [INF] Executing endpoint 'Portfolio_Management_System.Controllers.AdminController.GetRecentMessages (Portfolio Management System)'
2026-07-13 20:25:00.837 +05:30 [INF] Route matched with {action = "GetRecentMessages", controller = "Admin"}. Executing controller action with signature System.Threading.Tasks.Task`1[Microsoft.AspNetCore.Mvc.IActionResult] GetRecentMessages() on controller Portfolio_Management_System.Controllers.AdminController (Portfolio Management System).
2026-07-13 20:25:00.995 +05:30 [INF] Executing JsonResult, writing value of type 'System.Int32'.
2026-07-13 20:25:00.996 +05:30 [INF] Executed action Portfolio_Management_System.Controllers.AdminController.GetUnreadMessagesCount (Portfolio Management System) in 160.1904ms
2026-07-13 20:25:00.997 +05:30 [INF] Executed endpoint 'Portfolio_Management_System.Controllers.AdminController.GetUnreadMessagesCount (Portfolio Management System)'
2026-07-13 20:25:00.997 +05:30 [INF] HTTP GET /Admin/GetUnreadMessagesCount responded 200 in 161.4272 ms
2026-07-13 20:25:00.997 +05:30 [INF] Executing JsonResult, writing value of type 'System.Collections.Generic.List`1[[<>f__AnonymousType23`7[[System.Int32, System.Private.CoreLib, Version=9.0.0.0, Culture=neutral, PublicKeyToken=7cec85d7bea7798e],[System.String, System.Private.CoreLib, Version=9.0.0.0, Culture=neutral, PublicKeyToken=7cec85d7bea7798e],[System.String, System.Private.CoreLib, Version=9.0.0.0, Culture=neutral, PublicKeyToken=7cec85d7bea7798e],[System.String, System.Private.CoreLib, Version=9.0.0.0, Culture=neutral, PublicKeyToken=7cec85d7bea7798e],[System.String, System.Private.CoreLib, Version=9.0.0.0, Culture=neutral, PublicKeyToken=7cec85d7bea7798e],[System.Boolean, System.Private.CoreLib, Version=9.0.0.0, Culture=neutral, PublicKeyToken=7cec85d7bea7798e],[System.DateTime, System.Private.CoreLib, Version=9.0.0.0, Culture=neutral, PublicKeyToken=7cec85d7bea7798e]], Portfolio Management System, Version=1.0.0.0, Culture=neutral, PublicKeyToken=null]]'.
2026-07-13 20:25:00.997 +05:30 [INF] Request finished HTTP/1.1 GET http://localhost:5049/Admin/GetUnreadMessagesCount - 200 null application/json; charset=utf-8 161.7939ms
2026-07-13 20:25:00.998 +05:30 [INF] Executed action Portfolio_Management_System.Controllers.AdminController.GetRecentMessages (Portfolio Management System) in 160.4935ms
2026-07-13 20:25:00.998 +05:30 [INF] Executed endpoint 'Portfolio_Management_System.Controllers.AdminController.GetRecentMessages (Portfolio Management System)'
2026-07-13 20:25:00.998 +05:30 [INF] HTTP GET /Admin/GetRecentMessages responded 200 in 161.1353 ms
2026-07-13 20:25:00.998 +05:30 [INF] Request finished HTTP/1.1 GET http://localhost:5049/Admin/GetRecentMessages - 200 null application/json; charset=utf-8 161.3581ms
2026-07-13 20:25:02.411 +05:30 [INF] Request starting HTTP/1.1 GET http://localhost:5049/sw.js - null null
2026-07-13 20:25:02.412 +05:30 [INF] The file /sw.js was not modified
2026-07-13 20:25:02.412 +05:30 [INF] HTTP GET /sw.js responded 304 in 0.4472 ms
2026-07-13 20:25:02.412 +05:30 [INF] Request finished HTTP/1.1 GET http://localhost:5049/sw.js - 304 null text/javascript 0.6259ms
2026-07-13 20:25:07.094 +05:30 [INF] Request starting HTTP/1.1 GET http://localhost:5049/Admin/AktuDashboard - null null
2026-07-13 20:25:07.095 +05:30 [INF] Executing endpoint 'Portfolio_Management_System.Controllers.AdminController.AktuDashboard (Portfolio Management System)'
2026-07-13 20:25:07.113 +05:30 [INF] Route matched with {action = "AktuDashboard", controller = "Admin"}. Executing controller action with signature System.Threading.Tasks.Task`1[Microsoft.AspNetCore.Mvc.IActionResult] AktuDashboard() on controller Portfolio_Management_System.Controllers.AdminController (Portfolio Management System).
2026-07-13 20:25:08.380 +05:30 [ERR] Error fetching AKTU statistics
System.InvalidCastException: Object cannot be cast from DBNull to other types.
   at System.DBNull.System.IConvertible.ToDecimal(IFormatProvider provider)
   at Portfolio_Management_System.DAL.AktuDbHelper.GetAktuStatsAsync() in c:\Users\ak731\Desktop\DSA\Portfolio Management System\DAL\AktuDbHelper.cs:line 1553
2026-07-13 20:25:08.559 +05:30 [INF] Executing ViewResult, running view AktuDashboard.
2026-07-13 20:25:08.733 +05:30 [INF] Executed ViewResult - view AktuDashboard executed in 174.6114ms.
2026-07-13 20:25:08.734 +05:30 [INF] Executed action Portfolio_Management_System.Controllers.AdminController.AktuDashboard (Portfolio Management System) in 1620.5285ms
2026-07-13 20:25:08.734 +05:30 [INF] Executed endpoint 'Portfolio_Management_System.Controllers.AdminController.AktuDashboard (Portfolio Management System)'
2026-07-13 20:25:08.734 +05:30 [INF] HTTP GET /Admin/AktuDashboard responded 200 in 1638.9228 ms
2026-07-13 20:25:08.734 +05:30 [INF] Request finished HTTP/1.1 GET http://localhost:5049/Admin/AktuDashboard - 200 null text/html; charset=utf-8 1640.238ms
2026-07-13 20:25:08.795 +05:30 [INF] Request starting HTTP/1.1 GET http://localhost:5049/css/admin.css?v=639195711087329555 - null null
2026-07-13 20:25:08.796 +05:30 [INF] Sending file. Request path: '/css/admin.css'. Physical path: 'c:\Users\ak731\Desktop\DSA\Portfolio Management System\wwwroot\css\admin.css'
2026-07-13 20:25:08.796 +05:30 [INF] HTTP GET /css/admin.css responded 200 in 0.6830 ms
2026-07-13 20:25:08.796 +05:30 [INF] Request finished HTTP/1.1 GET http://localhost:5049/css/admin.css?v=639195711087329555 - 200 19965 text/css 0.9732ms
2026-07-13 20:25:08.855 +05:30 [INF] Request starting HTTP/1.1 GET http://localhost:5049/Admin/GetUnreadMessagesCount - null null
2026-07-13 20:25:08.856 +05:30 [INF] Executing endpoint 'Portfolio_Management_System.Controllers.AdminController.GetUnreadMessagesCount (Portfolio Management System)'
2026-07-13 20:25:08.856 +05:30 [INF] Request starting HTTP/1.1 GET http://localhost:5049/Admin/GetRecentMessages - null null
2026-07-13 20:25:08.858 +05:30 [INF] Executing endpoint 'Portfolio_Management_System.Controllers.AdminController.GetRecentMessages (Portfolio Management System)'
2026-07-13 20:25:08.858 +05:30 [INF] Route matched with {action = "GetRecentMessages", controller = "Admin"}. Executing controller action with signature System.Threading.Tasks.Task`1[Microsoft.AspNetCore.Mvc.IActionResult] GetRecentMessages() on controller Portfolio_Management_System.Controllers.AdminController (Portfolio Management System).
2026-07-13 20:25:08.859 +05:30 [INF] Route matched with {action = "GetUnreadMessagesCount", controller = "Admin"}. Executing controller action with signature System.Threading.Tasks.Task`1[Microsoft.AspNetCore.Mvc.IActionResult] GetUnreadMessagesCount() on controller Portfolio_Management_System.Controllers.AdminController (Portfolio Management System).
2026-07-13 20:25:09.010 +05:30 [INF] Executing JsonResult, writing value of type 'System.Int32'.
2026-07-13 20:25:09.011 +05:30 [INF] Executed action Portfolio_Management_System.Controllers.AdminController.GetUnreadMessagesCount (Portfolio Management System) in 151.8721ms
2026-07-13 20:25:09.011 +05:30 [INF] Executed endpoint 'Portfolio_Management_System.Controllers.AdminController.GetUnreadMessagesCount (Portfolio Management System)'
2026-07-13 20:25:09.011 +05:30 [INF] HTTP GET /Admin/GetUnreadMessagesCount responded 200 in 156.0574 ms
2026-07-13 20:25:09.011 +05:30 [INF] Request finished HTTP/1.1 GET http://localhost:5049/Admin/GetUnreadMessagesCount - 200 null application/json; charset=utf-8 156.2202ms
2026-07-13 20:25:09.031 +05:30 [INF] Executing JsonResult, writing value of type 'System.Collections.Generic.List`1[[<>f__AnonymousType23`7[[System.Int32, System.Private.CoreLib, Version=9.0.0.0, Culture=neutral, PublicKeyToken=7cec85d7bea7798e],[System.String, System.Private.CoreLib, Version=9.0.0.0, Culture=neutral, PublicKeyToken=7cec85d7bea7798e],[System.String, System.Private.CoreLib, Version=9.0.0.0, Culture=neutral, PublicKeyToken=7cec85d7bea7798e],[System.String, System.Private.CoreLib, Version=9.0.0.0, Culture=neutral, PublicKeyToken=7cec85d7bea7798e],[System.String, System.Private.CoreLib, Version=9.0.0.0, Culture=neutral, PublicKeyToken=7cec85d7bea7798e],[System.Boolean, System.Private.CoreLib, Version=9.0.0.0, Culture=neutral, PublicKeyToken=7cec85d7bea7798e],[System.DateTime, System.Private.CoreLib, Version=9.0.0.0, Culture=neutral, PublicKeyToken=7cec85d7bea7798e]], Portfolio Management System, Version=1.0.0.0, Culture=neutral, PublicKeyToken=null]]'.
2026-07-13 20:25:09.032 +05:30 [INF] Executed action Portfolio_Management_System.Controllers.AdminController.GetRecentMessages (Portfolio Management System) in 173.2093ms
2026-07-13 20:25:09.032 +05:30 [INF] Executed endpoint 'Portfolio_Management_System.Controllers.AdminController.GetRecentMessages (Portfolio Management System)'
2026-07-13 20:25:09.032 +05:30 [INF] HTTP GET /Admin/GetRecentMessages responded 200 in 173.9677 ms
2026-07-13 20:25:09.032 +05:30 [INF] Request finished HTTP/1.1 GET http://localhost:5049/Admin/GetRecentMessages - 200 null application/json; charset=utf-8 175.9096ms
2026-07-13 20:25:10.394 +05:30 [INF] Request starting HTTP/1.1 GET http://localhost:5049/sw.js - null null
2026-07-13 20:25:10.394 +05:30 [INF] The file /sw.js was not modified
2026-07-13 20:25:10.394 +05:30 [INF] HTTP GET /sw.js responded 304 in 0.2746 ms
2026-07-13 20:25:10.395 +05:30 [INF] Request finished HTTP/1.1 GET http://localhost:5049/sw.js - 304 null text/javascript 0.5384ms
2026-07-13 20:25:21.977 +05:30 [INF] Request starting HTTP/1.1 GET http://localhost:5049/sw.js - null null
2026-07-13 20:25:21.978 +05:30 [INF] The file /sw.js was not modified
2026-07-13 20:25:21.978 +05:30 [INF] HTTP GET /sw.js responded 304 in 0.5277 ms
2026-07-13 20:25:21.978 +05:30 [INF] Request finished HTTP/1.1 GET http://localhost:5049/sw.js - 304 null text/javascript 0.8648ms
2026-07-13 20:25:39.788 +05:30 [INF] Request starting HTTP/1.1 GET http://localhost:5049/Admin/GetUnreadMessagesCount - null null
2026-07-13 20:25:39.789 +05:30 [INF] Executing endpoint 'Portfolio_Management_System.Controllers.AdminController.GetUnreadMessagesCount (Portfolio Management System)'
2026-07-13 20:25:39.789 +05:30 [INF] Route matched with {action = "GetUnreadMessagesCount", controller = "Admin"}. Executing controller action with signature System.Threading.Tasks.Task`1[Microsoft.AspNetCore.Mvc.IActionResult] GetUnreadMessagesCount() on controller Portfolio_Management_System.Controllers.AdminController (Portfolio Management System).
2026-07-13 20:25:39.789 +05:30 [INF] Request starting HTTP/1.1 GET http://localhost:5049/Admin/GetRecentMessages - null null
2026-07-13 20:25:39.789 +05:30 [INF] Executing endpoint 'Portfolio_Management_System.Controllers.AdminController.GetRecentMessages (Portfolio Management System)'
2026-07-13 20:25:39.790 +05:30 [INF] Route matched with {action = "GetRecentMessages", controller = "Admin"}. Executing controller action with signature System.Threading.Tasks.Task`1[Microsoft.AspNetCore.Mvc.IActionResult] GetRecentMessages() on controller Portfolio_Management_System.Controllers.AdminController (Portfolio Management System).
2026-07-13 20:25:39.944 +05:30 [INF] Executing JsonResult, writing value of type 'System.Collections.Generic.List`1[[<>f__AnonymousType23`7[[System.Int32, System.Private.CoreLib, Version=9.0.0.0, Culture=neutral, PublicKeyToken=7cec85d7bea7798e],[System.String, System.Private.CoreLib, Version=9.0.0.0, Culture=neutral, PublicKeyToken=7cec85d7bea7798e],[System.String, System.Private.CoreLib, Version=9.0.0.0, Culture=neutral, PublicKeyToken=7cec85d7bea7798e],[System.String, System.Private.CoreLib, Version=9.0.0.0, Culture=neutral, PublicKeyToken=7cec85d7bea7798e],[System.String, System.Private.CoreLib, Version=9.0.0.0, Culture=neutral, PublicKeyToken=7cec85d7bea7798e],[System.Boolean, System.Private.CoreLib, Version=9.0.0.0, Culture=neutral, PublicKeyToken=7cec85d7bea7798e],[System.DateTime, System.Private.CoreLib, Version=9.0.0.0, Culture=neutral, PublicKeyToken=7cec85d7bea7798e]], Portfolio Management System, Version=1.0.0.0, Culture=neutral, PublicKeyToken=null]]'.
2026-07-13 20:25:39.945 +05:30 [INF] Executed action Portfolio_Management_System.Controllers.AdminController.GetRecentMessages (Portfolio Management System) in 154.9018ms
2026-07-13 20:25:39.945 +05:30 [INF] Executed endpoint 'Portfolio_Management_System.Controllers.AdminController.GetRecentMessages (Portfolio Management System)'
2026-07-13 20:25:39.945 +05:30 [INF] HTTP GET /Admin/GetRecentMessages responded 200 in 155.6757 ms
2026-07-13 20:25:39.945 +05:30 [INF] Request finished HTTP/1.1 GET http://localhost:5049/Admin/GetRecentMessages - 200 null application/json; charset=utf-8 155.8605ms
2026-07-13 20:25:39.948 +05:30 [INF] Executing JsonResult, writing value of type 'System.Int32'.
2026-07-13 20:25:39.948 +05:30 [INF] Executed action Portfolio_Management_System.Controllers.AdminController.GetUnreadMessagesCount (Portfolio Management System) in 159.0376ms
2026-07-13 20:25:39.948 +05:30 [INF] Executed endpoint 'Portfolio_Management_System.Controllers.AdminController.GetUnreadMessagesCount (Portfolio Management System)'
2026-07-13 20:25:39.948 +05:30 [INF] HTTP GET /Admin/GetUnreadMessagesCount responded 200 in 159.7989 ms
2026-07-13 20:25:39.948 +05:30 [INF] Request finished HTTP/1.1 GET http://localhost:5049/Admin/GetUnreadMessagesCount - 200 null application/json; charset=utf-8 160.2999ms
2026-07-13 20:25:43.285 +05:30 [INF] Request starting HTTP/1.1 POST http://localhost:5049/chathub/negotiate?negotiateVersion=1 - null 0
2026-07-13 20:25:43.286 +05:30 [INF] CORS policy execution successful.
2026-07-13 20:25:43.286 +05:30 [INF] Executing endpoint '/chathub/negotiate'
2026-07-13 20:25:43.299 +05:30 [INF] Executed endpoint '/chathub/negotiate'
2026-07-13 20:25:43.299 +05:30 [INF] HTTP POST /chathub/negotiate responded 200 in 13.8062 ms
2026-07-13 20:25:43.299 +05:30 [INF] Request finished HTTP/1.1 POST http://localhost:5049/chathub/negotiate?negotiateVersion=1 - 200 316 application/json 14.0153ms
2026-07-13 20:25:43.311 +05:30 [INF] Request starting HTTP/1.1 GET http://localhost:5049/chathub?id=aZzFXLbsxIiTJp5ddqK8uw - null null
2026-07-13 20:25:43.311 +05:30 [INF] CORS policy execution successful.
2026-07-13 20:25:43.312 +05:30 [INF] Executing endpoint '/chathub'
2026-07-13 20:26:09.795 +05:30 [INF] Request starting HTTP/1.1 GET http://localhost:5049/Admin/GetUnreadMessagesCount - null null
2026-07-13 20:26:09.795 +05:30 [INF] Executing endpoint 'Portfolio_Management_System.Controllers.AdminController.GetUnreadMessagesCount (Portfolio Management System)'
2026-07-13 20:26:09.796 +05:30 [INF] Route matched with {action = "GetUnreadMessagesCount", controller = "Admin"}. Executing controller action with signature System.Threading.Tasks.Task`1[Microsoft.AspNetCore.Mvc.IActionResult] GetUnreadMessagesCount() on controller Portfolio_Management_System.Controllers.AdminController (Portfolio Management System).
2026-07-13 20:26:09.798 +05:30 [INF] Request starting HTTP/1.1 GET http://localhost:5049/Admin/GetRecentMessages - null null
2026-07-13 20:26:09.798 +05:30 [INF] Executing endpoint 'Portfolio_Management_System.Controllers.AdminController.GetRecentMessages (Portfolio Management System)'
2026-07-13 20:26:09.798 +05:30 [INF] Route matched with {action = "GetRecentMessages", controller = "Admin"}. Executing controller action with signature System.Threading.Tasks.Task`1[Microsoft.AspNetCore.Mvc.IActionResult] GetRecentMessages() on controller Portfolio_Management_System.Controllers.AdminController (Portfolio Management System).
2026-07-13 20:26:09.958 +05:30 [INF] Executing JsonResult, writing value of type 'System.Collections.Generic.List`1[[<>f__AnonymousType23`7[[System.Int32, System.Private.CoreLib, Version=9.0.0.0, Culture=neutral, PublicKeyToken=7cec85d7bea7798e],[System.String, System.Private.CoreLib, Version=9.0.0.0, Culture=neutral, PublicKeyToken=7cec85d7bea7798e],[System.String, System.Private.CoreLib, Version=9.0.0.0, Culture=neutral, PublicKeyToken=7cec85d7bea7798e],[System.String, System.Private.CoreLib, Version=9.0.0.0, Culture=neutral, PublicKeyToken=7cec85d7bea7798e],[System.String, System.Private.CoreLib, Version=9.0.0.0, Culture=neutral, PublicKeyToken=7cec85d7bea7798e],[System.Boolean, System.Private.CoreLib, Version=9.0.0.0, Culture=neutral, PublicKeyToken=7cec85d7bea7798e],[System.DateTime, System.Private.CoreLib, Version=9.0.0.0, Culture=neutral, PublicKeyToken=7cec85d7bea7798e]], Portfolio Management System, Version=1.0.0.0, Culture=neutral, PublicKeyToken=null]]'.
2026-07-13 20:26:09.958 +05:30 [INF] Executed action Portfolio_Management_System.Controllers.AdminController.GetRecentMessages (Portfolio Management System) in 160.0599ms
2026-07-13 20:26:09.958 +05:30 [INF] Executed endpoint 'Portfolio_Management_System.Controllers.AdminController.GetRecentMessages (Portfolio Management System)'
2026-07-13 20:26:09.958 +05:30 [INF] HTTP GET /Admin/GetRecentMessages responded 200 in 160.5837 ms
2026-07-13 20:26:09.958 +05:30 [INF] Request finished HTTP/1.1 GET http://localhost:5049/Admin/GetRecentMessages - 200 null application/json; charset=utf-8 160.8419ms
2026-07-13 20:26:09.962 +05:30 [INF] Executing JsonResult, writing value of type 'System.Int32'.
2026-07-13 20:26:09.962 +05:30 [INF] Executed action Portfolio_Management_System.Controllers.AdminController.GetUnreadMessagesCount (Portfolio Management System) in 166.0252ms
2026-07-13 20:26:09.962 +05:30 [INF] Executed endpoint 'Portfolio_Management_System.Controllers.AdminController.GetUnreadMessagesCount (Portfolio Management System)'
2026-07-13 20:26:09.962 +05:30 [INF] HTTP GET /Admin/GetUnreadMessagesCount responded 200 in 167.0647 ms
2026-07-13 20:26:09.962 +05:30 [INF] Request finished HTTP/1.1 GET http://localhost:5049/Admin/GetUnreadMessagesCount - 200 null application/json; charset=utf-8 167.3671ms
2026-07-13 20:26:39.875 +05:30 [INF] Request starting HTTP/1.1 GET http://localhost:5049/Admin/GetUnreadMessagesCount - null null
2026-07-13 20:26:39.875 +05:30 [INF] Executing endpoint 'Portfolio_Management_System.Controllers.AdminController.GetUnreadMessagesCount (Portfolio Management System)'
2026-07-13 20:26:39.875 +05:30 [INF] Route matched with {action = "GetUnreadMessagesCount", controller = "Admin"}. Executing controller action with signature System.Threading.Tasks.Task`1[Microsoft.AspNetCore.Mvc.IActionResult] GetUnreadMessagesCount() on controller Portfolio_Management_System.Controllers.AdminController (Portfolio Management System).
2026-07-13 20:26:39.890 +05:30 [INF] Request starting HTTP/1.1 GET http://localhost:5049/Admin/GetRecentMessages - null null
2026-07-13 20:26:39.891 +05:30 [INF] Executing endpoint 'Portfolio_Management_System.Controllers.AdminController.GetRecentMessages (Portfolio Management System)'
2026-07-13 20:26:39.892 +05:30 [INF] Route matched with {action = "GetRecentMessages", controller = "Admin"}. Executing controller action with signature System.Threading.Tasks.Task`1[Microsoft.AspNetCore.Mvc.IActionResult] GetRecentMessages() on controller Portfolio_Management_System.Controllers.AdminController (Portfolio Management System).
2026-07-13 20:26:40.033 +05:30 [INF] Executing JsonResult, writing value of type 'System.Int32'.
2026-07-13 20:26:40.033 +05:30 [INF] Executed action Portfolio_Management_System.Controllers.AdminController.GetUnreadMessagesCount (Portfolio Management System) in 157.6124ms
2026-07-13 20:26:40.033 +05:30 [INF] Executed endpoint 'Portfolio_Management_System.Controllers.AdminController.GetUnreadMessagesCount (Portfolio Management System)'
2026-07-13 20:26:40.033 +05:30 [INF] HTTP GET /Admin/GetUnreadMessagesCount responded 200 in 158.1433 ms
2026-07-13 20:26:40.033 +05:30 [INF] Request finished HTTP/1.1 GET http://localhost:5049/Admin/GetUnreadMessagesCount - 200 null application/json; charset=utf-8 158.3463ms
2026-07-13 20:26:40.046 +05:30 [INF] Executing JsonResult, writing value of type 'System.Collections.Generic.List`1[[<>f__AnonymousType23`7[[System.Int32, System.Private.CoreLib, Version=9.0.0.0, Culture=neutral, PublicKeyToken=7cec85d7bea7798e],[System.String, System.Private.CoreLib, Version=9.0.0.0, Culture=neutral, PublicKeyToken=7cec85d7bea7798e],[System.String, System.Private.CoreLib, Version=9.0.0.0, Culture=neutral, PublicKeyToken=7cec85d7bea7798e],[System.String, System.Private.CoreLib, Version=9.0.0.0, Culture=neutral, PublicKeyToken=7cec85d7bea7798e],[System.String, System.Private.CoreLib, Version=9.0.0.0, Culture=neutral, PublicKeyToken=7cec85d7bea7798e],[System.Boolean, System.Private.CoreLib, Version=9.0.0.0, Culture=neutral, PublicKeyToken=7cec85d7bea7798e],[System.DateTime, System.Private.CoreLib, Version=9.0.0.0, Culture=neutral, PublicKeyToken=7cec85d7bea7798e]], Portfolio Management System, Version=1.0.0.0, Culture=neutral, PublicKeyToken=null]]'.
2026-07-13 20:26:40.046 +05:30 [INF] Executed action Portfolio_Management_System.Controllers.AdminController.GetRecentMessages (Portfolio Management System) in 153.1586ms
2026-07-13 20:26:40.046 +05:30 [INF] Executed endpoint 'Portfolio_Management_System.Controllers.AdminController.GetRecentMessages (Portfolio Management System)'
2026-07-13 20:26:40.046 +05:30 [INF] HTTP GET /Admin/GetRecentMessages responded 200 in 155.6924 ms
2026-07-13 20:26:40.046 +05:30 [INF] Request finished HTTP/1.1 GET http://localhost:5049/Admin/GetRecentMessages - 200 null application/json; charset=utf-8 156.0998ms
2026-07-13 20:27:09.798 +05:30 [INF] Request starting HTTP/1.1 GET http://localhost:5049/Admin/GetUnreadMessagesCount - null null
2026-07-13 20:27:09.799 +05:30 [INF] Executing endpoint 'Portfolio_Management_System.Controllers.AdminController.GetUnreadMessagesCount (Portfolio Management System)'
2026-07-13 20:27:09.799 +05:30 [INF] Route matched with {action = "GetUnreadMessagesCount", controller = "Admin"}. Executing controller action with signature System.Threading.Tasks.Task`1[Microsoft.AspNetCore.Mvc.IActionResult] GetUnreadMessagesCount() on controller Portfolio_Management_System.Controllers.AdminController (Portfolio Management System).
2026-07-13 20:27:09.831 +05:30 [INF] Request starting HTTP/1.1 GET http://localhost:5049/Admin/GetRecentMessages - null null
2026-07-13 20:27:09.831 +05:30 [INF] Executing endpoint 'Portfolio_Management_System.Controllers.AdminController.GetRecentMessages (Portfolio Management System)'
2026-07-13 20:27:09.831 +05:30 [INF] Route matched with {action = "GetRecentMessages", controller = "Admin"}. Executing controller action with signature System.Threading.Tasks.Task`1[Microsoft.AspNetCore.Mvc.IActionResult] GetRecentMessages() on controller Portfolio_Management_System.Controllers.AdminController (Portfolio Management System).
2026-07-13 20:27:09.955 +05:30 [INF] Executing JsonResult, writing value of type 'System.Int32'.
2026-07-13 20:27:09.955 +05:30 [INF] Executed action Portfolio_Management_System.Controllers.AdminController.GetUnreadMessagesCount (Portfolio Management System) in 156.5693ms
2026-07-13 20:27:09.955 +05:30 [INF] Executed endpoint 'Portfolio_Management_System.Controllers.AdminController.GetUnreadMessagesCount (Portfolio Management System)'
2026-07-13 20:27:09.955 +05:30 [INF] HTTP GET /Admin/GetUnreadMessagesCount responded 200 in 157.1686 ms
2026-07-13 20:27:09.956 +05:30 [INF] Request finished HTTP/1.1 GET http://localhost:5049/Admin/GetUnreadMessagesCount - 200 null application/json; charset=utf-8 157.3936ms
2026-07-13 20:27:09.990 +05:30 [INF] Executing JsonResult, writing value of type 'System.Collections.Generic.List`1[[<>f__AnonymousType23`7[[System.Int32, System.Private.CoreLib, Version=9.0.0.0, Culture=neutral, PublicKeyToken=7cec85d7bea7798e],[System.String, System.Private.CoreLib, Version=9.0.0.0, Culture=neutral, PublicKeyToken=7cec85d7bea7798e],[System.String, System.Private.CoreLib, Version=9.0.0.0, Culture=neutral, PublicKeyToken=7cec85d7bea7798e],[System.String, System.Private.CoreLib, Version=9.0.0.0, Culture=neutral, PublicKeyToken=7cec85d7bea7798e],[System.String, System.Private.CoreLib, Version=9.0.0.0, Culture=neutral, PublicKeyToken=7cec85d7bea7798e],[System.Boolean, System.Private.CoreLib, Version=9.0.0.0, Culture=neutral, PublicKeyToken=7cec85d7bea7798e],[System.DateTime, System.Private.CoreLib, Version=9.0.0.0, Culture=neutral, PublicKeyToken=7cec85d7bea7798e]], Portfolio Management System, Version=1.0.0.0, Culture=neutral, PublicKeyToken=null]]'.
2026-07-13 20:27:09.991 +05:30 [INF] Executed action Portfolio_Management_System.Controllers.AdminController.GetRecentMessages (Portfolio Management System) in 159.7233ms
2026-07-13 20:27:09.991 +05:30 [INF] Executed endpoint 'Portfolio_Management_System.Controllers.AdminController.GetRecentMessages (Portfolio Management System)'
2026-07-13 20:27:09.991 +05:30 [INF] HTTP GET /Admin/GetRecentMessages responded 200 in 160.1579 ms
2026-07-13 20:27:09.991 +05:30 [INF] Request finished HTTP/1.1 GET http://localhost:5049/Admin/GetRecentMessages - 200 null application/json; charset=utf-8 160.3471ms
2026-07-13 20:27:11.076 +05:30 [INF] Request starting HTTP/1.1 POST http://localhost:5049/Home/BookMeeting - application/json 141
2026-07-13 20:27:11.082 +05:30 [INF] CORS policy execution successful.
2026-07-13 20:27:11.082 +05:30 [INF] Executing endpoint 'Portfolio_Management_System.Controllers.HomeController.BookMeeting (Portfolio Management System)'
2026-07-13 20:27:11.098 +05:30 [INF] Route matched with {action = "BookMeeting", controller = "Home"}. Executing controller action with signature System.Threading.Tasks.Task`1[Microsoft.AspNetCore.Mvc.IActionResult] BookMeeting(Portfolio_Management_System.Models.MeetingBookingModel) on controller Portfolio_Management_System.Controllers.HomeController (Portfolio Management System).
2026-07-13 20:27:11.337 +05:30 [INF] Executing JsonResult, writing value of type '<>f__AnonymousType9`2[[System.Boolean, System.Private.CoreLib, Version=9.0.0.0, Culture=neutral, PublicKeyToken=7cec85d7bea7798e],[System.String, System.Private.CoreLib, Version=9.0.0.0, Culture=neutral, PublicKeyToken=7cec85d7bea7798e]]'.
2026-07-13 20:27:11.342 +05:30 [INF] Executed action Portfolio_Management_System.Controllers.HomeController.BookMeeting (Portfolio Management System) in 243.896ms
2026-07-13 20:27:11.342 +05:30 [INF] Executed endpoint 'Portfolio_Management_System.Controllers.HomeController.BookMeeting (Portfolio Management System)'
2026-07-13 20:27:11.342 +05:30 [INF] HTTP POST /Home/BookMeeting responded 200 in 266.2233 ms
2026-07-13 20:27:11.342 +05:30 [INF] Request finished HTTP/1.1 POST http://localhost:5049/Home/BookMeeting - 200 null application/json; charset=utf-8 266.4704ms
2026-07-13 20:27:39.788 +05:30 [INF] Request starting HTTP/1.1 GET http://localhost:5049/Admin/GetUnreadMessagesCount - null null
2026-07-13 20:27:39.789 +05:30 [INF] Executing endpoint 'Portfolio_Management_System.Controllers.AdminController.GetUnreadMessagesCount (Portfolio Management System)'
2026-07-13 20:27:39.789 +05:30 [INF] Route matched with {action = "GetUnreadMessagesCount", controller = "Admin"}. Executing controller action with signature System.Threading.Tasks.Task`1[Microsoft.AspNetCore.Mvc.IActionResult] GetUnreadMessagesCount() on controller Portfolio_Management_System.Controllers.AdminController (Portfolio Management System).
2026-07-13 20:27:39.790 +05:30 [INF] Request starting HTTP/1.1 GET http://localhost:5049/Admin/GetRecentMessages - null null
2026-07-13 20:27:39.790 +05:30 [INF] Executing endpoint 'Portfolio_Management_System.Controllers.AdminController.GetRecentMessages (Portfolio Management System)'
2026-07-13 20:27:39.791 +05:30 [INF] Route matched with {action = "GetRecentMessages", controller = "Admin"}. Executing controller action with signature System.Threading.Tasks.Task`1[Microsoft.AspNetCore.Mvc.IActionResult] GetRecentMessages() on controller Portfolio_Management_System.Controllers.AdminController (Portfolio Management System).
2026-07-13 20:27:39.943 +05:30 [INF] Executing JsonResult, writing value of type 'System.Int32'.
2026-07-13 20:27:39.943 +05:30 [INF] Executed action Portfolio_Management_System.Controllers.AdminController.GetUnreadMessagesCount (Portfolio Management System) in 153.9304ms
2026-07-13 20:27:39.943 +05:30 [INF] Executed endpoint 'Portfolio_Management_System.Controllers.AdminController.GetUnreadMessagesCount (Portfolio Management System)'
2026-07-13 20:27:39.943 +05:30 [INF] HTTP GET /Admin/GetUnreadMessagesCount responded 200 in 154.4798 ms
2026-07-13 20:27:39.943 +05:30 [INF] Request finished HTTP/1.1 GET http://localhost:5049/Admin/GetUnreadMessagesCount - 200 null application/json; charset=utf-8 154.6785ms
2026-07-13 20:27:39.946 +05:30 [INF] Executing JsonResult, writing value of type 'System.Collections.Generic.List`1[[<>f__AnonymousType23`7[[System.Int32, System.Private.CoreLib, Version=9.0.0.0, Culture=neutral, PublicKeyToken=7cec85d7bea7798e],[System.String, System.Private.CoreLib, Version=9.0.0.0, Culture=neutral, PublicKeyToken=7cec85d7bea7798e],[System.String, System.Private.CoreLib, Version=9.0.0.0, Culture=neutral, PublicKeyToken=7cec85d7bea7798e],[System.String, System.Private.CoreLib, Version=9.0.0.0, Culture=neutral, PublicKeyToken=7cec85d7bea7798e],[System.String, System.Private.CoreLib, Version=9.0.0.0, Culture=neutral, PublicKeyToken=7cec85d7bea7798e],[System.Boolean, System.Private.CoreLib, Version=9.0.0.0, Culture=neutral, PublicKeyToken=7cec85d7bea7798e],[System.DateTime, System.Private.CoreLib, Version=9.0.0.0, Culture=neutral, PublicKeyToken=7cec85d7bea7798e]], Portfolio Management System, Version=1.0.0.0, Culture=neutral, PublicKeyToken=null]]'.
2026-07-13 20:27:39.946 +05:30 [INF] Executed action Portfolio_Management_System.Controllers.AdminController.GetRecentMessages (Portfolio Management System) in 155.88ms
2026-07-13 20:27:39.947 +05:30 [INF] Executed endpoint 'Portfolio_Management_System.Controllers.AdminController.GetRecentMessages (Portfolio Management System)'
2026-07-13 20:27:39.947 +05:30 [INF] HTTP GET /Admin/GetRecentMessages responded 200 in 156.2800 ms
2026-07-13 20:27:39.947 +05:30 [INF] Request finished HTTP/1.1 GET http://localhost:5049/Admin/GetRecentMessages - 200 null application/json; charset=utf-8 156.4391ms
2026-07-13 20:28:09.796 +05:30 [INF] Request starting HTTP/1.1 GET http://localhost:5049/Admin/GetUnreadMessagesCount - null null
2026-07-13 20:28:09.796 +05:30 [INF] Request starting HTTP/1.1 GET http://localhost:5049/Admin/GetRecentMessages - null null
2026-07-13 20:28:09.796 +05:30 [INF] Executing endpoint 'Portfolio_Management_System.Controllers.AdminController.GetUnreadMessagesCount (Portfolio Management System)'
2026-07-13 20:28:09.796 +05:30 [INF] Executing endpoint 'Portfolio_Management_System.Controllers.AdminController.GetRecentMessages (Portfolio Management System)'
2026-07-13 20:28:09.796 +05:30 [INF] Route matched with {action = "GetUnreadMessagesCount", controller = "Admin"}. Executing controller action with signature System.Threading.Tasks.Task`1[Microsoft.AspNetCore.Mvc.IActionResult] GetUnreadMessagesCount() on controller Portfolio_Management_System.Controllers.AdminController (Portfolio Management System).
2026-07-13 20:28:09.797 +05:30 [INF] Route matched with {action = "GetRecentMessages", controller = "Admin"}. Executing controller action with signature System.Threading.Tasks.Task`1[Microsoft.AspNetCore.Mvc.IActionResult] GetRecentMessages() on controller Portfolio_Management_System.Controllers.AdminController (Portfolio Management System).
2026-07-13 20:28:09.948 +05:30 [INF] Executing JsonResult, writing value of type 'System.Collections.Generic.List`1[[<>f__AnonymousType23`7[[System.Int32, System.Private.CoreLib, Version=9.0.0.0, Culture=neutral, PublicKeyToken=7cec85d7bea7798e],[System.String, System.Private.CoreLib, Version=9.0.0.0, Culture=neutral, PublicKeyToken=7cec85d7bea7798e],[System.String, System.Private.CoreLib, Version=9.0.0.0, Culture=neutral, PublicKeyToken=7cec85d7bea7798e],[System.String, System.Private.CoreLib, Version=9.0.0.0, Culture=neutral, PublicKeyToken=7cec85d7bea7798e],[System.String, System.Private.CoreLib, Version=9.0.0.0, Culture=neutral, PublicKeyToken=7cec85d7bea7798e],[System.Boolean, System.Private.CoreLib, Version=9.0.0.0, Culture=neutral, PublicKeyToken=7cec85d7bea7798e],[System.DateTime, System.Private.CoreLib, Version=9.0.0.0, Culture=neutral, PublicKeyToken=7cec85d7bea7798e]], Portfolio Management System, Version=1.0.0.0, Culture=neutral, PublicKeyToken=null]]'.
2026-07-13 20:28:09.949 +05:30 [INF] Executed action Portfolio_Management_System.Controllers.AdminController.GetRecentMessages (Portfolio Management System) in 152.0862ms
2026-07-13 20:28:09.949 +05:30 [INF] Executed endpoint 'Portfolio_Management_System.Controllers.AdminController.GetRecentMessages (Portfolio Management System)'
2026-07-13 20:28:09.949 +05:30 [INF] HTTP GET /Admin/GetRecentMessages responded 200 in 152.5181 ms
2026-07-13 20:28:09.949 +05:30 [INF] Request finished HTTP/1.1 GET http://localhost:5049/Admin/GetRecentMessages - 200 null application/json; charset=utf-8 152.8206ms
2026-07-13 20:28:09.952 +05:30 [INF] Executing JsonResult, writing value of type 'System.Int32'.
2026-07-13 20:28:09.952 +05:30 [INF] Executed action Portfolio_Management_System.Controllers.AdminController.GetUnreadMessagesCount (Portfolio Management System) in 155.4929ms
2026-07-13 20:28:09.952 +05:30 [INF] Executed endpoint 'Portfolio_Management_System.Controllers.AdminController.GetUnreadMessagesCount (Portfolio Management System)'
2026-07-13 20:28:09.952 +05:30 [INF] HTTP GET /Admin/GetUnreadMessagesCount responded 200 in 156.1511 ms
2026-07-13 20:28:09.952 +05:30 [INF] Request finished HTTP/1.1 GET http://localhost:5049/Admin/GetUnreadMessagesCount - 200 null application/json; charset=utf-8 156.382ms
2026-07-13 20:28:55.801 +05:30 [INF] Request starting HTTP/1.1 GET http://localhost:5049/Admin/GetUnreadMessagesCount - null null
2026-07-13 20:28:55.801 +05:30 [INF] Executing endpoint 'Portfolio_Management_System.Controllers.AdminController.GetUnreadMessagesCount (Portfolio Management System)'
2026-07-13 20:28:55.801 +05:30 [INF] Route matched with {action = "GetUnreadMessagesCount", controller = "Admin"}. Executing controller action with signature System.Threading.Tasks.Task`1[Microsoft.AspNetCore.Mvc.IActionResult] GetUnreadMessagesCount() on controller Portfolio_Management_System.Controllers.AdminController (Portfolio Management System).
2026-07-13 20:28:55.801 +05:30 [INF] Request starting HTTP/1.1 GET http://localhost:5049/Admin/GetRecentMessages - null null
2026-07-13 20:28:55.801 +05:30 [INF] Executing endpoint 'Portfolio_Management_System.Controllers.AdminController.GetRecentMessages (Portfolio Management System)'
2026-07-13 20:28:55.802 +05:30 [INF] Route matched with {action = "GetRecentMessages", controller = "Admin"}. Executing controller action with signature System.Threading.Tasks.Task`1[Microsoft.AspNetCore.Mvc.IActionResult] GetRecentMessages() on controller Portfolio_Management_System.Controllers.AdminController (Portfolio Management System).
2026-07-13 20:28:55.955 +05:30 [INF] Executing JsonResult, writing value of type 'System.Int32'.
2026-07-13 20:28:55.955 +05:30 [INF] Executing JsonResult, writing value of type 'System.Collections.Generic.List`1[[<>f__AnonymousType23`7[[System.Int32, System.Private.CoreLib, Version=9.0.0.0, Culture=neutral, PublicKeyToken=7cec85d7bea7798e],[System.String, System.Private.CoreLib, Version=9.0.0.0, Culture=neutral, PublicKeyToken=7cec85d7bea7798e],[System.String, System.Private.CoreLib, Version=9.0.0.0, Culture=neutral, PublicKeyToken=7cec85d7bea7798e],[System.String, System.Private.CoreLib, Version=9.0.0.0, Culture=neutral, PublicKeyToken=7cec85d7bea7798e],[System.String, System.Private.CoreLib, Version=9.0.0.0, Culture=neutral, PublicKeyToken=7cec85d7bea7798e],[System.Boolean, System.Private.CoreLib, Version=9.0.0.0, Culture=neutral, PublicKeyToken=7cec85d7bea7798e],[System.DateTime, System.Private.CoreLib, Version=9.0.0.0, Culture=neutral, PublicKeyToken=7cec85d7bea7798e]], Portfolio Management System, Version=1.0.0.0, Culture=neutral, PublicKeyToken=null]]'.
2026-07-13 20:28:55.956 +05:30 [INF] Executed action Portfolio_Management_System.Controllers.AdminController.GetUnreadMessagesCount (Portfolio Management System) in 154.3964ms
2026-07-13 20:28:55.956 +05:30 [INF] Executed action Portfolio_Management_System.Controllers.AdminController.GetRecentMessages (Portfolio Management System) in 154.1603ms
2026-07-13 20:28:55.956 +05:30 [INF] Executed endpoint 'Portfolio_Management_System.Controllers.AdminController.GetUnreadMessagesCount (Portfolio Management System)'
2026-07-13 20:28:55.956 +05:30 [INF] Executed endpoint 'Portfolio_Management_System.Controllers.AdminController.GetRecentMessages (Portfolio Management System)'
2026-07-13 20:28:55.956 +05:30 [INF] HTTP GET /Admin/GetUnreadMessagesCount responded 200 in 154.8165 ms
2026-07-13 20:28:55.956 +05:30 [INF] HTTP GET /Admin/GetRecentMessages responded 200 in 154.4234 ms
2026-07-13 20:28:55.956 +05:30 [INF] Request finished HTTP/1.1 GET http://localhost:5049/Admin/GetUnreadMessagesCount - 200 null application/json; charset=utf-8 154.9572ms
2026-07-13 20:28:55.956 +05:30 [INF] Request finished HTTP/1.1 GET http://localhost:5049/Admin/GetRecentMessages - 200 null application/json; charset=utf-8 154.5422ms
2026-07-13 20:29:55.794 +05:30 [INF] Request starting HTTP/1.1 GET http://localhost:5049/Admin/GetUnreadMessagesCount - null null
2026-07-13 20:29:55.794 +05:30 [INF] Executing endpoint 'Portfolio_Management_System.Controllers.AdminController.GetUnreadMessagesCount (Portfolio Management System)'
2026-07-13 20:29:55.794 +05:30 [INF] Route matched with {action = "GetUnreadMessagesCount", controller = "Admin"}. Executing controller action with signature System.Threading.Tasks.Task`1[Microsoft.AspNetCore.Mvc.IActionResult] GetUnreadMessagesCount() on controller Portfolio_Management_System.Controllers.AdminController (Portfolio Management System).
2026-07-13 20:29:55.795 +05:30 [INF] Request starting HTTP/1.1 GET http://localhost:5049/Admin/GetRecentMessages - null null
2026-07-13 20:29:55.795 +05:30 [INF] Executing endpoint 'Portfolio_Management_System.Controllers.AdminController.GetRecentMessages (Portfolio Management System)'
2026-07-13 20:29:55.795 +05:30 [INF] Route matched with {action = "GetRecentMessages", controller = "Admin"}. Executing controller action with signature System.Threading.Tasks.Task`1[Microsoft.AspNetCore.Mvc.IActionResult] GetRecentMessages() on controller Portfolio_Management_System.Controllers.AdminController (Portfolio Management System).
2026-07-13 20:29:55.948 +05:30 [INF] Executing JsonResult, writing value of type 'System.Collections.Generic.List`1[[<>f__AnonymousType23`7[[System.Int32, System.Private.CoreLib, Version=9.0.0.0, Culture=neutral, PublicKeyToken=7cec85d7bea7798e],[System.String, System.Private.CoreLib, Version=9.0.0.0, Culture=neutral, PublicKeyToken=7cec85d7bea7798e],[System.String, System.Private.CoreLib, Version=9.0.0.0, Culture=neutral, PublicKeyToken=7cec85d7bea7798e],[System.String, System.Private.CoreLib, Version=9.0.0.0, Culture=neutral, PublicKeyToken=7cec85d7bea7798e],[System.String, System.Private.CoreLib, Version=9.0.0.0, Culture=neutral, PublicKeyToken=7cec85d7bea7798e],[System.Boolean, System.Private.CoreLib, Version=9.0.0.0, Culture=neutral, PublicKeyToken=7cec85d7bea7798e],[System.DateTime, System.Private.CoreLib, Version=9.0.0.0, Culture=neutral, PublicKeyToken=7cec85d7bea7798e]], Portfolio Management System, Version=1.0.0.0, Culture=neutral, PublicKeyToken=null]]'.
2026-07-13 20:29:55.948 +05:30 [INF] Executed action Portfolio_Management_System.Controllers.AdminController.GetRecentMessages (Portfolio Management System) in 153.5846ms
2026-07-13 20:29:55.949 +05:30 [INF] Executed endpoint 'Portfolio_Management_System.Controllers.AdminController.GetRecentMessages (Portfolio Management System)'
2026-07-13 20:29:55.949 +05:30 [INF] HTTP GET /Admin/GetRecentMessages responded 200 in 153.9953 ms
2026-07-13 20:29:55.949 +05:30 [INF] Request finished HTTP/1.1 GET http://localhost:5049/Admin/GetRecentMessages - 200 null application/json; charset=utf-8 154.1249ms
2026-07-13 20:29:55.952 +05:30 [INF] Executing JsonResult, writing value of type 'System.Int32'.
2026-07-13 20:29:55.952 +05:30 [INF] Executed action Portfolio_Management_System.Controllers.AdminController.GetUnreadMessagesCount (Portfolio Management System) in 158.0127ms
2026-07-13 20:29:55.952 +05:30 [INF] Executed endpoint 'Portfolio_Management_System.Controllers.AdminController.GetUnreadMessagesCount (Portfolio Management System)'
2026-07-13 20:29:55.952 +05:30 [INF] HTTP GET /Admin/GetUnreadMessagesCount responded 200 in 158.3768 ms
2026-07-13 20:29:55.952 +05:30 [INF] Request finished HTTP/1.1 GET http://localhost:5049/Admin/GetUnreadMessagesCount - 200 null application/json; charset=utf-8 158.5121ms
2026-07-13 20:30:18.185 +05:30 [INF] Request starting HTTP/1.1 POST http://localhost:5049/chathub/negotiate?negotiateVersion=1 - null 0
2026-07-13 20:30:18.185 +05:30 [INF] CORS policy execution successful.
2026-07-13 20:30:18.185 +05:30 [INF] Executing endpoint '/chathub/negotiate'
2026-07-13 20:30:18.186 +05:30 [INF] Executed endpoint '/chathub/negotiate'
2026-07-13 20:30:18.186 +05:30 [INF] HTTP POST /chathub/negotiate responded 200 in 1.4408 ms
2026-07-13 20:30:18.187 +05:30 [INF] Request finished HTTP/1.1 POST http://localhost:5049/chathub/negotiate?negotiateVersion=1 - 200 316 application/json 1.6687ms
2026-07-13 20:30:18.217 +05:30 [INF] Request starting HTTP/1.1 GET http://localhost:5049/chathub?id=eyDs5u48q7pTP8sTCd2W8Q - null null
2026-07-13 20:30:18.217 +05:30 [INF] CORS policy execution successful.
2026-07-13 20:30:18.217 +05:30 [INF] Executing endpoint '/chathub'
2026-07-13 20:30:25.441 +05:30 [INF] Request starting HTTP/1.1 POST http://localhost:5049/Home/AskAi - application/json 52
2026-07-13 20:30:25.441 +05:30 [INF] CORS policy execution successful.
2026-07-13 20:30:25.442 +05:30 [INF] Executing endpoint 'Portfolio_Management_System.Controllers.HomeController.AskAi (Portfolio Management System)'
2026-07-13 20:30:25.551 +05:30 [INF] Route matched with {action = "AskAi", controller = "Home"}. Executing controller action with signature System.Threading.Tasks.Task`1[Microsoft.AspNetCore.Mvc.IActionResult] AskAi(AskAiRequest) on controller Portfolio_Management_System.Controllers.HomeController (Portfolio Management System).
2026-07-13 20:30:26.606 +05:30 [INF] Executing JsonResult, writing value of type '<>f__AnonymousType29`2[[System.Boolean, System.Private.CoreLib, Version=9.0.0.0, Culture=neutral, PublicKeyToken=7cec85d7bea7798e],[System.String, System.Private.CoreLib, Version=9.0.0.0, Culture=neutral, PublicKeyToken=7cec85d7bea7798e]]'.
2026-07-13 20:30:26.609 +05:30 [INF] Executed action Portfolio_Management_System.Controllers.HomeController.AskAi (Portfolio Management System) in 1057.7414ms
2026-07-13 20:30:26.609 +05:30 [INF] Executed endpoint 'Portfolio_Management_System.Controllers.HomeController.AskAi (Portfolio Management System)'
2026-07-13 20:30:26.609 +05:30 [INF] HTTP POST /Home/AskAi responded 200 in 1167.3330 ms
2026-07-13 20:30:26.609 +05:30 [INF] Request finished HTTP/1.1 POST http://localhost:5049/Home/AskAi - 200 null application/json; charset=utf-8 1167.5797ms
2026-07-13 20:30:32.532 +05:30 [INF] Request starting HTTP/1.1 POST http://localhost:5049/chathub/negotiate?negotiateVersion=1 - null 0
2026-07-13 20:30:32.533 +05:30 [INF] CORS policy execution successful.
2026-07-13 20:30:32.533 +05:30 [INF] Executing endpoint '/chathub/negotiate'
2026-07-13 20:30:32.533 +05:30 [INF] Executed endpoint '/chathub/negotiate'
2026-07-13 20:30:32.533 +05:30 [INF] HTTP POST /chathub/negotiate responded 200 in 0.7417 ms
2026-07-13 20:30:32.533 +05:30 [INF] Request finished HTTP/1.1 POST http://localhost:5049/chathub/negotiate?negotiateVersion=1 - 200 316 application/json 0.9354ms
2026-07-13 20:30:32.541 +05:30 [INF] Request starting HTTP/1.1 GET http://localhost:5049/chathub?id=hgQ6RBylSR4dXhVXw3AVmQ - null null
2026-07-13 20:30:32.542 +05:30 [INF] CORS policy execution successful.
2026-07-13 20:30:32.542 +05:30 [INF] Executing endpoint '/chathub'
2026-07-13 20:33:23.571 +05:30 [INF] Executed endpoint '/chathub'
2026-07-13 20:33:23.571 +05:30 [INF] Executed endpoint '/chathub'
2026-07-13 20:33:23.571 +05:30 [INF] HTTP GET /chathub responded 101 in 171029.4602 ms
2026-07-13 20:33:23.571 +05:30 [INF] Executed endpoint '/chathub'
2026-07-13 20:33:23.571 +05:30 [INF] HTTP GET /chathub responded 101 in 185353.9034 ms
2026-07-13 20:33:23.571 +05:30 [INF] Request finished HTTP/1.1 GET http://localhost:5049/chathub?id=hgQ6RBylSR4dXhVXw3AVmQ - 101 null null 171029.7421ms
2026-07-13 20:33:23.571 +05:30 [INF] Request finished HTTP/1.1 GET http://localhost:5049/chathub?id=eyDs5u48q7pTP8sTCd2W8Q - 101 null null 185359.8396ms
2026-07-13 20:33:23.571 +05:30 [INF] HTTP GET /chathub responded 101 in 460259.8606 ms
2026-07-13 20:33:23.571 +05:30 [INF] Request finished HTTP/1.1 GET http://localhost:5049/chathub?id=aZzFXLbsxIiTJp5ddqK8uw - 101 null null 460260.3698ms
2026-07-13 20:33:25.549 +05:30 [INF] Request starting HTTP/1.1 GET http://localhost:5049/sw.js - null null
2026-07-13 20:33:25.550 +05:30 [INF] The file /sw.js was not modified
2026-07-13 20:33:25.550 +05:30 [INF] HTTP GET /sw.js responded 304 in 0.4475 ms
2026-07-13 20:33:25.550 +05:30 [INF] Request finished HTTP/1.1 GET http://localhost:5049/sw.js - 304 null text/javascript 0.9409ms
2026-07-13 20:33:44.001 +05:30 [INF] Request starting HTTP/1.1 POST http://localhost:5049/chathub/negotiate?negotiateVersion=1 - null 0
2026-07-13 20:33:44.001 +05:30 [INF] CORS policy execution successful.
2026-07-13 20:33:44.002 +05:30 [INF] Executing endpoint '/chathub/negotiate'
2026-07-13 20:33:44.002 +05:30 [INF] Executed endpoint '/chathub/negotiate'
2026-07-13 20:33:44.002 +05:30 [INF] HTTP POST /chathub/negotiate responded 200 in 0.9965 ms
2026-07-13 20:33:44.002 +05:30 [INF] Request finished HTTP/1.1 POST http://localhost:5049/chathub/negotiate?negotiateVersion=1 - 200 316 application/json 1.2728ms
2026-07-13 20:33:44.026 +05:30 [INF] Request starting HTTP/1.1 GET http://localhost:5049/chathub?id=ZUK3ucdulfzZE_qPnee7jQ - null null
2026-07-13 20:33:44.026 +05:30 [INF] CORS policy execution successful.
2026-07-13 20:33:44.027 +05:30 [INF] Executing endpoint '/chathub'
2026-07-13 20:39:25.504 +05:30 [WRN] JWT SecretKey missing in configuration. JWT Auth not configured.
2026-07-13 20:39:29.090 +05:30 [INF] Executed DbCommand (159ms) [Parameters=[], CommandType='"Text"', CommandTimeout='30']
SELECT 1
2026-07-13 20:39:29.106 +05:30 [INF] Acquiring an exclusive lock for migration application. See https://aka.ms/efcore-docs-migrations-lock for more information if this takes too long.
2026-07-13 20:39:29.270 +05:30 [INF] Executed DbCommand (158ms) [Parameters=[], CommandType='"Text"', CommandTimeout='30']
DECLARE @result int;
EXEC @result = sp_getapplock @Resource = '__EFMigrationsLock', @LockOwner = 'Session', @LockMode = 'Exclusive';
SELECT @result
2026-07-13 20:39:29.716 +05:30 [INF] Executed DbCommand (155ms) [Parameters=[], CommandType='"Text"', CommandTimeout='30']
IF OBJECT_ID(N'[__EFMigrationsHistory]') IS NULL
BEGIN
    CREATE TABLE [__EFMigrationsHistory] (
        [MigrationId] nvarchar(150) NOT NULL,
        [ProductVersion] nvarchar(32) NOT NULL,
        CONSTRAINT [PK___EFMigrationsHistory] PRIMARY KEY ([MigrationId])
    );
END;
2026-07-13 20:39:30.198 +05:30 [INF] Executed DbCommand (154ms) [Parameters=[], CommandType='"Text"', CommandTimeout='30']
SELECT 1
2026-07-13 20:39:30.354 +05:30 [INF] Executed DbCommand (155ms) [Parameters=[], CommandType='"Text"', CommandTimeout='30']
SELECT OBJECT_ID(N'[__EFMigrationsHistory]');
2026-07-13 20:39:30.512 +05:30 [INF] Executed DbCommand (155ms) [Parameters=[], CommandType='"Text"', CommandTimeout='30']
SELECT [MigrationId], [ProductVersion]
FROM [__EFMigrationsHistory]
ORDER BY [MigrationId];
2026-07-13 20:39:30.526 +05:30 [INF] No migrations were applied. The database is already up to date.
2026-07-13 20:39:30.836 +05:30 [INF] Executed DbCommand (154ms) [Parameters=[], CommandType='"Text"', CommandTimeout='30']
DECLARE @result int;
EXEC @result = sp_releaseapplock @Resource = '__EFMigrationsLock', @LockOwner = 'Session';
SELECT @result
2026-07-13 20:39:30.848 +05:30 [INF] Initializing AKTU multi-university portal database schema...
2026-07-13 20:39:32.879 +05:30 [INF] Database tables initialized/verified successfully.
2026-07-13 20:39:32.884 +05:30 [INF] Fetching Indian universities from API...
2026-07-13 20:39:33.995 +05:30 [INF] Loaded 475 universities from API. Syncing with database...
2026-07-13 20:39:34.471 +05:30 [INF] Successfully inserted 0 new universities from API.
2026-07-13 20:39:35.559 +05:30 [INF] Using uvicorn executable: "c:\Users\ak731\Desktop\DSA\Portfolio Management System\venv\Scripts\uvicorn.exe"
2026-07-13 20:39:35.681 +05:30 [INF] Started Python AI Server automatically at c:\Users\ak731\Desktop\DSA\Portfolio Management System\AutoTube\AutoTube.AI (using venv if available).
2026-07-13 20:39:40.739 +05:30 [INF] Python AI Server health check passed.
2026-07-13 20:39:40.740 +05:30 [INF] Unified API starting on Development
2026-07-13 20:39:40.772 +05:30 [INF] User profile is available. Using 'C:\Users\ak731\AppData\Local\ASP.NET\DataProtection-Keys' as key repository and Windows DPAPI to encrypt keys at rest.
2026-07-13 20:39:40.797 +05:30 [INF] Gallery Auto-Uploader Background Service started.
2026-07-13 20:39:40.833 +05:30 [INF] Start processing HTTP request GET https://www.youtube.com/@CodeCrafters42
2026-07-13 20:39:40.852 +05:30 [INF] Sending HTTP request GET https://www.youtube.com/@CodeCrafters42
2026-07-13 20:39:40.891 +05:30 [INF] AutoTube Video Automation Background Scheduler started. Scheduled for 9:00 AM daily.
2026-07-13 20:39:40.891 +05:30 [INF] Next video generation cycle scheduled at "2026-07-14T09:00:00.0000000" (in 12.34 hours).
2026-07-13 20:39:40.994 +05:30 [INF] Now listening on: http://localhost:5049
2026-07-13 20:39:40.994 +05:30 [INF] Application started. Press Ctrl+C to shut down.
2026-07-13 20:39:40.994 +05:30 [INF] Hosting environment: Development
2026-07-13 20:39:40.995 +05:30 [INF] Content root path: c:\Users\ak731\Desktop\DSA\Portfolio Management System
2026-07-13 20:39:41.142 +05:30 [INF] Received HTTP response headers after 285.4458ms - 404
2026-07-13 20:39:41.148 +05:30 [INF] End processing HTTP request after 338.4743ms - 404
2026-07-13 20:39:41.974 +05:30 [INF] Daily AI Generated Video upload complete: AI & Deep Learning Architectures - Daily AI Tutorial [Copyright-Free]
2026-07-13 20:40:13.564 +05:30 [INF] Request starting HTTP/1.1 GET http://localhost:5049/sw.js - null null
2026-07-13 20:40:13.728 +05:30 [WRN] Failed to determine the https port for redirect.
2026-07-13 20:40:13.772 +05:30 [INF] The file /sw.js was not modified
2026-07-13 20:40:13.803 +05:30 [INF] HTTP GET /sw.js responded 304 in 204.3370 ms
2026-07-13 20:40:13.839 +05:30 [INF] Request finished HTTP/1.1 GET http://localhost:5049/sw.js - 304 null text/javascript 276.4538ms
2026-07-13 20:40:32.133 +05:30 [INF] Request starting HTTP/1.1 POST http://localhost:5049/Home/BookMeeting - application/json 141
2026-07-13 20:40:32.213 +05:30 [ERR] HTTP POST /Home/BookMeeting responded 500 in 78.1450 ms
Microsoft.AspNetCore.Routing.Matching.AmbiguousMatchException: The request matched multiple endpoints. Matches: 

Portfolio_Management_System.Controllers.HomeController.BookMeeting (Portfolio Management System)
Portfolio_Management_System.Controllers.HomeController.BookMeeting (Portfolio Management System)
   at Microsoft.AspNetCore.Routing.Matching.DefaultEndpointSelector.ReportAmbiguity(Span`1 candidateState)
   at Microsoft.AspNetCore.Routing.Matching.DefaultEndpointSelector.ProcessFinalCandidates(HttpContext httpContext, Span`1 candidateState)
   at Microsoft.AspNetCore.Routing.Matching.DefaultEndpointSelector.Select(HttpContext httpContext, Span`1 candidateState)
   at Microsoft.AspNetCore.Routing.Matching.DfaMatcher.MatchAsync(HttpContext httpContext)
   at Microsoft.AspNetCore.Routing.EndpointRoutingMiddleware.Invoke(HttpContext httpContext)
   at Microsoft.AspNetCore.StaticFiles.StaticFileMiddleware.Invoke(HttpContext context)
   at Microsoft.AspNetCore.HttpsPolicy.HttpsRedirectionMiddleware.Invoke(HttpContext context)
   at Swashbuckle.AspNetCore.SwaggerUI.SwaggerUIMiddleware.Invoke(HttpContext httpContext)
   at Swashbuckle.AspNetCore.Swagger.SwaggerMiddleware.Invoke(HttpContext httpContext, ISwaggerProvider swaggerProvider)
   at Serilog.AspNetCore.RequestLoggingMiddleware.Invoke(HttpContext httpContext)
2026-07-13 20:40:32.238 +05:30 [ERR] Unhandled exception: The request matched multiple endpoints. Matches: 

Portfolio_Management_System.Controllers.HomeController.BookMeeting (Portfolio Management System)
Portfolio_Management_System.Controllers.HomeController.BookMeeting (Portfolio Management System)
Microsoft.AspNetCore.Routing.Matching.AmbiguousMatchException: The request matched multiple endpoints. Matches: 

Portfolio_Management_System.Controllers.HomeController.BookMeeting (Portfolio Management System)
Portfolio_Management_System.Controllers.HomeController.BookMeeting (Portfolio Management System)
   at Microsoft.AspNetCore.Routing.Matching.DefaultEndpointSelector.ReportAmbiguity(Span`1 candidateState)
   at Microsoft.AspNetCore.Routing.Matching.DefaultEndpointSelector.ProcessFinalCandidates(HttpContext httpContext, Span`1 candidateState)
   at Microsoft.AspNetCore.Routing.Matching.DefaultEndpointSelector.Select(HttpContext httpContext, Span`1 candidateState)
   at Microsoft.AspNetCore.Routing.Matching.DfaMatcher.MatchAsync(HttpContext httpContext)
   at Microsoft.AspNetCore.Routing.EndpointRoutingMiddleware.Invoke(HttpContext httpContext)
   at Microsoft.AspNetCore.StaticFiles.StaticFileMiddleware.Invoke(HttpContext context)
   at Microsoft.AspNetCore.HttpsPolicy.HttpsRedirectionMiddleware.Invoke(HttpContext context)
   at Swashbuckle.AspNetCore.SwaggerUI.SwaggerUIMiddleware.Invoke(HttpContext httpContext)
   at Swashbuckle.AspNetCore.Swagger.SwaggerMiddleware.Invoke(HttpContext httpContext, ISwaggerProvider swaggerProvider)
   at Serilog.AspNetCore.RequestLoggingMiddleware.Invoke(HttpContext httpContext)
   at AutoTube.API.Middleware.ExceptionMiddleware.InvokeAsync(HttpContext context) in c:\Users\ak731\Desktop\DSA\Portfolio Management System\AutoTube\AutoTube.API\Middleware\ExceptionMiddleware.cs:line 22
2026-07-13 20:40:32.346 +05:30 [INF] Request finished HTTP/1.1 POST http://localhost:5049/Home/BookMeeting - 500 null application/json 212.8601ms
2026-07-13 20:40:39.666 +05:30 [INF] Request starting HTTP/1.1 POST http://localhost:5049/Home/BookMeeting - application/json 141
2026-07-13 20:40:39.672 +05:30 [ERR] HTTP POST /Home/BookMeeting responded 500 in 5.5149 ms
Microsoft.AspNetCore.Routing.Matching.AmbiguousMatchException: The request matched multiple endpoints. Matches: 

Portfolio_Management_System.Controllers.HomeController.BookMeeting (Portfolio Management System)
Portfolio_Management_System.Controllers.HomeController.BookMeeting (Portfolio Management System)
   at Microsoft.AspNetCore.Routing.Matching.DefaultEndpointSelector.ReportAmbiguity(Span`1 candidateState)
   at Microsoft.AspNetCore.Routing.Matching.DefaultEndpointSelector.ProcessFinalCandidates(HttpContext httpContext, Span`1 candidateState)
   at Microsoft.AspNetCore.Routing.Matching.DefaultEndpointSelector.Select(HttpContext httpContext, Span`1 candidateState)
   at Microsoft.AspNetCore.Routing.Matching.DfaMatcher.MatchAsync(HttpContext httpContext)
   at Microsoft.AspNetCore.Routing.EndpointRoutingMiddleware.Invoke(HttpContext httpContext)
   at Microsoft.AspNetCore.StaticFiles.StaticFileMiddleware.Invoke(HttpContext context)
   at Microsoft.AspNetCore.HttpsPolicy.HttpsRedirectionMiddleware.Invoke(HttpContext context)
   at Swashbuckle.AspNetCore.SwaggerUI.SwaggerUIMiddleware.Invoke(HttpContext httpContext)
   at Swashbuckle.AspNetCore.Swagger.SwaggerMiddleware.Invoke(HttpContext httpContext, ISwaggerProvider swaggerProvider)
   at Serilog.AspNetCore.RequestLoggingMiddleware.Invoke(HttpContext httpContext)
2026-07-13 20:40:39.673 +05:30 [ERR] Unhandled exception: The request matched multiple endpoints. Matches: 

Portfolio_Management_System.Controllers.HomeController.BookMeeting (Portfolio Management System)
Portfolio_Management_System.Controllers.HomeController.BookMeeting (Portfolio Management System)
Microsoft.AspNetCore.Routing.Matching.AmbiguousMatchException: The request matched multiple endpoints. Matches: 

Portfolio_Management_System.Controllers.HomeController.BookMeeting (Portfolio Management System)
Portfolio_Management_System.Controllers.HomeController.BookMeeting (Portfolio Management System)
   at Microsoft.AspNetCore.Routing.Matching.DefaultEndpointSelector.ReportAmbiguity(Span`1 candidateState)
   at Microsoft.AspNetCore.Routing.Matching.DefaultEndpointSelector.ProcessFinalCandidates(HttpContext httpContext, Span`1 candidateState)
   at Microsoft.AspNetCore.Routing.Matching.DefaultEndpointSelector.Select(HttpContext httpContext, Span`1 candidateState)
   at Microsoft.AspNetCore.Routing.Matching.DfaMatcher.MatchAsync(HttpContext httpContext)
   at Microsoft.AspNetCore.Routing.EndpointRoutingMiddleware.Invoke(HttpContext httpContext)
   at Microsoft.AspNetCore.StaticFiles.StaticFileMiddleware.Invoke(HttpContext context)
   at Microsoft.AspNetCore.HttpsPolicy.HttpsRedirectionMiddleware.Invoke(HttpContext context)
   at Swashbuckle.AspNetCore.SwaggerUI.SwaggerUIMiddleware.Invoke(HttpContext httpContext)
   at Swashbuckle.AspNetCore.Swagger.SwaggerMiddleware.Invoke(HttpContext httpContext, ISwaggerProvider swaggerProvider)
   at Serilog.AspNetCore.RequestLoggingMiddleware.Invoke(HttpContext httpContext)
   at AutoTube.API.Middleware.ExceptionMiddleware.InvokeAsync(HttpContext context) in c:\Users\ak731\Desktop\DSA\Portfolio Management System\AutoTube\AutoTube.API\Middleware\ExceptionMiddleware.cs:line 22
2026-07-13 20:40:39.683 +05:30 [INF] Request finished HTTP/1.1 POST http://localhost:5049/Home/BookMeeting - 500 null application/json 17.2861ms
2026-07-13 20:40:46.983 +05:30 [INF] Request starting HTTP/1.1 POST http://localhost:5049/Home/BookMeeting - application/json 141
2026-07-13 20:40:46.983 +05:30 [ERR] HTTP POST /Home/BookMeeting responded 500 in 0.2269 ms
Microsoft.AspNetCore.Routing.Matching.AmbiguousMatchException: The request matched multiple endpoints. Matches: 

Portfolio_Management_System.Controllers.HomeController.BookMeeting (Portfolio Management System)
Portfolio_Management_System.Controllers.HomeController.BookMeeting (Portfolio Management System)
   at Microsoft.AspNetCore.Routing.Matching.DefaultEndpointSelector.ReportAmbiguity(Span`1 candidateState)
   at Microsoft.AspNetCore.Routing.Matching.DefaultEndpointSelector.ProcessFinalCandidates(HttpContext httpContext, Span`1 candidateState)
   at Microsoft.AspNetCore.Routing.Matching.DefaultEndpointSelector.Select(HttpContext httpContext, Span`1 candidateState)
   at Microsoft.AspNetCore.Routing.Matching.DfaMatcher.MatchAsync(HttpContext httpContext)
   at Microsoft.AspNetCore.Routing.EndpointRoutingMiddleware.Invoke(HttpContext httpContext)
   at Microsoft.AspNetCore.StaticFiles.StaticFileMiddleware.Invoke(HttpContext context)
   at Microsoft.AspNetCore.HttpsPolicy.HttpsRedirectionMiddleware.Invoke(HttpContext context)
   at Swashbuckle.AspNetCore.SwaggerUI.SwaggerUIMiddleware.Invoke(HttpContext httpContext)
   at Swashbuckle.AspNetCore.Swagger.SwaggerMiddleware.Invoke(HttpContext httpContext, ISwaggerProvider swaggerProvider)
   at Serilog.AspNetCore.RequestLoggingMiddleware.Invoke(HttpContext httpContext)
2026-07-13 20:40:46.984 +05:30 [ERR] Unhandled exception: The request matched multiple endpoints. Matches: 

Portfolio_Management_System.Controllers.HomeController.BookMeeting (Portfolio Management System)
Portfolio_Management_System.Controllers.HomeController.BookMeeting (Portfolio Management System)
Microsoft.AspNetCore.Routing.Matching.AmbiguousMatchException: The request matched multiple endpoints. Matches: 

Portfolio_Management_System.Controllers.HomeController.BookMeeting (Portfolio Management System)
Portfolio_Management_System.Controllers.HomeController.BookMeeting (Portfolio Management System)
   at Microsoft.AspNetCore.Routing.Matching.DefaultEndpointSelector.ReportAmbiguity(Span`1 candidateState)
   at Microsoft.AspNetCore.Routing.Matching.DefaultEndpointSelector.ProcessFinalCandidates(HttpContext httpContext, Span`1 candidateState)
   at Microsoft.AspNetCore.Routing.Matching.DefaultEndpointSelector.Select(HttpContext httpContext, Span`1 candidateState)
   at Microsoft.AspNetCore.Routing.Matching.DfaMatcher.MatchAsync(HttpContext httpContext)
   at Microsoft.AspNetCore.Routing.EndpointRoutingMiddleware.Invoke(HttpContext httpContext)
   at Microsoft.AspNetCore.StaticFiles.StaticFileMiddleware.Invoke(HttpContext context)
   at Microsoft.AspNetCore.HttpsPolicy.HttpsRedirectionMiddleware.Invoke(HttpContext context)
   at Swashbuckle.AspNetCore.SwaggerUI.SwaggerUIMiddleware.Invoke(HttpContext httpContext)
   at Swashbuckle.AspNetCore.Swagger.SwaggerMiddleware.Invoke(HttpContext httpContext, ISwaggerProvider swaggerProvider)
   at Serilog.AspNetCore.RequestLoggingMiddleware.Invoke(HttpContext httpContext)
   at AutoTube.API.Middleware.ExceptionMiddleware.InvokeAsync(HttpContext context) in c:\Users\ak731\Desktop\DSA\Portfolio Management System\AutoTube\AutoTube.API\Middleware\ExceptionMiddleware.cs:line 22
2026-07-13 20:40:46.989 +05:30 [INF] Request finished HTTP/1.1 POST http://localhost:5049/Home/BookMeeting - 500 null application/json 5.5924ms
2026-07-13 20:52:13.430 +05:30 [WRN] JWT SecretKey missing in configuration. JWT Auth not configured.
2026-07-13 20:52:17.530 +05:30 [INF] Executed DbCommand (157ms) [Parameters=[], CommandType='"Text"', CommandTimeout='30']
SELECT 1
2026-07-13 20:52:17.546 +05:30 [INF] Acquiring an exclusive lock for migration application. See https://aka.ms/efcore-docs-migrations-lock for more information if this takes too long.
2026-07-13 20:52:17.708 +05:30 [INF] Executed DbCommand (156ms) [Parameters=[], CommandType='"Text"', CommandTimeout='30']
DECLARE @result int;
EXEC @result = sp_getapplock @Resource = '__EFMigrationsLock', @LockOwner = 'Session', @LockMode = 'Exclusive';
SELECT @result
2026-07-13 20:52:18.149 +05:30 [INF] Executed DbCommand (152ms) [Parameters=[], CommandType='"Text"', CommandTimeout='30']
IF OBJECT_ID(N'[__EFMigrationsHistory]') IS NULL
BEGIN
    CREATE TABLE [__EFMigrationsHistory] (
        [MigrationId] nvarchar(150) NOT NULL,
        [ProductVersion] nvarchar(32) NOT NULL,
        CONSTRAINT [PK___EFMigrationsHistory] PRIMARY KEY ([MigrationId])
    );
END;
2026-07-13 20:52:18.640 +05:30 [INF] Executed DbCommand (170ms) [Parameters=[], CommandType='"Text"', CommandTimeout='30']
SELECT 1
2026-07-13 20:52:18.791 +05:30 [INF] Executed DbCommand (150ms) [Parameters=[], CommandType='"Text"', CommandTimeout='30']
SELECT OBJECT_ID(N'[__EFMigrationsHistory]');
2026-07-13 20:52:18.950 +05:30 [INF] Executed DbCommand (155ms) [Parameters=[], CommandType='"Text"', CommandTimeout='30']
SELECT [MigrationId], [ProductVersion]
FROM [__EFMigrationsHistory]
ORDER BY [MigrationId];
2026-07-13 20:52:18.967 +05:30 [INF] No migrations were applied. The database is already up to date.
2026-07-13 20:52:19.296 +05:30 [INF] Executed DbCommand (177ms) [Parameters=[], CommandType='"Text"', CommandTimeout='30']
DECLARE @result int;
EXEC @result = sp_releaseapplock @Resource = '__EFMigrationsLock', @LockOwner = 'Session';
SELECT @result
2026-07-13 20:52:19.310 +05:30 [INF] Initializing AKTU multi-university portal database schema...
2026-07-13 20:52:21.363 +05:30 [INF] Database tables initialized/verified successfully.
2026-07-13 20:52:21.367 +05:30 [INF] Fetching Indian universities from API...
2026-07-13 20:52:22.493 +05:30 [INF] Loaded 475 universities from API. Syncing with database...
2026-07-13 20:52:22.959 +05:30 [INF] Successfully inserted 0 new universities from API.
2026-07-13 20:52:23.991 +05:30 [INF] Using uvicorn executable: "c:\Users\ak731\Desktop\DSA\Portfolio Management System\venv\Scripts\uvicorn.exe"
2026-07-13 20:52:24.109 +05:30 [INF] Started Python AI Server automatically at c:\Users\ak731\Desktop\DSA\Portfolio Management System\AutoTube\AutoTube.AI (using venv if available).
2026-07-13 20:52:29.159 +05:30 [INF] Python AI Server health check passed.
2026-07-13 20:52:29.159 +05:30 [INF] Unified API starting on Development
2026-07-13 20:52:29.199 +05:30 [INF] User profile is available. Using 'C:\Users\ak731\AppData\Local\ASP.NET\DataProtection-Keys' as key repository and Windows DPAPI to encrypt keys at rest.
2026-07-13 20:52:29.227 +05:30 [INF] Gallery Auto-Uploader Background Service started.
2026-07-13 20:52:29.257 +05:30 [INF] Start processing HTTP request GET https://www.youtube.com/@CodeCrafters42
2026-07-13 20:52:29.264 +05:30 [INF] Sending HTTP request GET https://www.youtube.com/@CodeCrafters42
2026-07-13 20:52:29.321 +05:30 [INF] AutoTube Video Automation Background Scheduler started. Scheduled for 9:00 AM daily.
2026-07-13 20:52:29.324 +05:30 [INF] Next video generation cycle scheduled at "2026-07-14T09:00:00.0000000" (in 12.13 hours).
2026-07-13 20:52:29.431 +05:30 [INF] Now listening on: http://localhost:5049
2026-07-13 20:52:29.431 +05:30 [INF] Application started. Press Ctrl+C to shut down.
2026-07-13 20:52:29.431 +05:30 [INF] Hosting environment: Development
2026-07-13 20:52:29.431 +05:30 [INF] Content root path: c:\Users\ak731\Desktop\DSA\Portfolio Management System
2026-07-13 20:52:29.622 +05:30 [INF] Received HTTP response headers after 350.2513ms - 404
2026-07-13 20:52:29.627 +05:30 [INF] End processing HTTP request after 386.3935ms - 404
2026-07-13 20:52:30.444 +05:30 [INF] Daily AI Generated Video upload complete: Python Machine Learning - Daily AI Tutorial [Copyright-Free]
2026-07-13 20:59:03.373 +05:30 [INF] Request starting HTTP/1.1 POST http://localhost:5049/Home/BookMeeting - application/json 223
2026-07-13 20:59:03.492 +05:30 [WRN] Failed to determine the https port for redirect.
2026-07-13 20:59:03.593 +05:30 [INF] Executing endpoint 'Portfolio_Management_System.Controllers.HomeController.BookMeeting (Portfolio Management System)'
2026-07-13 20:59:03.722 +05:30 [INF] Route matched with {action = "BookMeeting", controller = "Home"}. Executing controller action with signature System.Threading.Tasks.Task`1[Microsoft.AspNetCore.Mvc.IActionResult] BookMeeting(Portfolio_Management_System.Models.BookingRequestModel) on controller Portfolio_Management_System.Controllers.HomeController (Portfolio Management System).
2026-07-13 20:59:10.991 +05:30 [INF] Email sent to ajaykumar737905@gmail.com
2026-07-13 20:59:10.992 +05:30 [INF] Meeting booked by Test Recruiter (recruiter@example.com) for 2026-07-20 10:00 AM
2026-07-13 20:59:10.998 +05:30 [INF] Executing JsonResult, writing value of type '<>f__AnonymousType9`2[[System.Boolean, System.Private.CoreLib, Version=9.0.0.0, Culture=neutral, PublicKeyToken=7cec85d7bea7798e],[System.String, System.Private.CoreLib, Version=9.0.0.0, Culture=neutral, PublicKeyToken=7cec85d7bea7798e]]'.
2026-07-13 20:59:11.062 +05:30 [INF] Executed action Portfolio_Management_System.Controllers.HomeController.BookMeeting (Portfolio Management System) in 7333.5168ms
2026-07-13 20:59:11.062 +05:30 [INF] Executed endpoint 'Portfolio_Management_System.Controllers.HomeController.BookMeeting (Portfolio Management System)'
2026-07-13 20:59:11.082 +05:30 [INF] HTTP POST /Home/BookMeeting responded 200 in 7689.5894 ms
2026-07-13 20:59:11.210 +05:30 [INF] Request finished HTTP/1.1 POST http://localhost:5049/Home/BookMeeting - 200 null application/json; charset=utf-8 7842.7328ms
