2026-06-29 00:54:44.146 +05:30 [WRN] JWT SecretKey missing in configuration. JWT Auth not configured.
2026-06-29 00:54:51.191 +05:30 [INF] Executed DbCommand (284ms) [Parameters=[], CommandType='"Text"', CommandTimeout='30']
SELECT 1
2026-06-29 00:54:51.352 +05:30 [INF] Acquiring an exclusive lock for migration application. See https://aka.ms/efcore-docs-migrations-lock for more information if this takes too long.
2026-06-29 00:54:51.630 +05:30 [INF] Executed DbCommand (270ms) [Parameters=[], CommandType='"Text"', CommandTimeout='30']
DECLARE @result int;
EXEC @result = sp_getapplock @Resource = '__EFMigrationsLock', @LockOwner = 'Session', @LockMode = 'Exclusive';
SELECT @result
2026-06-29 00:54:52.196 +05:30 [INF] Executed DbCommand (171ms) [Parameters=[], CommandType='"Text"', CommandTimeout='30']
IF OBJECT_ID(N'[__EFMigrationsHistory]') IS NULL
BEGIN
    CREATE TABLE [__EFMigrationsHistory] (
        [MigrationId] nvarchar(150) NOT NULL,
        [ProductVersion] nvarchar(32) NOT NULL,
        CONSTRAINT [PK___EFMigrationsHistory] PRIMARY KEY ([MigrationId])
    );
END;
2026-06-29 00:54:52.721 +05:30 [INF] Executed DbCommand (167ms) [Parameters=[], CommandType='"Text"', CommandTimeout='30']
SELECT 1
2026-06-29 00:54:52.890 +05:30 [INF] Executed DbCommand (168ms) [Parameters=[], CommandType='"Text"', CommandTimeout='30']
SELECT OBJECT_ID(N'[__EFMigrationsHistory]');
2026-06-29 00:54:53.063 +05:30 [INF] Executed DbCommand (168ms) [Parameters=[], CommandType='"Text"', CommandTimeout='30']
SELECT [MigrationId], [ProductVersion]
FROM [__EFMigrationsHistory]
ORDER BY [MigrationId];
2026-06-29 00:54:53.097 +05:30 [INF] Applying migration '20260628163009_InitialCreate'.
2026-06-29 00:54:53.438 +05:30 [ERR] Failed executing DbCommand (180ms) [Parameters=[], CommandType='"Text"', CommandTimeout='30']
CREATE TABLE [TrendTopics] (
    [Id] int NOT NULL IDENTITY,
    [Title] nvarchar(500) NOT NULL,
    [Source] nvarchar(100) NOT NULL,
    [PopularityScore] decimal(10,4) NOT NULL,
    [CompetitionScore] decimal(10,4) NOT NULL,
    [ViralityScore] decimal(10,4) NOT NULL,
    [Keywords] nvarchar(2000) NOT NULL,
    [Category] nvarchar(200) NOT NULL,
    [IsSelected] bit NOT NULL,
    [FetchedAt] datetime2 NOT NULL,
    [SelectedAt] datetime2 NULL,
    CONSTRAINT [PK_TrendTopics] PRIMARY KEY ([Id])
);
2026-06-29 00:54:53.703 +05:30 [WRN] Migration skipped: There is already an object named 'TrendTopics' in the database.
2026-06-29 00:54:55.097 +05:30 [INF] Unified API starting on Development
2026-06-29 00:54:55.296 +05:30 [INF] User profile is available. Using 'C:\Users\ak731\AppData\Local\ASP.NET\DataProtection-Keys' as key repository and Windows DPAPI to encrypt keys at rest.
2026-06-29 00:54:55.440 +05:30 [INF] Gallery Auto-Uploader Background Service started.
2026-06-29 00:54:55.440 +05:30 [INF] Daily YouTube Video Generator & Uploader Service started.
2026-06-29 00:54:55.458 +05:30 [INF] Starting daily video generation...
2026-06-29 00:54:55.631 +05:30 [INF] Start processing HTTP request GET https://www.youtube.com/@CodeCrafters42
2026-06-29 00:54:55.640 +05:30 [INF] Start processing HTTP request GET https://images.unsplash.com/photo-1542831371-29b0f74f9713?*
2026-06-29 00:54:55.648 +05:30 [INF] Sending HTTP request GET https://www.youtube.com/@CodeCrafters42
2026-06-29 00:54:55.648 +05:30 [INF] Sending HTTP request GET https://images.unsplash.com/photo-1542831371-29b0f74f9713?*
2026-06-29 00:54:59.962 +05:30 [INF] AutoTube Video Automation Background Scheduler started.
2026-06-29 00:54:59.962 +05:30 [INF] Triggering daily AutoTube video generation cycle...
2026-06-29 00:55:00.486 +05:30 [INF] Step 1: Fetching trending topics...
2026-06-29 00:55:00.513 +05:30 [INF] Start processing HTTP request GET http://localhost:8000/api/trends/fetch?*
2026-06-29 00:55:00.513 +05:30 [INF] Sending HTTP request GET http://localhost:8000/api/trends/fetch?*
2026-06-29 00:55:00.524 +05:30 [INF] Received HTTP response headers after 4846.0261ms - 200
2026-06-29 00:55:00.588 +05:30 [INF] End processing HTTP request after 5002.4229ms - 200
2026-06-29 00:55:01.088 +05:30 [INF] Received HTTP response headers after 5439.2362ms - 404
2026-06-29 00:55:01.088 +05:30 [INF] End processing HTTP request after 5494.1893ms - 404
2026-06-29 00:55:00.814 +05:30 [ERR] Error while executing FFmpeg video creation.
System.ComponentModel.Win32Exception (2): An error occurred trying to start process 'ffmpeg' with working directory 'C:\Users\ak731\Desktop\DSA\Portfolio Management System'. The system cannot find the file specified.
   at System.Diagnostics.Process.StartWithCreateProcess(ProcessStartInfo startInfo)
   at System.Diagnostics.Process.Start(ProcessStartInfo startInfo)
   at Portfolio_Management_System.Services.DailyYoutubeUploaderService.GenerateVideoFileAsync(String topic, String outputPath) in C:\Users\ak731\Desktop\DSA\Portfolio Management System\Services\DailyYoutubeUploaderService.cs:line 142
2026-06-29 00:55:01.151 +05:30 [ERR] Failed to generate video file. Skipping upload.
2026-06-29 00:55:01.273 +05:30 [INF] Request starting HTTP/2 GET https://localhost:44341/Admin/ResumeViews - null null
2026-06-29 00:55:01.273 +05:30 [INF] Request starting HTTP/2 GET https://localhost:44341/ - null null
2026-06-29 00:55:01.643 +05:30 [INF] Application started. Press Ctrl+C to shut down.
2026-06-29 00:55:01.644 +05:30 [INF] Hosting environment: Development
2026-06-29 00:55:01.644 +05:30 [INF] Content root path: C:\Users\ak731\Desktop\DSA\Portfolio Management System
2026-06-29 00:55:01.781 +05:30 [INF] Daily AI Generated Video upload complete: C Programming Memory Management - Daily AI Tutorial [Copyright-Free]
2026-06-29 00:55:05.999 +05:30 [ERR] Error fetching trending topics from FastAPI
System.Net.Http.HttpRequestException: No connection could be made because the target machine actively refused it. (localhost:8000)
 ---> System.Net.Sockets.SocketException (10061): No connection could be made because the target machine actively refused it.
   at System.Net.Sockets.Socket.AwaitableSocketAsyncEventArgs.ThrowException(SocketError error, CancellationToken cancellationToken)
   at System.Net.Sockets.Socket.AwaitableSocketAsyncEventArgs.System.Threading.Tasks.Sources.IValueTaskSource.GetResult(Int16 token)
   at System.Net.Sockets.Socket.<ConnectAsync>g__WaitForConnectWithCancellation|285_0(AwaitableSocketAsyncEventArgs saea, ValueTask connectTask, CancellationToken cancellationToken)
   at System.Net.Http.HttpConnectionPool.ConnectToTcpHostAsync(String host, Int32 port, HttpRequestMessage initialRequest, Boolean async, CancellationToken cancellationToken)
   --- End of inner exception stack trace ---
   at System.Net.Http.HttpConnectionPool.ConnectToTcpHostAsync(String host, Int32 port, HttpRequestMessage initialRequest, Boolean async, CancellationToken cancellationToken)
   at System.Net.Http.HttpConnectionPool.ConnectAsync(HttpRequestMessage request, Boolean async, CancellationToken cancellationToken)
   at System.Net.Http.HttpConnectionPool.CreateHttp11ConnectionAsync(HttpRequestMessage request, Boolean async, CancellationToken cancellationToken)
   at System.Net.Http.HttpConnectionPool.InjectNewHttp11ConnectionAsync(QueueItem queueItem)
   at System.Threading.Tasks.TaskCompletionSourceWithCancellation`1.WaitWithCancellationAsync(CancellationToken cancellationToken)
   at System.Net.Http.HttpConnectionWaiter`1.WaitForConnectionWithTelemetryAsync(HttpRequestMessage request, HttpConnectionPool pool, Boolean async, CancellationToken requestCancellationToken)
   at System.Net.Http.HttpConnectionPool.SendWithVersionDetectionAndRetryAsync(HttpRequestMessage request, Boolean async, Boolean doRequestAuth, CancellationToken cancellationToken)
   at System.Net.Http.RedirectHandler.SendAsync(HttpRequestMessage request, Boolean async, CancellationToken cancellationToken)
   at Microsoft.Extensions.Http.Logging.LoggingHttpMessageHandler.<SendCoreAsync>g__Core|4_0(HttpRequestMessage request, Boolean useAsync, CancellationToken cancellationToken)
   at Microsoft.Extensions.Http.Logging.LoggingScopeHttpMessageHandler.<SendCoreAsync>g__Core|4_0(HttpRequestMessage request, Boolean useAsync, CancellationToken cancellationToken)
   at System.Net.Http.HttpClient.<SendAsync>g__Core|83_0(HttpRequestMessage request, HttpCompletionOption completionOption, CancellationTokenSource cts, Boolean disposeCts, CancellationTokenSource pendingRequestsCts, CancellationToken originalCancellationToken)
   at System.Net.Http.Json.HttpClientJsonExtensions.<FromJsonAsyncCore>g__Core|12_0[TValue,TJsonOptions](HttpClient client, Task`1 responseTask, Boolean usingResponseHeadersRead, CancellationTokenSource linkedCTS, Func`4 deserializeMethod, TJsonOptions jsonOptions, CancellationToken cancellationToken)
   at AutoTube.Infrastructure.Services.TrendAnalyzerService.FetchTrendingTopicsAsync(String source, Int32 count) in C:\Users\ak731\Desktop\DSA\Portfolio Management System\AutoTube\AutoTube.Infrastructure\Services\TrendAnalyzerService.cs:line 25
2026-06-29 00:55:06.008 +05:30 [WRN] No trending topics found. Skipping cycle.
2026-06-29 00:55:06.110 +05:30 [INF] Executing endpoint 'Portfolio_Management_System.Controllers.HomeController.Index (Portfolio Management System)'
2026-06-29 00:55:06.110 +05:30 [INF] Executing endpoint 'Portfolio_Management_System.Controllers.AdminController.ResumeViews (Portfolio Management System)'
2026-06-29 00:55:06.164 +05:30 [INF] Route matched with {action = "ResumeViews", controller = "Admin"}. Executing controller action with signature System.Threading.Tasks.Task`1[Microsoft.AspNetCore.Mvc.IActionResult] ResumeViews() on controller Portfolio_Management_System.Controllers.AdminController (Portfolio Management System).
2026-06-29 00:55:06.165 +05:30 [INF] Route matched with {action = "Index", controller = "Home"}. Executing controller action with signature System.Threading.Tasks.Task`1[Microsoft.AspNetCore.Mvc.IActionResult] Index() on controller Portfolio_Management_System.Controllers.HomeController (Portfolio Management System).
2026-06-29 00:55:06.238 +05:30 [INF] Executing RedirectResult, redirecting to /Admin/Login.
2026-06-29 00:55:06.259 +05:30 [INF] Executed action Portfolio_Management_System.Controllers.AdminController.ResumeViews (Portfolio Management System) in 78.4187ms
2026-06-29 00:55:06.260 +05:30 [INF] Executed endpoint 'Portfolio_Management_System.Controllers.AdminController.ResumeViews (Portfolio Management System)'
2026-06-29 00:55:06.272 +05:30 [INF] HTTP GET /Admin/ResumeViews responded 302 in 1682.3403 ms
2026-06-29 00:55:06.294 +05:30 [INF] Request finished HTTP/2 GET https://localhost:44341/Admin/ResumeViews - 499 null null 5067.0473ms
2026-06-29 00:55:07.325 +05:30 [INF] Executing ViewResult, running view Index.
2026-06-29 00:55:07.926 +05:30 [INF] Executed ViewResult - view Index executed in 620.0224ms.
2026-06-29 00:55:07.950 +05:30 [INF] Executed action Portfolio_Management_System.Controllers.HomeController.Index (Portfolio Management System) in 1783.4772ms
2026-06-29 00:55:07.956 +05:30 [INF] Executed endpoint 'Portfolio_Management_System.Controllers.HomeController.Index (Portfolio Management System)'
2026-06-29 00:55:07.971 +05:30 [INF] HTTP GET / responded 200 in 3387.6273 ms
2026-06-29 00:55:08.012 +05:30 [INF] Request finished HTTP/2 GET https://localhost:44341/ - 200 null text/html; charset=utf-8 6789.042ms
2026-06-29 00:55:08.262 +05:30 [INF] Request starting HTTP/2 GET https://localhost:44341/images/ajay-avatar.png - null null
2026-06-29 00:55:08.262 +05:30 [INF] Request starting HTTP/2 GET https://localhost:44341/css/site.css - null null
2026-06-29 00:55:08.263 +05:30 [INF] Request starting HTTP/2 GET https://localhost:44341/uploads/projects/0cad35a0-c507-42ac-b6d3-27f35abc86f8.jpg - null null
2026-06-29 00:55:08.287 +05:30 [INF] HTTP GET /uploads/projects/0cad35a0-c507-42ac-b6d3-27f35abc86f8.jpg responded 404 in 23.4244 ms
2026-06-29 00:55:08.289 +05:30 [INF] The file /css/site.css was not modified
2026-06-29 00:55:08.292 +05:30 [INF] The file /images/ajay-avatar.png was not modified
2026-06-29 00:55:08.296 +05:30 [INF] HTTP GET /css/site.css responded 304 in 33.5002 ms
2026-06-29 00:55:08.297 +05:30 [INF] Request finished HTTP/2 GET https://localhost:44341/css/site.css - 304 null text/css 35.877ms
2026-06-29 00:55:08.305 +05:30 [INF] HTTP GET /images/ajay-avatar.png responded 304 in 41.9032 ms
2026-06-29 00:55:08.306 +05:30 [INF] Request finished HTTP/2 GET https://localhost:44341/images/ajay-avatar.png - 304 null image/png 44.22ms
2026-06-29 00:55:08.309 +05:30 [INF] Request finished HTTP/2 GET https://localhost:44341/uploads/projects/0cad35a0-c507-42ac-b6d3-27f35abc86f8.jpg - 404 null null 46.1542ms
2026-06-29 00:55:08.310 +05:30 [INF] Request reached the end of the middleware pipeline without being handled by application code. Request path: GET https://localhost:44341/uploads/projects/0cad35a0-c507-42ac-b6d3-27f35abc86f8.jpg, Response status code: 404
2026-06-29 00:55:08.443 +05:30 [INF] Request starting HTTP/2 GET https://localhost:44341/_framework/aspnetcore-browser-refresh.js - null null
2026-06-29 00:55:08.443 +05:30 [INF] Request starting HTTP/2 GET https://localhost:44341/_vs/browserLink - null null
2026-06-29 00:55:08.455 +05:30 [INF] Request finished HTTP/2 GET https://localhost:44341/_framework/aspnetcore-browser-refresh.js - 200 16539 application/javascript; charset=utf-8 11.0024ms
2026-06-29 00:55:33.789 +05:30 [INF] Request finished HTTP/2 GET https://localhost:44341/_vs/browserLink - 200 null text/javascript; charset=UTF-8 25343.6972ms
2026-06-29 01:35:56.109 +05:30 [WRN] JWT SecretKey missing in configuration. JWT Auth not configured.
2026-06-29 01:36:00.977 +05:30 [INF] Executed DbCommand (211ms) [Parameters=[], CommandType='"Text"', CommandTimeout='30']
SELECT 1
2026-06-29 01:36:01.028 +05:30 [INF] Acquiring an exclusive lock for migration application. See https://aka.ms/efcore-docs-migrations-lock for more information if this takes too long.
2026-06-29 01:36:01.226 +05:30 [INF] Executed DbCommand (192ms) [Parameters=[], CommandType='"Text"', CommandTimeout='30']
DECLARE @result int;
EXEC @result = sp_getapplock @Resource = '__EFMigrationsLock', @LockOwner = 'Session', @LockMode = 'Exclusive';
SELECT @result
2026-06-29 01:36:01.784 +05:30 [INF] Executed DbCommand (174ms) [Parameters=[], CommandType='"Text"', CommandTimeout='30']
IF OBJECT_ID(N'[__EFMigrationsHistory]') IS NULL
BEGIN
    CREATE TABLE [__EFMigrationsHistory] (
        [MigrationId] nvarchar(150) NOT NULL,
        [ProductVersion] nvarchar(32) NOT NULL,
        CONSTRAINT [PK___EFMigrationsHistory] PRIMARY KEY ([MigrationId])
    );
END;
2026-06-29 01:36:02.377 +05:30 [INF] Executed DbCommand (174ms) [Parameters=[], CommandType='"Text"', CommandTimeout='30']
SELECT 1
2026-06-29 01:36:02.545 +05:30 [INF] Executed DbCommand (167ms) [Parameters=[], CommandType='"Text"', CommandTimeout='30']
SELECT OBJECT_ID(N'[__EFMigrationsHistory]');
2026-06-29 01:36:02.719 +05:30 [INF] Executed DbCommand (170ms) [Parameters=[], CommandType='"Text"', CommandTimeout='30']
SELECT [MigrationId], [ProductVersion]
FROM [__EFMigrationsHistory]
ORDER BY [MigrationId];
2026-06-29 01:36:02.755 +05:30 [INF] Applying migration '20260628163009_InitialCreate'.
2026-06-29 01:36:03.035 +05:30 [ERR] Failed executing DbCommand (199ms) [Parameters=[], CommandType='"Text"', CommandTimeout='30']
CREATE TABLE [TrendTopics] (
    [Id] int NOT NULL IDENTITY,
    [Title] nvarchar(500) NOT NULL,
    [Source] nvarchar(100) NOT NULL,
    [PopularityScore] decimal(10,4) NOT NULL,
    [CompetitionScore] decimal(10,4) NOT NULL,
    [ViralityScore] decimal(10,4) NOT NULL,
    [Keywords] nvarchar(2000) NOT NULL,
    [Category] nvarchar(200) NOT NULL,
    [IsSelected] bit NOT NULL,
    [FetchedAt] datetime2 NOT NULL,
    [SelectedAt] datetime2 NULL,
    CONSTRAINT [PK_TrendTopics] PRIMARY KEY ([Id])
);
2026-06-29 01:36:03.318 +05:30 [WRN] Migration skipped: There is already an object named 'TrendTopics' in the database.
2026-06-29 01:36:04.223 +05:30 [INF] Unified API starting on Development
2026-06-29 01:36:04.317 +05:30 [INF] User profile is available. Using 'C:\Users\ak731\AppData\Local\ASP.NET\DataProtection-Keys' as key repository and Windows DPAPI to encrypt keys at rest.
2026-06-29 01:36:04.372 +05:30 [INF] Daily YouTube Video Generator & Uploader Service started.
2026-06-29 01:36:04.373 +05:30 [INF] Gallery Auto-Uploader Background Service started.
2026-06-29 01:36:04.377 +05:30 [INF] Starting daily video generation...
2026-06-29 01:36:04.460 +05:30 [INF] Start processing HTTP request GET https://www.youtube.com/@CodeCrafters42
2026-06-29 01:36:04.461 +05:30 [INF] Start processing HTTP request GET https://images.unsplash.com/photo-1542831371-29b0f74f9713?*
2026-06-29 01:36:04.468 +05:30 [INF] Sending HTTP request GET https://www.youtube.com/@CodeCrafters42
2026-06-29 01:36:04.469 +05:30 [INF] Sending HTTP request GET https://images.unsplash.com/photo-1542831371-29b0f74f9713?*
2026-06-29 01:36:04.498 +05:30 [INF] AutoTube Video Automation Background Scheduler started. Scheduled for 9:00 AM daily.
2026-06-29 01:36:04.502 +05:30 [INF] Next video generation cycle scheduled at "2026-06-29T09:00:00.0000000" (in 7.40 hours).
2026-06-29 01:36:05.217 +05:30 [INF] Request starting HTTP/2 GET https://localhost:44341/ - null null
2026-06-29 01:36:05.350 +05:30 [INF] Received HTTP response headers after 876.2751ms - 200
2026-06-29 01:36:05.364 +05:30 [INF] End processing HTTP request after 917.5899ms - 200
2026-06-29 01:36:05.615 +05:30 [INF] Received HTTP response headers after 1146.8521ms - 404
2026-06-29 01:36:05.616 +05:30 [INF] End processing HTTP request after 1169.7884ms - 404
2026-06-29 01:36:05.544 +05:30 [ERR] Error while executing FFmpeg video creation.
System.ComponentModel.Win32Exception (2): An error occurred trying to start process 'ffmpeg' with working directory 'C:\Users\ak731\Desktop\DSA\Portfolio Management System'. The system cannot find the file specified.
   at System.Diagnostics.Process.StartWithCreateProcess(ProcessStartInfo startInfo)
   at System.Diagnostics.Process.Start(ProcessStartInfo startInfo)
   at Portfolio_Management_System.Services.DailyYoutubeUploaderService.GenerateVideoFileAsync(String topic, String outputPath) in C:\Users\ak731\Desktop\DSA\Portfolio Management System\Services\DailyYoutubeUploaderService.cs:line 142
2026-06-29 01:36:05.779 +05:30 [ERR] Failed to generate video file. Skipping upload.
2026-06-29 01:36:06.133 +05:30 [INF] Executing endpoint 'Portfolio_Management_System.Controllers.HomeController.Index (Portfolio Management System)'
2026-06-29 01:36:06.225 +05:30 [INF] Route matched with {action = "Index", controller = "Home"}. Executing controller action with signature System.Threading.Tasks.Task`1[Microsoft.AspNetCore.Mvc.IActionResult] Index() on controller Portfolio_Management_System.Controllers.HomeController (Portfolio Management System).
2026-06-29 01:36:06.386 +05:30 [INF] Daily AI Generated Video upload complete: C++ Templates & OOP - Daily AI Tutorial [Copyright-Free]
2026-06-29 01:36:06.660 +05:30 [INF] Application started. Press Ctrl+C to shut down.
2026-06-29 01:36:06.661 +05:30 [INF] Hosting environment: Development
2026-06-29 01:36:06.661 +05:30 [INF] Content root path: C:\Users\ak731\Desktop\DSA\Portfolio Management System
2026-06-29 01:36:08.353 +05:30 [INF] Executing ViewResult, running view Index.
2026-06-29 01:36:09.064 +05:30 [INF] Executed ViewResult - view Index executed in 735.2343ms.
2026-06-29 01:36:09.074 +05:30 [INF] Executed action Portfolio_Management_System.Controllers.HomeController.Index (Portfolio Management System) in 2844.7026ms
2026-06-29 01:36:09.075 +05:30 [INF] Executed endpoint 'Portfolio_Management_System.Controllers.HomeController.Index (Portfolio Management System)'
2026-06-29 01:36:09.140 +05:30 [INF] HTTP GET / responded 200 in 3668.3005 ms
2026-06-29 01:36:09.186 +05:30 [INF] Request finished HTTP/2 GET https://localhost:44341/ - 200 null text/html; charset=utf-8 4017.2657ms
2026-06-29 01:36:09.377 +05:30 [INF] Request starting HTTP/2 GET https://localhost:44341/css/site.css?v=G6NZQlH0naBPIYda1dk-afnGAQp_KkMKlLmwGFTuoT4 - null null
2026-06-29 01:36:09.377 +05:30 [INF] Request starting HTTP/2 GET https://localhost:44341/_framework/aspnetcore-browser-refresh.js - null null
2026-06-29 01:36:09.379 +05:30 [INF] Request starting HTTP/2 GET https://localhost:44341/uploads/projects/0cad35a0-c507-42ac-b6d3-27f35abc86f8.jpg - null null
2026-06-29 01:36:09.386 +05:30 [INF] Request finished HTTP/2 GET https://localhost:44341/_framework/aspnetcore-browser-refresh.js - 200 16539 application/javascript; charset=utf-8 7.0649ms
2026-06-29 01:36:09.389 +05:30 [INF] HTTP GET /uploads/projects/0cad35a0-c507-42ac-b6d3-27f35abc86f8.jpg responded 404 in 9.5554 ms
2026-06-29 01:36:09.397 +05:30 [INF] Request finished HTTP/2 GET https://localhost:44341/uploads/projects/0cad35a0-c507-42ac-b6d3-27f35abc86f8.jpg - 404 null null 18.5312ms
2026-06-29 01:36:09.401 +05:30 [INF] Request reached the end of the middleware pipeline without being handled by application code. Request path: GET https://localhost:44341/uploads/projects/0cad35a0-c507-42ac-b6d3-27f35abc86f8.jpg, Response status code: 404
2026-06-29 01:36:09.402 +05:30 [INF] Request starting HTTP/2 GET https://localhost:44341/_vs/browserLink - null null
2026-06-29 01:36:09.446 +05:30 [INF] Sending file. Request path: '/css/site.css'. Physical path: 'C:\Users\ak731\Desktop\DSA\Portfolio Management System\wwwroot\css\site.css'
2026-06-29 01:36:09.446 +05:30 [INF] HTTP GET /css/site.css responded 200 in 68.7764 ms
2026-06-29 01:36:09.447 +05:30 [INF] Request finished HTTP/2 GET https://localhost:44341/css/site.css?v=G6NZQlH0naBPIYda1dk-afnGAQp_KkMKlLmwGFTuoT4 - 200 19453 text/css 69.5545ms
2026-06-29 01:36:09.523 +05:30 [INF] Request finished HTTP/2 GET https://localhost:44341/_vs/browserLink - 200 null text/javascript; charset=UTF-8 121.1276ms
2026-06-29 01:36:21.850 +05:30 [INF] Request starting HTTP/2 GET https://localhost:44341/ - null null
2026-06-29 01:36:21.898 +05:30 [INF] Executing endpoint 'Portfolio_Management_System.Controllers.HomeController.Index (Portfolio Management System)'
2026-06-29 01:36:21.899 +05:30 [INF] Route matched with {action = "Index", controller = "Home"}. Executing controller action with signature System.Threading.Tasks.Task`1[Microsoft.AspNetCore.Mvc.IActionResult] Index() on controller Portfolio_Management_System.Controllers.HomeController (Portfolio Management System).
2026-06-29 01:36:22.915 +05:30 [INF] Executing ViewResult, running view Index.
2026-06-29 01:36:23.102 +05:30 [INF] Executed ViewResult - view Index executed in 186.7889ms.
2026-06-29 01:36:23.109 +05:30 [INF] Executed action Portfolio_Management_System.Controllers.HomeController.Index (Portfolio Management System) in 1208.9433ms
2026-06-29 01:36:23.109 +05:30 [INF] Executed endpoint 'Portfolio_Management_System.Controllers.HomeController.Index (Portfolio Management System)'
2026-06-29 01:36:23.109 +05:30 [INF] HTTP GET / responded 200 in 1221.4358 ms
2026-06-29 01:36:23.144 +05:30 [INF] Request finished HTTP/2 GET https://localhost:44341/ - 200 null text/html; charset=utf-8 1294.9327ms
2026-06-29 01:36:23.199 +05:30 [INF] Request starting HTTP/2 GET https://localhost:44341/_framework/aspnetcore-browser-refresh.js - null null
2026-06-29 01:36:23.201 +05:30 [INF] Request finished HTTP/2 GET https://localhost:44341/_framework/aspnetcore-browser-refresh.js - 200 16539 application/javascript; charset=utf-8 2.2319ms
2026-06-29 01:36:23.217 +05:30 [INF] Request starting HTTP/2 GET https://localhost:44341/uploads/projects/0cad35a0-c507-42ac-b6d3-27f35abc86f8.jpg - null null
2026-06-29 01:36:23.237 +05:30 [INF] Request starting HTTP/2 GET https://localhost:44341/_vs/browserLink - null null
2026-06-29 01:36:23.238 +05:30 [INF] HTTP GET /uploads/projects/0cad35a0-c507-42ac-b6d3-27f35abc86f8.jpg responded 404 in 20.6008 ms
2026-06-29 01:36:23.269 +05:30 [INF] Request finished HTTP/2 GET https://localhost:44341/uploads/projects/0cad35a0-c507-42ac-b6d3-27f35abc86f8.jpg - 404 null null 52.6084ms
2026-06-29 01:36:23.270 +05:30 [INF] Request reached the end of the middleware pipeline without being handled by application code. Request path: GET https://localhost:44341/uploads/projects/0cad35a0-c507-42ac-b6d3-27f35abc86f8.jpg, Response status code: 404
2026-06-29 01:36:23.534 +05:30 [INF] Request finished HTTP/2 GET https://localhost:44341/_vs/browserLink - 200 null text/javascript; charset=UTF-8 297.2471ms
2026-06-29 01:42:32.844 +05:30 [INF] Request starting HTTP/2 GET https://localhost:44341/ - null null
2026-06-29 01:42:33.157 +05:30 [INF] Executing endpoint 'Portfolio_Management_System.Controllers.HomeController.Index (Portfolio Management System)'
2026-06-29 01:42:33.178 +05:30 [INF] Route matched with {action = "Index", controller = "Home"}. Executing controller action with signature System.Threading.Tasks.Task`1[Microsoft.AspNetCore.Mvc.IActionResult] Index() on controller Portfolio_Management_System.Controllers.HomeController (Portfolio Management System).
2026-06-29 01:42:35.321 +05:30 [INF] Executing ViewResult, running view Index.
2026-06-29 01:42:35.649 +05:30 [INF] Executed ViewResult - view Index executed in 366.7387ms.
2026-06-29 01:42:35.653 +05:30 [INF] Executed action Portfolio_Management_System.Controllers.HomeController.Index (Portfolio Management System) in 2472.6664ms
2026-06-29 01:42:35.659 +05:30 [INF] Executed endpoint 'Portfolio_Management_System.Controllers.HomeController.Index (Portfolio Management System)'
2026-06-29 01:42:35.662 +05:30 [INF] HTTP GET / responded 200 in 2584.3105 ms
2026-06-29 01:42:35.685 +05:30 [INF] Request finished HTTP/2 GET https://localhost:44341/ - 200 null text/html; charset=utf-8 2896.7549ms
2026-06-29 01:42:35.782 +05:30 [INF] Request starting HTTP/2 GET https://localhost:44341/_vs/browserLink - null null
2026-06-29 01:42:35.792 +05:30 [INF] Request starting HTTP/2 GET https://localhost:44341/_framework/aspnetcore-browser-refresh.js - null null
2026-06-29 01:42:35.797 +05:30 [INF] Request starting HTTP/2 GET https://localhost:44341/uploads/projects/0cad35a0-c507-42ac-b6d3-27f35abc86f8.jpg - null null
2026-06-29 01:42:35.820 +05:30 [INF] Request finished HTTP/2 GET https://localhost:44341/_framework/aspnetcore-browser-refresh.js - 200 16539 application/javascript; charset=utf-8 13.5993ms
2026-06-29 01:42:35.843 +05:30 [INF] HTTP GET /uploads/projects/0cad35a0-c507-42ac-b6d3-27f35abc86f8.jpg responded 404 in 44.5567 ms
2026-06-29 01:42:35.908 +05:30 [INF] Request finished HTTP/2 GET https://localhost:44341/uploads/projects/0cad35a0-c507-42ac-b6d3-27f35abc86f8.jpg - 404 null null 104.6841ms
2026-06-29 01:42:35.920 +05:30 [INF] Request reached the end of the middleware pipeline without being handled by application code. Request path: GET https://localhost:44341/uploads/projects/0cad35a0-c507-42ac-b6d3-27f35abc86f8.jpg, Response status code: 404
2026-06-29 01:42:36.061 +05:30 [INF] Request finished HTTP/2 GET https://localhost:44341/_vs/browserLink - 200 null text/javascript; charset=UTF-8 278.5654ms
2026-06-29 01:42:56.460 +05:30 [INF] Request starting HTTP/2 GET https://localhost:44341/Admin/Login - null null
2026-06-29 01:42:56.520 +05:30 [INF] Executing endpoint 'Portfolio_Management_System.Controllers.AdminController.Login (Portfolio Management System)'
2026-06-29 01:42:56.608 +05:30 [INF] Route matched with {action = "Login", controller = "Admin"}. Executing controller action with signature Microsoft.AspNetCore.Mvc.IActionResult Login() on controller Portfolio_Management_System.Controllers.AdminController (Portfolio Management System).
2026-06-29 01:42:56.639 +05:30 [INF] Executing ViewResult, running view Login.
2026-06-29 01:42:56.875 +05:30 [INF] Executed ViewResult - view Login executed in 247.9986ms.
2026-06-29 01:42:56.876 +05:30 [INF] Executed action Portfolio_Management_System.Controllers.AdminController.Login (Portfolio Management System) in 267.2833ms
2026-06-29 01:42:56.876 +05:30 [INF] Executed endpoint 'Portfolio_Management_System.Controllers.AdminController.Login (Portfolio Management System)'
2026-06-29 01:42:56.877 +05:30 [INF] HTTP GET /Admin/Login responded 200 in 408.9714 ms
2026-06-29 01:42:56.879 +05:30 [INF] Request finished HTTP/2 GET https://localhost:44341/Admin/Login - 200 null text/html; charset=utf-8 419.8532ms
2026-06-29 01:42:56.920 +05:30 [INF] Request starting HTTP/2 GET https://localhost:44341/css/admin.css?v=639182941766756316 - null null
2026-06-29 01:42:56.921 +05:30 [INF] Request starting HTTP/2 GET https://localhost:44341/_vs/browserLink - null null
2026-06-29 01:42:56.924 +05:30 [INF] Request starting HTTP/2 GET https://localhost:44341/_framework/aspnetcore-browser-refresh.js - null null
2026-06-29 01:42:56.926 +05:30 [INF] Request finished HTTP/2 GET https://localhost:44341/_framework/aspnetcore-browser-refresh.js - 200 16539 application/javascript; charset=utf-8 2.8861ms
2026-06-29 01:42:57.000 +05:30 [INF] Sending file. Request path: '/css/admin.css'. Physical path: 'C:\Users\ak731\Desktop\DSA\Portfolio Management System\wwwroot\css\admin.css'
2026-06-29 01:42:57.000 +05:30 [INF] HTTP GET /css/admin.css responded 200 in 79.9667 ms
2026-06-29 01:42:57.003 +05:30 [INF] Request finished HTTP/2 GET https://localhost:44341/css/admin.css?v=639182941766756316 - 200 19854 text/css 84.4974ms
2026-06-29 01:42:57.060 +05:30 [INF] Request finished HTTP/2 GET https://localhost:44341/_vs/browserLink - 200 null text/javascript; charset=UTF-8 138.527ms
2026-06-29 01:42:59.680 +05:30 [INF] Request starting HTTP/2 POST https://localhost:44341/Admin/Login - application/x-www-form-urlencoded 217
2026-06-29 01:42:59.715 +05:30 [INF] CORS policy execution successful.
2026-06-29 01:42:59.718 +05:30 [INF] Executing endpoint 'Portfolio_Management_System.Controllers.AdminController.Login (Portfolio Management System)'
2026-06-29 01:42:59.753 +05:30 [INF] Route matched with {action = "Login", controller = "Admin"}. Executing controller action with signature System.Threading.Tasks.Task`1[Microsoft.AspNetCore.Mvc.IActionResult] Login(Portfolio_Management_System.Models.AdminLoginModel) on controller Portfolio_Management_System.Controllers.AdminController (Portfolio Management System).
2026-06-29 01:43:00.083 +05:30 [INF] Executing RedirectResult, redirecting to /Admin/Dashboard.
2026-06-29 01:43:00.084 +05:30 [INF] Executed action Portfolio_Management_System.Controllers.AdminController.Login (Portfolio Management System) in 330.4317ms
2026-06-29 01:43:00.084 +05:30 [INF] Executed endpoint 'Portfolio_Management_System.Controllers.AdminController.Login (Portfolio Management System)'
2026-06-29 01:43:00.086 +05:30 [INF] Session started; Key:0c5c7455-21af-3d74-949f-e29ab8fc5a1b, Id:ec170630-395e-d0b1-6f91-4e1c9e9c9e47
2026-06-29 01:43:00.088 +05:30 [INF] HTTP POST /Admin/Login responded 302 in 404.3607 ms
2026-06-29 01:43:00.093 +05:30 [INF] Request finished HTTP/2 POST https://localhost:44341/Admin/Login - 302 null null 413.1259ms
2026-06-29 01:43:00.108 +05:30 [INF] Request starting HTTP/2 GET https://localhost:44341/Admin/Dashboard - null null
2026-06-29 01:43:00.113 +05:30 [INF] Executing endpoint 'Portfolio_Management_System.Controllers.AdminController.Dashboard (Portfolio Management System)'
2026-06-29 01:43:00.119 +05:30 [INF] Route matched with {action = "Dashboard", controller = "Admin"}. Executing controller action with signature System.Threading.Tasks.Task`1[Microsoft.AspNetCore.Mvc.IActionResult] Dashboard() on controller Portfolio_Management_System.Controllers.AdminController (Portfolio Management System).
2026-06-29 01:43:01.517 +05:30 [ERR] Error getting recent messages
System.InvalidCastException: Unable to cast object of type 'System.Boolean' to type 'System.DateTime'.
   at Microsoft.Data.SqlClient.SqlDataReader.GetDateTime(Int32 i)
   at Portfolio_Management_System.DAL.DbHelper.GetRecentMessagesAsync(Int32 count) in C:\Users\ak731\Desktop\DSA\Portfolio Management System\DAL\DbHelper.cs:line 1441
2026-06-29 01:43:01.910 +05:30 [ERR] Error getting recent visitors
System.InvalidCastException: Unable to cast object of type 'System.DateTime' to type 'System.Int32'.
   at Microsoft.Data.SqlClient.SqlBuffer.get_Int32()
   at Portfolio_Management_System.DAL.DbHelper.GetRecentVisitorsAsync(Int32 count) in C:\Users\ak731\Desktop\DSA\Portfolio Management System\DAL\DbHelper.cs:line 1482
2026-06-29 01:43:03.065 +05:30 [INF] Executing ViewResult, running view Dashboard.
2026-06-29 01:43:03.371 +05:30 [INF] Executed ViewResult - view Dashboard executed in 311.3249ms.
2026-06-29 01:43:03.371 +05:30 [INF] Executed action Portfolio_Management_System.Controllers.AdminController.Dashboard (Portfolio Management System) in 3251.7172ms
2026-06-29 01:43:03.371 +05:30 [INF] Executed endpoint 'Portfolio_Management_System.Controllers.AdminController.Dashboard (Portfolio Management System)'
2026-06-29 01:43:03.371 +05:30 [INF] HTTP GET /Admin/Dashboard responded 200 in 3261.9135 ms
2026-06-29 01:43:03.376 +05:30 [INF] Request finished HTTP/2 GET https://localhost:44341/Admin/Dashboard - 200 null text/html; charset=utf-8 3268.1296ms
2026-06-29 01:43:03.413 +05:30 [INF] Request starting HTTP/2 GET https://localhost:44341/_framework/aspnetcore-browser-refresh.js - null null
2026-06-29 01:43:03.432 +05:30 [INF] Request finished HTTP/2 GET https://localhost:44341/_framework/aspnetcore-browser-refresh.js - 200 16539 application/javascript; charset=utf-8 18.5558ms
2026-06-29 01:43:03.432 +05:30 [INF] Request starting HTTP/2 GET https://localhost:44341/_vs/browserLink - null null
2026-06-29 01:43:03.437 +05:30 [INF] Request starting HTTP/2 GET https://localhost:44341/css/admin.css?v=639182941832887185 - null null
2026-06-29 01:43:03.448 +05:30 [INF] Sending file. Request path: '/css/admin.css'. Physical path: 'C:\Users\ak731\Desktop\DSA\Portfolio Management System\wwwroot\css\admin.css'
2026-06-29 01:43:03.448 +05:30 [INF] HTTP GET /css/admin.css responded 200 in 10.4556 ms
2026-06-29 01:43:03.451 +05:30 [INF] Request finished HTTP/2 GET https://localhost:44341/css/admin.css?v=639182941832887185 - 200 19854 text/css 14.4134ms
2026-06-29 01:43:03.490 +05:30 [INF] Request finished HTTP/2 GET https://localhost:44341/_vs/browserLink - 200 null text/javascript; charset=UTF-8 57.8018ms
2026-06-29 01:43:03.978 +05:30 [INF] Request starting HTTP/2 GET https://localhost:44341/Admin/GetRecentMessages - null null
2026-06-29 01:43:03.983 +05:30 [INF] Executing endpoint 'Portfolio_Management_System.Controllers.AdminController.GetRecentMessages (Portfolio Management System)'
2026-06-29 01:43:03.987 +05:30 [INF] Request starting HTTP/2 GET https://localhost:44341/Admin/GetExperienceDetails - null null
2026-06-29 01:43:03.988 +05:30 [INF] Executing endpoint 'Portfolio_Management_System.Controllers.AdminController.GetExperienceDetails (Portfolio Management System)'
2026-06-29 01:43:03.992 +05:30 [INF] Request starting HTTP/2 GET https://localhost:44341/Admin/GetUnreadMessagesCount - null null
2026-06-29 01:43:03.993 +05:30 [INF] Executing endpoint 'Portfolio_Management_System.Controllers.AdminController.GetUnreadMessagesCount (Portfolio Management System)'
2026-06-29 01:43:04.000 +05:30 [INF] Route matched with {action = "GetRecentMessages", controller = "Admin"}. Executing controller action with signature System.Threading.Tasks.Task`1[Microsoft.AspNetCore.Mvc.IActionResult] GetRecentMessages() on controller Portfolio_Management_System.Controllers.AdminController (Portfolio Management System).
2026-06-29 01:43:04.003 +05:30 [INF] Route matched with {action = "GetExperienceDetails", controller = "Admin"}. Executing controller action with signature System.Threading.Tasks.Task`1[Microsoft.AspNetCore.Mvc.IActionResult] GetExperienceDetails() on controller Portfolio_Management_System.Controllers.AdminController (Portfolio Management System).
2026-06-29 01:43:04.017 +05:30 [INF] Route matched with {action = "GetUnreadMessagesCount", controller = "Admin"}. Executing controller action with signature System.Threading.Tasks.Task`1[Microsoft.AspNetCore.Mvc.IActionResult] GetUnreadMessagesCount() on controller Portfolio_Management_System.Controllers.AdminController (Portfolio Management System).
2026-06-29 01:43:04.195 +05:30 [INF] Executing JsonResult, writing value of type '<>f__AnonymousType14`10[[System.Boolean, System.Private.CoreLib, Version=9.0.0.0, Culture=neutral, PublicKeyToken=7cec85d7bea7798e],[System.Int32, System.Private.CoreLib, Version=9.0.0.0, Culture=neutral, PublicKeyToken=7cec85d7bea7798e],[System.String, System.Private.CoreLib, Version=9.0.0.0, Culture=neutral, PublicKeyToken=7cec85d7bea7798e],[System.String, System.Private.CoreLib, Version=9.0.0.0, Culture=neutral, PublicKeyToken=7cec85d7bea7798e],[System.String, System.Private.CoreLib, Version=9.0.0.0, Culture=neutral, PublicKeyToken=7cec85d7bea7798e],[System.Int32, System.Private.CoreLib, Version=9.0.0.0, Culture=neutral, PublicKeyToken=7cec85d7bea7798e],[System.Int32, System.Private.CoreLib, Version=9.0.0.0, Culture=neutral, PublicKeyToken=7cec85d7bea7798e],[System.Int32, System.Private.CoreLib, Version=9.0.0.0, Culture=neutral, PublicKeyToken=7cec85d7bea7798e],[System.Int32, System.Private.CoreLib, Version=9.0.0.0, Culture=neutral, PublicKeyToken=7cec85d7bea7798e],[System.Int32, System.Private.CoreLib, Version=9.0.0.0, Culture=neutral, PublicKeyToken=7cec85d7bea7798e]]'.
2026-06-29 01:43:04.198 +05:30 [INF] Executing JsonResult, writing value of type 'System.Collections.Generic.List`1[[<>f__AnonymousType17`7[[System.Int32, System.Private.CoreLib, Version=9.0.0.0, Culture=neutral, PublicKeyToken=7cec85d7bea7798e],[System.String, System.Private.CoreLib, Version=9.0.0.0, Culture=neutral, PublicKeyToken=7cec85d7bea7798e],[System.String, System.Private.CoreLib, Version=9.0.0.0, Culture=neutral, PublicKeyToken=7cec85d7bea7798e],[System.String, System.Private.CoreLib, Version=9.0.0.0, Culture=neutral, PublicKeyToken=7cec85d7bea7798e],[System.String, System.Private.CoreLib, Version=9.0.0.0, Culture=neutral, PublicKeyToken=7cec85d7bea7798e],[System.Boolean, System.Private.CoreLib, Version=9.0.0.0, Culture=neutral, PublicKeyToken=7cec85d7bea7798e],[System.DateTime, System.Private.CoreLib, Version=9.0.0.0, Culture=neutral, PublicKeyToken=7cec85d7bea7798e]], Portfolio Management System, Version=1.0.0.0, Culture=neutral, PublicKeyToken=null]]'.
2026-06-29 01:43:04.237 +05:30 [INF] Executed action Portfolio_Management_System.Controllers.AdminController.GetRecentMessages (Portfolio Management System) in 237.0967ms
2026-06-29 01:43:04.237 +05:30 [INF] Executed action Portfolio_Management_System.Controllers.AdminController.GetExperienceDetails (Portfolio Management System) in 233.298ms
2026-06-29 01:43:04.237 +05:30 [INF] Executed endpoint 'Portfolio_Management_System.Controllers.AdminController.GetRecentMessages (Portfolio Management System)'
2026-06-29 01:43:04.237 +05:30 [INF] Executed endpoint 'Portfolio_Management_System.Controllers.AdminController.GetExperienceDetails (Portfolio Management System)'
2026-06-29 01:43:04.237 +05:30 [INF] HTTP GET /Admin/GetRecentMessages responded 200 in 256.6702 ms
2026-06-29 01:43:04.237 +05:30 [INF] HTTP GET /Admin/GetExperienceDetails responded 200 in 250.1588 ms
2026-06-29 01:43:04.240 +05:30 [INF] Request finished HTTP/2 GET https://localhost:44341/Admin/GetRecentMessages - 200 null application/json; charset=utf-8 262.7364ms
2026-06-29 01:43:04.240 +05:30 [INF] Request finished HTTP/2 GET https://localhost:44341/Admin/GetExperienceDetails - 200 null application/json; charset=utf-8 252.7113ms
2026-06-29 01:43:05.045 +05:30 [INF] Executing JsonResult, writing value of type 'System.Int32'.
2026-06-29 01:43:05.057 +05:30 [INF] Executed action Portfolio_Management_System.Controllers.AdminController.GetUnreadMessagesCount (Portfolio Management System) in 1039.6134ms
2026-06-29 01:43:05.060 +05:30 [INF] Executed endpoint 'Portfolio_Management_System.Controllers.AdminController.GetUnreadMessagesCount (Portfolio Management System)'
2026-06-29 01:43:05.060 +05:30 [INF] HTTP GET /Admin/GetUnreadMessagesCount responded 200 in 1067.8985 ms
2026-06-29 01:43:05.064 +05:30 [INF] Request finished HTTP/2 GET https://localhost:44341/Admin/GetUnreadMessagesCount - 200 null application/json; charset=utf-8 1069.2662ms
2026-06-29 01:43:15.224 +05:30 [INF] Request starting HTTP/2 GET https://localhost:44341/Admin/Dashboard - null null
2026-06-29 01:43:15.235 +05:30 [INF] Executing endpoint 'Portfolio_Management_System.Controllers.AdminController.Dashboard (Portfolio Management System)'
2026-06-29 01:43:15.235 +05:30 [INF] Route matched with {action = "Dashboard", controller = "Admin"}. Executing controller action with signature System.Threading.Tasks.Task`1[Microsoft.AspNetCore.Mvc.IActionResult] Dashboard() on controller Portfolio_Management_System.Controllers.AdminController (Portfolio Management System).
2026-06-29 01:43:15.619 +05:30 [ERR] Error getting recent messages
System.InvalidCastException: Unable to cast object of type 'System.Boolean' to type 'System.DateTime'.
   at Microsoft.Data.SqlClient.SqlDataReader.GetDateTime(Int32 i)
   at Portfolio_Management_System.DAL.DbHelper.GetRecentMessagesAsync(Int32 count) in C:\Users\ak731\Desktop\DSA\Portfolio Management System\DAL\DbHelper.cs:line 1441
2026-06-29 01:43:15.986 +05:30 [ERR] Error getting recent visitors
System.InvalidCastException: Unable to cast object of type 'System.DateTime' to type 'System.Int32'.
   at Microsoft.Data.SqlClient.SqlBuffer.get_Int32()
   at Portfolio_Management_System.DAL.DbHelper.GetRecentVisitorsAsync(Int32 count) in C:\Users\ak731\Desktop\DSA\Portfolio Management System\DAL\DbHelper.cs:line 1482
2026-06-29 01:43:16.984 +05:30 [INF] Executing ViewResult, running view Dashboard.
2026-06-29 01:43:17.153 +05:30 [INF] Executed ViewResult - view Dashboard executed in 169.0844ms.
2026-06-29 01:43:17.153 +05:30 [INF] Executed action Portfolio_Management_System.Controllers.AdminController.Dashboard (Portfolio Management System) in 1917.4925ms
2026-06-29 01:43:17.154 +05:30 [INF] Executed endpoint 'Portfolio_Management_System.Controllers.AdminController.Dashboard (Portfolio Management System)'
2026-06-29 01:43:17.155 +05:30 [INF] HTTP GET /Admin/Dashboard responded 200 in 1919.9588 ms
2026-06-29 01:43:17.159 +05:30 [INF] Request finished HTTP/2 GET https://localhost:44341/Admin/Dashboard - 200 null text/html; charset=utf-8 1934.7532ms
2026-06-29 01:43:17.206 +05:30 [INF] Request starting HTTP/2 GET https://localhost:44341/_framework/aspnetcore-browser-refresh.js - null null
2026-06-29 01:43:17.208 +05:30 [INF] Request starting HTTP/2 GET https://localhost:44341/_vs/browserLink - null null
2026-06-29 01:43:17.210 +05:30 [INF] Request finished HTTP/2 GET https://localhost:44341/_framework/aspnetcore-browser-refresh.js - 200 16539 application/javascript; charset=utf-8 3.8132ms
2026-06-29 01:43:17.223 +05:30 [INF] Request starting HTTP/2 GET https://localhost:44341/css/admin.css?v=639182941971516417 - null null
2026-06-29 01:43:17.286 +05:30 [INF] Sending file. Request path: '/css/admin.css'. Physical path: 'C:\Users\ak731\Desktop\DSA\Portfolio Management System\wwwroot\css\admin.css'
2026-06-29 01:43:17.287 +05:30 [INF] HTTP GET /css/admin.css responded 200 in 63.4639 ms
2026-06-29 01:43:17.287 +05:30 [INF] Request finished HTTP/2 GET https://localhost:44341/css/admin.css?v=639182941971516417 - 200 19854 text/css 64.4548ms
2026-06-29 01:43:17.319 +05:30 [INF] Request finished HTTP/2 GET https://localhost:44341/_vs/browserLink - 200 null text/javascript; charset=UTF-8 110.3484ms
2026-06-29 01:43:17.688 +05:30 [INF] Request starting HTTP/2 GET https://localhost:44341/Admin/GetRecentMessages - null null
2026-06-29 01:43:17.689 +05:30 [INF] Executing endpoint 'Portfolio_Management_System.Controllers.AdminController.GetRecentMessages (Portfolio Management System)'
2026-06-29 01:43:17.689 +05:30 [INF] Route matched with {action = "GetRecentMessages", controller = "Admin"}. Executing controller action with signature System.Threading.Tasks.Task`1[Microsoft.AspNetCore.Mvc.IActionResult] GetRecentMessages() on controller Portfolio_Management_System.Controllers.AdminController (Portfolio Management System).
2026-06-29 01:43:17.692 +05:30 [INF] Request starting HTTP/2 GET https://localhost:44341/Admin/GetExperienceDetails - null null
2026-06-29 01:43:17.692 +05:30 [INF] Request starting HTTP/2 GET https://localhost:44341/Admin/GetUnreadMessagesCount - null null
2026-06-29 01:43:17.692 +05:30 [INF] Executing endpoint 'Portfolio_Management_System.Controllers.AdminController.GetUnreadMessagesCount (Portfolio Management System)'
2026-06-29 01:43:17.692 +05:30 [INF] Executing endpoint 'Portfolio_Management_System.Controllers.AdminController.GetExperienceDetails (Portfolio Management System)'
2026-06-29 01:43:17.693 +05:30 [INF] Route matched with {action = "GetExperienceDetails", controller = "Admin"}. Executing controller action with signature System.Threading.Tasks.Task`1[Microsoft.AspNetCore.Mvc.IActionResult] GetExperienceDetails() on controller Portfolio_Management_System.Controllers.AdminController (Portfolio Management System).
2026-06-29 01:43:17.693 +05:30 [INF] Route matched with {action = "GetUnreadMessagesCount", controller = "Admin"}. Executing controller action with signature System.Threading.Tasks.Task`1[Microsoft.AspNetCore.Mvc.IActionResult] GetUnreadMessagesCount() on controller Portfolio_Management_System.Controllers.AdminController (Portfolio Management System).
2026-06-29 01:43:17.854 +05:30 [INF] Executing JsonResult, writing value of type 'System.Collections.Generic.List`1[[<>f__AnonymousType17`7[[System.Int32, System.Private.CoreLib, Version=9.0.0.0, Culture=neutral, PublicKeyToken=7cec85d7bea7798e],[System.String, System.Private.CoreLib, Version=9.0.0.0, Culture=neutral, PublicKeyToken=7cec85d7bea7798e],[System.String, System.Private.CoreLib, Version=9.0.0.0, Culture=neutral, PublicKeyToken=7cec85d7bea7798e],[System.String, System.Private.CoreLib, Version=9.0.0.0, Culture=neutral, PublicKeyToken=7cec85d7bea7798e],[System.String, System.Private.CoreLib, Version=9.0.0.0, Culture=neutral, PublicKeyToken=7cec85d7bea7798e],[System.Boolean, System.Private.CoreLib, Version=9.0.0.0, Culture=neutral, PublicKeyToken=7cec85d7bea7798e],[System.DateTime, System.Private.CoreLib, Version=9.0.0.0, Culture=neutral, PublicKeyToken=7cec85d7bea7798e]], Portfolio Management System, Version=1.0.0.0, Culture=neutral, PublicKeyToken=null]]'.
2026-06-29 01:43:17.855 +05:30 [INF] Executed action Portfolio_Management_System.Controllers.AdminController.GetRecentMessages (Portfolio Management System) in 165.9674ms
2026-06-29 01:43:17.856 +05:30 [INF] Executed endpoint 'Portfolio_Management_System.Controllers.AdminController.GetRecentMessages (Portfolio Management System)'
2026-06-29 01:43:17.856 +05:30 [INF] HTTP GET /Admin/GetRecentMessages responded 200 in 167.6433 ms
2026-06-29 01:43:17.857 +05:30 [INF] Request finished HTTP/2 GET https://localhost:44341/Admin/GetRecentMessages - 200 null application/json; charset=utf-8 168.7561ms
2026-06-29 01:43:17.866 +05:30 [INF] Executing JsonResult, writing value of type 'System.Int32'.
2026-06-29 01:43:17.867 +05:30 [INF] Executed action Portfolio_Management_System.Controllers.AdminController.GetUnreadMessagesCount (Portfolio Management System) in 174.1787ms
2026-06-29 01:43:17.867 +05:30 [INF] Executed endpoint 'Portfolio_Management_System.Controllers.AdminController.GetUnreadMessagesCount (Portfolio Management System)'
2026-06-29 01:43:17.867 +05:30 [INF] HTTP GET /Admin/GetUnreadMessagesCount responded 200 in 175.1050 ms
2026-06-29 01:43:17.868 +05:30 [INF] Request finished HTTP/2 GET https://localhost:44341/Admin/GetUnreadMessagesCount - 200 null application/json; charset=utf-8 176.1934ms
2026-06-29 01:43:17.883 +05:30 [INF] Executing JsonResult, writing value of type '<>f__AnonymousType14`10[[System.Boolean, System.Private.CoreLib, Version=9.0.0.0, Culture=neutral, PublicKeyToken=7cec85d7bea7798e],[System.Int32, System.Private.CoreLib, Version=9.0.0.0, Culture=neutral, PublicKeyToken=7cec85d7bea7798e],[System.String, System.Private.CoreLib, Version=9.0.0.0, Culture=neutral, PublicKeyToken=7cec85d7bea7798e],[System.String, System.Private.CoreLib, Version=9.0.0.0, Culture=neutral, PublicKeyToken=7cec85d7bea7798e],[System.String, System.Private.CoreLib, Version=9.0.0.0, Culture=neutral, PublicKeyToken=7cec85d7bea7798e],[System.Int32, System.Private.CoreLib, Version=9.0.0.0, Culture=neutral, PublicKeyToken=7cec85d7bea7798e],[System.Int32, System.Private.CoreLib, Version=9.0.0.0, Culture=neutral, PublicKeyToken=7cec85d7bea7798e],[System.Int32, System.Private.CoreLib, Version=9.0.0.0, Culture=neutral, PublicKeyToken=7cec85d7bea7798e],[System.Int32, System.Private.CoreLib, Version=9.0.0.0, Culture=neutral, PublicKeyToken=7cec85d7bea7798e],[System.Int32, System.Private.CoreLib, Version=9.0.0.0, Culture=neutral, PublicKeyToken=7cec85d7bea7798e]]'.
2026-06-29 01:43:17.883 +05:30 [INF] Executed action Portfolio_Management_System.Controllers.AdminController.GetExperienceDetails (Portfolio Management System) in 190.7184ms
2026-06-29 01:43:17.884 +05:30 [INF] Executed endpoint 'Portfolio_Management_System.Controllers.AdminController.GetExperienceDetails (Portfolio Management System)'
2026-06-29 01:43:17.884 +05:30 [INF] HTTP GET /Admin/GetExperienceDetails responded 200 in 191.4624 ms
2026-06-29 01:43:17.884 +05:30 [INF] Request finished HTTP/2 GET https://localhost:44341/Admin/GetExperienceDetails - 200 null application/json; charset=utf-8 192.0172ms
2026-06-29 01:43:47.699 +05:30 [INF] Request starting HTTP/2 GET https://localhost:44341/Admin/GetUnreadMessagesCount - null null
2026-06-29 01:43:47.701 +05:30 [INF] Executing endpoint 'Portfolio_Management_System.Controllers.AdminController.GetUnreadMessagesCount (Portfolio Management System)'
2026-06-29 01:43:47.702 +05:30 [INF] Route matched with {action = "GetUnreadMessagesCount", controller = "Admin"}. Executing controller action with signature System.Threading.Tasks.Task`1[Microsoft.AspNetCore.Mvc.IActionResult] GetUnreadMessagesCount() on controller Portfolio_Management_System.Controllers.AdminController (Portfolio Management System).
2026-06-29 01:43:47.750 +05:30 [INF] Request starting HTTP/2 GET https://localhost:44341/Admin/GetRecentMessages - null null
2026-06-29 01:43:47.751 +05:30 [INF] Executing endpoint 'Portfolio_Management_System.Controllers.AdminController.GetRecentMessages (Portfolio Management System)'
2026-06-29 01:43:47.751 +05:30 [INF] Route matched with {action = "GetRecentMessages", controller = "Admin"}. Executing controller action with signature System.Threading.Tasks.Task`1[Microsoft.AspNetCore.Mvc.IActionResult] GetRecentMessages() on controller Portfolio_Management_System.Controllers.AdminController (Portfolio Management System).
2026-06-29 01:43:47.882 +05:30 [INF] Executing JsonResult, writing value of type 'System.Int32'.
2026-06-29 01:43:47.886 +05:30 [INF] Executed action Portfolio_Management_System.Controllers.AdminController.GetUnreadMessagesCount (Portfolio Management System) in 176.4288ms
2026-06-29 01:43:47.890 +05:30 [INF] Executed endpoint 'Portfolio_Management_System.Controllers.AdminController.GetUnreadMessagesCount (Portfolio Management System)'
2026-06-29 01:43:47.890 +05:30 [INF] HTTP GET /Admin/GetUnreadMessagesCount responded 200 in 190.3851 ms
2026-06-29 01:43:47.891 +05:30 [INF] Request finished HTTP/2 GET https://localhost:44341/Admin/GetUnreadMessagesCount - 200 null application/json; charset=utf-8 192.2174ms
2026-06-29 01:43:47.928 +05:30 [INF] Executing JsonResult, writing value of type 'System.Collections.Generic.List`1[[<>f__AnonymousType17`7[[System.Int32, System.Private.CoreLib, Version=9.0.0.0, Culture=neutral, PublicKeyToken=7cec85d7bea7798e],[System.String, System.Private.CoreLib, Version=9.0.0.0, Culture=neutral, PublicKeyToken=7cec85d7bea7798e],[System.String, System.Private.CoreLib, Version=9.0.0.0, Culture=neutral, PublicKeyToken=7cec85d7bea7798e],[System.String, System.Private.CoreLib, Version=9.0.0.0, Culture=neutral, PublicKeyToken=7cec85d7bea7798e],[System.String, System.Private.CoreLib, Version=9.0.0.0, Culture=neutral, PublicKeyToken=7cec85d7bea7798e],[System.Boolean, System.Private.CoreLib, Version=9.0.0.0, Culture=neutral, PublicKeyToken=7cec85d7bea7798e],[System.DateTime, System.Private.CoreLib, Version=9.0.0.0, Culture=neutral, PublicKeyToken=7cec85d7bea7798e]], Portfolio Management System, Version=1.0.0.0, Culture=neutral, PublicKeyToken=null]]'.
2026-06-29 01:43:47.929 +05:30 [INF] Executed action Portfolio_Management_System.Controllers.AdminController.GetRecentMessages (Portfolio Management System) in 177.8197ms
2026-06-29 01:43:47.929 +05:30 [INF] Executed endpoint 'Portfolio_Management_System.Controllers.AdminController.GetRecentMessages (Portfolio Management System)'
2026-06-29 01:43:47.929 +05:30 [INF] HTTP GET /Admin/GetRecentMessages responded 200 in 178.6141 ms
2026-06-29 01:43:47.929 +05:30 [INF] Request finished HTTP/2 GET https://localhost:44341/Admin/GetRecentMessages - 200 null application/json; charset=utf-8 179.0291ms
2026-06-29 01:44:17.688 +05:30 [INF] Request starting HTTP/2 GET https://localhost:44341/Admin/GetRecentMessages - null null
2026-06-29 01:44:17.688 +05:30 [INF] Request starting HTTP/2 GET https://localhost:44341/Admin/GetUnreadMessagesCount - null null
2026-06-29 01:44:17.691 +05:30 [INF] Executing endpoint 'Portfolio_Management_System.Controllers.AdminController.GetUnreadMessagesCount (Portfolio Management System)'
2026-06-29 01:44:17.693 +05:30 [INF] Route matched with {action = "GetUnreadMessagesCount", controller = "Admin"}. Executing controller action with signature System.Threading.Tasks.Task`1[Microsoft.AspNetCore.Mvc.IActionResult] GetUnreadMessagesCount() on controller Portfolio_Management_System.Controllers.AdminController (Portfolio Management System).
2026-06-29 01:44:17.694 +05:30 [INF] Executing endpoint 'Portfolio_Management_System.Controllers.AdminController.GetRecentMessages (Portfolio Management System)'
2026-06-29 01:44:17.694 +05:30 [INF] Route matched with {action = "GetRecentMessages", controller = "Admin"}. Executing controller action with signature System.Threading.Tasks.Task`1[Microsoft.AspNetCore.Mvc.IActionResult] GetRecentMessages() on controller Portfolio_Management_System.Controllers.AdminController (Portfolio Management System).
2026-06-29 01:44:17.863 +05:30 [INF] Executing JsonResult, writing value of type 'System.Int32'.
2026-06-29 01:44:17.864 +05:30 [INF] Executing JsonResult, writing value of type 'System.Collections.Generic.List`1[[<>f__AnonymousType17`7[[System.Int32, System.Private.CoreLib, Version=9.0.0.0, Culture=neutral, PublicKeyToken=7cec85d7bea7798e],[System.String, System.Private.CoreLib, Version=9.0.0.0, Culture=neutral, PublicKeyToken=7cec85d7bea7798e],[System.String, System.Private.CoreLib, Version=9.0.0.0, Culture=neutral, PublicKeyToken=7cec85d7bea7798e],[System.String, System.Private.CoreLib, Version=9.0.0.0, Culture=neutral, PublicKeyToken=7cec85d7bea7798e],[System.String, System.Private.CoreLib, Version=9.0.0.0, Culture=neutral, PublicKeyToken=7cec85d7bea7798e],[System.Boolean, System.Private.CoreLib, Version=9.0.0.0, Culture=neutral, PublicKeyToken=7cec85d7bea7798e],[System.DateTime, System.Private.CoreLib, Version=9.0.0.0, Culture=neutral, PublicKeyToken=7cec85d7bea7798e]], Portfolio Management System, Version=1.0.0.0, Culture=neutral, PublicKeyToken=null]]'.
2026-06-29 01:44:17.864 +05:30 [INF] Executed action Portfolio_Management_System.Controllers.AdminController.GetUnreadMessagesCount (Portfolio Management System) in 171.5037ms
2026-06-29 01:44:17.865 +05:30 [INF] Executed action Portfolio_Management_System.Controllers.AdminController.GetRecentMessages (Portfolio Management System) in 170.8407ms
2026-06-29 01:44:17.865 +05:30 [INF] Executed endpoint 'Portfolio_Management_System.Controllers.AdminController.GetRecentMessages (Portfolio Management System)'
2026-06-29 01:44:17.865 +05:30 [INF] Executed endpoint 'Portfolio_Management_System.Controllers.AdminController.GetUnreadMessagesCount (Portfolio Management System)'
2026-06-29 01:44:17.865 +05:30 [INF] HTTP GET /Admin/GetRecentMessages responded 200 in 177.2488 ms
2026-06-29 01:44:17.866 +05:30 [INF] HTTP GET /Admin/GetUnreadMessagesCount responded 200 in 177.6396 ms
2026-06-29 01:44:17.866 +05:30 [INF] Request finished HTTP/2 GET https://localhost:44341/Admin/GetRecentMessages - 200 null application/json; charset=utf-8 178.0563ms
2026-06-29 01:44:17.866 +05:30 [INF] Request finished HTTP/2 GET https://localhost:44341/Admin/GetUnreadMessagesCount - 200 null application/json; charset=utf-8 178.5638ms
2026-06-29 01:44:19.132 +05:30 [INF] Request starting HTTP/2 GET https://localhost:44341/Admin/Dashboard - null null
2026-06-29 01:44:19.257 +05:30 [INF] Executing endpoint 'Portfolio_Management_System.Controllers.AdminController.Dashboard (Portfolio Management System)'
2026-06-29 01:44:19.257 +05:30 [INF] Route matched with {action = "Dashboard", controller = "Admin"}. Executing controller action with signature System.Threading.Tasks.Task`1[Microsoft.AspNetCore.Mvc.IActionResult] Dashboard() on controller Portfolio_Management_System.Controllers.AdminController (Portfolio Management System).
2026-06-29 01:44:19.781 +05:30 [ERR] Error getting recent messages
System.InvalidCastException: Unable to cast object of type 'System.Boolean' to type 'System.DateTime'.
   at Microsoft.Data.SqlClient.SqlDataReader.GetDateTime(Int32 i)
   at Portfolio_Management_System.DAL.DbHelper.GetRecentMessagesAsync(Int32 count) in C:\Users\ak731\Desktop\DSA\Portfolio Management System\DAL\DbHelper.cs:line 1441
2026-06-29 01:44:20.179 +05:30 [ERR] Error getting recent visitors
System.InvalidCastException: Unable to cast object of type 'System.DateTime' to type 'System.Int32'.
   at Microsoft.Data.SqlClient.SqlBuffer.get_Int32()
   at Portfolio_Management_System.DAL.DbHelper.GetRecentVisitorsAsync(Int32 count) in C:\Users\ak731\Desktop\DSA\Portfolio Management System\DAL\DbHelper.cs:line 1482
2026-06-29 01:44:21.201 +05:30 [INF] Executing ViewResult, running view Dashboard.
2026-06-29 01:44:21.403 +05:30 [INF] Executed ViewResult - view Dashboard executed in 204.2851ms.
2026-06-29 01:44:21.403 +05:30 [INF] Executed action Portfolio_Management_System.Controllers.AdminController.Dashboard (Portfolio Management System) in 2143.6867ms
2026-06-29 01:44:21.403 +05:30 [INF] Executed endpoint 'Portfolio_Management_System.Controllers.AdminController.Dashboard (Portfolio Management System)'
2026-06-29 01:44:21.404 +05:30 [INF] HTTP GET /Admin/Dashboard responded 200 in 2148.4183 ms
2026-06-29 01:44:21.408 +05:30 [INF] Request finished HTTP/2 GET https://localhost:44341/Admin/Dashboard - 200 null text/html; charset=utf-8 2275.7197ms
2026-06-29 01:44:21.533 +05:30 [INF] Request starting HTTP/2 GET https://localhost:44341/_framework/aspnetcore-browser-refresh.js - null null
2026-06-29 01:44:21.535 +05:30 [INF] Request finished HTTP/2 GET https://localhost:44341/_framework/aspnetcore-browser-refresh.js - 200 16539 application/javascript; charset=utf-8 3.0623ms
2026-06-29 01:44:21.548 +05:30 [INF] Request starting HTTP/2 GET https://localhost:44341/css/admin.css?v=639182942613863330 - null null
2026-06-29 01:44:21.555 +05:30 [INF] Request starting HTTP/2 GET https://localhost:44341/_vs/browserLink - null null
2026-06-29 01:44:21.774 +05:30 [INF] Sending file. Request path: '/css/admin.css'. Physical path: 'C:\Users\ak731\Desktop\DSA\Portfolio Management System\wwwroot\css\admin.css'
2026-06-29 01:44:21.774 +05:30 [INF] HTTP GET /css/admin.css responded 200 in 226.0908 ms
2026-06-29 01:44:21.775 +05:30 [INF] Request finished HTTP/2 GET https://localhost:44341/css/admin.css?v=639182942613863330 - 200 19854 text/css 226.9547ms
2026-06-29 01:44:21.819 +05:30 [INF] Request finished HTTP/2 GET https://localhost:44341/_vs/browserLink - 200 null text/javascript; charset=UTF-8 264.7604ms
2026-06-29 01:44:22.238 +05:30 [INF] Request starting HTTP/2 GET https://localhost:44341/Admin/GetRecentMessages - null null
2026-06-29 01:44:22.238 +05:30 [INF] Executing endpoint 'Portfolio_Management_System.Controllers.AdminController.GetRecentMessages (Portfolio Management System)'
2026-06-29 01:44:22.239 +05:30 [INF] Route matched with {action = "GetRecentMessages", controller = "Admin"}. Executing controller action with signature System.Threading.Tasks.Task`1[Microsoft.AspNetCore.Mvc.IActionResult] GetRecentMessages() on controller Portfolio_Management_System.Controllers.AdminController (Portfolio Management System).
2026-06-29 01:44:22.240 +05:30 [INF] Request starting HTTP/2 GET https://localhost:44341/Admin/GetUnreadMessagesCount - null null
2026-06-29 01:44:22.243 +05:30 [INF] Executing endpoint 'Portfolio_Management_System.Controllers.AdminController.GetUnreadMessagesCount (Portfolio Management System)'
2026-06-29 01:44:22.243 +05:30 [INF] Route matched with {action = "GetUnreadMessagesCount", controller = "Admin"}. Executing controller action with signature System.Threading.Tasks.Task`1[Microsoft.AspNetCore.Mvc.IActionResult] GetUnreadMessagesCount() on controller Portfolio_Management_System.Controllers.AdminController (Portfolio Management System).
2026-06-29 01:44:22.244 +05:30 [INF] Request starting HTTP/2 GET https://localhost:44341/Admin/GetExperienceDetails - null null
2026-06-29 01:44:22.245 +05:30 [INF] Executing endpoint 'Portfolio_Management_System.Controllers.AdminController.GetExperienceDetails (Portfolio Management System)'
2026-06-29 01:44:22.246 +05:30 [INF] Route matched with {action = "GetExperienceDetails", controller = "Admin"}. Executing controller action with signature System.Threading.Tasks.Task`1[Microsoft.AspNetCore.Mvc.IActionResult] GetExperienceDetails() on controller Portfolio_Management_System.Controllers.AdminController (Portfolio Management System).
2026-06-29 01:44:22.407 +05:30 [INF] Executing JsonResult, writing value of type 'System.Collections.Generic.List`1[[<>f__AnonymousType17`7[[System.Int32, System.Private.CoreLib, Version=9.0.0.0, Culture=neutral, PublicKeyToken=7cec85d7bea7798e],[System.String, System.Private.CoreLib, Version=9.0.0.0, Culture=neutral, PublicKeyToken=7cec85d7bea7798e],[System.String, System.Private.CoreLib, Version=9.0.0.0, Culture=neutral, PublicKeyToken=7cec85d7bea7798e],[System.String, System.Private.CoreLib, Version=9.0.0.0, Culture=neutral, PublicKeyToken=7cec85d7bea7798e],[System.String, System.Private.CoreLib, Version=9.0.0.0, Culture=neutral, PublicKeyToken=7cec85d7bea7798e],[System.Boolean, System.Private.CoreLib, Version=9.0.0.0, Culture=neutral, PublicKeyToken=7cec85d7bea7798e],[System.DateTime, System.Private.CoreLib, Version=9.0.0.0, Culture=neutral, PublicKeyToken=7cec85d7bea7798e]], Portfolio Management System, Version=1.0.0.0, Culture=neutral, PublicKeyToken=null]]'.
2026-06-29 01:44:22.408 +05:30 [INF] Executed action Portfolio_Management_System.Controllers.AdminController.GetRecentMessages (Portfolio Management System) in 169.3719ms
2026-06-29 01:44:22.409 +05:30 [INF] Executed endpoint 'Portfolio_Management_System.Controllers.AdminController.GetRecentMessages (Portfolio Management System)'
2026-06-29 01:44:22.409 +05:30 [INF] HTTP GET /Admin/GetRecentMessages responded 200 in 170.8455 ms
2026-06-29 01:44:22.410 +05:30 [INF] Request finished HTTP/2 GET https://localhost:44341/Admin/GetRecentMessages - 200 null application/json; charset=utf-8 172.3194ms
2026-06-29 01:44:22.413 +05:30 [INF] Executing JsonResult, writing value of type '<>f__AnonymousType14`10[[System.Boolean, System.Private.CoreLib, Version=9.0.0.0, Culture=neutral, PublicKeyToken=7cec85d7bea7798e],[System.Int32, System.Private.CoreLib, Version=9.0.0.0, Culture=neutral, PublicKeyToken=7cec85d7bea7798e],[System.String, System.Private.CoreLib, Version=9.0.0.0, Culture=neutral, PublicKeyToken=7cec85d7bea7798e],[System.String, System.Private.CoreLib, Version=9.0.0.0, Culture=neutral, PublicKeyToken=7cec85d7bea7798e],[System.String, System.Private.CoreLib, Version=9.0.0.0, Culture=neutral, PublicKeyToken=7cec85d7bea7798e],[System.Int32, System.Private.CoreLib, Version=9.0.0.0, Culture=neutral, PublicKeyToken=7cec85d7bea7798e],[System.Int32, System.Private.CoreLib, Version=9.0.0.0, Culture=neutral, PublicKeyToken=7cec85d7bea7798e],[System.Int32, System.Private.CoreLib, Version=9.0.0.0, Culture=neutral, PublicKeyToken=7cec85d7bea7798e],[System.Int32, System.Private.CoreLib, Version=9.0.0.0, Culture=neutral, PublicKeyToken=7cec85d7bea7798e],[System.Int32, System.Private.CoreLib, Version=9.0.0.0, Culture=neutral, PublicKeyToken=7cec85d7bea7798e]]'.
2026-06-29 01:44:22.414 +05:30 [INF] Executed action Portfolio_Management_System.Controllers.AdminController.GetExperienceDetails (Portfolio Management System) in 168.1945ms
2026-06-29 01:44:22.414 +05:30 [INF] Executed endpoint 'Portfolio_Management_System.Controllers.AdminController.GetExperienceDetails (Portfolio Management System)'
2026-06-29 01:44:22.416 +05:30 [INF] Executing JsonResult, writing value of type 'System.Int32'.
2026-06-29 01:44:22.416 +05:30 [INF] Executed action Portfolio_Management_System.Controllers.AdminController.GetUnreadMessagesCount (Portfolio Management System) in 172.7765ms
2026-06-29 01:44:22.416 +05:30 [INF] Executed endpoint 'Portfolio_Management_System.Controllers.AdminController.GetUnreadMessagesCount (Portfolio Management System)'
2026-06-29 01:44:22.416 +05:30 [INF] HTTP GET /Admin/GetExperienceDetails responded 200 in 171.6616 ms
2026-06-29 01:44:22.417 +05:30 [INF] Request finished HTTP/2 GET https://localhost:44341/Admin/GetExperienceDetails - 200 null application/json; charset=utf-8 172.8705ms
2026-06-29 01:44:22.416 +05:30 [INF] HTTP GET /Admin/GetUnreadMessagesCount responded 200 in 176.2600 ms
2026-06-29 01:44:22.417 +05:30 [INF] Request finished HTTP/2 GET https://localhost:44341/Admin/GetUnreadMessagesCount - 200 null application/json; charset=utf-8 177.749ms
2026-06-29 01:45:59.883 +05:30 [WRN] JWT SecretKey missing in configuration. JWT Auth not configured.
2026-06-29 01:46:06.609 +05:30 [INF] Executed DbCommand (343ms) [Parameters=[], CommandType='"Text"', CommandTimeout='30']
SELECT 1
2026-06-29 01:46:06.643 +05:30 [INF] Acquiring an exclusive lock for migration application. See https://aka.ms/efcore-docs-migrations-lock for more information if this takes too long.
2026-06-29 01:46:06.853 +05:30 [INF] Executed DbCommand (204ms) [Parameters=[], CommandType='"Text"', CommandTimeout='30']
DECLARE @result int;
EXEC @result = sp_getapplock @Resource = '__EFMigrationsLock', @LockOwner = 'Session', @LockMode = 'Exclusive';
SELECT @result
2026-06-29 01:46:07.371 +05:30 [INF] Executed DbCommand (172ms) [Parameters=[], CommandType='"Text"', CommandTimeout='30']
IF OBJECT_ID(N'[__EFMigrationsHistory]') IS NULL
BEGIN
    CREATE TABLE [__EFMigrationsHistory] (
        [MigrationId] nvarchar(150) NOT NULL,
        [ProductVersion] nvarchar(32) NOT NULL,
        CONSTRAINT [PK___EFMigrationsHistory] PRIMARY KEY ([MigrationId])
    );
END;
2026-06-29 01:46:07.905 +05:30 [INF] Executed DbCommand (169ms) [Parameters=[], CommandType='"Text"', CommandTimeout='30']
SELECT 1
2026-06-29 01:46:08.073 +05:30 [INF] Executed DbCommand (167ms) [Parameters=[], CommandType='"Text"', CommandTimeout='30']
SELECT OBJECT_ID(N'[__EFMigrationsHistory]');
2026-06-29 01:46:08.247 +05:30 [INF] Executed DbCommand (170ms) [Parameters=[], CommandType='"Text"', CommandTimeout='30']
SELECT [MigrationId], [ProductVersion]
FROM [__EFMigrationsHistory]
ORDER BY [MigrationId];
2026-06-29 01:46:08.280 +05:30 [INF] Applying migration '20260628163009_InitialCreate'.
2026-06-29 01:46:08.561 +05:30 [ERR] Failed executing DbCommand (180ms) [Parameters=[], CommandType='"Text"', CommandTimeout='30']
CREATE TABLE [TrendTopics] (
    [Id] int NOT NULL IDENTITY,
    [Title] nvarchar(500) NOT NULL,
    [Source] nvarchar(100) NOT NULL,
    [PopularityScore] decimal(10,4) NOT NULL,
    [CompetitionScore] decimal(10,4) NOT NULL,
    [ViralityScore] decimal(10,4) NOT NULL,
    [Keywords] nvarchar(2000) NOT NULL,
    [Category] nvarchar(200) NOT NULL,
    [IsSelected] bit NOT NULL,
    [FetchedAt] datetime2 NOT NULL,
    [SelectedAt] datetime2 NULL,
    CONSTRAINT [PK_TrendTopics] PRIMARY KEY ([Id])
);
2026-06-29 01:46:08.832 +05:30 [WRN] Migration skipped: There is already an object named 'TrendTopics' in the database.
2026-06-29 01:46:09.399 +05:30 [INF] Unified API starting on Development
2026-06-29 01:46:09.495 +05:30 [INF] User profile is available. Using 'C:\Users\ak731\AppData\Local\ASP.NET\DataProtection-Keys' as key repository and Windows DPAPI to encrypt keys at rest.
2026-06-29 01:46:09.545 +05:30 [INF] Daily YouTube Video Generator & Uploader Service started.
2026-06-29 01:46:09.545 +05:30 [INF] Gallery Auto-Uploader Background Service started.
2026-06-29 01:46:09.549 +05:30 [INF] Starting daily video generation...
2026-06-29 01:46:09.613 +05:30 [INF] Start processing HTTP request GET https://images.unsplash.com/photo-1542831371-29b0f74f9713?*
2026-06-29 01:46:09.613 +05:30 [INF] Start processing HTTP request GET https://www.youtube.com/@CodeCrafters42
2026-06-29 01:46:09.620 +05:30 [INF] Sending HTTP request GET https://images.unsplash.com/photo-1542831371-29b0f74f9713?*
2026-06-29 01:46:09.620 +05:30 [INF] Sending HTTP request GET https://www.youtube.com/@CodeCrafters42
2026-06-29 01:46:09.662 +05:30 [INF] AutoTube Video Automation Background Scheduler started. Scheduled for 9:00 AM daily.
2026-06-29 01:46:09.664 +05:30 [INF] Next video generation cycle scheduled at "2026-06-29T09:00:00.0000000" (in 7.23 hours).
2026-06-29 01:46:10.499 +05:30 [INF] Request starting HTTP/2 GET https://localhost:44341/Admin/ResumeViews - null null
2026-06-29 01:46:10.499 +05:30 [INF] Request starting HTTP/2 GET https://localhost:44341/ - null null
2026-06-29 01:46:10.608 +05:30 [INF] Received HTTP response headers after 978.7581ms - 200
2026-06-29 01:46:10.637 +05:30 [INF] End processing HTTP request after 1038.5565ms - 200
2026-06-29 01:46:10.764 +05:30 [INF] Received HTTP response headers after 1143.6216ms - 404
2026-06-29 01:46:10.764 +05:30 [INF] End processing HTTP request after 1165.8797ms - 404
2026-06-29 01:46:10.762 +05:30 [ERR] Error while executing FFmpeg video creation.
System.ComponentModel.Win32Exception (2): An error occurred trying to start process 'ffmpeg' with working directory 'C:\Users\ak731\Desktop\DSA\Portfolio Management System'. The system cannot find the file specified.
   at System.Diagnostics.Process.StartWithCreateProcess(ProcessStartInfo startInfo)
   at System.Diagnostics.Process.Start(ProcessStartInfo startInfo)
   at Portfolio_Management_System.Services.DailyYoutubeUploaderService.GenerateVideoFileAsync(String topic, String outputPath) in C:\Users\ak731\Desktop\DSA\Portfolio Management System\Services\DailyYoutubeUploaderService.cs:line 142
2026-06-29 01:46:11.027 +05:30 [ERR] Failed to generate video file. Skipping upload.
2026-06-29 01:46:11.181 +05:30 [INF] Executing endpoint 'Portfolio_Management_System.Controllers.AdminController.ResumeViews (Portfolio Management System)'
2026-06-29 01:46:11.182 +05:30 [INF] Executing endpoint 'Portfolio_Management_System.Controllers.HomeController.Index (Portfolio Management System)'
2026-06-29 01:46:11.245 +05:30 [INF] Route matched with {action = "Index", controller = "Home"}. Executing controller action with signature System.Threading.Tasks.Task`1[Microsoft.AspNetCore.Mvc.IActionResult] Index() on controller Portfolio_Management_System.Controllers.HomeController (Portfolio Management System).
2026-06-29 01:46:11.245 +05:30 [INF] Route matched with {action = "ResumeViews", controller = "Admin"}. Executing controller action with signature System.Threading.Tasks.Task`1[Microsoft.AspNetCore.Mvc.IActionResult] ResumeViews() on controller Portfolio_Management_System.Controllers.AdminController (Portfolio Management System).
2026-06-29 01:46:11.342 +05:30 [INF] Executing RedirectResult, redirecting to /Admin/Login.
2026-06-29 01:46:11.355 +05:30 [INF] Executed action Portfolio_Management_System.Controllers.AdminController.ResumeViews (Portfolio Management System) in 103.1433ms
2026-06-29 01:46:11.357 +05:30 [INF] Executed endpoint 'Portfolio_Management_System.Controllers.AdminController.ResumeViews (Portfolio Management System)'
2026-06-29 01:46:11.366 +05:30 [INF] HTTP GET /Admin/ResumeViews responded 302 in 693.0472 ms
2026-06-29 01:46:11.469 +05:30 [INF] Request starting HTTP/2 GET https://localhost:44341/Admin/Login - null null
2026-06-29 01:46:11.475 +05:30 [INF] Request finished HTTP/2 GET https://localhost:44341/Admin/ResumeViews - 302 null null 1044.3909ms
2026-06-29 01:46:11.511 +05:30 [INF] Executing endpoint 'Portfolio_Management_System.Controllers.AdminController.Login (Portfolio Management System)'
2026-06-29 01:46:11.518 +05:30 [INF] Route matched with {action = "Login", controller = "Admin"}. Executing controller action with signature Microsoft.AspNetCore.Mvc.IActionResult Login() on controller Portfolio_Management_System.Controllers.AdminController (Portfolio Management System).
2026-06-29 01:46:11.586 +05:30 [INF] Executing ViewResult, running view Login.
2026-06-29 01:46:11.819 +05:30 [INF] Application started. Press Ctrl+C to shut down.
2026-06-29 01:46:11.824 +05:30 [INF] Hosting environment: Development
2026-06-29 01:46:11.824 +05:30 [INF] Content root path: C:\Users\ak731\Desktop\DSA\Portfolio Management System
2026-06-29 01:46:11.934 +05:30 [INF] Executed ViewResult - view Login executed in 387.279ms.
2026-06-29 01:46:11.935 +05:30 [INF] Executed action Portfolio_Management_System.Controllers.AdminController.Login (Portfolio Management System) in 409.7467ms
2026-06-29 01:46:11.935 +05:30 [INF] Executed endpoint 'Portfolio_Management_System.Controllers.AdminController.Login (Portfolio Management System)'
2026-06-29 01:46:11.935 +05:30 [INF] HTTP GET /Admin/Login responded 200 in 452.8378 ms
2026-06-29 01:46:11.947 +05:30 [INF] Request finished HTTP/2 GET https://localhost:44341/Admin/Login - 200 null text/html; charset=utf-8 478.3471ms
2026-06-29 01:46:12.069 +05:30 [INF] Request starting HTTP/2 GET https://localhost:44341/css/admin.css?v=639182943717293631 - null null
2026-06-29 01:46:12.076 +05:30 [INF] Request starting HTTP/2 GET https://localhost:44341/_framework/aspnetcore-browser-refresh.js - null null
2026-06-29 01:46:12.115 +05:30 [INF] Request finished HTTP/2 GET https://localhost:44341/_framework/aspnetcore-browser-refresh.js - 200 16539 application/javascript; charset=utf-8 38.3641ms
2026-06-29 01:46:12.183 +05:30 [INF] Sending file. Request path: '/css/admin.css'. Physical path: 'C:\Users\ak731\Desktop\DSA\Portfolio Management System\wwwroot\css\admin.css'
2026-06-29 01:46:12.183 +05:30 [INF] HTTP GET /css/admin.css responded 200 in 113.9013 ms
2026-06-29 01:46:12.184 +05:30 [INF] Request finished HTTP/2 GET https://localhost:44341/css/admin.css?v=639182943717293631 - 200 19854 text/css 114.6373ms
2026-06-29 01:46:12.519 +05:30 [INF] Executing ViewResult, running view Index.
2026-06-29 01:46:13.351 +05:30 [INF] Executed ViewResult - view Index executed in 834.9493ms.
2026-06-29 01:46:13.380 +05:30 [INF] Executed action Portfolio_Management_System.Controllers.HomeController.Index (Portfolio Management System) in 2134.1233ms
2026-06-29 01:46:13.395 +05:30 [INF] Executed endpoint 'Portfolio_Management_System.Controllers.HomeController.Index (Portfolio Management System)'
2026-06-29 01:46:13.397 +05:30 [INF] HTTP GET / responded 200 in 2728.7086 ms
2026-06-29 01:46:13.417 +05:30 [INF] Request finished HTTP/2 GET https://localhost:44341/ - 200 null text/html; charset=utf-8 2991.9998ms
2026-06-29 01:46:13.692 +05:30 [INF] Request starting HTTP/2 GET https://localhost:44341/_framework/aspnetcore-browser-refresh.js - null null
2026-06-29 01:46:13.692 +05:30 [INF] Request starting HTTP/2 GET https://localhost:44341/uploads/projects/0cad35a0-c507-42ac-b6d3-27f35abc86f8.jpg - null null
2026-06-29 01:46:13.692 +05:30 [INF] Request starting HTTP/2 GET https://localhost:44341/_vs/browserLink - null null
2026-06-29 01:46:13.694 +05:30 [INF] Request finished HTTP/2 GET https://localhost:44341/_framework/aspnetcore-browser-refresh.js - 200 16539 application/javascript; charset=utf-8 48.5105ms
2026-06-29 01:46:13.712 +05:30 [INF] HTTP GET /uploads/projects/0cad35a0-c507-42ac-b6d3-27f35abc86f8.jpg responded 404 in 19.2791 ms
2026-06-29 01:46:13.728 +05:30 [INF] Request finished HTTP/2 GET https://localhost:44341/uploads/projects/0cad35a0-c507-42ac-b6d3-27f35abc86f8.jpg - 404 null null 77.9342ms
2026-06-29 01:46:13.730 +05:30 [INF] Request reached the end of the middleware pipeline without being handled by application code. Request path: GET https://localhost:44341/uploads/projects/0cad35a0-c507-42ac-b6d3-27f35abc86f8.jpg, Response status code: 404
2026-06-29 01:46:14.069 +05:30 [INF] Request finished HTTP/2 GET https://localhost:44341/_vs/browserLink - 200 null text/javascript; charset=UTF-8 376.9184ms
2026-06-29 01:46:20.975 +05:30 [INF] Request starting HTTP/2 POST https://localhost:44341/Admin/Login - application/x-www-form-urlencoded 217
2026-06-29 01:46:20.999 +05:30 [INF] CORS policy execution successful.
2026-06-29 01:46:21.003 +05:30 [INF] Executing endpoint 'Portfolio_Management_System.Controllers.AdminController.Login (Portfolio Management System)'
2026-06-29 01:46:21.045 +05:30 [INF] Route matched with {action = "Login", controller = "Admin"}. Executing controller action with signature System.Threading.Tasks.Task`1[Microsoft.AspNetCore.Mvc.IActionResult] Login(Portfolio_Management_System.Models.AdminLoginModel) on controller Portfolio_Management_System.Controllers.AdminController (Portfolio Management System).
2026-06-29 01:46:21.337 +05:30 [INF] Executing RedirectResult, redirecting to /Admin/Dashboard.
2026-06-29 01:46:21.338 +05:30 [INF] Executed action Portfolio_Management_System.Controllers.AdminController.Login (Portfolio Management System) in 292.1412ms
2026-06-29 01:46:21.340 +05:30 [INF] Executed endpoint 'Portfolio_Management_System.Controllers.AdminController.Login (Portfolio Management System)'
2026-06-29 01:46:21.343 +05:30 [INF] Session started; Key:2ae8fda7-e9c6-fe47-02c7-2aa409e35f42, Id:6e67f097-570a-8d33-9886-e64c23050f4b
2026-06-29 01:46:21.345 +05:30 [INF] HTTP POST /Admin/Login responded 302 in 352.0007 ms
2026-06-29 01:46:21.353 +05:30 [INF] Request finished HTTP/2 POST https://localhost:44341/Admin/Login - 302 null null 378.8251ms
2026-06-29 01:46:21.399 +05:30 [INF] Request starting HTTP/2 GET https://localhost:44341/Admin/Dashboard - null null
2026-06-29 01:46:21.408 +05:30 [INF] Executing endpoint 'Portfolio_Management_System.Controllers.AdminController.Dashboard (Portfolio Management System)'
2026-06-29 01:46:21.417 +05:30 [INF] Route matched with {action = "Dashboard", controller = "Admin"}. Executing controller action with signature System.Threading.Tasks.Task`1[Microsoft.AspNetCore.Mvc.IActionResult] Dashboard() on controller Portfolio_Management_System.Controllers.AdminController (Portfolio Management System).
2026-06-29 01:46:23.330 +05:30 [ERR] Error getting recent messages
System.InvalidCastException: Unable to cast object of type 'System.Boolean' to type 'System.DateTime'.
   at Microsoft.Data.SqlClient.SqlBuffer.get_DateTime()
   at Microsoft.Data.SqlClient.SqlDataReader.GetDateTime(Int32 i)
   at Portfolio_Management_System.DAL.DbHelper.GetRecentMessagesAsync(Int32 count) in C:\Users\ak731\Desktop\DSA\Portfolio Management System\DAL\DbHelper.cs:line 1441
2026-06-29 01:46:24.379 +05:30 [ERR] Error getting recent visitors
System.InvalidCastException: Unable to cast object of type 'System.DateTime' to type 'System.Int32'.
   at Microsoft.Data.SqlClient.SqlBuffer.get_Int32()
   at Microsoft.Data.SqlClient.SqlDataReader.GetInt32(Int32 i)
   at Portfolio_Management_System.DAL.DbHelper.GetRecentVisitorsAsync(Int32 count) in C:\Users\ak731\Desktop\DSA\Portfolio Management System\DAL\DbHelper.cs:line 1482
2026-06-29 01:46:25.728 +05:30 [INF] Executing ViewResult, running view Dashboard.
2026-06-29 01:46:26.079 +05:30 [INF] Executed ViewResult - view Dashboard executed in 355.0131ms.
2026-06-29 01:46:26.080 +05:30 [INF] Executed action Portfolio_Management_System.Controllers.AdminController.Dashboard (Portfolio Management System) in 4662.1069ms
2026-06-29 01:46:26.080 +05:30 [INF] Executed endpoint 'Portfolio_Management_System.Controllers.AdminController.Dashboard (Portfolio Management System)'
2026-06-29 01:46:26.080 +05:30 [INF] HTTP GET /Admin/Dashboard responded 200 in 4676.3157 ms
2026-06-29 01:46:26.097 +05:30 [INF] Request finished HTTP/2 GET https://localhost:44341/Admin/Dashboard - 200 null text/html; charset=utf-8 4700.3598ms
2026-06-29 01:46:26.252 +05:30 [INF] Request starting HTTP/2 GET https://localhost:44341/_framework/aspnetcore-browser-refresh.js - null null
2026-06-29 01:46:26.259 +05:30 [INF] Request starting HTTP/2 GET https://localhost:44341/_vs/browserLink - null null
2026-06-29 01:46:26.260 +05:30 [INF] Request finished HTTP/2 GET https://localhost:44341/_framework/aspnetcore-browser-refresh.js - 200 16539 application/javascript; charset=utf-8 7.9899ms
2026-06-29 01:46:26.268 +05:30 [INF] Request starting HTTP/2 GET https://localhost:44341/css/admin.css?v=639182943859791061 - null null
2026-06-29 01:46:26.302 +05:30 [INF] Sending file. Request path: '/css/admin.css'. Physical path: 'C:\Users\ak731\Desktop\DSA\Portfolio Management System\wwwroot\css\admin.css'
2026-06-29 01:46:26.302 +05:30 [INF] HTTP GET /css/admin.css responded 200 in 34.3002 ms
2026-06-29 01:46:26.303 +05:30 [INF] Request finished HTTP/2 GET https://localhost:44341/css/admin.css?v=639182943859791061 - 200 19854 text/css 35.054ms
2026-06-29 01:46:26.397 +05:30 [INF] Request finished HTTP/2 GET https://localhost:44341/_vs/browserLink - 200 null text/javascript; charset=UTF-8 138.5056ms
2026-06-29 01:46:27.600 +05:30 [INF] Request starting HTTP/2 GET https://localhost:44341/Admin/GetExperienceDetails - null null
2026-06-29 01:46:27.601 +05:30 [INF] Executing endpoint 'Portfolio_Management_System.Controllers.AdminController.GetExperienceDetails (Portfolio Management System)'
2026-06-29 01:46:27.605 +05:30 [INF] Request starting HTTP/2 GET https://localhost:44341/Admin/GetRecentMessages - null null
2026-06-29 01:46:27.606 +05:30 [INF] Executing endpoint 'Portfolio_Management_System.Controllers.AdminController.GetRecentMessages (Portfolio Management System)'
2026-06-29 01:46:27.612 +05:30 [INF] Request starting HTTP/2 GET https://localhost:44341/Admin/GetUnreadMessagesCount - null null
2026-06-29 01:46:27.628 +05:30 [INF] Executing endpoint 'Portfolio_Management_System.Controllers.AdminController.GetUnreadMessagesCount (Portfolio Management System)'
2026-06-29 01:46:27.662 +05:30 [INF] Route matched with {action = "GetExperienceDetails", controller = "Admin"}. Executing controller action with signature System.Threading.Tasks.Task`1[Microsoft.AspNetCore.Mvc.IActionResult] GetExperienceDetails() on controller Portfolio_Management_System.Controllers.AdminController (Portfolio Management System).
2026-06-29 01:46:27.664 +05:30 [INF] Route matched with {action = "GetUnreadMessagesCount", controller = "Admin"}. Executing controller action with signature System.Threading.Tasks.Task`1[Microsoft.AspNetCore.Mvc.IActionResult] GetUnreadMessagesCount() on controller Portfolio_Management_System.Controllers.AdminController (Portfolio Management System).
2026-06-29 01:46:27.664 +05:30 [INF] Route matched with {action = "GetRecentMessages", controller = "Admin"}. Executing controller action with signature System.Threading.Tasks.Task`1[Microsoft.AspNetCore.Mvc.IActionResult] GetRecentMessages() on controller Portfolio_Management_System.Controllers.AdminController (Portfolio Management System).
2026-06-29 01:46:27.879 +05:30 [INF] Executing JsonResult, writing value of type 'System.Collections.Generic.List`1[[<>f__AnonymousType17`7[[System.Int32, System.Private.CoreLib, Version=9.0.0.0, Culture=neutral, PublicKeyToken=7cec85d7bea7798e],[System.String, System.Private.CoreLib, Version=9.0.0.0, Culture=neutral, PublicKeyToken=7cec85d7bea7798e],[System.String, System.Private.CoreLib, Version=9.0.0.0, Culture=neutral, PublicKeyToken=7cec85d7bea7798e],[System.String, System.Private.CoreLib, Version=9.0.0.0, Culture=neutral, PublicKeyToken=7cec85d7bea7798e],[System.String, System.Private.CoreLib, Version=9.0.0.0, Culture=neutral, PublicKeyToken=7cec85d7bea7798e],[System.Boolean, System.Private.CoreLib, Version=9.0.0.0, Culture=neutral, PublicKeyToken=7cec85d7bea7798e],[System.DateTime, System.Private.CoreLib, Version=9.0.0.0, Culture=neutral, PublicKeyToken=7cec85d7bea7798e]], Portfolio Management System, Version=1.0.0.0, Culture=neutral, PublicKeyToken=null]]'.
2026-06-29 01:46:27.881 +05:30 [INF] Executing JsonResult, writing value of type '<>f__AnonymousType14`10[[System.Boolean, System.Private.CoreLib, Version=9.0.0.0, Culture=neutral, PublicKeyToken=7cec85d7bea7798e],[System.Int32, System.Private.CoreLib, Version=9.0.0.0, Culture=neutral, PublicKeyToken=7cec85d7bea7798e],[System.String, System.Private.CoreLib, Version=9.0.0.0, Culture=neutral, PublicKeyToken=7cec85d7bea7798e],[System.String, System.Private.CoreLib, Version=9.0.0.0, Culture=neutral, PublicKeyToken=7cec85d7bea7798e],[System.String, System.Private.CoreLib, Version=9.0.0.0, Culture=neutral, PublicKeyToken=7cec85d7bea7798e],[System.Int32, System.Private.CoreLib, Version=9.0.0.0, Culture=neutral, PublicKeyToken=7cec85d7bea7798e],[System.Int32, System.Private.CoreLib, Version=9.0.0.0, Culture=neutral, PublicKeyToken=7cec85d7bea7798e],[System.Int32, System.Private.CoreLib, Version=9.0.0.0, Culture=neutral, PublicKeyToken=7cec85d7bea7798e],[System.Int32, System.Private.CoreLib, Version=9.0.0.0, Culture=neutral, PublicKeyToken=7cec85d7bea7798e],[System.Int32, System.Private.CoreLib, Version=9.0.0.0, Culture=neutral, PublicKeyToken=7cec85d7bea7798e]]'.
2026-06-29 01:46:27.977 +05:30 [INF] Executed action Portfolio_Management_System.Controllers.AdminController.GetExperienceDetails (Portfolio Management System) in 314.8241ms
2026-06-29 01:46:27.982 +05:30 [INF] Executed action Portfolio_Management_System.Controllers.AdminController.GetRecentMessages (Portfolio Management System) in 317.5342ms
2026-06-29 01:46:27.982 +05:30 [INF] Executed endpoint 'Portfolio_Management_System.Controllers.AdminController.GetRecentMessages (Portfolio Management System)'
2026-06-29 01:46:27.983 +05:30 [INF] HTTP GET /Admin/GetRecentMessages responded 200 in 377.9278 ms
2026-06-29 01:46:27.977 +05:30 [INF] Executed endpoint 'Portfolio_Management_System.Controllers.AdminController.GetExperienceDetails (Portfolio Management System)'
2026-06-29 01:46:27.984 +05:30 [INF] HTTP GET /Admin/GetExperienceDetails responded 200 in 384.0286 ms
2026-06-29 01:46:27.993 +05:30 [INF] Request finished HTTP/2 GET https://localhost:44341/Admin/GetExperienceDetails - 200 null application/json; charset=utf-8 393.5295ms
2026-06-29 01:46:27.996 +05:30 [INF] Request finished HTTP/2 GET https://localhost:44341/Admin/GetRecentMessages - 200 null application/json; charset=utf-8 390.4232ms
2026-06-29 01:46:28.673 +05:30 [INF] Executing JsonResult, writing value of type 'System.Int32'.
2026-06-29 01:46:28.679 +05:30 [INF] Executed action Portfolio_Management_System.Controllers.AdminController.GetUnreadMessagesCount (Portfolio Management System) in 1014.5555ms
2026-06-29 01:46:28.679 +05:30 [INF] Executed endpoint 'Portfolio_Management_System.Controllers.AdminController.GetUnreadMessagesCount (Portfolio Management System)'
2026-06-29 01:46:28.681 +05:30 [INF] HTTP GET /Admin/GetUnreadMessagesCount responded 200 in 1063.8446 ms
2026-06-29 01:46:28.682 +05:30 [INF] Request finished HTTP/2 GET https://localhost:44341/Admin/GetUnreadMessagesCount - 200 null application/json; charset=utf-8 1069.3868ms
2026-06-29 01:46:33.310 +05:30 [INF] Request starting HTTP/2 GET https://localhost:44341/Admin/AutoTube/CustomVideo - null null
2026-06-29 01:46:33.315 +05:30 [INF] Executing endpoint 'Portfolio_Management_System.Controllers.AdminAutoTubeController.CustomVideo (Portfolio Management System)'
2026-06-29 01:46:33.352 +05:30 [INF] Route matched with {action = "CustomVideo", controller = "AdminAutoTube"}. Executing controller action with signature Microsoft.AspNetCore.Mvc.IActionResult CustomVideo() on controller Portfolio_Management_System.Controllers.AdminAutoTubeController (Portfolio Management System).
2026-06-29 01:46:33.399 +05:30 [INF] Executing ViewResult, running view ~/Views/Admin/CustomVideo.cshtml.
2026-06-29 01:46:33.581 +05:30 [INF] Executed ViewResult - view ~/Views/Admin/CustomVideo.cshtml executed in 183.0107ms.
2026-06-29 01:46:33.610 +05:30 [INF] Executed action Portfolio_Management_System.Controllers.AdminAutoTubeController.CustomVideo (Portfolio Management System) in 257.9463ms
2026-06-29 01:46:33.610 +05:30 [INF] Executed endpoint 'Portfolio_Management_System.Controllers.AdminAutoTubeController.CustomVideo (Portfolio Management System)'
2026-06-29 01:46:33.610 +05:30 [INF] HTTP GET /Admin/AutoTube/CustomVideo responded 200 in 297.0411 ms
2026-06-29 01:46:33.613 +05:30 [INF] Request starting HTTP/2 GET https://localhost:44341/css/admin.css?v=639182943935792919 - null null
2026-06-29 01:46:33.622 +05:30 [INF] Request starting HTTP/2 GET https://localhost:44341/_framework/aspnetcore-browser-refresh.js - null null
2026-06-29 01:46:33.622 +05:30 [INF] Sending file. Request path: '/css/admin.css'. Physical path: 'C:\Users\ak731\Desktop\DSA\Portfolio Management System\wwwroot\css\admin.css'
2026-06-29 01:46:33.622 +05:30 [INF] HTTP GET /css/admin.css responded 200 in 7.1166 ms
2026-06-29 01:46:33.623 +05:30 [INF] Request finished HTTP/2 GET https://localhost:44341/css/admin.css?v=639182943935792919 - 200 19854 text/css 10.198ms
2026-06-29 01:46:33.624 +05:30 [INF] Request starting HTTP/2 GET https://localhost:44341/_vs/browserLink - null null
2026-06-29 01:46:33.623 +05:30 [INF] Request finished HTTP/2 GET https://localhost:44341/_framework/aspnetcore-browser-refresh.js - 200 16539 application/javascript; charset=utf-8 1.1443ms
2026-06-29 01:46:33.653 +05:30 [INF] Request finished HTTP/2 GET https://localhost:44341/Admin/AutoTube/CustomVideo - 200 null text/html; charset=utf-8 343.7218ms
2026-06-29 01:46:33.688 +05:30 [INF] Request finished HTTP/2 GET https://localhost:44341/_vs/browserLink - 200 null text/javascript; charset=UTF-8 63.6488ms
2026-06-29 01:46:33.947 +05:30 [INF] Request starting HTTP/2 GET https://localhost:44341/Admin/GetRecentMessages - null null
2026-06-29 01:46:33.948 +05:30 [INF] Executing endpoint 'Portfolio_Management_System.Controllers.AdminController.GetRecentMessages (Portfolio Management System)'
2026-06-29 01:46:33.948 +05:30 [INF] Route matched with {action = "GetRecentMessages", controller = "Admin"}. Executing controller action with signature System.Threading.Tasks.Task`1[Microsoft.AspNetCore.Mvc.IActionResult] GetRecentMessages() on controller Portfolio_Management_System.Controllers.AdminController (Portfolio Management System).
2026-06-29 01:46:33.952 +05:30 [INF] Request starting HTTP/2 GET https://localhost:44341/Admin/GetUnreadMessagesCount - null null
2026-06-29 01:46:33.953 +05:30 [INF] Executing endpoint 'Portfolio_Management_System.Controllers.AdminController.GetUnreadMessagesCount (Portfolio Management System)'
2026-06-29 01:46:33.953 +05:30 [INF] Route matched with {action = "GetUnreadMessagesCount", controller = "Admin"}. Executing controller action with signature System.Threading.Tasks.Task`1[Microsoft.AspNetCore.Mvc.IActionResult] GetUnreadMessagesCount() on controller Portfolio_Management_System.Controllers.AdminController (Portfolio Management System).
2026-06-29 01:46:34.116 +05:30 [INF] Executing JsonResult, writing value of type 'System.Collections.Generic.List`1[[<>f__AnonymousType17`7[[System.Int32, System.Private.CoreLib, Version=9.0.0.0, Culture=neutral, PublicKeyToken=7cec85d7bea7798e],[System.String, System.Private.CoreLib, Version=9.0.0.0, Culture=neutral, PublicKeyToken=7cec85d7bea7798e],[System.String, System.Private.CoreLib, Version=9.0.0.0, Culture=neutral, PublicKeyToken=7cec85d7bea7798e],[System.String, System.Private.CoreLib, Version=9.0.0.0, Culture=neutral, PublicKeyToken=7cec85d7bea7798e],[System.String, System.Private.CoreLib, Version=9.0.0.0, Culture=neutral, PublicKeyToken=7cec85d7bea7798e],[System.Boolean, System.Private.CoreLib, Version=9.0.0.0, Culture=neutral, PublicKeyToken=7cec85d7bea7798e],[System.DateTime, System.Private.CoreLib, Version=9.0.0.0, Culture=neutral, PublicKeyToken=7cec85d7bea7798e]], Portfolio Management System, Version=1.0.0.0, Culture=neutral, PublicKeyToken=null]]'.
2026-06-29 01:46:34.117 +05:30 [INF] Executed action Portfolio_Management_System.Controllers.AdminController.GetRecentMessages (Portfolio Management System) in 168.2766ms
2026-06-29 01:46:34.117 +05:30 [INF] Executed endpoint 'Portfolio_Management_System.Controllers.AdminController.GetRecentMessages (Portfolio Management System)'
2026-06-29 01:46:34.117 +05:30 [INF] HTTP GET /Admin/GetRecentMessages responded 200 in 169.4065 ms
2026-06-29 01:46:34.117 +05:30 [INF] Request finished HTTP/2 GET https://localhost:44341/Admin/GetRecentMessages - 200 null application/json; charset=utf-8 169.8986ms
2026-06-29 01:46:34.125 +05:30 [INF] Executing JsonResult, writing value of type 'System.Int32'.
2026-06-29 01:46:34.126 +05:30 [INF] Executed action Portfolio_Management_System.Controllers.AdminController.GetUnreadMessagesCount (Portfolio Management System) in 172.7166ms
2026-06-29 01:46:34.126 +05:30 [INF] Executed endpoint 'Portfolio_Management_System.Controllers.AdminController.GetUnreadMessagesCount (Portfolio Management System)'
2026-06-29 01:46:34.126 +05:30 [INF] HTTP GET /Admin/GetUnreadMessagesCount responded 200 in 174.4681 ms
2026-06-29 01:46:34.127 +05:30 [INF] Request finished HTTP/2 GET https://localhost:44341/Admin/GetUnreadMessagesCount - 200 null application/json; charset=utf-8 177.4604ms
2026-06-29 01:47:03.934 +05:30 [INF] Request starting HTTP/2 GET https://localhost:44341/Admin/GetUnreadMessagesCount - null null
2026-06-29 01:47:03.936 +05:30 [INF] Request starting HTTP/2 GET https://localhost:44341/Admin/GetRecentMessages - null null
2026-06-29 01:47:03.944 +05:30 [INF] Executing endpoint 'Portfolio_Management_System.Controllers.AdminController.GetRecentMessages (Portfolio Management System)'
2026-06-29 01:47:03.944 +05:30 [INF] Executing endpoint 'Portfolio_Management_System.Controllers.AdminController.GetUnreadMessagesCount (Portfolio Management System)'
2026-06-29 01:47:03.945 +05:30 [INF] Route matched with {action = "GetRecentMessages", controller = "Admin"}. Executing controller action with signature System.Threading.Tasks.Task`1[Microsoft.AspNetCore.Mvc.IActionResult] GetRecentMessages() on controller Portfolio_Management_System.Controllers.AdminController (Portfolio Management System).
2026-06-29 01:47:03.945 +05:30 [INF] Route matched with {action = "GetUnreadMessagesCount", controller = "Admin"}. Executing controller action with signature System.Threading.Tasks.Task`1[Microsoft.AspNetCore.Mvc.IActionResult] GetUnreadMessagesCount() on controller Portfolio_Management_System.Controllers.AdminController (Portfolio Management System).
2026-06-29 01:47:04.127 +05:30 [INF] Executing JsonResult, writing value of type 'System.Int32'.
2026-06-29 01:47:04.130 +05:30 [INF] Executed action Portfolio_Management_System.Controllers.AdminController.GetUnreadMessagesCount (Portfolio Management System) in 183.5753ms
2026-06-29 01:47:04.130 +05:30 [INF] Executed endpoint 'Portfolio_Management_System.Controllers.AdminController.GetUnreadMessagesCount (Portfolio Management System)'
2026-06-29 01:47:04.133 +05:30 [INF] HTTP GET /Admin/GetUnreadMessagesCount responded 200 in 195.2378 ms
2026-06-29 01:47:04.134 +05:30 [INF] Request finished HTTP/2 GET https://localhost:44341/Admin/GetUnreadMessagesCount - 200 null application/json; charset=utf-8 201.1923ms
2026-06-29 01:47:04.134 +05:30 [INF] Executing JsonResult, writing value of type 'System.Collections.Generic.List`1[[<>f__AnonymousType17`7[[System.Int32, System.Private.CoreLib, Version=9.0.0.0, Culture=neutral, PublicKeyToken=7cec85d7bea7798e],[System.String, System.Private.CoreLib, Version=9.0.0.0, Culture=neutral, PublicKeyToken=7cec85d7bea7798e],[System.String, System.Private.CoreLib, Version=9.0.0.0, Culture=neutral, PublicKeyToken=7cec85d7bea7798e],[System.String, System.Private.CoreLib, Version=9.0.0.0, Culture=neutral, PublicKeyToken=7cec85d7bea7798e],[System.String, System.Private.CoreLib, Version=9.0.0.0, Culture=neutral, PublicKeyToken=7cec85d7bea7798e],[System.Boolean, System.Private.CoreLib, Version=9.0.0.0, Culture=neutral, PublicKeyToken=7cec85d7bea7798e],[System.DateTime, System.Private.CoreLib, Version=9.0.0.0, Culture=neutral, PublicKeyToken=7cec85d7bea7798e]], Portfolio Management System, Version=1.0.0.0, Culture=neutral, PublicKeyToken=null]]'.
2026-06-29 01:47:04.135 +05:30 [INF] Executed action Portfolio_Management_System.Controllers.AdminController.GetRecentMessages (Portfolio Management System) in 189.5877ms
2026-06-29 01:47:04.138 +05:30 [INF] Executed endpoint 'Portfolio_Management_System.Controllers.AdminController.GetRecentMessages (Portfolio Management System)'
2026-06-29 01:47:04.138 +05:30 [INF] HTTP GET /Admin/GetRecentMessages responded 200 in 202.1460 ms
2026-06-29 01:47:04.138 +05:30 [INF] Request finished HTTP/2 GET https://localhost:44341/Admin/GetRecentMessages - 200 null application/json; charset=utf-8 204.7085ms
2026-06-29 01:47:11.808 +05:30 [INF] Request starting HTTP/2 POST https://localhost:44341/Admin/AutoTube/UploadScript - multipart/form-data; boundary=----WebKitFormBoundarynbAAiCMjHXAyfvAD 12842804
2026-06-29 01:47:11.825 +05:30 [INF] CORS policy execution successful.
2026-06-29 01:47:11.826 +05:30 [INF] Executing endpoint 'Portfolio_Management_System.Controllers.AdminAutoTubeController.UploadScript (Portfolio Management System)'
2026-06-29 01:47:11.857 +05:30 [INF] Route matched with {action = "UploadScript", controller = "AdminAutoTube"}. Executing controller action with signature System.Threading.Tasks.Task`1[Microsoft.AspNetCore.Mvc.IActionResult] UploadScript(System.String, Microsoft.AspNetCore.Http.IFormFile) on controller Portfolio_Management_System.Controllers.AdminAutoTubeController (Portfolio Management System).
2026-06-29 01:47:20.332 +05:30 [INF] Start processing HTTP request POST http://localhost:8000/api/script/format_custom
2026-06-29 01:47:20.333 +05:30 [INF] Sending HTTP request POST http://localhost:8000/api/script/format_custom
2026-06-29 01:47:24.779 +05:30 [ERR] Error calling Python API.
System.Net.Http.HttpRequestException: No connection could be made because the target machine actively refused it. (localhost:8000)
 ---> System.Net.Sockets.SocketException (10061): No connection could be made because the target machine actively refused it.
   at System.Net.Sockets.Socket.AwaitableSocketAsyncEventArgs.ThrowException(SocketError error, CancellationToken cancellationToken)
   at System.Net.Sockets.Socket.AwaitableSocketAsyncEventArgs.System.Threading.Tasks.Sources.IValueTaskSource.GetResult(Int16 token)
   at System.Net.Sockets.Socket.<ConnectAsync>g__WaitForConnectWithCancellation|285_0(AwaitableSocketAsyncEventArgs saea, ValueTask connectTask, CancellationToken cancellationToken)
   at System.Net.Http.HttpConnectionPool.ConnectToTcpHostAsync(String host, Int32 port, HttpRequestMessage initialRequest, Boolean async, CancellationToken cancellationToken)
   --- End of inner exception stack trace ---
   at System.Net.Http.HttpConnectionPool.ConnectToTcpHostAsync(String host, Int32 port, HttpRequestMessage initialRequest, Boolean async, CancellationToken cancellationToken)
   at System.Net.Http.HttpConnectionPool.ConnectAsync(HttpRequestMessage request, Boolean async, CancellationToken cancellationToken)
   at System.Net.Http.HttpConnectionPool.CreateHttp11ConnectionAsync(HttpRequestMessage request, Boolean async, CancellationToken cancellationToken)
   at System.Net.Http.HttpConnectionPool.InjectNewHttp11ConnectionAsync(QueueItem queueItem)
   at System.Threading.Tasks.TaskCompletionSourceWithCancellation`1.WaitWithCancellationAsync(CancellationToken cancellationToken)
   at System.Net.Http.HttpConnectionWaiter`1.WaitForConnectionWithTelemetryAsync(HttpRequestMessage request, HttpConnectionPool pool, Boolean async, CancellationToken requestCancellationToken)
   at System.Net.Http.HttpConnectionPool.SendWithVersionDetectionAndRetryAsync(HttpRequestMessage request, Boolean async, Boolean doRequestAuth, CancellationToken cancellationToken)
   at System.Net.Http.DiagnosticsHandler.SendAsyncCore(HttpRequestMessage request, Boolean async, CancellationToken cancellationToken)
   at System.Net.Http.RedirectHandler.SendAsync(HttpRequestMessage request, Boolean async, CancellationToken cancellationToken)
   at Microsoft.Extensions.Http.Logging.LoggingHttpMessageHandler.<SendCoreAsync>g__Core|4_0(HttpRequestMessage request, Boolean useAsync, CancellationToken cancellationToken)
   at Microsoft.Extensions.Http.Logging.LoggingScopeHttpMessageHandler.<SendCoreAsync>g__Core|4_0(HttpRequestMessage request, Boolean useAsync, CancellationToken cancellationToken)
   at System.Net.Http.HttpClient.<SendAsync>g__Core|83_0(HttpRequestMessage request, HttpCompletionOption completionOption, CancellationTokenSource cts, Boolean disposeCts, CancellationTokenSource pendingRequestsCts, CancellationToken originalCancellationToken)
   at Portfolio_Management_System.Controllers.AdminAutoTubeController.UploadScript(String rawText, IFormFile pdfFile) in C:\Users\ak731\Desktop\DSA\Portfolio Management System\Controllers\AdminAutoTubeController.cs:line 85
2026-06-29 01:47:24.787 +05:30 [INF] Executing JsonResult, writing value of type '<>f__AnonymousType9`2[[System.Boolean, System.Private.CoreLib, Version=9.0.0.0, Culture=neutral, PublicKeyToken=7cec85d7bea7798e],[System.String, System.Private.CoreLib, Version=9.0.0.0, Culture=neutral, PublicKeyToken=7cec85d7bea7798e]]'.
2026-06-29 01:47:24.794 +05:30 [INF] Executed action Portfolio_Management_System.Controllers.AdminAutoTubeController.UploadScript (Portfolio Management System) in 12936.5413ms
2026-06-29 01:47:24.794 +05:30 [INF] Executed endpoint 'Portfolio_Management_System.Controllers.AdminAutoTubeController.UploadScript (Portfolio Management System)'
2026-06-29 01:47:24.794 +05:30 [INF] HTTP POST /Admin/AutoTube/UploadScript responded 200 in 12985.4457 ms
2026-06-29 01:47:24.799 +05:30 [INF] Request finished HTTP/2 POST https://localhost:44341/Admin/AutoTube/UploadScript - 200 null application/json; charset=utf-8 12991.8664ms
2026-06-29 01:47:33.551 +05:30 [INF] Request starting HTTP/2 POST https://localhost:44341/Admin/AutoTube/UploadScript - multipart/form-data; boundary=----WebKitFormBoundaryzE3FhlVAWYJVsImL 12842804
2026-06-29 01:47:33.552 +05:30 [INF] CORS policy execution successful.
2026-06-29 01:47:33.553 +05:30 [INF] Executing endpoint 'Portfolio_Management_System.Controllers.AdminAutoTubeController.UploadScript (Portfolio Management System)'
2026-06-29 01:47:33.555 +05:30 [INF] Route matched with {action = "UploadScript", controller = "AdminAutoTube"}. Executing controller action with signature System.Threading.Tasks.Task`1[Microsoft.AspNetCore.Mvc.IActionResult] UploadScript(System.String, Microsoft.AspNetCore.Http.IFormFile) on controller Portfolio_Management_System.Controllers.AdminAutoTubeController (Portfolio Management System).
2026-06-29 01:47:33.924 +05:30 [INF] Request starting HTTP/2 GET https://localhost:44341/Admin/GetUnreadMessagesCount - null null
2026-06-29 01:47:33.924 +05:30 [INF] Request starting HTTP/2 GET https://localhost:44341/Admin/GetRecentMessages - null null
2026-06-29 01:47:33.924 +05:30 [INF] Executing endpoint 'Portfolio_Management_System.Controllers.AdminController.GetRecentMessages (Portfolio Management System)'
2026-06-29 01:47:33.925 +05:30 [INF] Route matched with {action = "GetRecentMessages", controller = "Admin"}. Executing controller action with signature System.Threading.Tasks.Task`1[Microsoft.AspNetCore.Mvc.IActionResult] GetRecentMessages() on controller Portfolio_Management_System.Controllers.AdminController (Portfolio Management System).
2026-06-29 01:47:33.925 +05:30 [INF] Executing endpoint 'Portfolio_Management_System.Controllers.AdminController.GetUnreadMessagesCount (Portfolio Management System)'
2026-06-29 01:47:33.926 +05:30 [INF] Route matched with {action = "GetUnreadMessagesCount", controller = "Admin"}. Executing controller action with signature System.Threading.Tasks.Task`1[Microsoft.AspNetCore.Mvc.IActionResult] GetUnreadMessagesCount() on controller Portfolio_Management_System.Controllers.AdminController (Portfolio Management System).
2026-06-29 01:47:34.092 +05:30 [INF] Executing JsonResult, writing value of type 'System.Int32'.
2026-06-29 01:47:34.093 +05:30 [INF] Executed action Portfolio_Management_System.Controllers.AdminController.GetUnreadMessagesCount (Portfolio Management System) in 167.1087ms
2026-06-29 01:47:34.093 +05:30 [INF] Executed endpoint 'Portfolio_Management_System.Controllers.AdminController.GetUnreadMessagesCount (Portfolio Management System)'
2026-06-29 01:47:34.093 +05:30 [INF] HTTP GET /Admin/GetUnreadMessagesCount responded 200 in 168.8426 ms
2026-06-29 01:47:34.093 +05:30 [INF] Request finished HTTP/2 GET https://localhost:44341/Admin/GetUnreadMessagesCount - 200 null application/json; charset=utf-8 169.2376ms
2026-06-29 01:47:34.096 +05:30 [INF] Executing JsonResult, writing value of type 'System.Collections.Generic.List`1[[<>f__AnonymousType17`7[[System.Int32, System.Private.CoreLib, Version=9.0.0.0, Culture=neutral, PublicKeyToken=7cec85d7bea7798e],[System.String, System.Private.CoreLib, Version=9.0.0.0, Culture=neutral, PublicKeyToken=7cec85d7bea7798e],[System.String, System.Private.CoreLib, Version=9.0.0.0, Culture=neutral, PublicKeyToken=7cec85d7bea7798e],[System.String, System.Private.CoreLib, Version=9.0.0.0, Culture=neutral, PublicKeyToken=7cec85d7bea7798e],[System.String, System.Private.CoreLib, Version=9.0.0.0, Culture=neutral, PublicKeyToken=7cec85d7bea7798e],[System.Boolean, System.Private.CoreLib, Version=9.0.0.0, Culture=neutral, PublicKeyToken=7cec85d7bea7798e],[System.DateTime, System.Private.CoreLib, Version=9.0.0.0, Culture=neutral, PublicKeyToken=7cec85d7bea7798e]], Portfolio Management System, Version=1.0.0.0, Culture=neutral, PublicKeyToken=null]]'.
2026-06-29 01:47:34.096 +05:30 [INF] Executed action Portfolio_Management_System.Controllers.AdminController.GetRecentMessages (Portfolio Management System) in 171.6983ms
2026-06-29 01:47:34.097 +05:30 [INF] Executed endpoint 'Portfolio_Management_System.Controllers.AdminController.GetRecentMessages (Portfolio Management System)'
2026-06-29 01:47:34.097 +05:30 [INF] HTTP GET /Admin/GetRecentMessages responded 200 in 172.7846 ms
2026-06-29 01:47:34.097 +05:30 [INF] Request finished HTTP/2 GET https://localhost:44341/Admin/GetRecentMessages - 200 null application/json; charset=utf-8 173.339ms
2026-06-29 01:47:39.447 +05:30 [INF] Start processing HTTP request POST http://localhost:8000/api/script/format_custom
2026-06-29 01:47:39.448 +05:30 [INF] Sending HTTP request POST http://localhost:8000/api/script/format_custom
2026-06-29 01:47:43.730 +05:30 [ERR] Error calling Python API.
System.Net.Http.HttpRequestException: No connection could be made because the target machine actively refused it. (localhost:8000)
 ---> System.Net.Sockets.SocketException (10061): No connection could be made because the target machine actively refused it.
   at System.Net.Sockets.Socket.AwaitableSocketAsyncEventArgs.ThrowException(SocketError error, CancellationToken cancellationToken)
   at System.Net.Sockets.Socket.AwaitableSocketAsyncEventArgs.System.Threading.Tasks.Sources.IValueTaskSource.GetResult(Int16 token)
   at System.Net.Sockets.Socket.<ConnectAsync>g__WaitForConnectWithCancellation|285_0(AwaitableSocketAsyncEventArgs saea, ValueTask connectTask, CancellationToken cancellationToken)
   at System.Net.Http.HttpConnectionPool.ConnectToTcpHostAsync(String host, Int32 port, HttpRequestMessage initialRequest, Boolean async, CancellationToken cancellationToken)
   --- End of inner exception stack trace ---
   at System.Net.Http.HttpConnectionPool.ConnectToTcpHostAsync(String host, Int32 port, HttpRequestMessage initialRequest, Boolean async, CancellationToken cancellationToken)
   at System.Net.Http.HttpConnectionPool.ConnectAsync(HttpRequestMessage request, Boolean async, CancellationToken cancellationToken)
   at System.Net.Http.HttpConnectionPool.CreateHttp11ConnectionAsync(HttpRequestMessage request, Boolean async, CancellationToken cancellationToken)
   at System.Net.Http.HttpConnectionPool.InjectNewHttp11ConnectionAsync(QueueItem queueItem)
   at System.Threading.Tasks.TaskCompletionSourceWithCancellation`1.WaitWithCancellationAsync(CancellationToken cancellationToken)
   at System.Net.Http.HttpConnectionWaiter`1.WaitForConnectionWithTelemetryAsync(HttpRequestMessage request, HttpConnectionPool pool, Boolean async, CancellationToken requestCancellationToken)
   at System.Net.Http.HttpConnectionPool.SendWithVersionDetectionAndRetryAsync(HttpRequestMessage request, Boolean async, Boolean doRequestAuth, CancellationToken cancellationToken)
   at System.Net.Http.DiagnosticsHandler.SendAsyncCore(HttpRequestMessage request, Boolean async, CancellationToken cancellationToken)
   at System.Net.Http.RedirectHandler.SendAsync(HttpRequestMessage request, Boolean async, CancellationToken cancellationToken)
   at Microsoft.Extensions.Http.Logging.LoggingHttpMessageHandler.<SendCoreAsync>g__Core|4_0(HttpRequestMessage request, Boolean useAsync, CancellationToken cancellationToken)
   at Microsoft.Extensions.Http.Logging.LoggingScopeHttpMessageHandler.<SendCoreAsync>g__Core|4_0(HttpRequestMessage request, Boolean useAsync, CancellationToken cancellationToken)
   at System.Net.Http.HttpClient.<SendAsync>g__Core|83_0(HttpRequestMessage request, HttpCompletionOption completionOption, CancellationTokenSource cts, Boolean disposeCts, CancellationTokenSource pendingRequestsCts, CancellationToken originalCancellationToken)
   at Portfolio_Management_System.Controllers.AdminAutoTubeController.UploadScript(String rawText, IFormFile pdfFile) in C:\Users\ak731\Desktop\DSA\Portfolio Management System\Controllers\AdminAutoTubeController.cs:line 85
2026-06-29 01:47:43.737 +05:30 [INF] Executing JsonResult, writing value of type '<>f__AnonymousType9`2[[System.Boolean, System.Private.CoreLib, Version=9.0.0.0, Culture=neutral, PublicKeyToken=7cec85d7bea7798e],[System.String, System.Private.CoreLib, Version=9.0.0.0, Culture=neutral, PublicKeyToken=7cec85d7bea7798e]]'.
2026-06-29 01:47:43.738 +05:30 [INF] Executed action Portfolio_Management_System.Controllers.AdminAutoTubeController.UploadScript (Portfolio Management System) in 10180.6714ms
2026-06-29 01:47:43.738 +05:30 [INF] Executed endpoint 'Portfolio_Management_System.Controllers.AdminAutoTubeController.UploadScript (Portfolio Management System)'
2026-06-29 01:47:43.739 +05:30 [INF] HTTP POST /Admin/AutoTube/UploadScript responded 200 in 10186.9898 ms
2026-06-29 01:47:43.742 +05:30 [INF] Request finished HTTP/2 POST https://localhost:44341/Admin/AutoTube/UploadScript - 200 null application/json; charset=utf-8 10190.8816ms
2026-06-29 01:48:03.961 +05:30 [INF] Request starting HTTP/2 GET https://localhost:44341/Admin/GetRecentMessages - null null
2026-06-29 01:48:03.964 +05:30 [INF] Executing endpoint 'Portfolio_Management_System.Controllers.AdminController.GetRecentMessages (Portfolio Management System)'
2026-06-29 01:48:03.964 +05:30 [INF] Route matched with {action = "GetRecentMessages", controller = "Admin"}. Executing controller action with signature System.Threading.Tasks.Task`1[Microsoft.AspNetCore.Mvc.IActionResult] GetRecentMessages() on controller Portfolio_Management_System.Controllers.AdminController (Portfolio Management System).
2026-06-29 01:48:04.001 +05:30 [INF] Request starting HTTP/2 GET https://localhost:44341/Admin/GetUnreadMessagesCount - null null
2026-06-29 01:48:04.004 +05:30 [INF] Executing endpoint 'Portfolio_Management_System.Controllers.AdminController.GetUnreadMessagesCount (Portfolio Management System)'
2026-06-29 01:48:04.005 +05:30 [INF] Route matched with {action = "GetUnreadMessagesCount", controller = "Admin"}. Executing controller action with signature System.Threading.Tasks.Task`1[Microsoft.AspNetCore.Mvc.IActionResult] GetUnreadMessagesCount() on controller Portfolio_Management_System.Controllers.AdminController (Portfolio Management System).
2026-06-29 01:48:04.142 +05:30 [INF] Executing JsonResult, writing value of type 'System.Collections.Generic.List`1[[<>f__AnonymousType17`7[[System.Int32, System.Private.CoreLib, Version=9.0.0.0, Culture=neutral, PublicKeyToken=7cec85d7bea7798e],[System.String, System.Private.CoreLib, Version=9.0.0.0, Culture=neutral, PublicKeyToken=7cec85d7bea7798e],[System.String, System.Private.CoreLib, Version=9.0.0.0, Culture=neutral, PublicKeyToken=7cec85d7bea7798e],[System.String, System.Private.CoreLib, Version=9.0.0.0, Culture=neutral, PublicKeyToken=7cec85d7bea7798e],[System.String, System.Private.CoreLib, Version=9.0.0.0, Culture=neutral, PublicKeyToken=7cec85d7bea7798e],[System.Boolean, System.Private.CoreLib, Version=9.0.0.0, Culture=neutral, PublicKeyToken=7cec85d7bea7798e],[System.DateTime, System.Private.CoreLib, Version=9.0.0.0, Culture=neutral, PublicKeyToken=7cec85d7bea7798e]], Portfolio Management System, Version=1.0.0.0, Culture=neutral, PublicKeyToken=null]]'.
2026-06-29 01:48:04.143 +05:30 [INF] Executed action Portfolio_Management_System.Controllers.AdminController.GetRecentMessages (Portfolio Management System) in 178.5713ms
2026-06-29 01:48:04.143 +05:30 [INF] Executed endpoint 'Portfolio_Management_System.Controllers.AdminController.GetRecentMessages (Portfolio Management System)'
2026-06-29 01:48:04.143 +05:30 [INF] HTTP GET /Admin/GetRecentMessages responded 200 in 179.7724 ms
2026-06-29 01:48:04.143 +05:30 [INF] Request finished HTTP/2 GET https://localhost:44341/Admin/GetRecentMessages - 200 null application/json; charset=utf-8 182.7383ms
2026-06-29 01:48:04.173 +05:30 [INF] Executing JsonResult, writing value of type 'System.Int32'.
2026-06-29 01:48:04.173 +05:30 [INF] Executed action Portfolio_Management_System.Controllers.AdminController.GetUnreadMessagesCount (Portfolio Management System) in 168.4202ms
2026-06-29 01:48:04.173 +05:30 [INF] Executed endpoint 'Portfolio_Management_System.Controllers.AdminController.GetUnreadMessagesCount (Portfolio Management System)'
2026-06-29 01:48:04.173 +05:30 [INF] HTTP GET /Admin/GetUnreadMessagesCount responded 200 in 169.7273 ms
2026-06-29 01:48:04.173 +05:30 [INF] Request finished HTTP/2 GET https://localhost:44341/Admin/GetUnreadMessagesCount - 200 null application/json; charset=utf-8 179.3352ms
2026-06-29 01:48:33.940 +05:30 [INF] Request starting HTTP/2 GET https://localhost:44341/Admin/GetRecentMessages - null null
2026-06-29 01:48:33.941 +05:30 [INF] Request starting HTTP/2 GET https://localhost:44341/Admin/GetUnreadMessagesCount - null null
2026-06-29 01:48:33.952 +05:30 [INF] Executing endpoint 'Portfolio_Management_System.Controllers.AdminController.GetRecentMessages (Portfolio Management System)'
2026-06-29 01:48:33.952 +05:30 [INF] Executing endpoint 'Portfolio_Management_System.Controllers.AdminController.GetUnreadMessagesCount (Portfolio Management System)'
2026-06-29 01:48:33.953 +05:30 [INF] Route matched with {action = "GetRecentMessages", controller = "Admin"}. Executing controller action with signature System.Threading.Tasks.Task`1[Microsoft.AspNetCore.Mvc.IActionResult] GetRecentMessages() on controller Portfolio_Management_System.Controllers.AdminController (Portfolio Management System).
2026-06-29 01:48:33.953 +05:30 [INF] Route matched with {action = "GetUnreadMessagesCount", controller = "Admin"}. Executing controller action with signature System.Threading.Tasks.Task`1[Microsoft.AspNetCore.Mvc.IActionResult] GetUnreadMessagesCount() on controller Portfolio_Management_System.Controllers.AdminController (Portfolio Management System).
2026-06-29 01:48:34.227 +05:30 [INF] Executing JsonResult, writing value of type 'System.Collections.Generic.List`1[[<>f__AnonymousType17`7[[System.Int32, System.Private.CoreLib, Version=9.0.0.0, Culture=neutral, PublicKeyToken=7cec85d7bea7798e],[System.String, System.Private.CoreLib, Version=9.0.0.0, Culture=neutral, PublicKeyToken=7cec85d7bea7798e],[System.String, System.Private.CoreLib, Version=9.0.0.0, Culture=neutral, PublicKeyToken=7cec85d7bea7798e],[System.String, System.Private.CoreLib, Version=9.0.0.0, Culture=neutral, PublicKeyToken=7cec85d7bea7798e],[System.String, System.Private.CoreLib, Version=9.0.0.0, Culture=neutral, PublicKeyToken=7cec85d7bea7798e],[System.Boolean, System.Private.CoreLib, Version=9.0.0.0, Culture=neutral, PublicKeyToken=7cec85d7bea7798e],[System.DateTime, System.Private.CoreLib, Version=9.0.0.0, Culture=neutral, PublicKeyToken=7cec85d7bea7798e]], Portfolio Management System, Version=1.0.0.0, Culture=neutral, PublicKeyToken=null]]'.
2026-06-29 01:48:34.228 +05:30 [INF] Executing JsonResult, writing value of type 'System.Int32'.
2026-06-29 01:48:34.230 +05:30 [INF] Executed action Portfolio_Management_System.Controllers.AdminController.GetRecentMessages (Portfolio Management System) in 276.2318ms
2026-06-29 01:48:34.230 +05:30 [INF] Executed endpoint 'Portfolio_Management_System.Controllers.AdminController.GetRecentMessages (Portfolio Management System)'
2026-06-29 01:48:34.230 +05:30 [INF] Executed action Portfolio_Management_System.Controllers.AdminController.GetUnreadMessagesCount (Portfolio Management System) in 275.608ms
2026-06-29 01:48:34.231 +05:30 [INF] Executed endpoint 'Portfolio_Management_System.Controllers.AdminController.GetUnreadMessagesCount (Portfolio Management System)'
2026-06-29 01:48:34.231 +05:30 [INF] HTTP GET /Admin/GetRecentMessages responded 200 in 288.4710 ms
2026-06-29 01:48:34.232 +05:30 [INF] HTTP GET /Admin/GetUnreadMessagesCount responded 200 in 289.2537 ms
2026-06-29 01:48:34.232 +05:30 [INF] Request finished HTTP/2 GET https://localhost:44341/Admin/GetRecentMessages - 200 null application/json; charset=utf-8 292.5319ms
2026-06-29 01:48:34.233 +05:30 [INF] Request finished HTTP/2 GET https://localhost:44341/Admin/GetUnreadMessagesCount - 200 null application/json; charset=utf-8 292.673ms
2026-06-29 01:49:03.973 +05:30 [INF] Request starting HTTP/2 GET https://localhost:44341/Admin/GetUnreadMessagesCount - null null
2026-06-29 01:49:03.973 +05:30 [INF] Request starting HTTP/2 GET https://localhost:44341/Admin/GetRecentMessages - null null
2026-06-29 01:49:04.093 +05:30 [INF] Executing endpoint 'Portfolio_Management_System.Controllers.AdminController.GetUnreadMessagesCount (Portfolio Management System)'
2026-06-29 01:49:04.093 +05:30 [INF] Executing endpoint 'Portfolio_Management_System.Controllers.AdminController.GetRecentMessages (Portfolio Management System)'
2026-06-29 01:49:04.096 +05:30 [INF] Route matched with {action = "GetUnreadMessagesCount", controller = "Admin"}. Executing controller action with signature System.Threading.Tasks.Task`1[Microsoft.AspNetCore.Mvc.IActionResult] GetUnreadMessagesCount() on controller Portfolio_Management_System.Controllers.AdminController (Portfolio Management System).
2026-06-29 01:49:04.096 +05:30 [INF] Route matched with {action = "GetRecentMessages", controller = "Admin"}. Executing controller action with signature System.Threading.Tasks.Task`1[Microsoft.AspNetCore.Mvc.IActionResult] GetRecentMessages() on controller Portfolio_Management_System.Controllers.AdminController (Portfolio Management System).
2026-06-29 01:49:04.359 +05:30 [INF] Executing JsonResult, writing value of type 'System.Int32'.
2026-06-29 01:49:04.360 +05:30 [INF] Executing JsonResult, writing value of type 'System.Collections.Generic.List`1[[<>f__AnonymousType17`7[[System.Int32, System.Private.CoreLib, Version=9.0.0.0, Culture=neutral, PublicKeyToken=7cec85d7bea7798e],[System.String, System.Private.CoreLib, Version=9.0.0.0, Culture=neutral, PublicKeyToken=7cec85d7bea7798e],[System.String, System.Private.CoreLib, Version=9.0.0.0, Culture=neutral, PublicKeyToken=7cec85d7bea7798e],[System.String, System.Private.CoreLib, Version=9.0.0.0, Culture=neutral, PublicKeyToken=7cec85d7bea7798e],[System.String, System.Private.CoreLib, Version=9.0.0.0, Culture=neutral, PublicKeyToken=7cec85d7bea7798e],[System.Boolean, System.Private.CoreLib, Version=9.0.0.0, Culture=neutral, PublicKeyToken=7cec85d7bea7798e],[System.DateTime, System.Private.CoreLib, Version=9.0.0.0, Culture=neutral, PublicKeyToken=7cec85d7bea7798e]], Portfolio Management System, Version=1.0.0.0, Culture=neutral, PublicKeyToken=null]]'.
2026-06-29 01:49:04.373 +05:30 [INF] Executed action Portfolio_Management_System.Controllers.AdminController.GetRecentMessages (Portfolio Management System) in 276.0837ms
2026-06-29 01:49:04.374 +05:30 [INF] Executed action Portfolio_Management_System.Controllers.AdminController.GetUnreadMessagesCount (Portfolio Management System) in 277.313ms
2026-06-29 01:49:04.375 +05:30 [INF] Executed endpoint 'Portfolio_Management_System.Controllers.AdminController.GetRecentMessages (Portfolio Management System)'
2026-06-29 01:49:04.375 +05:30 [INF] HTTP GET /Admin/GetRecentMessages responded 200 in 287.1366 ms
2026-06-29 01:49:04.375 +05:30 [INF] Executed endpoint 'Portfolio_Management_System.Controllers.AdminController.GetUnreadMessagesCount (Portfolio Management System)'
2026-06-29 01:49:04.375 +05:30 [INF] HTTP GET /Admin/GetUnreadMessagesCount responded 200 in 288.0711 ms
2026-06-29 01:49:04.376 +05:30 [INF] Request finished HTTP/2 GET https://localhost:44341/Admin/GetRecentMessages - 200 null application/json; charset=utf-8 408.2307ms
2026-06-29 01:49:04.377 +05:30 [INF] Request finished HTTP/2 GET https://localhost:44341/Admin/GetUnreadMessagesCount - 200 null application/json; charset=utf-8 403.0764ms
2026-06-29 01:49:33.949 +05:30 [INF] Request starting HTTP/2 GET https://localhost:44341/Admin/GetRecentMessages - null null
2026-06-29 01:49:33.949 +05:30 [INF] Request starting HTTP/2 GET https://localhost:44341/Admin/GetUnreadMessagesCount - null null
2026-06-29 01:49:33.950 +05:30 [INF] Executing endpoint 'Portfolio_Management_System.Controllers.AdminController.GetRecentMessages (Portfolio Management System)'
2026-06-29 01:49:33.950 +05:30 [INF] Executing endpoint 'Portfolio_Management_System.Controllers.AdminController.GetUnreadMessagesCount (Portfolio Management System)'
2026-06-29 01:49:33.950 +05:30 [INF] Route matched with {action = "GetRecentMessages", controller = "Admin"}. Executing controller action with signature System.Threading.Tasks.Task`1[Microsoft.AspNetCore.Mvc.IActionResult] GetRecentMessages() on controller Portfolio_Management_System.Controllers.AdminController (Portfolio Management System).
2026-06-29 01:49:33.951 +05:30 [INF] Route matched with {action = "GetUnreadMessagesCount", controller = "Admin"}. Executing controller action with signature System.Threading.Tasks.Task`1[Microsoft.AspNetCore.Mvc.IActionResult] GetUnreadMessagesCount() on controller Portfolio_Management_System.Controllers.AdminController (Portfolio Management System).
2026-06-29 01:49:34.125 +05:30 [INF] Executing JsonResult, writing value of type 'System.Int32'.
2026-06-29 01:49:34.126 +05:30 [INF] Executed action Portfolio_Management_System.Controllers.AdminController.GetUnreadMessagesCount (Portfolio Management System) in 175.4904ms
2026-06-29 01:49:34.126 +05:30 [INF] Executing JsonResult, writing value of type 'System.Collections.Generic.List`1[[<>f__AnonymousType17`7[[System.Int32, System.Private.CoreLib, Version=9.0.0.0, Culture=neutral, PublicKeyToken=7cec85d7bea7798e],[System.String, System.Private.CoreLib, Version=9.0.0.0, Culture=neutral, PublicKeyToken=7cec85d7bea7798e],[System.String, System.Private.CoreLib, Version=9.0.0.0, Culture=neutral, PublicKeyToken=7cec85d7bea7798e],[System.String, System.Private.CoreLib, Version=9.0.0.0, Culture=neutral, PublicKeyToken=7cec85d7bea7798e],[System.String, System.Private.CoreLib, Version=9.0.0.0, Culture=neutral, PublicKeyToken=7cec85d7bea7798e],[System.Boolean, System.Private.CoreLib, Version=9.0.0.0, Culture=neutral, PublicKeyToken=7cec85d7bea7798e],[System.DateTime, System.Private.CoreLib, Version=9.0.0.0, Culture=neutral, PublicKeyToken=7cec85d7bea7798e]], Portfolio Management System, Version=1.0.0.0, Culture=neutral, PublicKeyToken=null]]'.
2026-06-29 01:49:34.126 +05:30 [INF] Executed endpoint 'Portfolio_Management_System.Controllers.AdminController.GetUnreadMessagesCount (Portfolio Management System)'
2026-06-29 01:49:34.127 +05:30 [INF] HTTP GET /Admin/GetUnreadMessagesCount responded 200 in 176.9754 ms
2026-06-29 01:49:34.127 +05:30 [INF] Executed action Portfolio_Management_System.Controllers.AdminController.GetRecentMessages (Portfolio Management System) in 176.5919ms
2026-06-29 01:49:34.127 +05:30 [INF] Executed endpoint 'Portfolio_Management_System.Controllers.AdminController.GetRecentMessages (Portfolio Management System)'
2026-06-29 01:49:34.127 +05:30 [INF] HTTP GET /Admin/GetRecentMessages responded 200 in 177.5986 ms
2026-06-29 01:49:34.127 +05:30 [INF] Request finished HTTP/2 GET https://localhost:44341/Admin/GetUnreadMessagesCount - 200 null application/json; charset=utf-8 178.3103ms
2026-06-29 01:49:34.131 +05:30 [INF] Request finished HTTP/2 GET https://localhost:44341/Admin/GetRecentMessages - 200 null application/json; charset=utf-8 178.7087ms
2026-06-29 01:50:03.953 +05:30 [INF] Request starting HTTP/2 GET https://localhost:44341/Admin/GetUnreadMessagesCount - null null
2026-06-29 01:50:03.981 +05:30 [INF] Request starting HTTP/2 GET https://localhost:44341/Admin/GetRecentMessages - null null
2026-06-29 01:50:03.982 +05:30 [INF] Executing endpoint 'Portfolio_Management_System.Controllers.AdminController.GetRecentMessages (Portfolio Management System)'
2026-06-29 01:50:03.982 +05:30 [INF] Route matched with {action = "GetRecentMessages", controller = "Admin"}. Executing controller action with signature System.Threading.Tasks.Task`1[Microsoft.AspNetCore.Mvc.IActionResult] GetRecentMessages() on controller Portfolio_Management_System.Controllers.AdminController (Portfolio Management System).
2026-06-29 01:50:03.983 +05:30 [INF] Executing endpoint 'Portfolio_Management_System.Controllers.AdminController.GetUnreadMessagesCount (Portfolio Management System)'
2026-06-29 01:50:03.983 +05:30 [INF] Route matched with {action = "GetUnreadMessagesCount", controller = "Admin"}. Executing controller action with signature System.Threading.Tasks.Task`1[Microsoft.AspNetCore.Mvc.IActionResult] GetUnreadMessagesCount() on controller Portfolio_Management_System.Controllers.AdminController (Portfolio Management System).
2026-06-29 01:50:04.158 +05:30 [INF] Executing JsonResult, writing value of type 'System.Int32'.
2026-06-29 01:50:04.158 +05:30 [INF] Executing JsonResult, writing value of type 'System.Collections.Generic.List`1[[<>f__AnonymousType17`7[[System.Int32, System.Private.CoreLib, Version=9.0.0.0, Culture=neutral, PublicKeyToken=7cec85d7bea7798e],[System.String, System.Private.CoreLib, Version=9.0.0.0, Culture=neutral, PublicKeyToken=7cec85d7bea7798e],[System.String, System.Private.CoreLib, Version=9.0.0.0, Culture=neutral, PublicKeyToken=7cec85d7bea7798e],[System.String, System.Private.CoreLib, Version=9.0.0.0, Culture=neutral, PublicKeyToken=7cec85d7bea7798e],[System.String, System.Private.CoreLib, Version=9.0.0.0, Culture=neutral, PublicKeyToken=7cec85d7bea7798e],[System.Boolean, System.Private.CoreLib, Version=9.0.0.0, Culture=neutral, PublicKeyToken=7cec85d7bea7798e],[System.DateTime, System.Private.CoreLib, Version=9.0.0.0, Culture=neutral, PublicKeyToken=7cec85d7bea7798e]], Portfolio Management System, Version=1.0.0.0, Culture=neutral, PublicKeyToken=null]]'.
2026-06-29 01:50:04.160 +05:30 [INF] Executed action Portfolio_Management_System.Controllers.AdminController.GetRecentMessages (Portfolio Management System) in 177.8225ms
2026-06-29 01:50:04.160 +05:30 [INF] Executed endpoint 'Portfolio_Management_System.Controllers.AdminController.GetRecentMessages (Portfolio Management System)'
2026-06-29 01:50:04.160 +05:30 [INF] HTTP GET /Admin/GetRecentMessages responded 200 in 178.7438 ms
2026-06-29 01:50:04.161 +05:30 [INF] Executed action Portfolio_Management_System.Controllers.AdminController.GetUnreadMessagesCount (Portfolio Management System) in 177.3384ms
2026-06-29 01:50:04.161 +05:30 [INF] Executed endpoint 'Portfolio_Management_System.Controllers.AdminController.GetUnreadMessagesCount (Portfolio Management System)'
2026-06-29 01:50:04.161 +05:30 [INF] HTTP GET /Admin/GetUnreadMessagesCount responded 200 in 179.8767 ms
2026-06-29 01:50:04.161 +05:30 [INF] Request finished HTTP/2 GET https://localhost:44341/Admin/GetRecentMessages - 200 null application/json; charset=utf-8 232.9568ms
2026-06-29 01:50:04.161 +05:30 [INF] Request finished HTTP/2 GET https://localhost:44341/Admin/GetUnreadMessagesCount - 200 null application/json; charset=utf-8 231.5195ms
2026-06-29 01:50:33.927 +05:30 [INF] Request starting HTTP/2 GET https://localhost:44341/Admin/GetUnreadMessagesCount - null null
2026-06-29 01:50:33.966 +05:30 [INF] Request starting HTTP/2 GET https://localhost:44341/Admin/GetRecentMessages - null null
2026-06-29 01:50:33.966 +05:30 [INF] Executing endpoint 'Portfolio_Management_System.Controllers.AdminController.GetRecentMessages (Portfolio Management System)'
2026-06-29 01:50:33.966 +05:30 [INF] Route matched with {action = "GetRecentMessages", controller = "Admin"}. Executing controller action with signature System.Threading.Tasks.Task`1[Microsoft.AspNetCore.Mvc.IActionResult] GetRecentMessages() on controller Portfolio_Management_System.Controllers.AdminController (Portfolio Management System).
2026-06-29 01:50:33.966 +05:30 [INF] Executing endpoint 'Portfolio_Management_System.Controllers.AdminController.GetUnreadMessagesCount (Portfolio Management System)'
2026-06-29 01:50:33.992 +05:30 [INF] Route matched with {action = "GetUnreadMessagesCount", controller = "Admin"}. Executing controller action with signature System.Threading.Tasks.Task`1[Microsoft.AspNetCore.Mvc.IActionResult] GetUnreadMessagesCount() on controller Portfolio_Management_System.Controllers.AdminController (Portfolio Management System).
2026-06-29 01:50:34.451 +05:30 [INF] Executing JsonResult, writing value of type 'System.Int32'.
2026-06-29 01:50:34.451 +05:30 [INF] Executing JsonResult, writing value of type 'System.Collections.Generic.List`1[[<>f__AnonymousType17`7[[System.Int32, System.Private.CoreLib, Version=9.0.0.0, Culture=neutral, PublicKeyToken=7cec85d7bea7798e],[System.String, System.Private.CoreLib, Version=9.0.0.0, Culture=neutral, PublicKeyToken=7cec85d7bea7798e],[System.String, System.Private.CoreLib, Version=9.0.0.0, Culture=neutral, PublicKeyToken=7cec85d7bea7798e],[System.String, System.Private.CoreLib, Version=9.0.0.0, Culture=neutral, PublicKeyToken=7cec85d7bea7798e],[System.String, System.Private.CoreLib, Version=9.0.0.0, Culture=neutral, PublicKeyToken=7cec85d7bea7798e],[System.Boolean, System.Private.CoreLib, Version=9.0.0.0, Culture=neutral, PublicKeyToken=7cec85d7bea7798e],[System.DateTime, System.Private.CoreLib, Version=9.0.0.0, Culture=neutral, PublicKeyToken=7cec85d7bea7798e]], Portfolio Management System, Version=1.0.0.0, Culture=neutral, PublicKeyToken=null]]'.
2026-06-29 01:50:34.452 +05:30 [INF] Executed action Portfolio_Management_System.Controllers.AdminController.GetUnreadMessagesCount (Portfolio Management System) in 459.2814ms
2026-06-29 01:50:34.452 +05:30 [INF] Executed endpoint 'Portfolio_Management_System.Controllers.AdminController.GetUnreadMessagesCount (Portfolio Management System)'
2026-06-29 01:50:34.452 +05:30 [INF] Executed action Portfolio_Management_System.Controllers.AdminController.GetRecentMessages (Portfolio Management System) in 485.3112ms
2026-06-29 01:50:34.452 +05:30 [INF] Executed endpoint 'Portfolio_Management_System.Controllers.AdminController.GetRecentMessages (Portfolio Management System)'
2026-06-29 01:50:34.452 +05:30 [INF] HTTP GET /Admin/GetUnreadMessagesCount responded 200 in 486.2184 ms
2026-06-29 01:50:34.452 +05:30 [INF] HTTP GET /Admin/GetRecentMessages responded 200 in 486.0888 ms
2026-06-29 01:50:34.452 +05:30 [INF] Request finished HTTP/2 GET https://localhost:44341/Admin/GetRecentMessages - 200 null application/json; charset=utf-8 486.7761ms
2026-06-29 01:50:34.452 +05:30 [INF] Request finished HTTP/2 GET https://localhost:44341/Admin/GetUnreadMessagesCount - 200 null application/json; charset=utf-8 526.3709ms
2026-06-29 01:51:03.936 +05:30 [INF] Request starting HTTP/2 GET https://localhost:44341/Admin/GetUnreadMessagesCount - null null
2026-06-29 01:51:03.940 +05:30 [INF] Request starting HTTP/2 GET https://localhost:44341/Admin/GetRecentMessages - null null
2026-06-29 01:51:03.960 +05:30 [INF] Executing endpoint 'Portfolio_Management_System.Controllers.AdminController.GetUnreadMessagesCount (Portfolio Management System)'
2026-06-29 01:51:03.960 +05:30 [INF] Executing endpoint 'Portfolio_Management_System.Controllers.AdminController.GetRecentMessages (Portfolio Management System)'
2026-06-29 01:51:03.961 +05:30 [INF] Route matched with {action = "GetRecentMessages", controller = "Admin"}. Executing controller action with signature System.Threading.Tasks.Task`1[Microsoft.AspNetCore.Mvc.IActionResult] GetRecentMessages() on controller Portfolio_Management_System.Controllers.AdminController (Portfolio Management System).
2026-06-29 01:51:03.961 +05:30 [INF] Route matched with {action = "GetUnreadMessagesCount", controller = "Admin"}. Executing controller action with signature System.Threading.Tasks.Task`1[Microsoft.AspNetCore.Mvc.IActionResult] GetUnreadMessagesCount() on controller Portfolio_Management_System.Controllers.AdminController (Portfolio Management System).
2026-06-29 01:51:04.167 +05:30 [INF] Executing JsonResult, writing value of type 'System.Int32'.
2026-06-29 01:51:04.168 +05:30 [INF] Executed action Portfolio_Management_System.Controllers.AdminController.GetUnreadMessagesCount (Portfolio Management System) in 166.8255ms
2026-06-29 01:51:04.168 +05:30 [INF] Executed endpoint 'Portfolio_Management_System.Controllers.AdminController.GetUnreadMessagesCount (Portfolio Management System)'
2026-06-29 01:51:04.170 +05:30 [INF] HTTP GET /Admin/GetUnreadMessagesCount responded 200 in 232.0949 ms
2026-06-29 01:51:04.171 +05:30 [INF] Request finished HTTP/2 GET https://localhost:44341/Admin/GetUnreadMessagesCount - 200 null application/json; charset=utf-8 235.4674ms
2026-06-29 01:51:04.172 +05:30 [INF] Executing JsonResult, writing value of type 'System.Collections.Generic.List`1[[<>f__AnonymousType17`7[[System.Int32, System.Private.CoreLib, Version=9.0.0.0, Culture=neutral, PublicKeyToken=7cec85d7bea7798e],[System.String, System.Private.CoreLib, Version=9.0.0.0, Culture=neutral, PublicKeyToken=7cec85d7bea7798e],[System.String, System.Private.CoreLib, Version=9.0.0.0, Culture=neutral, PublicKeyToken=7cec85d7bea7798e],[System.String, System.Private.CoreLib, Version=9.0.0.0, Culture=neutral, PublicKeyToken=7cec85d7bea7798e],[System.String, System.Private.CoreLib, Version=9.0.0.0, Culture=neutral, PublicKeyToken=7cec85d7bea7798e],[System.Boolean, System.Private.CoreLib, Version=9.0.0.0, Culture=neutral, PublicKeyToken=7cec85d7bea7798e],[System.DateTime, System.Private.CoreLib, Version=9.0.0.0, Culture=neutral, PublicKeyToken=7cec85d7bea7798e]], Portfolio Management System, Version=1.0.0.0, Culture=neutral, PublicKeyToken=null]]'.
2026-06-29 01:51:04.174 +05:30 [INF] Executed action Portfolio_Management_System.Controllers.AdminController.GetRecentMessages (Portfolio Management System) in 172.3208ms
2026-06-29 01:51:04.174 +05:30 [INF] Executed endpoint 'Portfolio_Management_System.Controllers.AdminController.GetRecentMessages (Portfolio Management System)'
2026-06-29 01:51:04.174 +05:30 [INF] HTTP GET /Admin/GetRecentMessages responded 200 in 214.1816 ms
2026-06-29 01:51:04.175 +05:30 [INF] Request finished HTTP/2 GET https://localhost:44341/Admin/GetRecentMessages - 200 null application/json; charset=utf-8 234.6336ms
2026-06-29 01:51:33.936 +05:30 [INF] Request starting HTTP/2 GET https://localhost:44341/Admin/GetUnreadMessagesCount - null null
2026-06-29 01:51:33.938 +05:30 [INF] Request starting HTTP/2 GET https://localhost:44341/Admin/GetRecentMessages - null null
2026-06-29 01:51:33.972 +05:30 [INF] Executing endpoint 'Portfolio_Management_System.Controllers.AdminController.GetUnreadMessagesCount (Portfolio Management System)'
2026-06-29 01:51:33.972 +05:30 [INF] Executing endpoint 'Portfolio_Management_System.Controllers.AdminController.GetRecentMessages (Portfolio Management System)'
2026-06-29 01:51:33.973 +05:30 [INF] Route matched with {action = "GetUnreadMessagesCount", controller = "Admin"}. Executing controller action with signature System.Threading.Tasks.Task`1[Microsoft.AspNetCore.Mvc.IActionResult] GetUnreadMessagesCount() on controller Portfolio_Management_System.Controllers.AdminController (Portfolio Management System).
2026-06-29 01:51:33.973 +05:30 [INF] Route matched with {action = "GetRecentMessages", controller = "Admin"}. Executing controller action with signature System.Threading.Tasks.Task`1[Microsoft.AspNetCore.Mvc.IActionResult] GetRecentMessages() on controller Portfolio_Management_System.Controllers.AdminController (Portfolio Management System).
2026-06-29 01:51:34.142 +05:30 [INF] Executing JsonResult, writing value of type 'System.Collections.Generic.List`1[[<>f__AnonymousType17`7[[System.Int32, System.Private.CoreLib, Version=9.0.0.0, Culture=neutral, PublicKeyToken=7cec85d7bea7798e],[System.String, System.Private.CoreLib, Version=9.0.0.0, Culture=neutral, PublicKeyToken=7cec85d7bea7798e],[System.String, System.Private.CoreLib, Version=9.0.0.0, Culture=neutral, PublicKeyToken=7cec85d7bea7798e],[System.String, System.Private.CoreLib, Version=9.0.0.0, Culture=neutral, PublicKeyToken=7cec85d7bea7798e],[System.String, System.Private.CoreLib, Version=9.0.0.0, Culture=neutral, PublicKeyToken=7cec85d7bea7798e],[System.Boolean, System.Private.CoreLib, Version=9.0.0.0, Culture=neutral, PublicKeyToken=7cec85d7bea7798e],[System.DateTime, System.Private.CoreLib, Version=9.0.0.0, Culture=neutral, PublicKeyToken=7cec85d7bea7798e]], Portfolio Management System, Version=1.0.0.0, Culture=neutral, PublicKeyToken=null]]'.
2026-06-29 01:51:34.145 +05:30 [INF] Executing JsonResult, writing value of type 'System.Int32'.
2026-06-29 01:51:34.144 +05:30 [INF] Executed action Portfolio_Management_System.Controllers.AdminController.GetRecentMessages (Portfolio Management System) in 170.1296ms
2026-06-29 01:51:34.146 +05:30 [INF] Executed endpoint 'Portfolio_Management_System.Controllers.AdminController.GetRecentMessages (Portfolio Management System)'
2026-06-29 01:51:34.146 +05:30 [INF] Executed action Portfolio_Management_System.Controllers.AdminController.GetUnreadMessagesCount (Portfolio Management System) in 173.4683ms
2026-06-29 01:51:34.147 +05:30 [INF] Executed endpoint 'Portfolio_Management_System.Controllers.AdminController.GetUnreadMessagesCount (Portfolio Management System)'
2026-06-29 01:51:34.146 +05:30 [INF] HTTP GET /Admin/GetRecentMessages responded 200 in 202.7340 ms
2026-06-29 01:51:34.147 +05:30 [INF] Request finished HTTP/2 GET https://localhost:44341/Admin/GetRecentMessages - 200 null application/json; charset=utf-8 209.2558ms
2026-06-29 01:51:34.148 +05:30 [INF] HTTP GET /Admin/GetUnreadMessagesCount responded 200 in 209.7994 ms
2026-06-29 01:51:34.148 +05:30 [INF] Request finished HTTP/2 GET https://localhost:44341/Admin/GetUnreadMessagesCount - 200 null application/json; charset=utf-8 212.2208ms
2026-06-29 01:52:03.937 +05:30 [INF] Request starting HTTP/2 GET https://localhost:44341/Admin/GetRecentMessages - null null
2026-06-29 01:52:03.950 +05:30 [INF] Request starting HTTP/2 GET https://localhost:44341/Admin/GetUnreadMessagesCount - null null
2026-06-29 01:52:03.964 +05:30 [INF] Executing endpoint 'Portfolio_Management_System.Controllers.AdminController.GetRecentMessages (Portfolio Management System)'
2026-06-29 01:52:03.964 +05:30 [INF] Executing endpoint 'Portfolio_Management_System.Controllers.AdminController.GetUnreadMessagesCount (Portfolio Management System)'
2026-06-29 01:52:03.965 +05:30 [INF] Route matched with {action = "GetUnreadMessagesCount", controller = "Admin"}. Executing controller action with signature System.Threading.Tasks.Task`1[Microsoft.AspNetCore.Mvc.IActionResult] GetUnreadMessagesCount() on controller Portfolio_Management_System.Controllers.AdminController (Portfolio Management System).
2026-06-29 01:52:03.965 +05:30 [INF] Route matched with {action = "GetRecentMessages", controller = "Admin"}. Executing controller action with signature System.Threading.Tasks.Task`1[Microsoft.AspNetCore.Mvc.IActionResult] GetRecentMessages() on controller Portfolio_Management_System.Controllers.AdminController (Portfolio Management System).
2026-06-29 01:52:04.140 +05:30 [INF] Executing JsonResult, writing value of type 'System.Int32'.
2026-06-29 01:52:04.143 +05:30 [INF] Executed action Portfolio_Management_System.Controllers.AdminController.GetUnreadMessagesCount (Portfolio Management System) in 177.7882ms
2026-06-29 01:52:04.143 +05:30 [INF] Executed endpoint 'Portfolio_Management_System.Controllers.AdminController.GetUnreadMessagesCount (Portfolio Management System)'
2026-06-29 01:52:04.143 +05:30 [INF] HTTP GET /Admin/GetUnreadMessagesCount responded 200 in 192.5755 ms
2026-06-29 01:52:04.145 +05:30 [INF] Request finished HTTP/2 GET https://localhost:44341/Admin/GetUnreadMessagesCount - 200 null application/json; charset=utf-8 204.8216ms
2026-06-29 01:52:04.145 +05:30 [INF] Executing JsonResult, writing value of type 'System.Collections.Generic.List`1[[<>f__AnonymousType17`7[[System.Int32, System.Private.CoreLib, Version=9.0.0.0, Culture=neutral, PublicKeyToken=7cec85d7bea7798e],[System.String, System.Private.CoreLib, Version=9.0.0.0, Culture=neutral, PublicKeyToken=7cec85d7bea7798e],[System.String, System.Private.CoreLib, Version=9.0.0.0, Culture=neutral, PublicKeyToken=7cec85d7bea7798e],[System.String, System.Private.CoreLib, Version=9.0.0.0, Culture=neutral, PublicKeyToken=7cec85d7bea7798e],[System.String, System.Private.CoreLib, Version=9.0.0.0, Culture=neutral, PublicKeyToken=7cec85d7bea7798e],[System.Boolean, System.Private.CoreLib, Version=9.0.0.0, Culture=neutral, PublicKeyToken=7cec85d7bea7798e],[System.DateTime, System.Private.CoreLib, Version=9.0.0.0, Culture=neutral, PublicKeyToken=7cec85d7bea7798e]], Portfolio Management System, Version=1.0.0.0, Culture=neutral, PublicKeyToken=null]]'.
2026-06-29 01:52:04.148 +05:30 [INF] Executed action Portfolio_Management_System.Controllers.AdminController.GetRecentMessages (Portfolio Management System) in 182.8752ms
2026-06-29 01:52:04.148 +05:30 [INF] Executed endpoint 'Portfolio_Management_System.Controllers.AdminController.GetRecentMessages (Portfolio Management System)'
2026-06-29 01:52:04.148 +05:30 [INF] HTTP GET /Admin/GetRecentMessages responded 200 in 210.3806 ms
2026-06-29 01:52:04.148 +05:30 [INF] Request finished HTTP/2 GET https://localhost:44341/Admin/GetRecentMessages - 200 null application/json; charset=utf-8 211.1738ms
2026-06-29 01:52:33.923 +05:30 [INF] Request starting HTTP/2 GET https://localhost:44341/Admin/GetUnreadMessagesCount - null null
2026-06-29 01:52:33.925 +05:30 [INF] Request starting HTTP/2 GET https://localhost:44341/Admin/GetRecentMessages - null null
2026-06-29 01:52:33.974 +05:30 [INF] Executing endpoint 'Portfolio_Management_System.Controllers.AdminController.GetUnreadMessagesCount (Portfolio Management System)'
2026-06-29 01:52:33.974 +05:30 [INF] Executing endpoint 'Portfolio_Management_System.Controllers.AdminController.GetRecentMessages (Portfolio Management System)'
2026-06-29 01:52:33.974 +05:30 [INF] Route matched with {action = "GetUnreadMessagesCount", controller = "Admin"}. Executing controller action with signature System.Threading.Tasks.Task`1[Microsoft.AspNetCore.Mvc.IActionResult] GetUnreadMessagesCount() on controller Portfolio_Management_System.Controllers.AdminController (Portfolio Management System).
2026-06-29 01:52:33.974 +05:30 [INF] Route matched with {action = "GetRecentMessages", controller = "Admin"}. Executing controller action with signature System.Threading.Tasks.Task`1[Microsoft.AspNetCore.Mvc.IActionResult] GetRecentMessages() on controller Portfolio_Management_System.Controllers.AdminController (Portfolio Management System).
2026-06-29 01:52:34.144 +05:30 [INF] Executing JsonResult, writing value of type 'System.Collections.Generic.List`1[[<>f__AnonymousType17`7[[System.Int32, System.Private.CoreLib, Version=9.0.0.0, Culture=neutral, PublicKeyToken=7cec85d7bea7798e],[System.String, System.Private.CoreLib, Version=9.0.0.0, Culture=neutral, PublicKeyToken=7cec85d7bea7798e],[System.String, System.Private.CoreLib, Version=9.0.0.0, Culture=neutral, PublicKeyToken=7cec85d7bea7798e],[System.String, System.Private.CoreLib, Version=9.0.0.0, Culture=neutral, PublicKeyToken=7cec85d7bea7798e],[System.String, System.Private.CoreLib, Version=9.0.0.0, Culture=neutral, PublicKeyToken=7cec85d7bea7798e],[System.Boolean, System.Private.CoreLib, Version=9.0.0.0, Culture=neutral, PublicKeyToken=7cec85d7bea7798e],[System.DateTime, System.Private.CoreLib, Version=9.0.0.0, Culture=neutral, PublicKeyToken=7cec85d7bea7798e]], Portfolio Management System, Version=1.0.0.0, Culture=neutral, PublicKeyToken=null]]'.
2026-06-29 01:52:34.146 +05:30 [INF] Executed action Portfolio_Management_System.Controllers.AdminController.GetRecentMessages (Portfolio Management System) in 171.5336ms
2026-06-29 01:52:34.146 +05:30 [INF] Executed endpoint 'Portfolio_Management_System.Controllers.AdminController.GetRecentMessages (Portfolio Management System)'
2026-06-29 01:52:34.146 +05:30 [INF] HTTP GET /Admin/GetRecentMessages responded 200 in 220.6158 ms
2026-06-29 01:52:34.146 +05:30 [INF] Request finished HTTP/2 GET https://localhost:44341/Admin/GetRecentMessages - 200 null application/json; charset=utf-8 221.1288ms
2026-06-29 01:52:34.151 +05:30 [INF] Executing JsonResult, writing value of type 'System.Int32'.
2026-06-29 01:52:34.152 +05:30 [INF] Executed action Portfolio_Management_System.Controllers.AdminController.GetUnreadMessagesCount (Portfolio Management System) in 177.5041ms
2026-06-29 01:52:34.152 +05:30 [INF] Executed endpoint 'Portfolio_Management_System.Controllers.AdminController.GetUnreadMessagesCount (Portfolio Management System)'
2026-06-29 01:52:34.152 +05:30 [INF] HTTP GET /Admin/GetUnreadMessagesCount responded 200 in 228.0328 ms
2026-06-29 01:52:34.152 +05:30 [INF] Request finished HTTP/2 GET https://localhost:44341/Admin/GetUnreadMessagesCount - 200 null application/json; charset=utf-8 228.6271ms
2026-06-29 01:53:03.935 +05:30 [INF] Request starting HTTP/2 GET https://localhost:44341/Admin/GetRecentMessages - null null
2026-06-29 01:53:03.935 +05:30 [INF] Request starting HTTP/2 GET https://localhost:44341/Admin/GetUnreadMessagesCount - null null
2026-06-29 01:53:03.936 +05:30 [INF] Executing endpoint 'Portfolio_Management_System.Controllers.AdminController.GetUnreadMessagesCount (Portfolio Management System)'
2026-06-29 01:53:03.936 +05:30 [INF] Executing endpoint 'Portfolio_Management_System.Controllers.AdminController.GetRecentMessages (Portfolio Management System)'
2026-06-29 01:53:03.936 +05:30 [INF] Route matched with {action = "GetUnreadMessagesCount", controller = "Admin"}. Executing controller action with signature System.Threading.Tasks.Task`1[Microsoft.AspNetCore.Mvc.IActionResult] GetUnreadMessagesCount() on controller Portfolio_Management_System.Controllers.AdminController (Portfolio Management System).
2026-06-29 01:53:03.936 +05:30 [INF] Route matched with {action = "GetRecentMessages", controller = "Admin"}. Executing controller action with signature System.Threading.Tasks.Task`1[Microsoft.AspNetCore.Mvc.IActionResult] GetRecentMessages() on controller Portfolio_Management_System.Controllers.AdminController (Portfolio Management System).
2026-06-29 01:53:04.115 +05:30 [INF] Executing JsonResult, writing value of type 'System.Int32'.
2026-06-29 01:53:04.116 +05:30 [INF] Executing JsonResult, writing value of type 'System.Collections.Generic.List`1[[<>f__AnonymousType17`7[[System.Int32, System.Private.CoreLib, Version=9.0.0.0, Culture=neutral, PublicKeyToken=7cec85d7bea7798e],[System.String, System.Private.CoreLib, Version=9.0.0.0, Culture=neutral, PublicKeyToken=7cec85d7bea7798e],[System.String, System.Private.CoreLib, Version=9.0.0.0, Culture=neutral, PublicKeyToken=7cec85d7bea7798e],[System.String, System.Private.CoreLib, Version=9.0.0.0, Culture=neutral, PublicKeyToken=7cec85d7bea7798e],[System.String, System.Private.CoreLib, Version=9.0.0.0, Culture=neutral, PublicKeyToken=7cec85d7bea7798e],[System.Boolean, System.Private.CoreLib, Version=9.0.0.0, Culture=neutral, PublicKeyToken=7cec85d7bea7798e],[System.DateTime, System.Private.CoreLib, Version=9.0.0.0, Culture=neutral, PublicKeyToken=7cec85d7bea7798e]], Portfolio Management System, Version=1.0.0.0, Culture=neutral, PublicKeyToken=null]]'.
2026-06-29 01:53:04.119 +05:30 [INF] Executed action Portfolio_Management_System.Controllers.AdminController.GetUnreadMessagesCount (Portfolio Management System) in 182.5816ms
2026-06-29 01:53:04.119 +05:30 [INF] Executed endpoint 'Portfolio_Management_System.Controllers.AdminController.GetUnreadMessagesCount (Portfolio Management System)'
2026-06-29 01:53:04.119 +05:30 [INF] HTTP GET /Admin/GetUnreadMessagesCount responded 200 in 183.9088 ms
2026-06-29 01:53:04.119 +05:30 [INF] Request finished HTTP/2 GET https://localhost:44341/Admin/GetUnreadMessagesCount - 200 null application/json; charset=utf-8 184.4226ms
2026-06-29 01:53:04.119 +05:30 [INF] Executed action Portfolio_Management_System.Controllers.AdminController.GetRecentMessages (Portfolio Management System) in 182.6615ms
2026-06-29 01:53:04.120 +05:30 [INF] Executed endpoint 'Portfolio_Management_System.Controllers.AdminController.GetRecentMessages (Portfolio Management System)'
2026-06-29 01:53:04.120 +05:30 [INF] HTTP GET /Admin/GetRecentMessages responded 200 in 184.8208 ms
2026-06-29 01:53:04.120 +05:30 [INF] Request finished HTTP/2 GET https://localhost:44341/Admin/GetRecentMessages - 200 null application/json; charset=utf-8 185.3547ms
2026-06-29 01:53:35.603 +05:30 [INF] Request starting HTTP/2 GET https://localhost:44341/Admin/GetUnreadMessagesCount - null null
2026-06-29 01:53:35.604 +05:30 [INF] Request starting HTTP/2 GET https://localhost:44341/Admin/GetRecentMessages - null null
2026-06-29 01:53:35.604 +05:30 [INF] Executing endpoint 'Portfolio_Management_System.Controllers.AdminController.GetRecentMessages (Portfolio Management System)'
2026-06-29 01:53:35.604 +05:30 [INF] Executing endpoint 'Portfolio_Management_System.Controllers.AdminController.GetUnreadMessagesCount (Portfolio Management System)'
2026-06-29 01:53:35.604 +05:30 [INF] Route matched with {action = "GetRecentMessages", controller = "Admin"}. Executing controller action with signature System.Threading.Tasks.Task`1[Microsoft.AspNetCore.Mvc.IActionResult] GetRecentMessages() on controller Portfolio_Management_System.Controllers.AdminController (Portfolio Management System).
2026-06-29 01:53:35.604 +05:30 [INF] Route matched with {action = "GetUnreadMessagesCount", controller = "Admin"}. Executing controller action with signature System.Threading.Tasks.Task`1[Microsoft.AspNetCore.Mvc.IActionResult] GetUnreadMessagesCount() on controller Portfolio_Management_System.Controllers.AdminController (Portfolio Management System).
2026-06-29 01:53:35.783 +05:30 [INF] Executing JsonResult, writing value of type 'System.Int32'.
2026-06-29 01:53:35.783 +05:30 [INF] Executing JsonResult, writing value of type 'System.Collections.Generic.List`1[[<>f__AnonymousType17`7[[System.Int32, System.Private.CoreLib, Version=9.0.0.0, Culture=neutral, PublicKeyToken=7cec85d7bea7798e],[System.String, System.Private.CoreLib, Version=9.0.0.0, Culture=neutral, PublicKeyToken=7cec85d7bea7798e],[System.String, System.Private.CoreLib, Version=9.0.0.0, Culture=neutral, PublicKeyToken=7cec85d7bea7798e],[System.String, System.Private.CoreLib, Version=9.0.0.0, Culture=neutral, PublicKeyToken=7cec85d7bea7798e],[System.String, System.Private.CoreLib, Version=9.0.0.0, Culture=neutral, PublicKeyToken=7cec85d7bea7798e],[System.Boolean, System.Private.CoreLib, Version=9.0.0.0, Culture=neutral, PublicKeyToken=7cec85d7bea7798e],[System.DateTime, System.Private.CoreLib, Version=9.0.0.0, Culture=neutral, PublicKeyToken=7cec85d7bea7798e]], Portfolio Management System, Version=1.0.0.0, Culture=neutral, PublicKeyToken=null]]'.
2026-06-29 01:53:35.784 +05:30 [INF] Executed action Portfolio_Management_System.Controllers.AdminController.GetUnreadMessagesCount (Portfolio Management System) in 179.3865ms
2026-06-29 01:53:35.784 +05:30 [INF] Executed endpoint 'Portfolio_Management_System.Controllers.AdminController.GetUnreadMessagesCount (Portfolio Management System)'
2026-06-29 01:53:35.784 +05:30 [INF] HTTP GET /Admin/GetUnreadMessagesCount responded 200 in 180.6146 ms
2026-06-29 01:53:35.787 +05:30 [INF] Request finished HTTP/2 GET https://localhost:44341/Admin/GetUnreadMessagesCount - 200 null application/json; charset=utf-8 183.8018ms
2026-06-29 01:53:35.787 +05:30 [INF] Executed action Portfolio_Management_System.Controllers.AdminController.GetRecentMessages (Portfolio Management System) in 182.8985ms
2026-06-29 01:53:35.787 +05:30 [INF] Executed endpoint 'Portfolio_Management_System.Controllers.AdminController.GetRecentMessages (Portfolio Management System)'
2026-06-29 01:53:35.787 +05:30 [INF] HTTP GET /Admin/GetRecentMessages responded 200 in 183.4067 ms
2026-06-29 01:53:35.787 +05:30 [INF] Request finished HTTP/2 GET https://localhost:44341/Admin/GetRecentMessages - 200 null application/json; charset=utf-8 184.3024ms
2026-06-29 01:54:03.929 +05:30 [INF] Request starting HTTP/2 GET https://localhost:44341/Admin/GetUnreadMessagesCount - null null
2026-06-29 01:54:03.930 +05:30 [INF] Executing endpoint 'Portfolio_Management_System.Controllers.AdminController.GetUnreadMessagesCount (Portfolio Management System)'
2026-06-29 01:54:03.930 +05:30 [INF] Route matched with {action = "GetUnreadMessagesCount", controller = "Admin"}. Executing controller action with signature System.Threading.Tasks.Task`1[Microsoft.AspNetCore.Mvc.IActionResult] GetUnreadMessagesCount() on controller Portfolio_Management_System.Controllers.AdminController (Portfolio Management System).
2026-06-29 01:54:03.949 +05:30 [INF] Request starting HTTP/2 GET https://localhost:44341/Admin/GetRecentMessages - null null
2026-06-29 01:54:03.952 +05:30 [INF] Executing endpoint 'Portfolio_Management_System.Controllers.AdminController.GetRecentMessages (Portfolio Management System)'
2026-06-29 01:54:03.954 +05:30 [INF] Route matched with {action = "GetRecentMessages", controller = "Admin"}. Executing controller action with signature System.Threading.Tasks.Task`1[Microsoft.AspNetCore.Mvc.IActionResult] GetRecentMessages() on controller Portfolio_Management_System.Controllers.AdminController (Portfolio Management System).
2026-06-29 01:54:04.101 +05:30 [INF] Executing JsonResult, writing value of type 'System.Int32'.
2026-06-29 01:54:04.110 +05:30 [INF] Executed action Portfolio_Management_System.Controllers.AdminController.GetUnreadMessagesCount (Portfolio Management System) in 179.7897ms
2026-06-29 01:54:04.114 +05:30 [INF] Executed endpoint 'Portfolio_Management_System.Controllers.AdminController.GetUnreadMessagesCount (Portfolio Management System)'
2026-06-29 01:54:04.114 +05:30 [INF] HTTP GET /Admin/GetUnreadMessagesCount responded 200 in 184.7618 ms
2026-06-29 01:54:04.115 +05:30 [INF] Request finished HTTP/2 GET https://localhost:44341/Admin/GetUnreadMessagesCount - 200 null application/json; charset=utf-8 185.1952ms
2026-06-29 01:54:04.128 +05:30 [INF] Executing JsonResult, writing value of type 'System.Collections.Generic.List`1[[<>f__AnonymousType17`7[[System.Int32, System.Private.CoreLib, Version=9.0.0.0, Culture=neutral, PublicKeyToken=7cec85d7bea7798e],[System.String, System.Private.CoreLib, Version=9.0.0.0, Culture=neutral, PublicKeyToken=7cec85d7bea7798e],[System.String, System.Private.CoreLib, Version=9.0.0.0, Culture=neutral, PublicKeyToken=7cec85d7bea7798e],[System.String, System.Private.CoreLib, Version=9.0.0.0, Culture=neutral, PublicKeyToken=7cec85d7bea7798e],[System.String, System.Private.CoreLib, Version=9.0.0.0, Culture=neutral, PublicKeyToken=7cec85d7bea7798e],[System.Boolean, System.Private.CoreLib, Version=9.0.0.0, Culture=neutral, PublicKeyToken=7cec85d7bea7798e],[System.DateTime, System.Private.CoreLib, Version=9.0.0.0, Culture=neutral, PublicKeyToken=7cec85d7bea7798e]], Portfolio Management System, Version=1.0.0.0, Culture=neutral, PublicKeyToken=null]]'.
2026-06-29 01:54:04.129 +05:30 [INF] Executed action Portfolio_Management_System.Controllers.AdminController.GetRecentMessages (Portfolio Management System) in 175.6349ms
2026-06-29 01:54:04.129 +05:30 [INF] Executed endpoint 'Portfolio_Management_System.Controllers.AdminController.GetRecentMessages (Portfolio Management System)'
2026-06-29 01:54:04.130 +05:30 [INF] HTTP GET /Admin/GetRecentMessages responded 200 in 180.1508 ms
2026-06-29 01:54:04.130 +05:30 [INF] Request finished HTTP/2 GET https://localhost:44341/Admin/GetRecentMessages - 200 null application/json; charset=utf-8 180.6582ms
2026-06-29 01:54:34.028 +05:30 [INF] Request starting HTTP/2 GET https://localhost:44341/Admin/GetUnreadMessagesCount - null null
2026-06-29 01:54:34.028 +05:30 [INF] Executing endpoint 'Portfolio_Management_System.Controllers.AdminController.GetUnreadMessagesCount (Portfolio Management System)'
2026-06-29 01:54:34.028 +05:30 [INF] Route matched with {action = "GetUnreadMessagesCount", controller = "Admin"}. Executing controller action with signature System.Threading.Tasks.Task`1[Microsoft.AspNetCore.Mvc.IActionResult] GetUnreadMessagesCount() on controller Portfolio_Management_System.Controllers.AdminController (Portfolio Management System).
2026-06-29 01:54:34.031 +05:30 [INF] Request starting HTTP/2 GET https://localhost:44341/Admin/GetRecentMessages - null null
2026-06-29 01:54:34.031 +05:30 [INF] Executing endpoint 'Portfolio_Management_System.Controllers.AdminController.GetRecentMessages (Portfolio Management System)'
2026-06-29 01:54:34.031 +05:30 [INF] Route matched with {action = "GetRecentMessages", controller = "Admin"}. Executing controller action with signature System.Threading.Tasks.Task`1[Microsoft.AspNetCore.Mvc.IActionResult] GetRecentMessages() on controller Portfolio_Management_System.Controllers.AdminController (Portfolio Management System).
2026-06-29 01:54:34.212 +05:30 [INF] Executing JsonResult, writing value of type 'System.Int32'.
2026-06-29 01:54:34.213 +05:30 [INF] Executed action Portfolio_Management_System.Controllers.AdminController.GetUnreadMessagesCount (Portfolio Management System) in 184.8008ms
2026-06-29 01:54:34.213 +05:30 [INF] Executed endpoint 'Portfolio_Management_System.Controllers.AdminController.GetUnreadMessagesCount (Portfolio Management System)'
2026-06-29 01:54:34.213 +05:30 [INF] HTTP GET /Admin/GetUnreadMessagesCount responded 200 in 185.4837 ms
2026-06-29 01:54:34.214 +05:30 [INF] Request finished HTTP/2 GET https://localhost:44341/Admin/GetUnreadMessagesCount - 200 null application/json; charset=utf-8 185.8856ms
2026-06-29 01:54:34.214 +05:30 [INF] Executing JsonResult, writing value of type 'System.Collections.Generic.List`1[[<>f__AnonymousType17`7[[System.Int32, System.Private.CoreLib, Version=9.0.0.0, Culture=neutral, PublicKeyToken=7cec85d7bea7798e],[System.String, System.Private.CoreLib, Version=9.0.0.0, Culture=neutral, PublicKeyToken=7cec85d7bea7798e],[System.String, System.Private.CoreLib, Version=9.0.0.0, Culture=neutral, PublicKeyToken=7cec85d7bea7798e],[System.String, System.Private.CoreLib, Version=9.0.0.0, Culture=neutral, PublicKeyToken=7cec85d7bea7798e],[System.String, System.Private.CoreLib, Version=9.0.0.0, Culture=neutral, PublicKeyToken=7cec85d7bea7798e],[System.Boolean, System.Private.CoreLib, Version=9.0.0.0, Culture=neutral, PublicKeyToken=7cec85d7bea7798e],[System.DateTime, System.Private.CoreLib, Version=9.0.0.0, Culture=neutral, PublicKeyToken=7cec85d7bea7798e]], Portfolio Management System, Version=1.0.0.0, Culture=neutral, PublicKeyToken=null]]'.
2026-06-29 01:54:34.220 +05:30 [INF] Executed action Portfolio_Management_System.Controllers.AdminController.GetRecentMessages (Portfolio Management System) in 188.3433ms
2026-06-29 01:54:34.220 +05:30 [INF] Executed endpoint 'Portfolio_Management_System.Controllers.AdminController.GetRecentMessages (Portfolio Management System)'
2026-06-29 01:54:34.220 +05:30 [INF] HTTP GET /Admin/GetRecentMessages responded 200 in 188.8823 ms
2026-06-29 01:54:34.220 +05:30 [INF] Request finished HTTP/2 GET https://localhost:44341/Admin/GetRecentMessages - 200 null application/json; charset=utf-8 189.3702ms
2026-06-29 01:55:03.961 +05:30 [INF] Request starting HTTP/2 GET https://localhost:44341/Admin/GetRecentMessages - null null
2026-06-29 01:55:03.961 +05:30 [INF] Request starting HTTP/2 GET https://localhost:44341/Admin/GetUnreadMessagesCount - null null
2026-06-29 01:55:03.966 +05:30 [INF] Executing endpoint 'Portfolio_Management_System.Controllers.AdminController.GetUnreadMessagesCount (Portfolio Management System)'
2026-06-29 01:55:03.967 +05:30 [INF] Route matched with {action = "GetUnreadMessagesCount", controller = "Admin"}. Executing controller action with signature System.Threading.Tasks.Task`1[Microsoft.AspNetCore.Mvc.IActionResult] GetUnreadMessagesCount() on controller Portfolio_Management_System.Controllers.AdminController (Portfolio Management System).
2026-06-29 01:55:03.968 +05:30 [INF] Executing endpoint 'Portfolio_Management_System.Controllers.AdminController.GetRecentMessages (Portfolio Management System)'
2026-06-29 01:55:03.968 +05:30 [INF] Route matched with {action = "GetRecentMessages", controller = "Admin"}. Executing controller action with signature System.Threading.Tasks.Task`1[Microsoft.AspNetCore.Mvc.IActionResult] GetRecentMessages() on controller Portfolio_Management_System.Controllers.AdminController (Portfolio Management System).
2026-06-29 01:55:04.142 +05:30 [INF] Executing JsonResult, writing value of type 'System.Collections.Generic.List`1[[<>f__AnonymousType17`7[[System.Int32, System.Private.CoreLib, Version=9.0.0.0, Culture=neutral, PublicKeyToken=7cec85d7bea7798e],[System.String, System.Private.CoreLib, Version=9.0.0.0, Culture=neutral, PublicKeyToken=7cec85d7bea7798e],[System.String, System.Private.CoreLib, Version=9.0.0.0, Culture=neutral, PublicKeyToken=7cec85d7bea7798e],[System.String, System.Private.CoreLib, Version=9.0.0.0, Culture=neutral, PublicKeyToken=7cec85d7bea7798e],[System.String, System.Private.CoreLib, Version=9.0.0.0, Culture=neutral, PublicKeyToken=7cec85d7bea7798e],[System.Boolean, System.Private.CoreLib, Version=9.0.0.0, Culture=neutral, PublicKeyToken=7cec85d7bea7798e],[System.DateTime, System.Private.CoreLib, Version=9.0.0.0, Culture=neutral, PublicKeyToken=7cec85d7bea7798e]], Portfolio Management System, Version=1.0.0.0, Culture=neutral, PublicKeyToken=null]]'.
2026-06-29 01:55:04.144 +05:30 [INF] Executed action Portfolio_Management_System.Controllers.AdminController.GetRecentMessages (Portfolio Management System) in 176.4042ms
2026-06-29 01:55:04.145 +05:30 [INF] Executed endpoint 'Portfolio_Management_System.Controllers.AdminController.GetRecentMessages (Portfolio Management System)'
2026-06-29 01:55:04.145 +05:30 [INF] HTTP GET /Admin/GetRecentMessages responded 200 in 180.1300 ms
2026-06-29 01:55:04.145 +05:30 [INF] Executing JsonResult, writing value of type 'System.Int32'.
2026-06-29 01:55:04.145 +05:30 [INF] Request finished HTTP/2 GET https://localhost:44341/Admin/GetRecentMessages - 200 null application/json; charset=utf-8 185.022ms
2026-06-29 01:55:04.146 +05:30 [INF] Executed action Portfolio_Management_System.Controllers.AdminController.GetUnreadMessagesCount (Portfolio Management System) in 179.005ms
2026-06-29 01:55:04.146 +05:30 [INF] Executed endpoint 'Portfolio_Management_System.Controllers.AdminController.GetUnreadMessagesCount (Portfolio Management System)'
2026-06-29 01:55:04.146 +05:30 [INF] HTTP GET /Admin/GetUnreadMessagesCount responded 200 in 182.3540 ms
2026-06-29 01:55:04.148 +05:30 [INF] Request finished HTTP/2 GET https://localhost:44341/Admin/GetUnreadMessagesCount - 200 null application/json; charset=utf-8 187.6419ms
2026-06-29 01:55:33.940 +05:30 [INF] Request starting HTTP/2 GET https://localhost:44341/Admin/GetUnreadMessagesCount - null null
2026-06-29 01:55:33.942 +05:30 [INF] Executing endpoint 'Portfolio_Management_System.Controllers.AdminController.GetUnreadMessagesCount (Portfolio Management System)'
2026-06-29 01:55:33.942 +05:30 [INF] Route matched with {action = "GetUnreadMessagesCount", controller = "Admin"}. Executing controller action with signature System.Threading.Tasks.Task`1[Microsoft.AspNetCore.Mvc.IActionResult] GetUnreadMessagesCount() on controller Portfolio_Management_System.Controllers.AdminController (Portfolio Management System).
2026-06-29 01:55:33.970 +05:30 [INF] Request starting HTTP/2 GET https://localhost:44341/Admin/GetRecentMessages - null null
2026-06-29 01:55:33.972 +05:30 [INF] Executing endpoint 'Portfolio_Management_System.Controllers.AdminController.GetRecentMessages (Portfolio Management System)'
2026-06-29 01:55:33.972 +05:30 [INF] Route matched with {action = "GetRecentMessages", controller = "Admin"}. Executing controller action with signature System.Threading.Tasks.Task`1[Microsoft.AspNetCore.Mvc.IActionResult] GetRecentMessages() on controller Portfolio_Management_System.Controllers.AdminController (Portfolio Management System).
2026-06-29 01:55:34.141 +05:30 [INF] Executing JsonResult, writing value of type 'System.Int32'.
2026-06-29 01:55:34.142 +05:30 [INF] Executed action Portfolio_Management_System.Controllers.AdminController.GetUnreadMessagesCount (Portfolio Management System) in 199.4414ms
2026-06-29 01:55:34.142 +05:30 [INF] Executed endpoint 'Portfolio_Management_System.Controllers.AdminController.GetUnreadMessagesCount (Portfolio Management System)'
2026-06-29 01:55:34.142 +05:30 [INF] HTTP GET /Admin/GetUnreadMessagesCount responded 200 in 200.1748 ms
2026-06-29 01:55:34.143 +05:30 [INF] Request finished HTTP/2 GET https://localhost:44341/Admin/GetUnreadMessagesCount - 200 null application/json; charset=utf-8 203.6777ms
2026-06-29 01:55:34.150 +05:30 [INF] Executing JsonResult, writing value of type 'System.Collections.Generic.List`1[[<>f__AnonymousType17`7[[System.Int32, System.Private.CoreLib, Version=9.0.0.0, Culture=neutral, PublicKeyToken=7cec85d7bea7798e],[System.String, System.Private.CoreLib, Version=9.0.0.0, Culture=neutral, PublicKeyToken=7cec85d7bea7798e],[System.String, System.Private.CoreLib, Version=9.0.0.0, Culture=neutral, PublicKeyToken=7cec85d7bea7798e],[System.String, System.Private.CoreLib, Version=9.0.0.0, Culture=neutral, PublicKeyToken=7cec85d7bea7798e],[System.String, System.Private.CoreLib, Version=9.0.0.0, Culture=neutral, PublicKeyToken=7cec85d7bea7798e],[System.Boolean, System.Private.CoreLib, Version=9.0.0.0, Culture=neutral, PublicKeyToken=7cec85d7bea7798e],[System.DateTime, System.Private.CoreLib, Version=9.0.0.0, Culture=neutral, PublicKeyToken=7cec85d7bea7798e]], Portfolio Management System, Version=1.0.0.0, Culture=neutral, PublicKeyToken=null]]'.
2026-06-29 01:55:34.150 +05:30 [INF] Executed action Portfolio_Management_System.Controllers.AdminController.GetRecentMessages (Portfolio Management System) in 178.0384ms
2026-06-29 01:55:34.151 +05:30 [INF] Executed endpoint 'Portfolio_Management_System.Controllers.AdminController.GetRecentMessages (Portfolio Management System)'
2026-06-29 01:55:34.151 +05:30 [INF] HTTP GET /Admin/GetRecentMessages responded 200 in 181.0036 ms
2026-06-29 01:55:34.151 +05:30 [INF] Request finished HTTP/2 GET https://localhost:44341/Admin/GetRecentMessages - 200 null application/json; charset=utf-8 197.096ms
2026-06-29 01:56:03.928 +05:30 [INF] Request starting HTTP/2 GET https://localhost:44341/Admin/GetUnreadMessagesCount - null null
2026-06-29 01:56:03.930 +05:30 [INF] Request starting HTTP/2 GET https://localhost:44341/Admin/GetRecentMessages - null null
2026-06-29 01:56:03.930 +05:30 [INF] Executing endpoint 'Portfolio_Management_System.Controllers.AdminController.GetUnreadMessagesCount (Portfolio Management System)'
2026-06-29 01:56:03.930 +05:30 [INF] Route matched with {action = "GetUnreadMessagesCount", controller = "Admin"}. Executing controller action with signature System.Threading.Tasks.Task`1[Microsoft.AspNetCore.Mvc.IActionResult] GetUnreadMessagesCount() on controller Portfolio_Management_System.Controllers.AdminController (Portfolio Management System).
2026-06-29 01:56:03.932 +05:30 [INF] Executing endpoint 'Portfolio_Management_System.Controllers.AdminController.GetRecentMessages (Portfolio Management System)'
2026-06-29 01:56:03.932 +05:30 [INF] Route matched with {action = "GetRecentMessages", controller = "Admin"}. Executing controller action with signature System.Threading.Tasks.Task`1[Microsoft.AspNetCore.Mvc.IActionResult] GetRecentMessages() on controller Portfolio_Management_System.Controllers.AdminController (Portfolio Management System).
2026-06-29 01:56:04.100 +05:30 [INF] Executing JsonResult, writing value of type 'System.Collections.Generic.List`1[[<>f__AnonymousType17`7[[System.Int32, System.Private.CoreLib, Version=9.0.0.0, Culture=neutral, PublicKeyToken=7cec85d7bea7798e],[System.String, System.Private.CoreLib, Version=9.0.0.0, Culture=neutral, PublicKeyToken=7cec85d7bea7798e],[System.String, System.Private.CoreLib, Version=9.0.0.0, Culture=neutral, PublicKeyToken=7cec85d7bea7798e],[System.String, System.Private.CoreLib, Version=9.0.0.0, Culture=neutral, PublicKeyToken=7cec85d7bea7798e],[System.String, System.Private.CoreLib, Version=9.0.0.0, Culture=neutral, PublicKeyToken=7cec85d7bea7798e],[System.Boolean, System.Private.CoreLib, Version=9.0.0.0, Culture=neutral, PublicKeyToken=7cec85d7bea7798e],[System.DateTime, System.Private.CoreLib, Version=9.0.0.0, Culture=neutral, PublicKeyToken=7cec85d7bea7798e]], Portfolio Management System, Version=1.0.0.0, Culture=neutral, PublicKeyToken=null]]'.
2026-06-29 01:56:04.101 +05:30 [INF] Executed action Portfolio_Management_System.Controllers.AdminController.GetRecentMessages (Portfolio Management System) in 168.4183ms
2026-06-29 01:56:04.101 +05:30 [INF] Executed endpoint 'Portfolio_Management_System.Controllers.AdminController.GetRecentMessages (Portfolio Management System)'
2026-06-29 01:56:04.101 +05:30 [INF] HTTP GET /Admin/GetRecentMessages responded 200 in 170.7737 ms
2026-06-29 01:56:04.101 +05:30 [INF] Request finished HTTP/2 GET https://localhost:44341/Admin/GetRecentMessages - 200 null application/json; charset=utf-8 171.244ms
2026-06-29 01:56:04.108 +05:30 [INF] Executing JsonResult, writing value of type 'System.Int32'.
2026-06-29 01:56:04.109 +05:30 [INF] Executed action Portfolio_Management_System.Controllers.AdminController.GetUnreadMessagesCount (Portfolio Management System) in 178.2059ms
2026-06-29 01:56:04.109 +05:30 [INF] Executed endpoint 'Portfolio_Management_System.Controllers.AdminController.GetUnreadMessagesCount (Portfolio Management System)'
2026-06-29 01:56:04.109 +05:30 [INF] HTTP GET /Admin/GetUnreadMessagesCount responded 200 in 179.9565 ms
2026-06-29 01:56:04.109 +05:30 [INF] Request finished HTTP/2 GET https://localhost:44341/Admin/GetUnreadMessagesCount - 200 null application/json; charset=utf-8 181.2386ms
2026-06-29 02:08:36.683 +05:30 [WRN] JWT SecretKey missing in configuration. JWT Auth not configured.
2026-06-29 02:08:44.241 +05:30 [INF] Executed DbCommand (306ms) [Parameters=[], CommandType='"Text"', CommandTimeout='30']
SELECT 1
2026-06-29 02:08:44.293 +05:30 [INF] Acquiring an exclusive lock for migration application. See https://aka.ms/efcore-docs-migrations-lock for more information if this takes too long.
2026-06-29 02:08:44.560 +05:30 [INF] Executed DbCommand (246ms) [Parameters=[], CommandType='"Text"', CommandTimeout='30']
DECLARE @result int;
EXEC @result = sp_getapplock @Resource = '__EFMigrationsLock', @LockOwner = 'Session', @LockMode = 'Exclusive';
SELECT @result
2026-06-29 02:08:45.175 +05:30 [INF] Executed DbCommand (171ms) [Parameters=[], CommandType='"Text"', CommandTimeout='30']
IF OBJECT_ID(N'[__EFMigrationsHistory]') IS NULL
BEGIN
    CREATE TABLE [__EFMigrationsHistory] (
        [MigrationId] nvarchar(150) NOT NULL,
        [ProductVersion] nvarchar(32) NOT NULL,
        CONSTRAINT [PK___EFMigrationsHistory] PRIMARY KEY ([MigrationId])
    );
END;
2026-06-29 02:08:45.702 +05:30 [INF] Executed DbCommand (169ms) [Parameters=[], CommandType='"Text"', CommandTimeout='30']
SELECT 1
2026-06-29 02:08:45.872 +05:30 [INF] Executed DbCommand (169ms) [Parameters=[], CommandType='"Text"', CommandTimeout='30']
SELECT OBJECT_ID(N'[__EFMigrationsHistory]');
2026-06-29 02:08:46.094 +05:30 [INF] Executed DbCommand (201ms) [Parameters=[], CommandType='"Text"', CommandTimeout='30']
SELECT [MigrationId], [ProductVersion]
FROM [__EFMigrationsHistory]
ORDER BY [MigrationId];
2026-06-29 02:08:46.139 +05:30 [INF] Applying migration '20260628163009_InitialCreate'.
2026-06-29 02:08:46.514 +05:30 [ERR] Failed executing DbCommand (224ms) [Parameters=[], CommandType='"Text"', CommandTimeout='30']
CREATE TABLE [TrendTopics] (
    [Id] int NOT NULL IDENTITY,
    [Title] nvarchar(500) NOT NULL,
    [Source] nvarchar(100) NOT NULL,
    [PopularityScore] decimal(10,4) NOT NULL,
    [CompetitionScore] decimal(10,4) NOT NULL,
    [ViralityScore] decimal(10,4) NOT NULL,
    [Keywords] nvarchar(2000) NOT NULL,
    [Category] nvarchar(200) NOT NULL,
    [IsSelected] bit NOT NULL,
    [FetchedAt] datetime2 NOT NULL,
    [SelectedAt] datetime2 NULL,
    CONSTRAINT [PK_TrendTopics] PRIMARY KEY ([Id])
);
2026-06-29 02:08:47.083 +05:30 [WRN] Migration skipped: There is already an object named 'TrendTopics' in the database.
2026-06-29 02:08:47.989 +05:30 [INF] Started Python AI Server automatically in a new window.
2026-06-29 02:08:47.990 +05:30 [INF] Unified API starting on Development
2026-06-29 02:08:59.531 +05:30 [INF] User profile is available. Using 'C:\Users\ak731\AppData\Local\ASP.NET\DataProtection-Keys' as key repository and Windows DPAPI to encrypt keys at rest.
2026-06-29 02:08:59.713 +05:30 [INF] Gallery Auto-Uploader Background Service started.
2026-06-29 02:08:59.713 +05:30 [INF] Daily YouTube Video Generator & Uploader Service started.
2026-06-29 02:08:59.724 +05:30 [INF] Starting daily video generation...
2026-06-29 02:08:59.877 +05:30 [INF] Start processing HTTP request GET https://www.youtube.com/@CodeCrafters42
2026-06-29 02:08:59.872 +05:30 [INF] Start processing HTTP request GET https://images.unsplash.com/photo-1542831371-29b0f74f9713?*
2026-06-29 02:08:59.886 +05:30 [INF] Sending HTTP request GET https://images.unsplash.com/photo-1542831371-29b0f74f9713?*
2026-06-29 02:08:59.887 +05:30 [INF] Sending HTTP request GET https://www.youtube.com/@CodeCrafters42
2026-06-29 02:08:59.950 +05:30 [INF] AutoTube Video Automation Background Scheduler started. Scheduled for 9:00 AM daily.
2026-06-29 02:08:59.952 +05:30 [INF] Next video generation cycle scheduled at "2026-06-29T09:00:00.0000000" (in 6.85 hours).
2026-06-29 02:09:04.767 +05:30 [INF] Received HTTP response headers after 4862.3966ms - 200
2026-06-29 02:09:04.953 +05:30 [INF] End processing HTTP request after 5146.8441ms - 200
2026-06-29 02:09:05.023 +05:30 [INF] Received HTTP response headers after 5135.8314ms - 404
2026-06-29 02:09:05.031 +05:30 [INF] End processing HTTP request after 5224.9985ms - 404
2026-06-29 02:09:05.526 +05:30 [INF] Request starting HTTP/2 GET https://localhost:44341/ - null null
2026-06-29 02:09:05.526 +05:30 [INF] Request starting HTTP/2 GET https://localhost:44341/Admin/Login - null null
2026-06-29 02:09:05.395 +05:30 [ERR] Error while executing FFmpeg video creation.
System.ComponentModel.Win32Exception (2): An error occurred trying to start process 'ffmpeg' with working directory 'C:\Users\ak731\Desktop\DSA\Portfolio Management System'. The system cannot find the file specified.
   at System.Diagnostics.Process.StartWithCreateProcess(ProcessStartInfo startInfo)
   at System.Diagnostics.Process.Start(ProcessStartInfo startInfo)
   at Portfolio_Management_System.Services.DailyYoutubeUploaderService.GenerateVideoFileAsync(String topic, String outputPath) in C:\Users\ak731\Desktop\DSA\Portfolio Management System\Services\DailyYoutubeUploaderService.cs:line 142
2026-06-29 02:09:05.757 +05:30 [ERR] Failed to generate video file. Skipping upload.
2026-06-29 02:09:06.240 +05:30 [INF] Application started. Press Ctrl+C to shut down.
2026-06-29 02:09:06.240 +05:30 [INF] Hosting environment: Development
2026-06-29 02:09:06.241 +05:30 [INF] Content root path: C:\Users\ak731\Desktop\DSA\Portfolio Management System
2026-06-29 02:09:06.267 +05:30 [INF] Executing endpoint 'Portfolio_Management_System.Controllers.HomeController.Index (Portfolio Management System)'
2026-06-29 02:09:06.269 +05:30 [INF] Executing endpoint 'Portfolio_Management_System.Controllers.AdminController.Login (Portfolio Management System)'
2026-06-29 02:09:06.389 +05:30 [INF] Route matched with {action = "Login", controller = "Admin"}. Executing controller action with signature Microsoft.AspNetCore.Mvc.IActionResult Login() on controller Portfolio_Management_System.Controllers.AdminController (Portfolio Management System).
2026-06-29 02:09:06.390 +05:30 [INF] Route matched with {action = "Index", controller = "Home"}. Executing controller action with signature System.Threading.Tasks.Task`1[Microsoft.AspNetCore.Mvc.IActionResult] Index() on controller Portfolio_Management_System.Controllers.HomeController (Portfolio Management System).
2026-06-29 02:09:06.394 +05:30 [INF] Daily AI Generated Video upload complete: HTML & CSS Layouts - Daily AI Tutorial [Copyright-Free]
2026-06-29 02:09:06.427 +05:30 [INF] Accessing expired session, Key:2ae8fda7-e9c6-fe47-02c7-2aa409e35f42
2026-06-29 02:09:06.586 +05:30 [INF] Executing ViewResult, running view Login.
2026-06-29 02:09:07.248 +05:30 [INF] Executed ViewResult - view Login executed in 760.3548ms.
2026-06-29 02:09:07.252 +05:30 [INF] Executed action Portfolio_Management_System.Controllers.AdminController.Login (Portfolio Management System) in 860.5242ms
2026-06-29 02:09:07.253 +05:30 [INF] Executed endpoint 'Portfolio_Management_System.Controllers.AdminController.Login (Portfolio Management System)'
2026-06-29 02:09:07.265 +05:30 [INF] HTTP GET /Admin/Login responded 200 in 1519.6039 ms
2026-06-29 02:09:07.294 +05:30 [INF] Request finished HTTP/2 GET https://localhost:44341/Admin/Login - 200 null text/html; charset=utf-8 1962.8154ms
2026-06-29 02:09:07.708 +05:30 [INF] Executing ViewResult, running view Index.
2026-06-29 02:09:08.113 +05:30 [INF] Accessing expired session, Key:2ae8fda7-e9c6-fe47-02c7-2aa409e35f42
2026-06-29 02:09:08.138 +05:30 [INF] Executed ViewResult - view Index executed in 435.6802ms.
2026-06-29 02:09:08.153 +05:30 [INF] Executed action Portfolio_Management_System.Controllers.HomeController.Index (Portfolio Management System) in 1761.7726ms
2026-06-29 02:09:08.157 +05:30 [INF] Executed endpoint 'Portfolio_Management_System.Controllers.HomeController.Index (Portfolio Management System)'
2026-06-29 02:09:08.169 +05:30 [INF] HTTP GET / responded 200 in 2430.3967 ms
2026-06-29 02:09:08.219 +05:30 [INF] Request finished HTTP/2 GET https://localhost:44341/ - 200 null text/html; charset=utf-8 2888.8395ms
2026-06-29 02:09:09.178 +05:30 [INF] Request starting HTTP/2 GET https://localhost:44341/uploads/projects/0cad35a0-c507-42ac-b6d3-27f35abc86f8.jpg - null null
2026-06-29 02:09:09.217 +05:30 [INF] HTTP GET /uploads/projects/0cad35a0-c507-42ac-b6d3-27f35abc86f8.jpg responded 404 in 37.3453 ms
2026-06-29 02:09:09.234 +05:30 [INF] Request starting HTTP/2 GET https://localhost:44341/_vs/browserLink - null null
2026-06-29 02:09:09.237 +05:30 [INF] Request starting HTTP/2 GET https://localhost:44341/_framework/aspnetcore-browser-refresh.js - null null
2026-06-29 02:09:09.280 +05:30 [INF] Request finished HTTP/2 GET https://localhost:44341/_framework/aspnetcore-browser-refresh.js - 200 16539 application/javascript; charset=utf-8 27.7595ms
2026-06-29 02:09:10.259 +05:30 [INF] Request finished HTTP/2 GET https://localhost:44341/uploads/projects/0cad35a0-c507-42ac-b6d3-27f35abc86f8.jpg - 404 null null 1081.012ms
2026-06-29 02:09:10.299 +05:30 [INF] Request reached the end of the middleware pipeline without being handled by application code. Request path: GET https://localhost:44341/uploads/projects/0cad35a0-c507-42ac-b6d3-27f35abc86f8.jpg, Response status code: 404
2026-06-29 02:09:10.643 +05:30 [INF] Request finished HTTP/2 GET https://localhost:44341/_vs/browserLink - 200 null text/javascript; charset=UTF-8 1409.8334ms
2026-06-29 02:09:12.939 +05:30 [INF] Request starting HTTP/2 GET https://localhost:44341/css/admin.css?v=639182957467877652 - null null
2026-06-29 02:09:12.975 +05:30 [INF] Sending file. Request path: '/css/admin.css'. Physical path: 'C:\Users\ak731\Desktop\DSA\Portfolio Management System\wwwroot\css\admin.css'
2026-06-29 02:09:12.976 +05:30 [INF] HTTP GET /css/admin.css responded 200 in 36.1072 ms
2026-06-29 02:09:12.976 +05:30 [INF] Request finished HTTP/2 GET https://localhost:44341/css/admin.css?v=639182957467877652 - 200 19854 text/css 37.1129ms
2026-06-29 02:09:14.299 +05:30 [INF] Request starting HTTP/2 GET https://localhost:44341/_framework/aspnetcore-browser-refresh.js - null null
2026-06-29 02:09:14.303 +05:30 [INF] Request finished HTTP/2 GET https://localhost:44341/_framework/aspnetcore-browser-refresh.js - 200 16539 application/javascript; charset=utf-8 4.2171ms
2026-06-29 02:10:37.379 +05:30 [INF] Request starting HTTP/2 POST https://localhost:44341/Admin/Login - application/x-www-form-urlencoded 217
2026-06-29 02:10:37.685 +05:30 [INF] CORS policy execution successful.
2026-06-29 02:10:37.729 +05:30 [INF] Executing endpoint 'Portfolio_Management_System.Controllers.AdminController.Login (Portfolio Management System)'
2026-06-29 02:10:37.984 +05:30 [INF] Route matched with {action = "Login", controller = "Admin"}. Executing controller action with signature System.Threading.Tasks.Task`1[Microsoft.AspNetCore.Mvc.IActionResult] Login(Portfolio_Management_System.Models.AdminLoginModel) on controller Portfolio_Management_System.Controllers.AdminController (Portfolio Management System).
2026-06-29 02:10:38.520 +05:30 [INF] Accessing expired session, Key:2ae8fda7-e9c6-fe47-02c7-2aa409e35f42
2026-06-29 02:10:38.554 +05:30 [INF] Executing RedirectResult, redirecting to /Admin/Dashboard.
2026-06-29 02:10:38.561 +05:30 [INF] Executed action Portfolio_Management_System.Controllers.AdminController.Login (Portfolio Management System) in 574.3571ms
2026-06-29 02:10:38.563 +05:30 [INF] Executed endpoint 'Portfolio_Management_System.Controllers.AdminController.Login (Portfolio Management System)'
2026-06-29 02:10:38.582 +05:30 [INF] Session started; Key:2ae8fda7-e9c6-fe47-02c7-2aa409e35f42, Id:9167fa0f-f018-fcb3-bb22-79b373742212
2026-06-29 02:10:38.590 +05:30 [INF] HTTP POST /Admin/Login responded 302 in 1024.3136 ms
2026-06-29 02:10:38.633 +05:30 [INF] Request finished HTTP/2 POST https://localhost:44341/Admin/Login - 302 null null 1282.6305ms
2026-06-29 02:10:38.640 +05:30 [INF] Request starting HTTP/2 GET https://localhost:44341/Admin/Dashboard - null null
2026-06-29 02:10:38.656 +05:30 [INF] Executing endpoint 'Portfolio_Management_System.Controllers.AdminController.Dashboard (Portfolio Management System)'
2026-06-29 02:10:38.665 +05:30 [INF] Route matched with {action = "Dashboard", controller = "Admin"}. Executing controller action with signature System.Threading.Tasks.Task`1[Microsoft.AspNetCore.Mvc.IActionResult] Dashboard() on controller Portfolio_Management_System.Controllers.AdminController (Portfolio Management System).
2026-06-29 02:10:40.550 +05:30 [ERR] Error getting recent messages
System.InvalidCastException: Unable to cast object of type 'System.Boolean' to type 'System.DateTime'.
   at Microsoft.Data.SqlClient.SqlBuffer.get_DateTime()
   at Microsoft.Data.SqlClient.SqlDataReader.GetDateTime(Int32 i)
   at Portfolio_Management_System.DAL.DbHelper.GetRecentMessagesAsync(Int32 count) in C:\Users\ak731\Desktop\DSA\Portfolio Management System\DAL\DbHelper.cs:line 1441
2026-06-29 02:10:41.120 +05:30 [ERR] Error getting recent visitors
System.InvalidCastException: Unable to cast object of type 'System.DateTime' to type 'System.Int32'.
   at Microsoft.Data.SqlClient.SqlBuffer.get_Int32()
   at Microsoft.Data.SqlClient.SqlDataReader.GetInt32(Int32 i)
   at Portfolio_Management_System.DAL.DbHelper.GetRecentVisitorsAsync(Int32 count) in C:\Users\ak731\Desktop\DSA\Portfolio Management System\DAL\DbHelper.cs:line 1482
2026-06-29 02:10:42.540 +05:30 [INF] Executing ViewResult, running view Dashboard.
2026-06-29 02:10:43.571 +05:30 [INF] Executed ViewResult - view Dashboard executed in 1048.629ms.
2026-06-29 02:10:43.571 +05:30 [INF] Executed action Portfolio_Management_System.Controllers.AdminController.Dashboard (Portfolio Management System) in 4905.5969ms
2026-06-29 02:10:43.571 +05:30 [INF] Executed endpoint 'Portfolio_Management_System.Controllers.AdminController.Dashboard (Portfolio Management System)'
2026-06-29 02:10:43.572 +05:30 [INF] HTTP GET /Admin/Dashboard responded 200 in 4921.9755 ms
2026-06-29 02:10:43.585 +05:30 [INF] Request finished HTTP/2 GET https://localhost:44341/Admin/Dashboard - 200 null text/html; charset=utf-8 4944.8994ms
2026-06-29 02:10:43.931 +05:30 [INF] Request starting HTTP/2 GET https://localhost:44341/css/admin.css?v=639182958429217919 - null null
2026-06-29 02:10:43.969 +05:30 [INF] Request starting HTTP/2 GET https://localhost:44341/_framework/aspnetcore-browser-refresh.js - null null
2026-06-29 02:10:43.970 +05:30 [INF] Request finished HTTP/2 GET https://localhost:44341/_framework/aspnetcore-browser-refresh.js - 200 16539 application/javascript; charset=utf-8 1.3926ms
2026-06-29 02:10:43.978 +05:30 [INF] Sending file. Request path: '/css/admin.css'. Physical path: 'C:\Users\ak731\Desktop\DSA\Portfolio Management System\wwwroot\css\admin.css'
2026-06-29 02:10:43.978 +05:30 [INF] HTTP GET /css/admin.css responded 200 in 47.3634 ms
2026-06-29 02:10:43.982 +05:30 [INF] Request finished HTTP/2 GET https://localhost:44341/css/admin.css?v=639182958429217919 - 200 19854 text/css 51.6814ms
2026-06-29 02:10:43.987 +05:30 [INF] Request starting HTTP/2 GET https://localhost:44341/_vs/browserLink - null null
2026-06-29 02:10:44.106 +05:30 [INF] Request finished HTTP/2 GET https://localhost:44341/_vs/browserLink - 200 null text/javascript; charset=UTF-8 118.9112ms
2026-06-29 02:10:44.849 +05:30 [INF] Request starting HTTP/2 GET https://localhost:44341/Admin/GetRecentMessages - null null
2026-06-29 02:10:44.851 +05:30 [INF] Request starting HTTP/2 GET https://localhost:44341/Admin/GetUnreadMessagesCount - null null
2026-06-29 02:10:44.851 +05:30 [INF] Executing endpoint 'Portfolio_Management_System.Controllers.AdminController.GetRecentMessages (Portfolio Management System)'
2026-06-29 02:10:44.851 +05:30 [INF] Executing endpoint 'Portfolio_Management_System.Controllers.AdminController.GetUnreadMessagesCount (Portfolio Management System)'
2026-06-29 02:10:44.866 +05:30 [INF] Request starting HTTP/2 GET https://localhost:44341/Admin/GetExperienceDetails - null null
2026-06-29 02:10:44.867 +05:30 [INF] Executing endpoint 'Portfolio_Management_System.Controllers.AdminController.GetExperienceDetails (Portfolio Management System)'
2026-06-29 02:10:44.877 +05:30 [INF] Route matched with {action = "GetUnreadMessagesCount", controller = "Admin"}. Executing controller action with signature System.Threading.Tasks.Task`1[Microsoft.AspNetCore.Mvc.IActionResult] GetUnreadMessagesCount() on controller Portfolio_Management_System.Controllers.AdminController (Portfolio Management System).
2026-06-29 02:10:44.882 +05:30 [INF] Route matched with {action = "GetRecentMessages", controller = "Admin"}. Executing controller action with signature System.Threading.Tasks.Task`1[Microsoft.AspNetCore.Mvc.IActionResult] GetRecentMessages() on controller Portfolio_Management_System.Controllers.AdminController (Portfolio Management System).
2026-06-29 02:10:44.918 +05:30 [INF] Route matched with {action = "GetExperienceDetails", controller = "Admin"}. Executing controller action with signature System.Threading.Tasks.Task`1[Microsoft.AspNetCore.Mvc.IActionResult] GetExperienceDetails() on controller Portfolio_Management_System.Controllers.AdminController (Portfolio Management System).
2026-06-29 02:10:45.071 +05:30 [INF] Executing JsonResult, writing value of type 'System.Int32'.
2026-06-29 02:10:45.071 +05:30 [INF] Executing JsonResult, writing value of type 'System.Collections.Generic.List`1[[<>f__AnonymousType17`7[[System.Int32, System.Private.CoreLib, Version=9.0.0.0, Culture=neutral, PublicKeyToken=7cec85d7bea7798e],[System.String, System.Private.CoreLib, Version=9.0.0.0, Culture=neutral, PublicKeyToken=7cec85d7bea7798e],[System.String, System.Private.CoreLib, Version=9.0.0.0, Culture=neutral, PublicKeyToken=7cec85d7bea7798e],[System.String, System.Private.CoreLib, Version=9.0.0.0, Culture=neutral, PublicKeyToken=7cec85d7bea7798e],[System.String, System.Private.CoreLib, Version=9.0.0.0, Culture=neutral, PublicKeyToken=7cec85d7bea7798e],[System.Boolean, System.Private.CoreLib, Version=9.0.0.0, Culture=neutral, PublicKeyToken=7cec85d7bea7798e],[System.DateTime, System.Private.CoreLib, Version=9.0.0.0, Culture=neutral, PublicKeyToken=7cec85d7bea7798e]], Portfolio Management System, Version=1.0.0.0, Culture=neutral, PublicKeyToken=null]]'.
2026-06-29 02:10:45.092 +05:30 [INF] Executed action Portfolio_Management_System.Controllers.AdminController.GetUnreadMessagesCount (Portfolio Management System) in 210.6377ms
2026-06-29 02:10:45.092 +05:30 [INF] Executed endpoint 'Portfolio_Management_System.Controllers.AdminController.GetUnreadMessagesCount (Portfolio Management System)'
2026-06-29 02:10:45.092 +05:30 [INF] HTTP GET /Admin/GetUnreadMessagesCount responded 200 in 240.8069 ms
2026-06-29 02:10:45.096 +05:30 [INF] Request finished HTTP/2 GET https://localhost:44341/Admin/GetUnreadMessagesCount - 200 null application/json; charset=utf-8 245.2971ms
2026-06-29 02:10:45.121 +05:30 [INF] Executed action Portfolio_Management_System.Controllers.AdminController.GetRecentMessages (Portfolio Management System) in 239.2175ms
2026-06-29 02:10:45.121 +05:30 [INF] Executed endpoint 'Portfolio_Management_System.Controllers.AdminController.GetRecentMessages (Portfolio Management System)'
2026-06-29 02:10:45.122 +05:30 [INF] HTTP GET /Admin/GetRecentMessages responded 200 in 271.2472 ms
2026-06-29 02:10:45.122 +05:30 [INF] Request finished HTTP/2 GET https://localhost:44341/Admin/GetRecentMessages - 200 null application/json; charset=utf-8 273.3305ms
2026-06-29 02:10:45.974 +05:30 [INF] Executing JsonResult, writing value of type '<>f__AnonymousType14`10[[System.Boolean, System.Private.CoreLib, Version=9.0.0.0, Culture=neutral, PublicKeyToken=7cec85d7bea7798e],[System.Int32, System.Private.CoreLib, Version=9.0.0.0, Culture=neutral, PublicKeyToken=7cec85d7bea7798e],[System.String, System.Private.CoreLib, Version=9.0.0.0, Culture=neutral, PublicKeyToken=7cec85d7bea7798e],[System.String, System.Private.CoreLib, Version=9.0.0.0, Culture=neutral, PublicKeyToken=7cec85d7bea7798e],[System.String, System.Private.CoreLib, Version=9.0.0.0, Culture=neutral, PublicKeyToken=7cec85d7bea7798e],[System.Int32, System.Private.CoreLib, Version=9.0.0.0, Culture=neutral, PublicKeyToken=7cec85d7bea7798e],[System.Int32, System.Private.CoreLib, Version=9.0.0.0, Culture=neutral, PublicKeyToken=7cec85d7bea7798e],[System.Int32, System.Private.CoreLib, Version=9.0.0.0, Culture=neutral, PublicKeyToken=7cec85d7bea7798e],[System.Int32, System.Private.CoreLib, Version=9.0.0.0, Culture=neutral, PublicKeyToken=7cec85d7bea7798e],[System.Int32, System.Private.CoreLib, Version=9.0.0.0, Culture=neutral, PublicKeyToken=7cec85d7bea7798e]]'.
2026-06-29 02:10:45.983 +05:30 [INF] Executed action Portfolio_Management_System.Controllers.AdminController.GetExperienceDetails (Portfolio Management System) in 1064.0468ms
2026-06-29 02:10:45.983 +05:30 [INF] Executed endpoint 'Portfolio_Management_System.Controllers.AdminController.GetExperienceDetails (Portfolio Management System)'
2026-06-29 02:10:45.983 +05:30 [INF] HTTP GET /Admin/GetExperienceDetails responded 200 in 1116.9508 ms
2026-06-29 02:10:45.984 +05:30 [INF] Request finished HTTP/2 GET https://localhost:44341/Admin/GetExperienceDetails - 200 null application/json; charset=utf-8 1118.1406ms
2026-06-29 02:11:14.851 +05:30 [INF] Request starting HTTP/2 GET https://localhost:44341/Admin/GetRecentMessages - null null
2026-06-29 02:11:14.856 +05:30 [INF] Request starting HTTP/2 GET https://localhost:44341/Admin/GetUnreadMessagesCount - null null
2026-06-29 02:11:14.858 +05:30 [INF] Executing endpoint 'Portfolio_Management_System.Controllers.AdminController.GetUnreadMessagesCount (Portfolio Management System)'
2026-06-29 02:11:14.858 +05:30 [INF] Route matched with {action = "GetUnreadMessagesCount", controller = "Admin"}. Executing controller action with signature System.Threading.Tasks.Task`1[Microsoft.AspNetCore.Mvc.IActionResult] GetUnreadMessagesCount() on controller Portfolio_Management_System.Controllers.AdminController (Portfolio Management System).
2026-06-29 02:11:14.859 +05:30 [INF] Executing endpoint 'Portfolio_Management_System.Controllers.AdminController.GetRecentMessages (Portfolio Management System)'
2026-06-29 02:11:14.863 +05:30 [INF] Route matched with {action = "GetRecentMessages", controller = "Admin"}. Executing controller action with signature System.Threading.Tasks.Task`1[Microsoft.AspNetCore.Mvc.IActionResult] GetRecentMessages() on controller Portfolio_Management_System.Controllers.AdminController (Portfolio Management System).
2026-06-29 02:11:15.029 +05:30 [INF] Executing JsonResult, writing value of type 'System.Int32'.
2026-06-29 02:11:15.035 +05:30 [INF] Executed action Portfolio_Management_System.Controllers.AdminController.GetUnreadMessagesCount (Portfolio Management System) in 175.2871ms
2026-06-29 02:11:15.036 +05:30 [INF] Executed endpoint 'Portfolio_Management_System.Controllers.AdminController.GetUnreadMessagesCount (Portfolio Management System)'
2026-06-29 02:11:15.038 +05:30 [INF] Executing JsonResult, writing value of type 'System.Collections.Generic.List`1[[<>f__AnonymousType17`7[[System.Int32, System.Private.CoreLib, Version=9.0.0.0, Culture=neutral, PublicKeyToken=7cec85d7bea7798e],[System.String, System.Private.CoreLib, Version=9.0.0.0, Culture=neutral, PublicKeyToken=7cec85d7bea7798e],[System.String, System.Private.CoreLib, Version=9.0.0.0, Culture=neutral, PublicKeyToken=7cec85d7bea7798e],[System.String, System.Private.CoreLib, Version=9.0.0.0, Culture=neutral, PublicKeyToken=7cec85d7bea7798e],[System.String, System.Private.CoreLib, Version=9.0.0.0, Culture=neutral, PublicKeyToken=7cec85d7bea7798e],[System.Boolean, System.Private.CoreLib, Version=9.0.0.0, Culture=neutral, PublicKeyToken=7cec85d7bea7798e],[System.DateTime, System.Private.CoreLib, Version=9.0.0.0, Culture=neutral, PublicKeyToken=7cec85d7bea7798e]], Portfolio Management System, Version=1.0.0.0, Culture=neutral, PublicKeyToken=null]]'.
2026-06-29 02:11:15.039 +05:30 [INF] Executed action Portfolio_Management_System.Controllers.AdminController.GetRecentMessages (Portfolio Management System) in 175.0176ms
2026-06-29 02:11:15.039 +05:30 [INF] Executed endpoint 'Portfolio_Management_System.Controllers.AdminController.GetRecentMessages (Portfolio Management System)'
2026-06-29 02:11:15.039 +05:30 [INF] HTTP GET /Admin/GetRecentMessages responded 200 in 185.4954 ms
2026-06-29 02:11:15.040 +05:30 [INF] HTTP GET /Admin/GetUnreadMessagesCount responded 200 in 183.5102 ms
2026-06-29 02:11:15.041 +05:30 [INF] Request finished HTTP/2 GET https://localhost:44341/Admin/GetUnreadMessagesCount - 200 null application/json; charset=utf-8 191.097ms
2026-06-29 02:11:15.042 +05:30 [INF] Request finished HTTP/2 GET https://localhost:44341/Admin/GetRecentMessages - 200 null application/json; charset=utf-8 193.3042ms
2026-06-29 02:11:45.212 +05:30 [INF] Request starting HTTP/2 GET https://localhost:44341/Admin/GetRecentMessages - null null
2026-06-29 02:11:45.213 +05:30 [INF] Request starting HTTP/2 GET https://localhost:44341/Admin/GetUnreadMessagesCount - null null
2026-06-29 02:11:45.254 +05:30 [INF] Executing endpoint 'Portfolio_Management_System.Controllers.AdminController.GetRecentMessages (Portfolio Management System)'
2026-06-29 02:11:45.255 +05:30 [INF] Executing endpoint 'Portfolio_Management_System.Controllers.AdminController.GetUnreadMessagesCount (Portfolio Management System)'
2026-06-29 02:11:45.269 +05:30 [INF] Route matched with {action = "GetRecentMessages", controller = "Admin"}. Executing controller action with signature System.Threading.Tasks.Task`1[Microsoft.AspNetCore.Mvc.IActionResult] GetRecentMessages() on controller Portfolio_Management_System.Controllers.AdminController (Portfolio Management System).
2026-06-29 02:11:45.270 +05:30 [INF] Route matched with {action = "GetUnreadMessagesCount", controller = "Admin"}. Executing controller action with signature System.Threading.Tasks.Task`1[Microsoft.AspNetCore.Mvc.IActionResult] GetUnreadMessagesCount() on controller Portfolio_Management_System.Controllers.AdminController (Portfolio Management System).
2026-06-29 02:11:47.978 +05:30 [INF] Executing JsonResult, writing value of type 'System.Int32'.
2026-06-29 02:11:47.990 +05:30 [INF] Executing JsonResult, writing value of type 'System.Collections.Generic.List`1[[<>f__AnonymousType17`7[[System.Int32, System.Private.CoreLib, Version=9.0.0.0, Culture=neutral, PublicKeyToken=7cec85d7bea7798e],[System.String, System.Private.CoreLib, Version=9.0.0.0, Culture=neutral, PublicKeyToken=7cec85d7bea7798e],[System.String, System.Private.CoreLib, Version=9.0.0.0, Culture=neutral, PublicKeyToken=7cec85d7bea7798e],[System.String, System.Private.CoreLib, Version=9.0.0.0, Culture=neutral, PublicKeyToken=7cec85d7bea7798e],[System.String, System.Private.CoreLib, Version=9.0.0.0, Culture=neutral, PublicKeyToken=7cec85d7bea7798e],[System.Boolean, System.Private.CoreLib, Version=9.0.0.0, Culture=neutral, PublicKeyToken=7cec85d7bea7798e],[System.DateTime, System.Private.CoreLib, Version=9.0.0.0, Culture=neutral, PublicKeyToken=7cec85d7bea7798e]], Portfolio Management System, Version=1.0.0.0, Culture=neutral, PublicKeyToken=null]]'.
2026-06-29 02:11:48.010 +05:30 [INF] Executed action Portfolio_Management_System.Controllers.AdminController.GetUnreadMessagesCount (Portfolio Management System) in 2738.5457ms
2026-06-29 02:11:48.012 +05:30 [INF] Executed endpoint 'Portfolio_Management_System.Controllers.AdminController.GetUnreadMessagesCount (Portfolio Management System)'
2026-06-29 02:11:48.012 +05:30 [INF] Executed action Portfolio_Management_System.Controllers.AdminController.GetRecentMessages (Portfolio Management System) in 2742.7475ms
2026-06-29 02:11:48.012 +05:30 [INF] Executed endpoint 'Portfolio_Management_System.Controllers.AdminController.GetRecentMessages (Portfolio Management System)'
2026-06-29 02:11:48.016 +05:30 [INF] HTTP GET /Admin/GetUnreadMessagesCount responded 200 in 2796.1348 ms
2026-06-29 02:11:48.018 +05:30 [INF] HTTP GET /Admin/GetRecentMessages responded 200 in 2799.3592 ms
2026-06-29 02:11:48.023 +05:30 [INF] Request finished HTTP/2 GET https://localhost:44341/Admin/GetUnreadMessagesCount - 200 null application/json; charset=utf-8 2861.2636ms
2026-06-29 02:11:48.024 +05:30 [INF] Request finished HTTP/2 GET https://localhost:44341/Admin/GetRecentMessages - 200 null application/json; charset=utf-8 2862.5885ms
2026-06-29 02:12:03.118 +05:30 [INF] Request starting HTTP/2 GET https://localhost:44341/ - null null
2026-06-29 02:12:03.265 +05:30 [INF] Executing endpoint 'Portfolio_Management_System.Controllers.HomeController.Index (Portfolio Management System)'
2026-06-29 02:12:03.267 +05:30 [INF] Route matched with {action = "Index", controller = "Home"}. Executing controller action with signature System.Threading.Tasks.Task`1[Microsoft.AspNetCore.Mvc.IActionResult] Index() on controller Portfolio_Management_System.Controllers.HomeController (Portfolio Management System).
2026-06-29 02:12:04.405 +05:30 [INF] Executing ViewResult, running view Index.
2026-06-29 02:12:04.815 +05:30 [INF] Executed ViewResult - view Index executed in 433.7885ms.
2026-06-29 02:12:04.816 +05:30 [INF] Executed action Portfolio_Management_System.Controllers.HomeController.Index (Portfolio Management System) in 1546.848ms
2026-06-29 02:12:04.816 +05:30 [INF] Executed endpoint 'Portfolio_Management_System.Controllers.HomeController.Index (Portfolio Management System)'
2026-06-29 02:12:04.816 +05:30 [INF] HTTP GET / responded 200 in 1553.1021 ms
2026-06-29 02:12:04.832 +05:30 [INF] Request finished HTTP/2 GET https://localhost:44341/ - 200 null text/html; charset=utf-8 1716.8738ms
2026-06-29 02:12:05.087 +05:30 [INF] Request starting HTTP/2 GET https://localhost:44341/_vs/browserLink - null null
2026-06-29 02:12:05.088 +05:30 [INF] Request starting HTTP/2 GET https://localhost:44341/_framework/aspnetcore-browser-refresh.js - null null
2026-06-29 02:12:05.107 +05:30 [INF] Request finished HTTP/2 GET https://localhost:44341/_framework/aspnetcore-browser-refresh.js - 200 16539 application/javascript; charset=utf-8 5.0632ms
2026-06-29 02:12:05.241 +05:30 [INF] Request finished HTTP/2 GET https://localhost:44341/_vs/browserLink - 200 null text/javascript; charset=UTF-8 152.8604ms
2026-06-29 02:12:14.884 +05:30 [INF] Request starting HTTP/2 GET https://localhost:44341/Admin/GetUnreadMessagesCount - null null
2026-06-29 02:12:14.936 +05:30 [INF] Executing endpoint 'Portfolio_Management_System.Controllers.AdminController.GetUnreadMessagesCount (Portfolio Management System)'
2026-06-29 02:12:14.937 +05:30 [INF] Route matched with {action = "GetUnreadMessagesCount", controller = "Admin"}. Executing controller action with signature System.Threading.Tasks.Task`1[Microsoft.AspNetCore.Mvc.IActionResult] GetUnreadMessagesCount() on controller Portfolio_Management_System.Controllers.AdminController (Portfolio Management System).
2026-06-29 02:12:14.948 +05:30 [INF] Request starting HTTP/2 GET https://localhost:44341/Admin/GetRecentMessages - null null
2026-06-29 02:12:14.950 +05:30 [INF] Executing endpoint 'Portfolio_Management_System.Controllers.AdminController.GetRecentMessages (Portfolio Management System)'
2026-06-29 02:12:14.950 +05:30 [INF] Route matched with {action = "GetRecentMessages", controller = "Admin"}. Executing controller action with signature System.Threading.Tasks.Task`1[Microsoft.AspNetCore.Mvc.IActionResult] GetRecentMessages() on controller Portfolio_Management_System.Controllers.AdminController (Portfolio Management System).
2026-06-29 02:12:15.151 +05:30 [INF] Executing JsonResult, writing value of type 'System.Int32'.
2026-06-29 02:12:15.152 +05:30 [INF] Executing JsonResult, writing value of type 'System.Collections.Generic.List`1[[<>f__AnonymousType17`7[[System.Int32, System.Private.CoreLib, Version=9.0.0.0, Culture=neutral, PublicKeyToken=7cec85d7bea7798e],[System.String, System.Private.CoreLib, Version=9.0.0.0, Culture=neutral, PublicKeyToken=7cec85d7bea7798e],[System.String, System.Private.CoreLib, Version=9.0.0.0, Culture=neutral, PublicKeyToken=7cec85d7bea7798e],[System.String, System.Private.CoreLib, Version=9.0.0.0, Culture=neutral, PublicKeyToken=7cec85d7bea7798e],[System.String, System.Private.CoreLib, Version=9.0.0.0, Culture=neutral, PublicKeyToken=7cec85d7bea7798e],[System.Boolean, System.Private.CoreLib, Version=9.0.0.0, Culture=neutral, PublicKeyToken=7cec85d7bea7798e],[System.DateTime, System.Private.CoreLib, Version=9.0.0.0, Culture=neutral, PublicKeyToken=7cec85d7bea7798e]], Portfolio Management System, Version=1.0.0.0, Culture=neutral, PublicKeyToken=null]]'.
2026-06-29 02:12:15.152 +05:30 [INF] Executed action Portfolio_Management_System.Controllers.AdminController.GetUnreadMessagesCount (Portfolio Management System) in 214.6926ms
2026-06-29 02:12:15.155 +05:30 [INF] Executed endpoint 'Portfolio_Management_System.Controllers.AdminController.GetUnreadMessagesCount (Portfolio Management System)'
2026-06-29 02:12:15.155 +05:30 [INF] HTTP GET /Admin/GetUnreadMessagesCount responded 200 in 270.5374 ms
2026-06-29 02:12:15.155 +05:30 [INF] Executed action Portfolio_Management_System.Controllers.AdminController.GetRecentMessages (Portfolio Management System) in 205.623ms
2026-06-29 02:12:15.156 +05:30 [INF] Executed endpoint 'Portfolio_Management_System.Controllers.AdminController.GetRecentMessages (Portfolio Management System)'
2026-06-29 02:12:15.182 +05:30 [INF] HTTP GET /Admin/GetRecentMessages responded 200 in 233.3227 ms
2026-06-29 02:12:15.182 +05:30 [INF] Request finished HTTP/2 GET https://localhost:44341/Admin/GetRecentMessages - 200 null application/json; charset=utf-8 234.0399ms
2026-06-29 02:12:15.183 +05:30 [INF] Request finished HTTP/2 GET https://localhost:44341/Admin/GetUnreadMessagesCount - 200 null application/json; charset=utf-8 299.0488ms
2026-06-29 02:12:38.336 +05:30 [INF] Request starting HTTP/2 GET https://localhost:44341/Admin/AutoTube/CustomVideo - null null
2026-06-29 02:12:38.366 +05:30 [INF] Executing endpoint 'Portfolio_Management_System.Controllers.AdminAutoTubeController.CustomVideo (Portfolio Management System)'
2026-06-29 02:12:38.467 +05:30 [INF] Route matched with {action = "CustomVideo", controller = "AdminAutoTube"}. Executing controller action with signature Microsoft.AspNetCore.Mvc.IActionResult CustomVideo() on controller Portfolio_Management_System.Controllers.AdminAutoTubeController (Portfolio Management System).
2026-06-29 02:12:38.748 +05:30 [INF] Executing ViewResult, running view ~/Views/Admin/CustomVideo.cshtml.
2026-06-29 02:12:38.955 +05:30 [INF] Executed ViewResult - view ~/Views/Admin/CustomVideo.cshtml executed in 221.0366ms.
2026-06-29 02:12:38.957 +05:30 [INF] Executed action Portfolio_Management_System.Controllers.AdminAutoTubeController.CustomVideo (Portfolio Management System) in 489.892ms
2026-06-29 02:12:38.957 +05:30 [INF] Executed endpoint 'Portfolio_Management_System.Controllers.AdminAutoTubeController.CustomVideo (Portfolio Management System)'
2026-06-29 02:12:38.958 +05:30 [INF] HTTP GET /Admin/AutoTube/CustomVideo responded 200 in 610.0896 ms
2026-06-29 02:12:39.004 +05:30 [INF] Request starting HTTP/2 GET https://localhost:44341/css/admin.css?v=639182959589473453 - null null
2026-06-29 02:12:39.006 +05:30 [INF] Request starting HTTP/2 GET https://localhost:44341/_framework/aspnetcore-browser-refresh.js - null null
2026-06-29 02:12:39.006 +05:30 [INF] Request finished HTTP/2 GET https://localhost:44341/_framework/aspnetcore-browser-refresh.js - 200 16539 application/javascript; charset=utf-8 0.9127ms
2026-06-29 02:12:39.008 +05:30 [INF] Request starting HTTP/2 GET https://localhost:44341/_vs/browserLink - null null
2026-06-29 02:12:39.051 +05:30 [INF] Request finished HTTP/2 GET https://localhost:44341/Admin/AutoTube/CustomVideo - 200 null text/html; charset=utf-8 714.8485ms
2026-06-29 02:12:39.093 +05:30 [INF] Sending file. Request path: '/css/admin.css'. Physical path: 'C:\Users\ak731\Desktop\DSA\Portfolio Management System\wwwroot\css\admin.css'
2026-06-29 02:12:39.094 +05:30 [INF] HTTP GET /css/admin.css responded 200 in 88.8608 ms
2026-06-29 02:12:39.103 +05:30 [INF] Request finished HTTP/2 GET https://localhost:44341/css/admin.css?v=639182959589473453 - 200 19854 text/css 100.7797ms
2026-06-29 02:12:39.184 +05:30 [INF] Request finished HTTP/2 GET https://localhost:44341/_vs/browserLink - 200 null text/javascript; charset=UTF-8 175.909ms
2026-06-29 02:12:39.497 +05:30 [INF] Request starting HTTP/2 GET https://localhost:44341/Admin/GetRecentMessages - null null
2026-06-29 02:12:39.498 +05:30 [INF] Executing endpoint 'Portfolio_Management_System.Controllers.AdminController.GetRecentMessages (Portfolio Management System)'
2026-06-29 02:12:39.498 +05:30 [INF] Route matched with {action = "GetRecentMessages", controller = "Admin"}. Executing controller action with signature System.Threading.Tasks.Task`1[Microsoft.AspNetCore.Mvc.IActionResult] GetRecentMessages() on controller Portfolio_Management_System.Controllers.AdminController (Portfolio Management System).
2026-06-29 02:12:39.501 +05:30 [INF] Request starting HTTP/2 GET https://localhost:44341/Admin/GetUnreadMessagesCount - null null
2026-06-29 02:12:39.503 +05:30 [INF] Executing endpoint 'Portfolio_Management_System.Controllers.AdminController.GetUnreadMessagesCount (Portfolio Management System)'
2026-06-29 02:12:39.503 +05:30 [INF] Route matched with {action = "GetUnreadMessagesCount", controller = "Admin"}. Executing controller action with signature System.Threading.Tasks.Task`1[Microsoft.AspNetCore.Mvc.IActionResult] GetUnreadMessagesCount() on controller Portfolio_Management_System.Controllers.AdminController (Portfolio Management System).
2026-06-29 02:12:39.667 +05:30 [INF] Executing JsonResult, writing value of type 'System.Collections.Generic.List`1[[<>f__AnonymousType17`7[[System.Int32, System.Private.CoreLib, Version=9.0.0.0, Culture=neutral, PublicKeyToken=7cec85d7bea7798e],[System.String, System.Private.CoreLib, Version=9.0.0.0, Culture=neutral, PublicKeyToken=7cec85d7bea7798e],[System.String, System.Private.CoreLib, Version=9.0.0.0, Culture=neutral, PublicKeyToken=7cec85d7bea7798e],[System.String, System.Private.CoreLib, Version=9.0.0.0, Culture=neutral, PublicKeyToken=7cec85d7bea7798e],[System.String, System.Private.CoreLib, Version=9.0.0.0, Culture=neutral, PublicKeyToken=7cec85d7bea7798e],[System.Boolean, System.Private.CoreLib, Version=9.0.0.0, Culture=neutral, PublicKeyToken=7cec85d7bea7798e],[System.DateTime, System.Private.CoreLib, Version=9.0.0.0, Culture=neutral, PublicKeyToken=7cec85d7bea7798e]], Portfolio Management System, Version=1.0.0.0, Culture=neutral, PublicKeyToken=null]]'.
2026-06-29 02:12:39.667 +05:30 [INF] Executed action Portfolio_Management_System.Controllers.AdminController.GetRecentMessages (Portfolio Management System) in 169.416ms
2026-06-29 02:12:39.667 +05:30 [INF] Executed endpoint 'Portfolio_Management_System.Controllers.AdminController.GetRecentMessages (Portfolio Management System)'
2026-06-29 02:12:39.668 +05:30 [INF] HTTP GET /Admin/GetRecentMessages responded 200 in 170.4611 ms
2026-06-29 02:12:39.668 +05:30 [INF] Request finished HTTP/2 GET https://localhost:44341/Admin/GetRecentMessages - 200 null application/json; charset=utf-8 180.0683ms
2026-06-29 02:12:39.678 +05:30 [INF] Executing JsonResult, writing value of type 'System.Int32'.
2026-06-29 02:12:39.678 +05:30 [INF] Executed action Portfolio_Management_System.Controllers.AdminController.GetUnreadMessagesCount (Portfolio Management System) in 174.4605ms
2026-06-29 02:12:39.678 +05:30 [INF] Executed endpoint 'Portfolio_Management_System.Controllers.AdminController.GetUnreadMessagesCount (Portfolio Management System)'
2026-06-29 02:12:39.678 +05:30 [INF] HTTP GET /Admin/GetUnreadMessagesCount responded 200 in 176.7030 ms
2026-06-29 02:12:39.679 +05:30 [INF] Request finished HTTP/2 GET https://localhost:44341/Admin/GetUnreadMessagesCount - 200 null application/json; charset=utf-8 178.1184ms
2026-06-29 02:12:51.497 +05:30 [INF] Request starting HTTP/2 POST https://localhost:44341/Admin/AutoTube/UploadScript - multipart/form-data; boundary=----WebKitFormBoundaryVEViLY6SdILISXui 12842804
2026-06-29 02:12:51.514 +05:30 [INF] CORS policy execution successful.
2026-06-29 02:12:51.518 +05:30 [INF] Executing endpoint 'Portfolio_Management_System.Controllers.AdminAutoTubeController.UploadScript (Portfolio Management System)'
2026-06-29 02:12:51.646 +05:30 [INF] Route matched with {action = "UploadScript", controller = "AdminAutoTube"}. Executing controller action with signature System.Threading.Tasks.Task`1[Microsoft.AspNetCore.Mvc.IActionResult] UploadScript(System.String, Microsoft.AspNetCore.Http.IFormFile) on controller Portfolio_Management_System.Controllers.AdminAutoTubeController (Portfolio Management System).
2026-06-29 02:13:05.424 +05:30 [INF] Start processing HTTP request POST http://localhost:8000/api/script/format_custom
2026-06-29 02:13:05.426 +05:30 [INF] Sending HTTP request POST http://localhost:8000/api/script/format_custom
2026-06-29 02:13:09.461 +05:30 [INF] Request starting HTTP/2 GET https://localhost:44341/Admin/GetUnreadMessagesCount - null null
2026-06-29 02:13:09.461 +05:30 [INF] Request starting HTTP/2 GET https://localhost:44341/Admin/GetRecentMessages - null null
2026-06-29 02:13:09.464 +05:30 [INF] Executing endpoint 'Portfolio_Management_System.Controllers.AdminController.GetUnreadMessagesCount (Portfolio Management System)'
2026-06-29 02:13:09.464 +05:30 [INF] Executing endpoint 'Portfolio_Management_System.Controllers.AdminController.GetRecentMessages (Portfolio Management System)'
2026-06-29 02:13:09.464 +05:30 [INF] Route matched with {action = "GetRecentMessages", controller = "Admin"}. Executing controller action with signature System.Threading.Tasks.Task`1[Microsoft.AspNetCore.Mvc.IActionResult] GetRecentMessages() on controller Portfolio_Management_System.Controllers.AdminController (Portfolio Management System).
2026-06-29 02:13:09.464 +05:30 [INF] Route matched with {action = "GetUnreadMessagesCount", controller = "Admin"}. Executing controller action with signature System.Threading.Tasks.Task`1[Microsoft.AspNetCore.Mvc.IActionResult] GetUnreadMessagesCount() on controller Portfolio_Management_System.Controllers.AdminController (Portfolio Management System).
2026-06-29 02:13:09.647 +05:30 [INF] Executing JsonResult, writing value of type 'System.Int32'.
2026-06-29 02:13:09.649 +05:30 [INF] Executing JsonResult, writing value of type 'System.Collections.Generic.List`1[[<>f__AnonymousType17`7[[System.Int32, System.Private.CoreLib, Version=9.0.0.0, Culture=neutral, PublicKeyToken=7cec85d7bea7798e],[System.String, System.Private.CoreLib, Version=9.0.0.0, Culture=neutral, PublicKeyToken=7cec85d7bea7798e],[System.String, System.Private.CoreLib, Version=9.0.0.0, Culture=neutral, PublicKeyToken=7cec85d7bea7798e],[System.String, System.Private.CoreLib, Version=9.0.0.0, Culture=neutral, PublicKeyToken=7cec85d7bea7798e],[System.String, System.Private.CoreLib, Version=9.0.0.0, Culture=neutral, PublicKeyToken=7cec85d7bea7798e],[System.Boolean, System.Private.CoreLib, Version=9.0.0.0, Culture=neutral, PublicKeyToken=7cec85d7bea7798e],[System.DateTime, System.Private.CoreLib, Version=9.0.0.0, Culture=neutral, PublicKeyToken=7cec85d7bea7798e]], Portfolio Management System, Version=1.0.0.0, Culture=neutral, PublicKeyToken=null]]'.
2026-06-29 02:13:09.652 +05:30 [INF] Executed action Portfolio_Management_System.Controllers.AdminController.GetUnreadMessagesCount (Portfolio Management System) in 186.8964ms
2026-06-29 02:13:09.652 +05:30 [INF] Executed endpoint 'Portfolio_Management_System.Controllers.AdminController.GetUnreadMessagesCount (Portfolio Management System)'
2026-06-29 02:13:09.653 +05:30 [INF] HTTP GET /Admin/GetUnreadMessagesCount responded 200 in 190.6228 ms
2026-06-29 02:13:09.654 +05:30 [INF] Executed action Portfolio_Management_System.Controllers.AdminController.GetRecentMessages (Portfolio Management System) in 189.3135ms
2026-06-29 02:13:09.654 +05:30 [INF] Executed endpoint 'Portfolio_Management_System.Controllers.AdminController.GetRecentMessages (Portfolio Management System)'
2026-06-29 02:13:09.654 +05:30 [INF] Request finished HTTP/2 GET https://localhost:44341/Admin/GetUnreadMessagesCount - 200 null application/json; charset=utf-8 193.4196ms
2026-06-29 02:13:09.654 +05:30 [INF] HTTP GET /Admin/GetRecentMessages responded 200 in 192.8237 ms
2026-06-29 02:13:09.667 +05:30 [INF] Request finished HTTP/2 GET https://localhost:44341/Admin/GetRecentMessages - 200 null application/json; charset=utf-8 193.9623ms
2026-06-29 02:13:11.906 +05:30 [INF] Received HTTP response headers after 6478.4857ms - 200
2026-06-29 02:13:11.906 +05:30 [INF] End processing HTTP request after 6483.8021ms - 200
2026-06-29 02:13:13.615 +05:30 [ERR] Failed executing DbCommand (591ms) [Parameters=[@p0='?' (Size = 500), @p1='?' (DbType = DateTime2), @p2='?' (Size = 4000), @p3='?' (Size = 1000), @p4='?' (Size = 50), @p5='?' (DbType = DateTime2), @p6='?' (DbType = DateTime2), @p7='?' (Size = 4000), @p8='?' (Size = 4000), @p9='?' (Size = 2000), @p10='?' (Size = 500), @p11='?' (Size = 500), @p12='?' (DbType = Int32), @p13='?' (DbType = DateTime2), @p14='?' (Size = 500), @p15='?' (Size = 20), @p16='?' (Size = 50)], CommandType='"Text"', CommandTimeout='30']
SET IMPLICIT_TRANSACTIONS OFF;
SET NOCOUNT ON;
INSERT INTO [Videos] ([AudioFilePath], [CreatedAt], [Description], [Hook], [PlaylistId], [PublishedAt], [ScheduledPublishAt], [ScriptJson], [Status], [Tags], [ThumbnailPath], [Title], [TrendTopicId], [UpdatedAt], [VideoFilePath], [Visibility], [YouTubeVideoId])
OUTPUT INSERTED.[Id]
VALUES (@p0, @p1, @p2, @p3, @p4, @p5, @p6, @p7, @p8, @p9, @p10, @p11, @p12, @p13, @p14, @p15, @p16);
2026-06-29 02:13:13.712 +05:30 [ERR] An exception occurred in the database while saving changes for context type 'AutoTube.Infrastructure.Data.AppDbContext'.
Microsoft.EntityFrameworkCore.DbUpdateException: An error occurred while saving the entity changes. See the inner exception for details.
 ---> Microsoft.Data.SqlClient.SqlException (0x80131904): Invalid column name 'AudioFilePath'.
Invalid column name 'Description'.
Invalid column name 'Hook'.
Invalid column name 'PlaylistId'.
Invalid column name 'PublishedAt'.
Invalid column name 'ScheduledPublishAt'.
Invalid column name 'ScriptJson'.
Invalid column name 'Tags'.
Invalid column name 'ThumbnailPath'.
Invalid column name 'UpdatedAt'.
Invalid column name 'VideoFilePath'.
Invalid column name 'Visibility'.
   at Microsoft.Data.SqlClient.SqlCommand.<>c.<ExecuteDbDataReaderAsync>b__195_0(Task`1 result)
   at System.Threading.Tasks.ContinuationResultTaskFromResultTask`2.InnerInvoke()
   at System.Threading.ExecutionContext.RunInternal(ExecutionContext executionContext, ContextCallback callback, Object state)
--- End of stack trace from previous location ---
   at System.Threading.ExecutionContext.RunInternal(ExecutionContext executionContext, ContextCallback callback, Object state)
   at System.Threading.Tasks.Task.ExecuteWithThreadLocal(Task& currentTaskSlot, Thread threadPoolThread)
--- End of stack trace from previous location ---
   at Microsoft.EntityFrameworkCore.Storage.RelationalCommand.ExecuteReaderAsync(RelationalCommandParameterObject parameterObject, CancellationToken cancellationToken)
   at Microsoft.EntityFrameworkCore.Storage.RelationalCommand.ExecuteReaderAsync(RelationalCommandParameterObject parameterObject, CancellationToken cancellationToken)
   at Microsoft.EntityFrameworkCore.Update.ReaderModificationCommandBatch.ExecuteAsync(IRelationalConnection connection, CancellationToken cancellationToken)
ClientConnectionId:754e2276-dfd4-4540-982d-e8e108905ded
Error Number:207,State:1,Class:16
   --- End of inner exception stack trace ---
   at Microsoft.EntityFrameworkCore.Update.ReaderModificationCommandBatch.ExecuteAsync(IRelationalConnection connection, CancellationToken cancellationToken)
   at Microsoft.EntityFrameworkCore.SqlServer.Update.Internal.SqlServerModificationCommandBatch.ExecuteAsync(IRelationalConnection connection, CancellationToken cancellationToken)
   at Microsoft.EntityFrameworkCore.Update.Internal.BatchExecutor.ExecuteAsync(IEnumerable`1 commandBatches, IRelationalConnection connection, CancellationToken cancellationToken)
   at Microsoft.EntityFrameworkCore.Update.Internal.BatchExecutor.ExecuteAsync(IEnumerable`1 commandBatches, IRelationalConnection connection, CancellationToken cancellationToken)
   at Microsoft.EntityFrameworkCore.Update.Internal.BatchExecutor.ExecuteAsync(IEnumerable`1 commandBatches, IRelationalConnection connection, CancellationToken cancellationToken)
   at Microsoft.EntityFrameworkCore.Storage.RelationalDatabase.SaveChangesAsync(IList`1 entries, CancellationToken cancellationToken)
   at Microsoft.EntityFrameworkCore.ChangeTracking.Internal.StateManager.SaveChangesAsync(IList`1 entriesToSave, CancellationToken cancellationToken)
   at Microsoft.EntityFrameworkCore.ChangeTracking.Internal.StateManager.SaveChangesAsync(StateManager stateManager, Boolean acceptAllChangesOnSuccess, CancellationToken cancellationToken)
   at Microsoft.EntityFrameworkCore.SqlServer.Storage.Internal.SqlServerExecutionStrategy.ExecuteAsync[TState,TResult](TState state, Func`4 operation, Func`4 verifySucceeded, CancellationToken cancellationToken)
   at Microsoft.EntityFrameworkCore.DbContext.SaveChangesAsync(Boolean acceptAllChangesOnSuccess, CancellationToken cancellationToken)
Microsoft.EntityFrameworkCore.DbUpdateException: An error occurred while saving the entity changes. See the inner exception for details.
 ---> Microsoft.Data.SqlClient.SqlException (0x80131904): Invalid column name 'AudioFilePath'.
Invalid column name 'Description'.
Invalid column name 'Hook'.
Invalid column name 'PlaylistId'.
Invalid column name 'PublishedAt'.
Invalid column name 'ScheduledPublishAt'.
Invalid column name 'ScriptJson'.
Invalid column name 'Tags'.
Invalid column name 'ThumbnailPath'.
Invalid column name 'UpdatedAt'.
Invalid column name 'VideoFilePath'.
Invalid column name 'Visibility'.
   at Microsoft.Data.SqlClient.SqlCommand.<>c.<ExecuteDbDataReaderAsync>b__195_0(Task`1 result)
   at System.Threading.Tasks.ContinuationResultTaskFromResultTask`2.InnerInvoke()
   at System.Threading.ExecutionContext.RunInternal(ExecutionContext executionContext, ContextCallback callback, Object state)
--- End of stack trace from previous location ---
   at System.Threading.ExecutionContext.RunInternal(ExecutionContext executionContext, ContextCallback callback, Object state)
   at System.Threading.Tasks.Task.ExecuteWithThreadLocal(Task& currentTaskSlot, Thread threadPoolThread)
--- End of stack trace from previous location ---
   at Microsoft.EntityFrameworkCore.Storage.RelationalCommand.ExecuteReaderAsync(RelationalCommandParameterObject parameterObject, CancellationToken cancellationToken)
   at Microsoft.EntityFrameworkCore.Storage.RelationalCommand.ExecuteReaderAsync(RelationalCommandParameterObject parameterObject, CancellationToken cancellationToken)
   at Microsoft.EntityFrameworkCore.Update.ReaderModificationCommandBatch.ExecuteAsync(IRelationalConnection connection, CancellationToken cancellationToken)
ClientConnectionId:754e2276-dfd4-4540-982d-e8e108905ded
Error Number:207,State:1,Class:16
   --- End of inner exception stack trace ---
   at Microsoft.EntityFrameworkCore.Update.ReaderModificationCommandBatch.ExecuteAsync(IRelationalConnection connection, CancellationToken cancellationToken)
   at Microsoft.EntityFrameworkCore.SqlServer.Update.Internal.SqlServerModificationCommandBatch.ExecuteAsync(IRelationalConnection connection, CancellationToken cancellationToken)
   at Microsoft.EntityFrameworkCore.Update.Internal.BatchExecutor.ExecuteAsync(IEnumerable`1 commandBatches, IRelationalConnection connection, CancellationToken cancellationToken)
   at Microsoft.EntityFrameworkCore.Update.Internal.BatchExecutor.ExecuteAsync(IEnumerable`1 commandBatches, IRelationalConnection connection, CancellationToken cancellationToken)
   at Microsoft.EntityFrameworkCore.Update.Internal.BatchExecutor.ExecuteAsync(IEnumerable`1 commandBatches, IRelationalConnection connection, CancellationToken cancellationToken)
   at Microsoft.EntityFrameworkCore.Storage.RelationalDatabase.SaveChangesAsync(IList`1 entries, CancellationToken cancellationToken)
   at Microsoft.EntityFrameworkCore.ChangeTracking.Internal.StateManager.SaveChangesAsync(IList`1 entriesToSave, CancellationToken cancellationToken)
   at Microsoft.EntityFrameworkCore.ChangeTracking.Internal.StateManager.SaveChangesAsync(StateManager stateManager, Boolean acceptAllChangesOnSuccess, CancellationToken cancellationToken)
   at Microsoft.EntityFrameworkCore.SqlServer.Storage.Internal.SqlServerExecutionStrategy.ExecuteAsync[TState,TResult](TState state, Func`4 operation, Func`4 verifySucceeded, CancellationToken cancellationToken)
   at Microsoft.EntityFrameworkCore.DbContext.SaveChangesAsync(Boolean acceptAllChangesOnSuccess, CancellationToken cancellationToken)
2026-06-29 02:13:17.546 +05:30 [ERR] Error calling Python API.
Microsoft.EntityFrameworkCore.DbUpdateException: An error occurred while saving the entity changes. See the inner exception for details.
 ---> Microsoft.Data.SqlClient.SqlException (0x80131904): Invalid column name 'AudioFilePath'.
Invalid column name 'Description'.
Invalid column name 'Hook'.
Invalid column name 'PlaylistId'.
Invalid column name 'PublishedAt'.
Invalid column name 'ScheduledPublishAt'.
Invalid column name 'ScriptJson'.
Invalid column name 'Tags'.
Invalid column name 'ThumbnailPath'.
Invalid column name 'UpdatedAt'.
Invalid column name 'VideoFilePath'.
Invalid column name 'Visibility'.
   at Microsoft.Data.SqlClient.SqlCommand.<>c.<ExecuteDbDataReaderAsync>b__195_0(Task`1 result)
   at System.Threading.Tasks.ContinuationResultTaskFromResultTask`2.InnerInvoke()
   at System.Threading.ExecutionContext.RunInternal(ExecutionContext executionContext, ContextCallback callback, Object state)
--- End of stack trace from previous location ---
   at System.Threading.ExecutionContext.RunInternal(ExecutionContext executionContext, ContextCallback callback, Object state)
   at System.Threading.Tasks.Task.ExecuteWithThreadLocal(Task& currentTaskSlot, Thread threadPoolThread)
--- End of stack trace from previous location ---
   at Microsoft.EntityFrameworkCore.Storage.RelationalCommand.ExecuteReaderAsync(RelationalCommandParameterObject parameterObject, CancellationToken cancellationToken)
   at Microsoft.EntityFrameworkCore.Storage.RelationalCommand.ExecuteReaderAsync(RelationalCommandParameterObject parameterObject, CancellationToken cancellationToken)
   at Microsoft.EntityFrameworkCore.Update.ReaderModificationCommandBatch.ExecuteAsync(IRelationalConnection connection, CancellationToken cancellationToken)
ClientConnectionId:754e2276-dfd4-4540-982d-e8e108905ded
Error Number:207,State:1,Class:16
   --- End of inner exception stack trace ---
   at Microsoft.EntityFrameworkCore.Update.ReaderModificationCommandBatch.ExecuteAsync(IRelationalConnection connection, CancellationToken cancellationToken)
   at Microsoft.EntityFrameworkCore.SqlServer.Update.Internal.SqlServerModificationCommandBatch.ExecuteAsync(IRelationalConnection connection, CancellationToken cancellationToken)
   at Microsoft.EntityFrameworkCore.Update.Internal.BatchExecutor.ExecuteAsync(IEnumerable`1 commandBatches, IRelationalConnection connection, CancellationToken cancellationToken)
   at Microsoft.EntityFrameworkCore.Update.Internal.BatchExecutor.ExecuteAsync(IEnumerable`1 commandBatches, IRelationalConnection connection, CancellationToken cancellationToken)
   at Microsoft.EntityFrameworkCore.Update.Internal.BatchExecutor.ExecuteAsync(IEnumerable`1 commandBatches, IRelationalConnection connection, CancellationToken cancellationToken)
   at Microsoft.EntityFrameworkCore.Storage.RelationalDatabase.SaveChangesAsync(IList`1 entries, CancellationToken cancellationToken)
   at Microsoft.EntityFrameworkCore.ChangeTracking.Internal.StateManager.SaveChangesAsync(IList`1 entriesToSave, CancellationToken cancellationToken)
   at Microsoft.EntityFrameworkCore.ChangeTracking.Internal.StateManager.SaveChangesAsync(StateManager stateManager, Boolean acceptAllChangesOnSuccess, CancellationToken cancellationToken)
   at Microsoft.EntityFrameworkCore.SqlServer.Storage.Internal.SqlServerExecutionStrategy.ExecuteAsync[TState,TResult](TState state, Func`4 operation, Func`4 verifySucceeded, CancellationToken cancellationToken)
   at Microsoft.EntityFrameworkCore.DbContext.SaveChangesAsync(Boolean acceptAllChangesOnSuccess, CancellationToken cancellationToken)
   at Microsoft.EntityFrameworkCore.DbContext.SaveChangesAsync(Boolean acceptAllChangesOnSuccess, CancellationToken cancellationToken)
   at AutoTube.Infrastructure.Repositories.GenericRepository`1.SaveChangesAsync() in C:\Users\ak731\Desktop\DSA\Portfolio Management System\AutoTube\AutoTube.Infrastructure\Repositories\GenericRepository.cs:line 41
   at Portfolio_Management_System.Controllers.AdminAutoTubeController.UploadScript(String rawText, IFormFile pdfFile) in C:\Users\ak731\Desktop\DSA\Portfolio Management System\Controllers\AdminAutoTubeController.cs:line 106
2026-06-29 02:13:17.562 +05:30 [INF] Executing JsonResult, writing value of type '<>f__AnonymousType9`2[[System.Boolean, System.Private.CoreLib, Version=9.0.0.0, Culture=neutral, PublicKeyToken=7cec85d7bea7798e],[System.String, System.Private.CoreLib, Version=9.0.0.0, Culture=neutral, PublicKeyToken=7cec85d7bea7798e]]'.
2026-06-29 02:13:17.567 +05:30 [INF] Executed action Portfolio_Management_System.Controllers.AdminAutoTubeController.UploadScript (Portfolio Management System) in 25919.5514ms
2026-06-29 02:13:17.567 +05:30 [INF] Executed endpoint 'Portfolio_Management_System.Controllers.AdminAutoTubeController.UploadScript (Portfolio Management System)'
2026-06-29 02:13:17.568 +05:30 [INF] HTTP POST /Admin/AutoTube/UploadScript responded 200 in 26070.6840 ms
2026-06-29 02:13:17.578 +05:30 [INF] Request finished HTTP/2 POST https://localhost:44341/Admin/AutoTube/UploadScript - 200 null application/json; charset=utf-8 26081.0185ms
2026-06-29 02:13:34.431 +05:30 [INF] Request starting HTTP/2 POST https://localhost:44341/Admin/AutoTube/UploadScript - multipart/form-data; boundary=----WebKitFormBoundaryQLhkZPgChgBnCVyW 12842804
2026-06-29 02:13:34.432 +05:30 [INF] CORS policy execution successful.
2026-06-29 02:13:34.432 +05:30 [INF] Executing endpoint 'Portfolio_Management_System.Controllers.AdminAutoTubeController.UploadScript (Portfolio Management System)'
2026-06-29 02:13:34.432 +05:30 [INF] Route matched with {action = "UploadScript", controller = "AdminAutoTube"}. Executing controller action with signature System.Threading.Tasks.Task`1[Microsoft.AspNetCore.Mvc.IActionResult] UploadScript(System.String, Microsoft.AspNetCore.Http.IFormFile) on controller Portfolio_Management_System.Controllers.AdminAutoTubeController (Portfolio Management System).
2026-06-29 02:13:39.469 +05:30 [INF] Request starting HTTP/2 GET https://localhost:44341/Admin/GetRecentMessages - null null
2026-06-29 02:13:39.470 +05:30 [INF] Executing endpoint 'Portfolio_Management_System.Controllers.AdminController.GetRecentMessages (Portfolio Management System)'
2026-06-29 02:13:39.470 +05:30 [INF] Route matched with {action = "GetRecentMessages", controller = "Admin"}. Executing controller action with signature System.Threading.Tasks.Task`1[Microsoft.AspNetCore.Mvc.IActionResult] GetRecentMessages() on controller Portfolio_Management_System.Controllers.AdminController (Portfolio Management System).
2026-06-29 02:13:39.472 +05:30 [INF] Request starting HTTP/2 GET https://localhost:44341/Admin/GetUnreadMessagesCount - null null
2026-06-29 02:13:39.480 +05:30 [INF] Executing endpoint 'Portfolio_Management_System.Controllers.AdminController.GetUnreadMessagesCount (Portfolio Management System)'
2026-06-29 02:13:39.480 +05:30 [INF] Route matched with {action = "GetUnreadMessagesCount", controller = "Admin"}. Executing controller action with signature System.Threading.Tasks.Task`1[Microsoft.AspNetCore.Mvc.IActionResult] GetUnreadMessagesCount() on controller Portfolio_Management_System.Controllers.AdminController (Portfolio Management System).
2026-06-29 02:13:39.639 +05:30 [INF] Executing JsonResult, writing value of type 'System.Collections.Generic.List`1[[<>f__AnonymousType17`7[[System.Int32, System.Private.CoreLib, Version=9.0.0.0, Culture=neutral, PublicKeyToken=7cec85d7bea7798e],[System.String, System.Private.CoreLib, Version=9.0.0.0, Culture=neutral, PublicKeyToken=7cec85d7bea7798e],[System.String, System.Private.CoreLib, Version=9.0.0.0, Culture=neutral, PublicKeyToken=7cec85d7bea7798e],[System.String, System.Private.CoreLib, Version=9.0.0.0, Culture=neutral, PublicKeyToken=7cec85d7bea7798e],[System.String, System.Private.CoreLib, Version=9.0.0.0, Culture=neutral, PublicKeyToken=7cec85d7bea7798e],[System.Boolean, System.Private.CoreLib, Version=9.0.0.0, Culture=neutral, PublicKeyToken=7cec85d7bea7798e],[System.DateTime, System.Private.CoreLib, Version=9.0.0.0, Culture=neutral, PublicKeyToken=7cec85d7bea7798e]], Portfolio Management System, Version=1.0.0.0, Culture=neutral, PublicKeyToken=null]]'.
2026-06-29 02:13:39.640 +05:30 [INF] Executed action Portfolio_Management_System.Controllers.AdminController.GetRecentMessages (Portfolio Management System) in 169.5988ms
2026-06-29 02:13:39.640 +05:30 [INF] Executed endpoint 'Portfolio_Management_System.Controllers.AdminController.GetRecentMessages (Portfolio Management System)'
2026-06-29 02:13:39.641 +05:30 [INF] HTTP GET /Admin/GetRecentMessages responded 200 in 171.3231 ms
2026-06-29 02:13:39.643 +05:30 [INF] Request finished HTTP/2 GET https://localhost:44341/Admin/GetRecentMessages - 200 null application/json; charset=utf-8 174.2732ms
2026-06-29 02:13:39.649 +05:30 [INF] Executing JsonResult, writing value of type 'System.Int32'.
2026-06-29 02:13:39.651 +05:30 [INF] Executed action Portfolio_Management_System.Controllers.AdminController.GetUnreadMessagesCount (Portfolio Management System) in 171.1772ms
2026-06-29 02:13:39.651 +05:30 [INF] Executed endpoint 'Portfolio_Management_System.Controllers.AdminController.GetUnreadMessagesCount (Portfolio Management System)'
2026-06-29 02:13:39.651 +05:30 [INF] HTTP GET /Admin/GetUnreadMessagesCount responded 200 in 179.3121 ms
2026-06-29 02:13:39.651 +05:30 [INF] Request finished HTTP/2 GET https://localhost:44341/Admin/GetUnreadMessagesCount - 200 null application/json; charset=utf-8 179.707ms
2026-06-29 02:13:39.927 +05:30 [INF] Start processing HTTP request POST http://localhost:8000/api/script/format_custom
2026-06-29 02:13:39.928 +05:30 [INF] Sending HTTP request POST http://localhost:8000/api/script/format_custom
2026-06-29 02:13:45.207 +05:30 [INF] Received HTTP response headers after 5279.7444ms - 200
2026-06-29 02:13:45.208 +05:30 [INF] End processing HTTP request after 5280.2008ms - 200
2026-06-29 02:13:45.400 +05:30 [ERR] Failed executing DbCommand (185ms) [Parameters=[@p0='?' (Size = 500), @p1='?' (DbType = DateTime2), @p2='?' (Size = 4000), @p3='?' (Size = 1000), @p4='?' (Size = 50), @p5='?' (DbType = DateTime2), @p6='?' (DbType = DateTime2), @p7='?' (Size = 4000), @p8='?' (Size = 4000), @p9='?' (Size = 2000), @p10='?' (Size = 500), @p11='?' (Size = 500), @p12='?' (DbType = Int32), @p13='?' (DbType = DateTime2), @p14='?' (Size = 500), @p15='?' (Size = 20), @p16='?' (Size = 50)], CommandType='"Text"', CommandTimeout='30']
SET IMPLICIT_TRANSACTIONS OFF;
SET NOCOUNT ON;
INSERT INTO [Videos] ([AudioFilePath], [CreatedAt], [Description], [Hook], [PlaylistId], [PublishedAt], [ScheduledPublishAt], [ScriptJson], [Status], [Tags], [ThumbnailPath], [Title], [TrendTopicId], [UpdatedAt], [VideoFilePath], [Visibility], [YouTubeVideoId])
OUTPUT INSERTED.[Id]
VALUES (@p0, @p1, @p2, @p3, @p4, @p5, @p6, @p7, @p8, @p9, @p10, @p11, @p12, @p13, @p14, @p15, @p16);
2026-06-29 02:13:45.407 +05:30 [ERR] An exception occurred in the database while saving changes for context type 'AutoTube.Infrastructure.Data.AppDbContext'.
Microsoft.EntityFrameworkCore.DbUpdateException: An error occurred while saving the entity changes. See the inner exception for details.
 ---> Microsoft.Data.SqlClient.SqlException (0x80131904): Invalid column name 'AudioFilePath'.
Invalid column name 'Description'.
Invalid column name 'Hook'.
Invalid column name 'PlaylistId'.
Invalid column name 'PublishedAt'.
Invalid column name 'ScheduledPublishAt'.
Invalid column name 'ScriptJson'.
Invalid column name 'Tags'.
Invalid column name 'ThumbnailPath'.
Invalid column name 'UpdatedAt'.
Invalid column name 'VideoFilePath'.
Invalid column name 'Visibility'.
   at Microsoft.Data.SqlClient.SqlCommand.<>c.<ExecuteDbDataReaderAsync>b__195_0(Task`1 result)
   at System.Threading.Tasks.ContinuationResultTaskFromResultTask`2.InnerInvoke()
   at System.Threading.ExecutionContext.RunInternal(ExecutionContext executionContext, ContextCallback callback, Object state)
--- End of stack trace from previous location ---
   at System.Threading.ExecutionContext.RunInternal(ExecutionContext executionContext, ContextCallback callback, Object state)
   at System.Threading.Tasks.Task.ExecuteWithThreadLocal(Task& currentTaskSlot, Thread threadPoolThread)
--- End of stack trace from previous location ---
   at Microsoft.EntityFrameworkCore.Storage.RelationalCommand.ExecuteReaderAsync(RelationalCommandParameterObject parameterObject, CancellationToken cancellationToken)
   at Microsoft.EntityFrameworkCore.Storage.RelationalCommand.ExecuteReaderAsync(RelationalCommandParameterObject parameterObject, CancellationToken cancellationToken)
   at Microsoft.EntityFrameworkCore.Update.ReaderModificationCommandBatch.ExecuteAsync(IRelationalConnection connection, CancellationToken cancellationToken)
ClientConnectionId:c1b35d94-b840-4dd4-9c0a-3e8ad9b46601
Error Number:207,State:1,Class:16
   --- End of inner exception stack trace ---
   at Microsoft.EntityFrameworkCore.Update.ReaderModificationCommandBatch.ExecuteAsync(IRelationalConnection connection, CancellationToken cancellationToken)
   at Microsoft.EntityFrameworkCore.SqlServer.Update.Internal.SqlServerModificationCommandBatch.ExecuteAsync(IRelationalConnection connection, CancellationToken cancellationToken)
   at Microsoft.EntityFrameworkCore.Update.Internal.BatchExecutor.ExecuteAsync(IEnumerable`1 commandBatches, IRelationalConnection connection, CancellationToken cancellationToken)
   at Microsoft.EntityFrameworkCore.Update.Internal.BatchExecutor.ExecuteAsync(IEnumerable`1 commandBatches, IRelationalConnection connection, CancellationToken cancellationToken)
   at Microsoft.EntityFrameworkCore.Update.Internal.BatchExecutor.ExecuteAsync(IEnumerable`1 commandBatches, IRelationalConnection connection, CancellationToken cancellationToken)
   at Microsoft.EntityFrameworkCore.Storage.RelationalDatabase.SaveChangesAsync(IList`1 entries, CancellationToken cancellationToken)
   at Microsoft.EntityFrameworkCore.ChangeTracking.Internal.StateManager.SaveChangesAsync(IList`1 entriesToSave, CancellationToken cancellationToken)
   at Microsoft.EntityFrameworkCore.ChangeTracking.Internal.StateManager.SaveChangesAsync(StateManager stateManager, Boolean acceptAllChangesOnSuccess, CancellationToken cancellationToken)
   at Microsoft.EntityFrameworkCore.SqlServer.Storage.Internal.SqlServerExecutionStrategy.ExecuteAsync[TState,TResult](TState state, Func`4 operation, Func`4 verifySucceeded, CancellationToken cancellationToken)
   at Microsoft.EntityFrameworkCore.DbContext.SaveChangesAsync(Boolean acceptAllChangesOnSuccess, CancellationToken cancellationToken)
Microsoft.EntityFrameworkCore.DbUpdateException: An error occurred while saving the entity changes. See the inner exception for details.
 ---> Microsoft.Data.SqlClient.SqlException (0x80131904): Invalid column name 'AudioFilePath'.
Invalid column name 'Description'.
Invalid column name 'Hook'.
Invalid column name 'PlaylistId'.
Invalid column name 'PublishedAt'.
Invalid column name 'ScheduledPublishAt'.
Invalid column name 'ScriptJson'.
Invalid column name 'Tags'.
Invalid column name 'ThumbnailPath'.
Invalid column name 'UpdatedAt'.
Invalid column name 'VideoFilePath'.
Invalid column name 'Visibility'.
   at Microsoft.Data.SqlClient.SqlCommand.<>c.<ExecuteDbDataReaderAsync>b__195_0(Task`1 result)
   at System.Threading.Tasks.ContinuationResultTaskFromResultTask`2.InnerInvoke()
   at System.Threading.ExecutionContext.RunInternal(ExecutionContext executionContext, ContextCallback callback, Object state)
--- End of stack trace from previous location ---
   at System.Threading.ExecutionContext.RunInternal(ExecutionContext executionContext, ContextCallback callback, Object state)
   at System.Threading.Tasks.Task.ExecuteWithThreadLocal(Task& currentTaskSlot, Thread threadPoolThread)
--- End of stack trace from previous location ---
   at Microsoft.EntityFrameworkCore.Storage.RelationalCommand.ExecuteReaderAsync(RelationalCommandParameterObject parameterObject, CancellationToken cancellationToken)
   at Microsoft.EntityFrameworkCore.Storage.RelationalCommand.ExecuteReaderAsync(RelationalCommandParameterObject parameterObject, CancellationToken cancellationToken)
   at Microsoft.EntityFrameworkCore.Update.ReaderModificationCommandBatch.ExecuteAsync(IRelationalConnection connection, CancellationToken cancellationToken)
ClientConnectionId:c1b35d94-b840-4dd4-9c0a-3e8ad9b46601
Error Number:207,State:1,Class:16
   --- End of inner exception stack trace ---
   at Microsoft.EntityFrameworkCore.Update.ReaderModificationCommandBatch.ExecuteAsync(IRelationalConnection connection, CancellationToken cancellationToken)
   at Microsoft.EntityFrameworkCore.SqlServer.Update.Internal.SqlServerModificationCommandBatch.ExecuteAsync(IRelationalConnection connection, CancellationToken cancellationToken)
   at Microsoft.EntityFrameworkCore.Update.Internal.BatchExecutor.ExecuteAsync(IEnumerable`1 commandBatches, IRelationalConnection connection, CancellationToken cancellationToken)
   at Microsoft.EntityFrameworkCore.Update.Internal.BatchExecutor.ExecuteAsync(IEnumerable`1 commandBatches, IRelationalConnection connection, CancellationToken cancellationToken)
   at Microsoft.EntityFrameworkCore.Update.Internal.BatchExecutor.ExecuteAsync(IEnumerable`1 commandBatches, IRelationalConnection connection, CancellationToken cancellationToken)
   at Microsoft.EntityFrameworkCore.Storage.RelationalDatabase.SaveChangesAsync(IList`1 entries, CancellationToken cancellationToken)
   at Microsoft.EntityFrameworkCore.ChangeTracking.Internal.StateManager.SaveChangesAsync(IList`1 entriesToSave, CancellationToken cancellationToken)
   at Microsoft.EntityFrameworkCore.ChangeTracking.Internal.StateManager.SaveChangesAsync(StateManager stateManager, Boolean acceptAllChangesOnSuccess, CancellationToken cancellationToken)
   at Microsoft.EntityFrameworkCore.SqlServer.Storage.Internal.SqlServerExecutionStrategy.ExecuteAsync[TState,TResult](TState state, Func`4 operation, Func`4 verifySucceeded, CancellationToken cancellationToken)
   at Microsoft.EntityFrameworkCore.DbContext.SaveChangesAsync(Boolean acceptAllChangesOnSuccess, CancellationToken cancellationToken)
2026-06-29 02:13:45.854 +05:30 [ERR] Error calling Python API.
Microsoft.EntityFrameworkCore.DbUpdateException: An error occurred while saving the entity changes. See the inner exception for details.
 ---> Microsoft.Data.SqlClient.SqlException (0x80131904): Invalid column name 'AudioFilePath'.
Invalid column name 'Description'.
Invalid column name 'Hook'.
Invalid column name 'PlaylistId'.
Invalid column name 'PublishedAt'.
Invalid column name 'ScheduledPublishAt'.
Invalid column name 'ScriptJson'.
Invalid column name 'Tags'.
Invalid column name 'ThumbnailPath'.
Invalid column name 'UpdatedAt'.
Invalid column name 'VideoFilePath'.
Invalid column name 'Visibility'.
   at Microsoft.Data.SqlClient.SqlCommand.<>c.<ExecuteDbDataReaderAsync>b__195_0(Task`1 result)
   at System.Threading.Tasks.ContinuationResultTaskFromResultTask`2.InnerInvoke()
   at System.Threading.ExecutionContext.RunInternal(ExecutionContext executionContext, ContextCallback callback, Object state)
--- End of stack trace from previous location ---
   at System.Threading.ExecutionContext.RunInternal(ExecutionContext executionContext, ContextCallback callback, Object state)
   at System.Threading.Tasks.Task.ExecuteWithThreadLocal(Task& currentTaskSlot, Thread threadPoolThread)
--- End of stack trace from previous location ---
   at Microsoft.EntityFrameworkCore.Storage.RelationalCommand.ExecuteReaderAsync(RelationalCommandParameterObject parameterObject, CancellationToken cancellationToken)
   at Microsoft.EntityFrameworkCore.Storage.RelationalCommand.ExecuteReaderAsync(RelationalCommandParameterObject parameterObject, CancellationToken cancellationToken)
   at Microsoft.EntityFrameworkCore.Update.ReaderModificationCommandBatch.ExecuteAsync(IRelationalConnection connection, CancellationToken cancellationToken)
ClientConnectionId:c1b35d94-b840-4dd4-9c0a-3e8ad9b46601
Error Number:207,State:1,Class:16
   --- End of inner exception stack trace ---
   at Microsoft.EntityFrameworkCore.Update.ReaderModificationCommandBatch.ExecuteAsync(IRelationalConnection connection, CancellationToken cancellationToken)
   at Microsoft.EntityFrameworkCore.SqlServer.Update.Internal.SqlServerModificationCommandBatch.ExecuteAsync(IRelationalConnection connection, CancellationToken cancellationToken)
   at Microsoft.EntityFrameworkCore.Update.Internal.BatchExecutor.ExecuteAsync(IEnumerable`1 commandBatches, IRelationalConnection connection, CancellationToken cancellationToken)
   at Microsoft.EntityFrameworkCore.Update.Internal.BatchExecutor.ExecuteAsync(IEnumerable`1 commandBatches, IRelationalConnection connection, CancellationToken cancellationToken)
   at Microsoft.EntityFrameworkCore.Update.Internal.BatchExecutor.ExecuteAsync(IEnumerable`1 commandBatches, IRelationalConnection connection, CancellationToken cancellationToken)
   at Microsoft.EntityFrameworkCore.Storage.RelationalDatabase.SaveChangesAsync(IList`1 entries, CancellationToken cancellationToken)
   at Microsoft.EntityFrameworkCore.ChangeTracking.Internal.StateManager.SaveChangesAsync(IList`1 entriesToSave, CancellationToken cancellationToken)
   at Microsoft.EntityFrameworkCore.ChangeTracking.Internal.StateManager.SaveChangesAsync(StateManager stateManager, Boolean acceptAllChangesOnSuccess, CancellationToken cancellationToken)
   at Microsoft.EntityFrameworkCore.SqlServer.Storage.Internal.SqlServerExecutionStrategy.ExecuteAsync[TState,TResult](TState state, Func`4 operation, Func`4 verifySucceeded, CancellationToken cancellationToken)
   at Microsoft.EntityFrameworkCore.DbContext.SaveChangesAsync(Boolean acceptAllChangesOnSuccess, CancellationToken cancellationToken)
   at Microsoft.EntityFrameworkCore.DbContext.SaveChangesAsync(Boolean acceptAllChangesOnSuccess, CancellationToken cancellationToken)
   at AutoTube.Infrastructure.Repositories.GenericRepository`1.SaveChangesAsync() in C:\Users\ak731\Desktop\DSA\Portfolio Management System\AutoTube\AutoTube.Infrastructure\Repositories\GenericRepository.cs:line 41
   at Portfolio_Management_System.Controllers.AdminAutoTubeController.UploadScript(String rawText, IFormFile pdfFile) in C:\Users\ak731\Desktop\DSA\Portfolio Management System\Controllers\AdminAutoTubeController.cs:line 106
2026-06-29 02:13:45.858 +05:30 [INF] Executing JsonResult, writing value of type '<>f__AnonymousType9`2[[System.Boolean, System.Private.CoreLib, Version=9.0.0.0, Culture=neutral, PublicKeyToken=7cec85d7bea7798e],[System.String, System.Private.CoreLib, Version=9.0.0.0, Culture=neutral, PublicKeyToken=7cec85d7bea7798e]]'.
2026-06-29 02:13:45.859 +05:30 [INF] Executed action Portfolio_Management_System.Controllers.AdminAutoTubeController.UploadScript (Portfolio Management System) in 11425.0139ms
2026-06-29 02:13:45.859 +05:30 [INF] Executed endpoint 'Portfolio_Management_System.Controllers.AdminAutoTubeController.UploadScript (Portfolio Management System)'
2026-06-29 02:13:45.859 +05:30 [INF] HTTP POST /Admin/AutoTube/UploadScript responded 200 in 11427.5181 ms
2026-06-29 02:13:45.865 +05:30 [INF] Request finished HTTP/2 POST https://localhost:44341/Admin/AutoTube/UploadScript - 200 null application/json; charset=utf-8 11434.8031ms
2026-06-29 02:14:09.950 +05:30 [INF] Request starting HTTP/2 GET https://localhost:44341/Admin/GetUnreadMessagesCount - null null
2026-06-29 02:14:09.992 +05:30 [INF] Request starting HTTP/2 GET https://localhost:44341/Admin/GetRecentMessages - null null
2026-06-29 02:14:10.390 +05:30 [INF] Executing endpoint 'Portfolio_Management_System.Controllers.AdminController.GetRecentMessages (Portfolio Management System)'
2026-06-29 02:14:10.395 +05:30 [INF] Executing endpoint 'Portfolio_Management_System.Controllers.AdminController.GetUnreadMessagesCount (Portfolio Management System)'
2026-06-29 02:14:10.407 +05:30 [INF] Route matched with {action = "GetRecentMessages", controller = "Admin"}. Executing controller action with signature System.Threading.Tasks.Task`1[Microsoft.AspNetCore.Mvc.IActionResult] GetRecentMessages() on controller Portfolio_Management_System.Controllers.AdminController (Portfolio Management System).
2026-06-29 02:14:10.417 +05:30 [INF] Route matched with {action = "GetUnreadMessagesCount", controller = "Admin"}. Executing controller action with signature System.Threading.Tasks.Task`1[Microsoft.AspNetCore.Mvc.IActionResult] GetUnreadMessagesCount() on controller Portfolio_Management_System.Controllers.AdminController (Portfolio Management System).
2026-06-29 02:14:10.632 +05:30 [INF] Executing JsonResult, writing value of type 'System.Int32'.
2026-06-29 02:14:10.653 +05:30 [INF] Executing JsonResult, writing value of type 'System.Collections.Generic.List`1[[<>f__AnonymousType17`7[[System.Int32, System.Private.CoreLib, Version=9.0.0.0, Culture=neutral, PublicKeyToken=7cec85d7bea7798e],[System.String, System.Private.CoreLib, Version=9.0.0.0, Culture=neutral, PublicKeyToken=7cec85d7bea7798e],[System.String, System.Private.CoreLib, Version=9.0.0.0, Culture=neutral, PublicKeyToken=7cec85d7bea7798e],[System.String, System.Private.CoreLib, Version=9.0.0.0, Culture=neutral, PublicKeyToken=7cec85d7bea7798e],[System.String, System.Private.CoreLib, Version=9.0.0.0, Culture=neutral, PublicKeyToken=7cec85d7bea7798e],[System.Boolean, System.Private.CoreLib, Version=9.0.0.0, Culture=neutral, PublicKeyToken=7cec85d7bea7798e],[System.DateTime, System.Private.CoreLib, Version=9.0.0.0, Culture=neutral, PublicKeyToken=7cec85d7bea7798e]], Portfolio Management System, Version=1.0.0.0, Culture=neutral, PublicKeyToken=null]]'.
2026-06-29 02:14:10.658 +05:30 [INF] Executed action Portfolio_Management_System.Controllers.AdminController.GetUnreadMessagesCount (Portfolio Management System) in 238.6152ms
2026-06-29 02:14:10.658 +05:30 [INF] Executed endpoint 'Portfolio_Management_System.Controllers.AdminController.GetUnreadMessagesCount (Portfolio Management System)'
2026-06-29 02:14:10.674 +05:30 [INF] Executed action Portfolio_Management_System.Controllers.AdminController.GetRecentMessages (Portfolio Management System) in 254.5215ms
2026-06-29 02:14:10.674 +05:30 [INF] Executed endpoint 'Portfolio_Management_System.Controllers.AdminController.GetRecentMessages (Portfolio Management System)'
2026-06-29 02:14:10.658 +05:30 [INF] HTTP GET /Admin/GetUnreadMessagesCount responded 200 in 658.8729 ms
2026-06-29 02:14:10.676 +05:30 [INF] Request finished HTTP/2 GET https://localhost:44341/Admin/GetUnreadMessagesCount - 200 null application/json; charset=utf-8 727.3096ms
2026-06-29 02:14:10.674 +05:30 [INF] HTTP GET /Admin/GetRecentMessages responded 200 in 674.9305 ms
2026-06-29 02:14:10.678 +05:30 [INF] Request finished HTTP/2 GET https://localhost:44341/Admin/GetRecentMessages - 200 null application/json; charset=utf-8 685.5272ms
2026-06-29 02:14:39.610 +05:30 [INF] Request starting HTTP/2 GET https://localhost:44341/Admin/GetRecentMessages - null null
2026-06-29 02:14:39.610 +05:30 [INF] Request starting HTTP/2 GET https://localhost:44341/Admin/GetUnreadMessagesCount - null null
2026-06-29 02:14:39.917 +05:30 [INF] Executing endpoint 'Portfolio_Management_System.Controllers.AdminController.GetUnreadMessagesCount (Portfolio Management System)'
2026-06-29 02:14:39.919 +05:30 [INF] Executing endpoint 'Portfolio_Management_System.Controllers.AdminController.GetRecentMessages (Portfolio Management System)'
2026-06-29 02:14:39.940 +05:30 [INF] Route matched with {action = "GetUnreadMessagesCount", controller = "Admin"}. Executing controller action with signature System.Threading.Tasks.Task`1[Microsoft.AspNetCore.Mvc.IActionResult] GetUnreadMessagesCount() on controller Portfolio_Management_System.Controllers.AdminController (Portfolio Management System).
2026-06-29 02:14:39.943 +05:30 [INF] Route matched with {action = "GetRecentMessages", controller = "Admin"}. Executing controller action with signature System.Threading.Tasks.Task`1[Microsoft.AspNetCore.Mvc.IActionResult] GetRecentMessages() on controller Portfolio_Management_System.Controllers.AdminController (Portfolio Management System).
2026-06-29 02:14:40.171 +05:30 [INF] Executing JsonResult, writing value of type 'System.Collections.Generic.List`1[[<>f__AnonymousType17`7[[System.Int32, System.Private.CoreLib, Version=9.0.0.0, Culture=neutral, PublicKeyToken=7cec85d7bea7798e],[System.String, System.Private.CoreLib, Version=9.0.0.0, Culture=neutral, PublicKeyToken=7cec85d7bea7798e],[System.String, System.Private.CoreLib, Version=9.0.0.0, Culture=neutral, PublicKeyToken=7cec85d7bea7798e],[System.String, System.Private.CoreLib, Version=9.0.0.0, Culture=neutral, PublicKeyToken=7cec85d7bea7798e],[System.String, System.Private.CoreLib, Version=9.0.0.0, Culture=neutral, PublicKeyToken=7cec85d7bea7798e],[System.Boolean, System.Private.CoreLib, Version=9.0.0.0, Culture=neutral, PublicKeyToken=7cec85d7bea7798e],[System.DateTime, System.Private.CoreLib, Version=9.0.0.0, Culture=neutral, PublicKeyToken=7cec85d7bea7798e]], Portfolio Management System, Version=1.0.0.0, Culture=neutral, PublicKeyToken=null]]'.
2026-06-29 02:14:40.248 +05:30 [INF] Executing JsonResult, writing value of type 'System.Int32'.
2026-06-29 02:14:40.258 +05:30 [INF] Executed action Portfolio_Management_System.Controllers.AdminController.GetUnreadMessagesCount (Portfolio Management System) in 317.7094ms
2026-06-29 02:14:40.259 +05:30 [INF] Executed endpoint 'Portfolio_Management_System.Controllers.AdminController.GetUnreadMessagesCount (Portfolio Management System)'
2026-06-29 02:14:40.259 +05:30 [INF] HTTP GET /Admin/GetUnreadMessagesCount responded 200 in 556.2471 ms
2026-06-29 02:14:40.261 +05:30 [INF] Executed action Portfolio_Management_System.Controllers.AdminController.GetRecentMessages (Portfolio Management System) in 315.442ms
2026-06-29 02:14:40.261 +05:30 [INF] Executed endpoint 'Portfolio_Management_System.Controllers.AdminController.GetRecentMessages (Portfolio Management System)'
2026-06-29 02:14:40.262 +05:30 [INF] Request finished HTTP/2 GET https://localhost:44341/Admin/GetUnreadMessagesCount - 200 null application/json; charset=utf-8 652.333ms
2026-06-29 02:14:40.268 +05:30 [INF] HTTP GET /Admin/GetRecentMessages responded 200 in 558.5271 ms
2026-06-29 02:14:40.269 +05:30 [INF] Request finished HTTP/2 GET https://localhost:44341/Admin/GetRecentMessages - 200 null application/json; charset=utf-8 664.7694ms
2026-06-29 02:15:10.306 +05:30 [INF] Request starting HTTP/2 GET https://localhost:44341/Admin/GetRecentMessages - null null
2026-06-29 02:15:10.308 +05:30 [INF] Request starting HTTP/2 GET https://localhost:44341/Admin/GetUnreadMessagesCount - null null
2026-06-29 02:15:10.607 +05:30 [INF] Executing endpoint 'Portfolio_Management_System.Controllers.AdminController.GetUnreadMessagesCount (Portfolio Management System)'
2026-06-29 02:15:10.607 +05:30 [INF] Executing endpoint 'Portfolio_Management_System.Controllers.AdminController.GetRecentMessages (Portfolio Management System)'
2026-06-29 02:15:10.619 +05:30 [INF] Route matched with {action = "GetUnreadMessagesCount", controller = "Admin"}. Executing controller action with signature System.Threading.Tasks.Task`1[Microsoft.AspNetCore.Mvc.IActionResult] GetUnreadMessagesCount() on controller Portfolio_Management_System.Controllers.AdminController (Portfolio Management System).
2026-06-29 02:15:10.622 +05:30 [INF] Route matched with {action = "GetRecentMessages", controller = "Admin"}. Executing controller action with signature System.Threading.Tasks.Task`1[Microsoft.AspNetCore.Mvc.IActionResult] GetRecentMessages() on controller Portfolio_Management_System.Controllers.AdminController (Portfolio Management System).
2026-06-29 02:15:10.825 +05:30 [INF] Executing JsonResult, writing value of type 'System.Collections.Generic.List`1[[<>f__AnonymousType17`7[[System.Int32, System.Private.CoreLib, Version=9.0.0.0, Culture=neutral, PublicKeyToken=7cec85d7bea7798e],[System.String, System.Private.CoreLib, Version=9.0.0.0, Culture=neutral, PublicKeyToken=7cec85d7bea7798e],[System.String, System.Private.CoreLib, Version=9.0.0.0, Culture=neutral, PublicKeyToken=7cec85d7bea7798e],[System.String, System.Private.CoreLib, Version=9.0.0.0, Culture=neutral, PublicKeyToken=7cec85d7bea7798e],[System.String, System.Private.CoreLib, Version=9.0.0.0, Culture=neutral, PublicKeyToken=7cec85d7bea7798e],[System.Boolean, System.Private.CoreLib, Version=9.0.0.0, Culture=neutral, PublicKeyToken=7cec85d7bea7798e],[System.DateTime, System.Private.CoreLib, Version=9.0.0.0, Culture=neutral, PublicKeyToken=7cec85d7bea7798e]], Portfolio Management System, Version=1.0.0.0, Culture=neutral, PublicKeyToken=null]]'.
2026-06-29 02:15:10.826 +05:30 [INF] Executing JsonResult, writing value of type 'System.Int32'.
2026-06-29 02:15:10.852 +05:30 [INF] Executed action Portfolio_Management_System.Controllers.AdminController.GetUnreadMessagesCount (Portfolio Management System) in 227.2904ms
2026-06-29 02:15:10.853 +05:30 [INF] Executed action Portfolio_Management_System.Controllers.AdminController.GetRecentMessages (Portfolio Management System) in 229.7166ms
2026-06-29 02:15:10.853 +05:30 [INF] Executed endpoint 'Portfolio_Management_System.Controllers.AdminController.GetUnreadMessagesCount (Portfolio Management System)'
2026-06-29 02:15:10.853 +05:30 [INF] Executed endpoint 'Portfolio_Management_System.Controllers.AdminController.GetRecentMessages (Portfolio Management System)'
2026-06-29 02:15:10.853 +05:30 [INF] HTTP GET /Admin/GetUnreadMessagesCount responded 200 in 395.7986 ms
2026-06-29 02:15:10.863 +05:30 [INF] Request finished HTTP/2 GET https://localhost:44341/Admin/GetUnreadMessagesCount - 200 null application/json; charset=utf-8 559.0747ms
2026-06-29 02:15:10.859 +05:30 [INF] HTTP GET /Admin/GetRecentMessages responded 200 in 400.7001 ms
2026-06-29 02:15:10.866 +05:30 [INF] Request finished HTTP/2 GET https://localhost:44341/Admin/GetRecentMessages - 200 null application/json; charset=utf-8 577.7915ms
2026-06-29 02:15:39.746 +05:30 [INF] Request starting HTTP/2 GET https://localhost:44341/Admin/GetRecentMessages - null null
2026-06-29 02:15:39.746 +05:30 [INF] Request starting HTTP/2 GET https://localhost:44341/Admin/GetUnreadMessagesCount - null null
2026-06-29 02:15:40.107 +05:30 [INF] Executing endpoint 'Portfolio_Management_System.Controllers.AdminController.GetRecentMessages (Portfolio Management System)'
2026-06-29 02:15:40.116 +05:30 [INF] Executing endpoint 'Portfolio_Management_System.Controllers.AdminController.GetUnreadMessagesCount (Portfolio Management System)'
2026-06-29 02:15:40.159 +05:30 [INF] Route matched with {action = "GetUnreadMessagesCount", controller = "Admin"}. Executing controller action with signature System.Threading.Tasks.Task`1[Microsoft.AspNetCore.Mvc.IActionResult] GetUnreadMessagesCount() on controller Portfolio_Management_System.Controllers.AdminController (Portfolio Management System).
2026-06-29 02:15:40.182 +05:30 [INF] Route matched with {action = "GetRecentMessages", controller = "Admin"}. Executing controller action with signature System.Threading.Tasks.Task`1[Microsoft.AspNetCore.Mvc.IActionResult] GetRecentMessages() on controller Portfolio_Management_System.Controllers.AdminController (Portfolio Management System).
2026-06-29 02:15:40.598 +05:30 [INF] Executing JsonResult, writing value of type 'System.Int32'.
2026-06-29 02:15:40.616 +05:30 [INF] Executing JsonResult, writing value of type 'System.Collections.Generic.List`1[[<>f__AnonymousType17`7[[System.Int32, System.Private.CoreLib, Version=9.0.0.0, Culture=neutral, PublicKeyToken=7cec85d7bea7798e],[System.String, System.Private.CoreLib, Version=9.0.0.0, Culture=neutral, PublicKeyToken=7cec85d7bea7798e],[System.String, System.Private.CoreLib, Version=9.0.0.0, Culture=neutral, PublicKeyToken=7cec85d7bea7798e],[System.String, System.Private.CoreLib, Version=9.0.0.0, Culture=neutral, PublicKeyToken=7cec85d7bea7798e],[System.String, System.Private.CoreLib, Version=9.0.0.0, Culture=neutral, PublicKeyToken=7cec85d7bea7798e],[System.Boolean, System.Private.CoreLib, Version=9.0.0.0, Culture=neutral, PublicKeyToken=7cec85d7bea7798e],[System.DateTime, System.Private.CoreLib, Version=9.0.0.0, Culture=neutral, PublicKeyToken=7cec85d7bea7798e]], Portfolio Management System, Version=1.0.0.0, Culture=neutral, PublicKeyToken=null]]'.
2026-06-29 02:15:40.629 +05:30 [INF] Executed action Portfolio_Management_System.Controllers.AdminController.GetRecentMessages (Portfolio Management System) in 446.0072ms
2026-06-29 02:15:40.629 +05:30 [INF] Executed endpoint 'Portfolio_Management_System.Controllers.AdminController.GetRecentMessages (Portfolio Management System)'
2026-06-29 02:15:40.630 +05:30 [INF] Executed action Portfolio_Management_System.Controllers.AdminController.GetUnreadMessagesCount (Portfolio Management System) in 460.2009ms
2026-06-29 02:15:40.630 +05:30 [INF] Executed endpoint 'Portfolio_Management_System.Controllers.AdminController.GetUnreadMessagesCount (Portfolio Management System)'
2026-06-29 02:15:40.631 +05:30 [INF] HTTP GET /Admin/GetRecentMessages responded 200 in 830.8381 ms
2026-06-29 02:15:40.631 +05:30 [INF] HTTP GET /Admin/GetUnreadMessagesCount responded 200 in 822.0447 ms
2026-06-29 02:15:40.639 +05:30 [INF] Request finished HTTP/2 GET https://localhost:44341/Admin/GetUnreadMessagesCount - 200 null application/json; charset=utf-8 950.2601ms
2026-06-29 02:15:40.641 +05:30 [INF] Request finished HTTP/2 GET https://localhost:44341/Admin/GetRecentMessages - 200 null application/json; charset=utf-8 991.7726ms
2026-06-29 02:16:09.634 +05:30 [INF] Request starting HTTP/2 GET https://localhost:44341/Admin/GetRecentMessages - null null
2026-06-29 02:16:09.634 +05:30 [INF] Request starting HTTP/2 GET https://localhost:44341/Admin/GetUnreadMessagesCount - null null
2026-06-29 02:16:09.749 +05:30 [INF] Executing endpoint 'Portfolio_Management_System.Controllers.AdminController.GetRecentMessages (Portfolio Management System)'
2026-06-29 02:16:09.749 +05:30 [INF] Executing endpoint 'Portfolio_Management_System.Controllers.AdminController.GetUnreadMessagesCount (Portfolio Management System)'
2026-06-29 02:16:09.764 +05:30 [INF] Route matched with {action = "GetRecentMessages", controller = "Admin"}. Executing controller action with signature System.Threading.Tasks.Task`1[Microsoft.AspNetCore.Mvc.IActionResult] GetRecentMessages() on controller Portfolio_Management_System.Controllers.AdminController (Portfolio Management System).
2026-06-29 02:16:09.764 +05:30 [INF] Route matched with {action = "GetUnreadMessagesCount", controller = "Admin"}. Executing controller action with signature System.Threading.Tasks.Task`1[Microsoft.AspNetCore.Mvc.IActionResult] GetUnreadMessagesCount() on controller Portfolio_Management_System.Controllers.AdminController (Portfolio Management System).
2026-06-29 02:16:09.971 +05:30 [INF] Executing JsonResult, writing value of type 'System.Int32'.
2026-06-29 02:16:09.973 +05:30 [INF] Executing JsonResult, writing value of type 'System.Collections.Generic.List`1[[<>f__AnonymousType17`7[[System.Int32, System.Private.CoreLib, Version=9.0.0.0, Culture=neutral, PublicKeyToken=7cec85d7bea7798e],[System.String, System.Private.CoreLib, Version=9.0.0.0, Culture=neutral, PublicKeyToken=7cec85d7bea7798e],[System.String, System.Private.CoreLib, Version=9.0.0.0, Culture=neutral, PublicKeyToken=7cec85d7bea7798e],[System.String, System.Private.CoreLib, Version=9.0.0.0, Culture=neutral, PublicKeyToken=7cec85d7bea7798e],[System.String, System.Private.CoreLib, Version=9.0.0.0, Culture=neutral, PublicKeyToken=7cec85d7bea7798e],[System.Boolean, System.Private.CoreLib, Version=9.0.0.0, Culture=neutral, PublicKeyToken=7cec85d7bea7798e],[System.DateTime, System.Private.CoreLib, Version=9.0.0.0, Culture=neutral, PublicKeyToken=7cec85d7bea7798e]], Portfolio Management System, Version=1.0.0.0, Culture=neutral, PublicKeyToken=null]]'.
2026-06-29 02:16:09.986 +05:30 [INF] Executed action Portfolio_Management_System.Controllers.AdminController.GetRecentMessages (Portfolio Management System) in 220.9813ms
2026-06-29 02:16:09.986 +05:30 [INF] Executed endpoint 'Portfolio_Management_System.Controllers.AdminController.GetRecentMessages (Portfolio Management System)'
2026-06-29 02:16:09.986 +05:30 [INF] Executed action Portfolio_Management_System.Controllers.AdminController.GetUnreadMessagesCount (Portfolio Management System) in 220.2033ms
2026-06-29 02:16:09.986 +05:30 [INF] Executed endpoint 'Portfolio_Management_System.Controllers.AdminController.GetUnreadMessagesCount (Portfolio Management System)'
2026-06-29 02:16:09.987 +05:30 [INF] HTTP GET /Admin/GetUnreadMessagesCount responded 200 in 340.3566 ms
2026-06-29 02:16:09.987 +05:30 [INF] HTTP GET /Admin/GetRecentMessages responded 200 in 340.4628 ms
2026-06-29 02:16:09.987 +05:30 [INF] Request finished HTTP/2 GET https://localhost:44341/Admin/GetUnreadMessagesCount - 200 null application/json; charset=utf-8 392.5348ms
2026-06-29 02:16:09.989 +05:30 [INF] Request finished HTTP/2 GET https://localhost:44341/Admin/GetRecentMessages - 200 null application/json; charset=utf-8 393.9497ms
2026-06-29 02:16:39.475 +05:30 [INF] Request starting HTTP/2 GET https://localhost:44341/Admin/GetRecentMessages - null null
2026-06-29 02:16:39.477 +05:30 [INF] Request starting HTTP/2 GET https://localhost:44341/Admin/GetUnreadMessagesCount - null null
2026-06-29 02:16:39.595 +05:30 [INF] Executing endpoint 'Portfolio_Management_System.Controllers.AdminController.GetUnreadMessagesCount (Portfolio Management System)'
2026-06-29 02:16:39.595 +05:30 [INF] Executing endpoint 'Portfolio_Management_System.Controllers.AdminController.GetRecentMessages (Portfolio Management System)'
2026-06-29 02:16:39.601 +05:30 [INF] Route matched with {action = "GetRecentMessages", controller = "Admin"}. Executing controller action with signature System.Threading.Tasks.Task`1[Microsoft.AspNetCore.Mvc.IActionResult] GetRecentMessages() on controller Portfolio_Management_System.Controllers.AdminController (Portfolio Management System).
2026-06-29 02:16:39.602 +05:30 [INF] Route matched with {action = "GetUnreadMessagesCount", controller = "Admin"}. Executing controller action with signature System.Threading.Tasks.Task`1[Microsoft.AspNetCore.Mvc.IActionResult] GetUnreadMessagesCount() on controller Portfolio_Management_System.Controllers.AdminController (Portfolio Management System).
2026-06-29 02:16:39.787 +05:30 [INF] Executing JsonResult, writing value of type 'System.Int32'.
2026-06-29 02:16:39.787 +05:30 [INF] Executing JsonResult, writing value of type 'System.Collections.Generic.List`1[[<>f__AnonymousType17`7[[System.Int32, System.Private.CoreLib, Version=9.0.0.0, Culture=neutral, PublicKeyToken=7cec85d7bea7798e],[System.String, System.Private.CoreLib, Version=9.0.0.0, Culture=neutral, PublicKeyToken=7cec85d7bea7798e],[System.String, System.Private.CoreLib, Version=9.0.0.0, Culture=neutral, PublicKeyToken=7cec85d7bea7798e],[System.String, System.Private.CoreLib, Version=9.0.0.0, Culture=neutral, PublicKeyToken=7cec85d7bea7798e],[System.String, System.Private.CoreLib, Version=9.0.0.0, Culture=neutral, PublicKeyToken=7cec85d7bea7798e],[System.Boolean, System.Private.CoreLib, Version=9.0.0.0, Culture=neutral, PublicKeyToken=7cec85d7bea7798e],[System.DateTime, System.Private.CoreLib, Version=9.0.0.0, Culture=neutral, PublicKeyToken=7cec85d7bea7798e]], Portfolio Management System, Version=1.0.0.0, Culture=neutral, PublicKeyToken=null]]'.
2026-06-29 02:16:39.795 +05:30 [INF] Executed action Portfolio_Management_System.Controllers.AdminController.GetRecentMessages (Portfolio Management System) in 193.0666ms
2026-06-29 02:16:39.796 +05:30 [INF] Executed endpoint 'Portfolio_Management_System.Controllers.AdminController.GetRecentMessages (Portfolio Management System)'
2026-06-29 02:16:39.795 +05:30 [INF] Executed action Portfolio_Management_System.Controllers.AdminController.GetUnreadMessagesCount (Portfolio Management System) in 192.5975ms
2026-06-29 02:16:39.796 +05:30 [INF] Executed endpoint 'Portfolio_Management_System.Controllers.AdminController.GetUnreadMessagesCount (Portfolio Management System)'
2026-06-29 02:16:39.796 +05:30 [INF] HTTP GET /Admin/GetRecentMessages responded 200 in 319.3981 ms
2026-06-29 02:16:39.802 +05:30 [INF] Request finished HTTP/2 GET https://localhost:44341/Admin/GetRecentMessages - 200 null application/json; charset=utf-8 330.0579ms
2026-06-29 02:16:39.801 +05:30 [INF] HTTP GET /Admin/GetUnreadMessagesCount responded 200 in 318.7939 ms
2026-06-29 02:16:39.805 +05:30 [INF] Request finished HTTP/2 GET https://localhost:44341/Admin/GetUnreadMessagesCount - 200 null application/json; charset=utf-8 328.248ms
2026-06-29 02:17:09.468 +05:30 [INF] Request starting HTTP/2 GET https://localhost:44341/Admin/GetUnreadMessagesCount - null null
2026-06-29 02:17:09.469 +05:30 [INF] Request starting HTTP/2 GET https://localhost:44341/Admin/GetRecentMessages - null null
2026-06-29 02:17:09.486 +05:30 [INF] Executing endpoint 'Portfolio_Management_System.Controllers.AdminController.GetUnreadMessagesCount (Portfolio Management System)'
2026-06-29 02:17:09.487 +05:30 [INF] Route matched with {action = "GetUnreadMessagesCount", controller = "Admin"}. Executing controller action with signature System.Threading.Tasks.Task`1[Microsoft.AspNetCore.Mvc.IActionResult] GetUnreadMessagesCount() on controller Portfolio_Management_System.Controllers.AdminController (Portfolio Management System).
2026-06-29 02:17:09.492 +05:30 [INF] Executing endpoint 'Portfolio_Management_System.Controllers.AdminController.GetRecentMessages (Portfolio Management System)'
2026-06-29 02:17:09.492 +05:30 [INF] Route matched with {action = "GetRecentMessages", controller = "Admin"}. Executing controller action with signature System.Threading.Tasks.Task`1[Microsoft.AspNetCore.Mvc.IActionResult] GetRecentMessages() on controller Portfolio_Management_System.Controllers.AdminController (Portfolio Management System).
2026-06-29 02:17:09.677 +05:30 [INF] Executing JsonResult, writing value of type 'System.Int32'.
2026-06-29 02:17:09.678 +05:30 [INF] Executing JsonResult, writing value of type 'System.Collections.Generic.List`1[[<>f__AnonymousType17`7[[System.Int32, System.Private.CoreLib, Version=9.0.0.0, Culture=neutral, PublicKeyToken=7cec85d7bea7798e],[System.String, System.Private.CoreLib, Version=9.0.0.0, Culture=neutral, PublicKeyToken=7cec85d7bea7798e],[System.String, System.Private.CoreLib, Version=9.0.0.0, Culture=neutral, PublicKeyToken=7cec85d7bea7798e],[System.String, System.Private.CoreLib, Version=9.0.0.0, Culture=neutral, PublicKeyToken=7cec85d7bea7798e],[System.String, System.Private.CoreLib, Version=9.0.0.0, Culture=neutral, PublicKeyToken=7cec85d7bea7798e],[System.Boolean, System.Private.CoreLib, Version=9.0.0.0, Culture=neutral, PublicKeyToken=7cec85d7bea7798e],[System.DateTime, System.Private.CoreLib, Version=9.0.0.0, Culture=neutral, PublicKeyToken=7cec85d7bea7798e]], Portfolio Management System, Version=1.0.0.0, Culture=neutral, PublicKeyToken=null]]'.
2026-06-29 02:17:09.686 +05:30 [INF] Executed action Portfolio_Management_System.Controllers.AdminController.GetUnreadMessagesCount (Portfolio Management System) in 199.7326ms
2026-06-29 02:17:09.685 +05:30 [INF] Executed action Portfolio_Management_System.Controllers.AdminController.GetRecentMessages (Portfolio Management System) in 192.8277ms
2026-06-29 02:17:09.687 +05:30 [INF] Executed endpoint 'Portfolio_Management_System.Controllers.AdminController.GetUnreadMessagesCount (Portfolio Management System)'
2026-06-29 02:17:09.687 +05:30 [INF] Executed endpoint 'Portfolio_Management_System.Controllers.AdminController.GetRecentMessages (Portfolio Management System)'
2026-06-29 02:17:09.687 +05:30 [INF] HTTP GET /Admin/GetRecentMessages responded 200 in 203.4533 ms
2026-06-29 02:17:09.687 +05:30 [INF] HTTP GET /Admin/GetUnreadMessagesCount responded 200 in 203.0720 ms
2026-06-29 02:17:09.689 +05:30 [INF] Request finished HTTP/2 GET https://localhost:44341/Admin/GetRecentMessages - 200 null application/json; charset=utf-8 219.4575ms
2026-06-29 02:17:09.690 +05:30 [INF] Request finished HTTP/2 GET https://localhost:44341/Admin/GetUnreadMessagesCount - 200 null application/json; charset=utf-8 223.2093ms
2026-06-29 02:17:39.696 +05:30 [INF] Request starting HTTP/2 GET https://localhost:44341/Admin/GetRecentMessages - null null
2026-06-29 02:17:39.702 +05:30 [INF] Request starting HTTP/2 GET https://localhost:44341/Admin/GetUnreadMessagesCount - null null
2026-06-29 02:17:40.031 +05:30 [INF] Executing endpoint 'Portfolio_Management_System.Controllers.AdminController.GetUnreadMessagesCount (Portfolio Management System)'
2026-06-29 02:17:40.031 +05:30 [INF] Executing endpoint 'Portfolio_Management_System.Controllers.AdminController.GetRecentMessages (Portfolio Management System)'
2026-06-29 02:17:40.032 +05:30 [INF] Route matched with {action = "GetUnreadMessagesCount", controller = "Admin"}. Executing controller action with signature System.Threading.Tasks.Task`1[Microsoft.AspNetCore.Mvc.IActionResult] GetUnreadMessagesCount() on controller Portfolio_Management_System.Controllers.AdminController (Portfolio Management System).
2026-06-29 02:17:40.032 +05:30 [INF] Route matched with {action = "GetRecentMessages", controller = "Admin"}. Executing controller action with signature System.Threading.Tasks.Task`1[Microsoft.AspNetCore.Mvc.IActionResult] GetRecentMessages() on controller Portfolio_Management_System.Controllers.AdminController (Portfolio Management System).
2026-06-29 02:17:40.260 +05:30 [INF] Executing JsonResult, writing value of type 'System.Int32'.
2026-06-29 02:17:40.260 +05:30 [INF] Executing JsonResult, writing value of type 'System.Collections.Generic.List`1[[<>f__AnonymousType17`7[[System.Int32, System.Private.CoreLib, Version=9.0.0.0, Culture=neutral, PublicKeyToken=7cec85d7bea7798e],[System.String, System.Private.CoreLib, Version=9.0.0.0, Culture=neutral, PublicKeyToken=7cec85d7bea7798e],[System.String, System.Private.CoreLib, Version=9.0.0.0, Culture=neutral, PublicKeyToken=7cec85d7bea7798e],[System.String, System.Private.CoreLib, Version=9.0.0.0, Culture=neutral, PublicKeyToken=7cec85d7bea7798e],[System.String, System.Private.CoreLib, Version=9.0.0.0, Culture=neutral, PublicKeyToken=7cec85d7bea7798e],[System.Boolean, System.Private.CoreLib, Version=9.0.0.0, Culture=neutral, PublicKeyToken=7cec85d7bea7798e],[System.DateTime, System.Private.CoreLib, Version=9.0.0.0, Culture=neutral, PublicKeyToken=7cec85d7bea7798e]], Portfolio Management System, Version=1.0.0.0, Culture=neutral, PublicKeyToken=null]]'.
2026-06-29 02:17:40.341 +05:30 [INF] Executed action Portfolio_Management_System.Controllers.AdminController.GetRecentMessages (Portfolio Management System) in 302.7097ms
2026-06-29 02:17:40.341 +05:30 [INF] Executed endpoint 'Portfolio_Management_System.Controllers.AdminController.GetRecentMessages (Portfolio Management System)'
2026-06-29 02:17:40.342 +05:30 [INF] HTTP GET /Admin/GetRecentMessages responded 200 in 636.4867 ms
2026-06-29 02:17:40.352 +05:30 [INF] Request finished HTTP/2 GET https://localhost:44341/Admin/GetRecentMessages - 200 null application/json; charset=utf-8 659.7301ms
2026-06-29 02:17:40.361 +05:30 [INF] Executed action Portfolio_Management_System.Controllers.AdminController.GetUnreadMessagesCount (Portfolio Management System) in 304.9354ms
2026-06-29 02:17:40.361 +05:30 [INF] Executed endpoint 'Portfolio_Management_System.Controllers.AdminController.GetUnreadMessagesCount (Portfolio Management System)'
2026-06-29 02:17:40.361 +05:30 [INF] HTTP GET /Admin/GetUnreadMessagesCount responded 200 in 654.9247 ms
2026-06-29 02:17:40.361 +05:30 [INF] Request finished HTTP/2 GET https://localhost:44341/Admin/GetUnreadMessagesCount - 200 null application/json; charset=utf-8 673.39ms
2026-06-29 02:18:09.561 +05:30 [INF] Request starting HTTP/2 GET https://localhost:44341/Admin/GetRecentMessages - null null
2026-06-29 02:18:09.561 +05:30 [INF] Request starting HTTP/2 GET https://localhost:44341/Admin/GetUnreadMessagesCount - null null
2026-06-29 02:18:09.610 +05:30 [INF] Executing endpoint 'Portfolio_Management_System.Controllers.AdminController.GetUnreadMessagesCount (Portfolio Management System)'
2026-06-29 02:18:09.610 +05:30 [INF] Executing endpoint 'Portfolio_Management_System.Controllers.AdminController.GetRecentMessages (Portfolio Management System)'
2026-06-29 02:18:09.617 +05:30 [INF] Route matched with {action = "GetUnreadMessagesCount", controller = "Admin"}. Executing controller action with signature System.Threading.Tasks.Task`1[Microsoft.AspNetCore.Mvc.IActionResult] GetUnreadMessagesCount() on controller Portfolio_Management_System.Controllers.AdminController (Portfolio Management System).
2026-06-29 02:18:09.618 +05:30 [INF] Route matched with {action = "GetRecentMessages", controller = "Admin"}. Executing controller action with signature System.Threading.Tasks.Task`1[Microsoft.AspNetCore.Mvc.IActionResult] GetRecentMessages() on controller Portfolio_Management_System.Controllers.AdminController (Portfolio Management System).
2026-06-29 02:18:09.989 +05:30 [INF] Executing JsonResult, writing value of type 'System.Int32'.
2026-06-29 02:18:09.989 +05:30 [INF] Executing JsonResult, writing value of type 'System.Collections.Generic.List`1[[<>f__AnonymousType17`7[[System.Int32, System.Private.CoreLib, Version=9.0.0.0, Culture=neutral, PublicKeyToken=7cec85d7bea7798e],[System.String, System.Private.CoreLib, Version=9.0.0.0, Culture=neutral, PublicKeyToken=7cec85d7bea7798e],[System.String, System.Private.CoreLib, Version=9.0.0.0, Culture=neutral, PublicKeyToken=7cec85d7bea7798e],[System.String, System.Private.CoreLib, Version=9.0.0.0, Culture=neutral, PublicKeyToken=7cec85d7bea7798e],[System.String, System.Private.CoreLib, Version=9.0.0.0, Culture=neutral, PublicKeyToken=7cec85d7bea7798e],[System.Boolean, System.Private.CoreLib, Version=9.0.0.0, Culture=neutral, PublicKeyToken=7cec85d7bea7798e],[System.DateTime, System.Private.CoreLib, Version=9.0.0.0, Culture=neutral, PublicKeyToken=7cec85d7bea7798e]], Portfolio Management System, Version=1.0.0.0, Culture=neutral, PublicKeyToken=null]]'.
2026-06-29 02:18:10.001 +05:30 [INF] Executed action Portfolio_Management_System.Controllers.AdminController.GetUnreadMessagesCount (Portfolio Management System) in 382.5438ms
2026-06-29 02:18:10.002 +05:30 [INF] Executed endpoint 'Portfolio_Management_System.Controllers.AdminController.GetUnreadMessagesCount (Portfolio Management System)'
2026-06-29 02:18:10.002 +05:30 [INF] Executed action Portfolio_Management_System.Controllers.AdminController.GetRecentMessages (Portfolio Management System) in 382.2028ms
2026-06-29 02:18:10.003 +05:30 [INF] Executed endpoint 'Portfolio_Management_System.Controllers.AdminController.GetRecentMessages (Portfolio Management System)'
2026-06-29 02:18:10.003 +05:30 [INF] HTTP GET /Admin/GetUnreadMessagesCount responded 200 in 421.1182 ms
2026-06-29 02:18:10.005 +05:30 [INF] HTTP GET /Admin/GetRecentMessages responded 200 in 422.3967 ms
2026-06-29 02:18:10.006 +05:30 [INF] Request finished HTTP/2 GET https://localhost:44341/Admin/GetUnreadMessagesCount - 200 null application/json; charset=utf-8 465.2844ms
2026-06-29 02:18:10.006 +05:30 [INF] Request finished HTTP/2 GET https://localhost:44341/Admin/GetRecentMessages - 200 null application/json; charset=utf-8 465.2324ms
2026-06-29 02:18:39.485 +05:30 [INF] Request starting HTTP/2 GET https://localhost:44341/Admin/GetRecentMessages - null null
2026-06-29 02:18:39.486 +05:30 [INF] Executing endpoint 'Portfolio_Management_System.Controllers.AdminController.GetRecentMessages (Portfolio Management System)'
2026-06-29 02:18:39.487 +05:30 [INF] Route matched with {action = "GetRecentMessages", controller = "Admin"}. Executing controller action with signature System.Threading.Tasks.Task`1[Microsoft.AspNetCore.Mvc.IActionResult] GetRecentMessages() on controller Portfolio_Management_System.Controllers.AdminController (Portfolio Management System).
2026-06-29 02:18:39.558 +05:30 [INF] Request starting HTTP/2 GET https://localhost:44341/Admin/GetUnreadMessagesCount - null null
2026-06-29 02:18:39.574 +05:30 [INF] Executing endpoint 'Portfolio_Management_System.Controllers.AdminController.GetUnreadMessagesCount (Portfolio Management System)'
2026-06-29 02:18:39.575 +05:30 [INF] Route matched with {action = "GetUnreadMessagesCount", controller = "Admin"}. Executing controller action with signature System.Threading.Tasks.Task`1[Microsoft.AspNetCore.Mvc.IActionResult] GetUnreadMessagesCount() on controller Portfolio_Management_System.Controllers.AdminController (Portfolio Management System).
2026-06-29 02:18:39.670 +05:30 [INF] Executing JsonResult, writing value of type 'System.Collections.Generic.List`1[[<>f__AnonymousType17`7[[System.Int32, System.Private.CoreLib, Version=9.0.0.0, Culture=neutral, PublicKeyToken=7cec85d7bea7798e],[System.String, System.Private.CoreLib, Version=9.0.0.0, Culture=neutral, PublicKeyToken=7cec85d7bea7798e],[System.String, System.Private.CoreLib, Version=9.0.0.0, Culture=neutral, PublicKeyToken=7cec85d7bea7798e],[System.String, System.Private.CoreLib, Version=9.0.0.0, Culture=neutral, PublicKeyToken=7cec85d7bea7798e],[System.String, System.Private.CoreLib, Version=9.0.0.0, Culture=neutral, PublicKeyToken=7cec85d7bea7798e],[System.Boolean, System.Private.CoreLib, Version=9.0.0.0, Culture=neutral, PublicKeyToken=7cec85d7bea7798e],[System.DateTime, System.Private.CoreLib, Version=9.0.0.0, Culture=neutral, PublicKeyToken=7cec85d7bea7798e]], Portfolio Management System, Version=1.0.0.0, Culture=neutral, PublicKeyToken=null]]'.
2026-06-29 02:18:39.676 +05:30 [INF] Executed action Portfolio_Management_System.Controllers.AdminController.GetRecentMessages (Portfolio Management System) in 186.5781ms
2026-06-29 02:18:39.676 +05:30 [INF] Executed endpoint 'Portfolio_Management_System.Controllers.AdminController.GetRecentMessages (Portfolio Management System)'
2026-06-29 02:18:39.677 +05:30 [INF] HTTP GET /Admin/GetRecentMessages responded 200 in 190.8554 ms
2026-06-29 02:18:39.677 +05:30 [INF] Request finished HTTP/2 GET https://localhost:44341/Admin/GetRecentMessages - 200 null application/json; charset=utf-8 191.9031ms
2026-06-29 02:18:39.749 +05:30 [INF] Executing JsonResult, writing value of type 'System.Int32'.
2026-06-29 02:18:39.752 +05:30 [INF] Executed action Portfolio_Management_System.Controllers.AdminController.GetUnreadMessagesCount (Portfolio Management System) in 176.3375ms
2026-06-29 02:18:39.752 +05:30 [INF] Executed endpoint 'Portfolio_Management_System.Controllers.AdminController.GetUnreadMessagesCount (Portfolio Management System)'
2026-06-29 02:18:39.752 +05:30 [INF] HTTP GET /Admin/GetUnreadMessagesCount responded 200 in 179.2754 ms
2026-06-29 02:18:39.752 +05:30 [INF] Request finished HTTP/2 GET https://localhost:44341/Admin/GetUnreadMessagesCount - 200 null application/json; charset=utf-8 194.5743ms
2026-06-29 02:19:09.934 +05:30 [INF] Request starting HTTP/2 GET https://localhost:44341/Admin/GetUnreadMessagesCount - null null
2026-06-29 02:19:09.934 +05:30 [INF] Request starting HTTP/2 GET https://localhost:44341/Admin/GetRecentMessages - null null
2026-06-29 02:19:10.190 +05:30 [INF] Executing endpoint 'Portfolio_Management_System.Controllers.AdminController.GetUnreadMessagesCount (Portfolio Management System)'
2026-06-29 02:19:10.190 +05:30 [INF] Executing endpoint 'Portfolio_Management_System.Controllers.AdminController.GetRecentMessages (Portfolio Management System)'
2026-06-29 02:19:10.210 +05:30 [INF] Route matched with {action = "GetUnreadMessagesCount", controller = "Admin"}. Executing controller action with signature System.Threading.Tasks.Task`1[Microsoft.AspNetCore.Mvc.IActionResult] GetUnreadMessagesCount() on controller Portfolio_Management_System.Controllers.AdminController (Portfolio Management System).
2026-06-29 02:19:10.210 +05:30 [INF] Route matched with {action = "GetRecentMessages", controller = "Admin"}. Executing controller action with signature System.Threading.Tasks.Task`1[Microsoft.AspNetCore.Mvc.IActionResult] GetRecentMessages() on controller Portfolio_Management_System.Controllers.AdminController (Portfolio Management System).
2026-06-29 02:19:10.452 +05:30 [INF] Executing JsonResult, writing value of type 'System.Int32'.
2026-06-29 02:19:10.453 +05:30 [INF] Executing JsonResult, writing value of type 'System.Collections.Generic.List`1[[<>f__AnonymousType17`7[[System.Int32, System.Private.CoreLib, Version=9.0.0.0, Culture=neutral, PublicKeyToken=7cec85d7bea7798e],[System.String, System.Private.CoreLib, Version=9.0.0.0, Culture=neutral, PublicKeyToken=7cec85d7bea7798e],[System.String, System.Private.CoreLib, Version=9.0.0.0, Culture=neutral, PublicKeyToken=7cec85d7bea7798e],[System.String, System.Private.CoreLib, Version=9.0.0.0, Culture=neutral, PublicKeyToken=7cec85d7bea7798e],[System.String, System.Private.CoreLib, Version=9.0.0.0, Culture=neutral, PublicKeyToken=7cec85d7bea7798e],[System.Boolean, System.Private.CoreLib, Version=9.0.0.0, Culture=neutral, PublicKeyToken=7cec85d7bea7798e],[System.DateTime, System.Private.CoreLib, Version=9.0.0.0, Culture=neutral, PublicKeyToken=7cec85d7bea7798e]], Portfolio Management System, Version=1.0.0.0, Culture=neutral, PublicKeyToken=null]]'.
2026-06-29 02:19:10.463 +05:30 [INF] Executed action Portfolio_Management_System.Controllers.AdminController.GetRecentMessages (Portfolio Management System) in 251.8374ms
2026-06-29 02:19:10.464 +05:30 [INF] Executed action Portfolio_Management_System.Controllers.AdminController.GetUnreadMessagesCount (Portfolio Management System) in 251.8713ms
2026-06-29 02:19:10.464 +05:30 [INF] Executed endpoint 'Portfolio_Management_System.Controllers.AdminController.GetRecentMessages (Portfolio Management System)'
2026-06-29 02:19:10.465 +05:30 [INF] Executed endpoint 'Portfolio_Management_System.Controllers.AdminController.GetUnreadMessagesCount (Portfolio Management System)'
2026-06-29 02:19:10.466 +05:30 [INF] HTTP GET /Admin/GetRecentMessages responded 200 in 502.6682 ms
2026-06-29 02:19:10.466 +05:30 [INF] HTTP GET /Admin/GetUnreadMessagesCount responded 200 in 502.6315 ms
2026-06-29 02:19:10.469 +05:30 [INF] Request finished HTTP/2 GET https://localhost:44341/Admin/GetUnreadMessagesCount - 200 null application/json; charset=utf-8 707.9801ms
2026-06-29 02:19:10.469 +05:30 [INF] Request finished HTTP/2 GET https://localhost:44341/Admin/GetRecentMessages - 200 null application/json; charset=utf-8 708.0229ms
2026-06-29 02:21:39.795 +05:30 [WRN] JWT SecretKey missing in configuration. JWT Auth not configured.
2026-06-29 02:21:47.334 +05:30 [INF] Executed DbCommand (305ms) [Parameters=[], CommandType='"Text"', CommandTimeout='30']
SELECT 1
2026-06-29 02:21:47.383 +05:30 [INF] Acquiring an exclusive lock for migration application. See https://aka.ms/efcore-docs-migrations-lock for more information if this takes too long.
2026-06-29 02:21:47.608 +05:30 [INF] Executed DbCommand (213ms) [Parameters=[], CommandType='"Text"', CommandTimeout='30']
DECLARE @result int;
EXEC @result = sp_getapplock @Resource = '__EFMigrationsLock', @LockOwner = 'Session', @LockMode = 'Exclusive';
SELECT @result
2026-06-29 02:21:48.169 +05:30 [INF] Executed DbCommand (174ms) [Parameters=[], CommandType='"Text"', CommandTimeout='30']
IF OBJECT_ID(N'[__EFMigrationsHistory]') IS NULL
BEGIN
    CREATE TABLE [__EFMigrationsHistory] (
        [MigrationId] nvarchar(150) NOT NULL,
        [ProductVersion] nvarchar(32) NOT NULL,
        CONSTRAINT [PK___EFMigrationsHistory] PRIMARY KEY ([MigrationId])
    );
END;
2026-06-29 02:21:48.715 +05:30 [INF] Executed DbCommand (170ms) [Parameters=[], CommandType='"Text"', CommandTimeout='30']
SELECT 1
2026-06-29 02:21:48.885 +05:30 [INF] Executed DbCommand (170ms) [Parameters=[], CommandType='"Text"', CommandTimeout='30']
SELECT OBJECT_ID(N'[__EFMigrationsHistory]');
2026-06-29 02:21:49.079 +05:30 [INF] Executed DbCommand (175ms) [Parameters=[], CommandType='"Text"', CommandTimeout='30']
SELECT [MigrationId], [ProductVersion]
FROM [__EFMigrationsHistory]
ORDER BY [MigrationId];
2026-06-29 02:21:49.171 +05:30 [INF] Applying migration '20260628163009_InitialCreate'.
2026-06-29 02:21:49.603 +05:30 [ERR] Failed executing DbCommand (197ms) [Parameters=[], CommandType='"Text"', CommandTimeout='30']
CREATE TABLE [TrendTopics] (
    [Id] int NOT NULL IDENTITY,
    [Title] nvarchar(500) NOT NULL,
    [Source] nvarchar(100) NOT NULL,
    [PopularityScore] decimal(10,4) NOT NULL,
    [CompetitionScore] decimal(10,4) NOT NULL,
    [ViralityScore] decimal(10,4) NOT NULL,
    [Keywords] nvarchar(2000) NOT NULL,
    [Category] nvarchar(200) NOT NULL,
    [IsSelected] bit NOT NULL,
    [FetchedAt] datetime2 NOT NULL,
    [SelectedAt] datetime2 NULL,
    CONSTRAINT [PK_TrendTopics] PRIMARY KEY ([Id])
);
2026-06-29 02:21:50.036 +05:30 [WRN] Migration skipped: There is already an object named 'TrendTopics' in the database.
2026-06-29 02:21:51.228 +05:30 [INF] Started Python AI Server automatically in a new window.
2026-06-29 02:21:51.229 +05:30 [INF] Unified API starting on Development
2026-06-29 02:21:51.337 +05:30 [INF] User profile is available. Using 'C:\Users\ak731\AppData\Local\ASP.NET\DataProtection-Keys' as key repository and Windows DPAPI to encrypt keys at rest.
2026-06-29 02:21:51.421 +05:30 [INF] Gallery Auto-Uploader Background Service started.
2026-06-29 02:21:51.421 +05:30 [INF] Daily YouTube Video Generator & Uploader Service started.
2026-06-29 02:21:51.465 +05:30 [INF] Starting daily video generation...
2026-06-29 02:21:51.581 +05:30 [INF] Start processing HTTP request GET https://images.unsplash.com/photo-1542831371-29b0f74f9713?*
2026-06-29 02:21:51.580 +05:30 [INF] Start processing HTTP request GET https://www.youtube.com/@CodeCrafters42
2026-06-29 02:21:51.596 +05:30 [INF] Sending HTTP request GET https://www.youtube.com/@CodeCrafters42
2026-06-29 02:21:51.596 +05:30 [INF] Sending HTTP request GET https://images.unsplash.com/photo-1542831371-29b0f74f9713?*
2026-06-29 02:21:51.699 +05:30 [INF] AutoTube Video Automation Background Scheduler started. Scheduled for 9:00 AM daily.
2026-06-29 02:21:51.703 +05:30 [INF] Next video generation cycle scheduled at "2026-06-29T09:00:00.0000000" (in 6.64 hours).
2026-06-29 02:21:52.992 +05:30 [INF] Received HTTP response headers after 1322.4156ms - 200
2026-06-29 02:21:53.050 +05:30 [INF] End processing HTTP request after 1496.0864ms - 200
2026-06-29 02:21:53.122 +05:30 [INF] Received HTTP response headers after 1525.4506ms - 404
2026-06-29 02:21:53.129 +05:30 [INF] End processing HTTP request after 1572.4366ms - 404
2026-06-29 02:21:53.433 +05:30 [INF] Request starting HTTP/2 GET https://localhost:44341/ - null null
2026-06-29 02:21:53.423 +05:30 [INF] Request starting HTTP/2 GET https://localhost:44341/Admin/Login - null null
2026-06-29 02:21:53.362 +05:30 [ERR] Error while executing FFmpeg video creation.
System.ComponentModel.Win32Exception (2): An error occurred trying to start process 'ffmpeg' with working directory 'C:\Users\ak731\Desktop\DSA\Portfolio Management System'. The system cannot find the file specified.
   at System.Diagnostics.Process.StartWithCreateProcess(ProcessStartInfo startInfo)
   at System.Diagnostics.Process.Start(ProcessStartInfo startInfo)
   at Portfolio_Management_System.Services.DailyYoutubeUploaderService.GenerateVideoFileAsync(String topic, String outputPath) in C:\Users\ak731\Desktop\DSA\Portfolio Management System\Services\DailyYoutubeUploaderService.cs:line 142
2026-06-29 02:21:53.712 +05:30 [ERR] Failed to generate video file. Skipping upload.
2026-06-29 02:21:54.214 +05:30 [INF] Executing endpoint 'Portfolio_Management_System.Controllers.HomeController.Index (Portfolio Management System)'
2026-06-29 02:21:54.214 +05:30 [INF] Application started. Press Ctrl+C to shut down.
2026-06-29 02:21:54.215 +05:30 [INF] Hosting environment: Development
2026-06-29 02:21:54.215 +05:30 [INF] Content root path: C:\Users\ak731\Desktop\DSA\Portfolio Management System
2026-06-29 02:21:54.208 +05:30 [INF] Executing endpoint 'Portfolio_Management_System.Controllers.AdminController.Login (Portfolio Management System)'
2026-06-29 02:21:54.416 +05:30 [INF] Route matched with {action = "Login", controller = "Admin"}. Executing controller action with signature Microsoft.AspNetCore.Mvc.IActionResult Login() on controller Portfolio_Management_System.Controllers.AdminController (Portfolio Management System).
2026-06-29 02:21:54.405 +05:30 [INF] Route matched with {action = "Index", controller = "Home"}. Executing controller action with signature System.Threading.Tasks.Task`1[Microsoft.AspNetCore.Mvc.IActionResult] Index() on controller Portfolio_Management_System.Controllers.HomeController (Portfolio Management System).
2026-06-29 02:21:54.470 +05:30 [INF] Accessing expired session, Key:2ae8fda7-e9c6-fe47-02c7-2aa409e35f42
2026-06-29 02:21:54.830 +05:30 [INF] Executing ViewResult, running view Login.
2026-06-29 02:21:56.238 +05:30 [INF] Executing ViewResult, running view Index.
2026-06-29 02:21:56.717 +05:30 [INF] Executed ViewResult - view Login executed in 2107.4713ms.
2026-06-29 02:21:56.727 +05:30 [INF] Executed action Portfolio_Management_System.Controllers.AdminController.Login (Portfolio Management System) in 2302.0764ms
2026-06-29 02:21:56.732 +05:30 [INF] Executed endpoint 'Portfolio_Management_System.Controllers.AdminController.Login (Portfolio Management System)'
2026-06-29 02:21:56.878 +05:30 [INF] HTTP GET /Admin/Login responded 200 in 3081.7361 ms
2026-06-29 02:21:57.031 +05:30 [INF] Request starting HTTP/2 GET https://localhost:44341/css/admin.css?v=639182965157489166 - null null
2026-06-29 02:21:57.031 +05:30 [INF] Request starting HTTP/2 GET https://localhost:44341/_framework/aspnetcore-browser-refresh.js - null null
2026-06-29 02:21:57.043 +05:30 [INF] Accessing expired session, Key:2ae8fda7-e9c6-fe47-02c7-2aa409e35f42
2026-06-29 02:21:57.045 +05:30 [INF] Request finished HTTP/2 GET https://localhost:44341/Admin/Login - 200 null text/html; charset=utf-8 3917.0267ms
2026-06-29 02:21:57.103 +05:30 [INF] Request finished HTTP/2 GET https://localhost:44341/_framework/aspnetcore-browser-refresh.js - 200 16539 application/javascript; charset=utf-8 66.4348ms
2026-06-29 02:21:57.252 +05:30 [INF] Executed ViewResult - view Index executed in 1019.2195ms.
2026-06-29 02:21:57.276 +05:30 [INF] Executed action Portfolio_Management_System.Controllers.HomeController.Index (Portfolio Management System) in 2857.3488ms
2026-06-29 02:21:57.295 +05:30 [INF] Executed endpoint 'Portfolio_Management_System.Controllers.HomeController.Index (Portfolio Management System)'
2026-06-29 02:21:57.305 +05:30 [INF] HTTP GET / responded 200 in 3573.8643 ms
2026-06-29 02:21:57.330 +05:30 [INF] Sending file. Request path: '/css/admin.css'. Physical path: 'C:\Users\ak731\Desktop\DSA\Portfolio Management System\wwwroot\css\admin.css'
2026-06-29 02:21:57.337 +05:30 [INF] HTTP GET /css/admin.css responded 200 in 298.5099 ms
2026-06-29 02:21:57.343 +05:30 [INF] Request finished HTTP/2 GET https://localhost:44341/css/admin.css?v=639182965157489166 - 200 19854 text/css 311.2248ms
2026-06-29 02:21:57.346 +05:30 [INF] Request finished HTTP/2 GET https://localhost:44341/ - 200 null text/html; charset=utf-8 4229.1773ms
2026-06-29 02:21:58.618 +05:30 [INF] Request starting HTTP/2 GET https://localhost:44341/_vs/browserLink - null null
2026-06-29 02:21:58.627 +05:30 [INF] Request starting HTTP/2 GET https://localhost:44341/_framework/aspnetcore-browser-refresh.js - null null
2026-06-29 02:21:58.638 +05:30 [INF] Request finished HTTP/2 GET https://localhost:44341/_framework/aspnetcore-browser-refresh.js - 200 16539 application/javascript; charset=utf-8 1.9393ms
2026-06-29 02:21:58.898 +05:30 [INF] Request finished HTTP/2 GET https://localhost:44341/_vs/browserLink - 200 null text/javascript; charset=UTF-8 280.0719ms
2026-06-29 02:22:02.314 +05:30 [INF] Request starting HTTP/2 POST https://localhost:44341/Admin/Login - application/x-www-form-urlencoded 217
2026-06-29 02:22:02.371 +05:30 [INF] CORS policy execution successful.
2026-06-29 02:22:02.383 +05:30 [INF] Executing endpoint 'Portfolio_Management_System.Controllers.AdminController.Login (Portfolio Management System)'
2026-06-29 02:22:02.455 +05:30 [INF] Route matched with {action = "Login", controller = "Admin"}. Executing controller action with signature System.Threading.Tasks.Task`1[Microsoft.AspNetCore.Mvc.IActionResult] Login(Portfolio_Management_System.Models.AdminLoginModel) on controller Portfolio_Management_System.Controllers.AdminController (Portfolio Management System).
2026-06-29 02:22:02.812 +05:30 [INF] Accessing expired session, Key:2ae8fda7-e9c6-fe47-02c7-2aa409e35f42
2026-06-29 02:22:02.832 +05:30 [INF] Executing RedirectResult, redirecting to /Admin/Dashboard.
2026-06-29 02:22:02.834 +05:30 [INF] Executed action Portfolio_Management_System.Controllers.AdminController.Login (Portfolio Management System) in 377.5357ms
2026-06-29 02:22:02.834 +05:30 [INF] Executed endpoint 'Portfolio_Management_System.Controllers.AdminController.Login (Portfolio Management System)'
2026-06-29 02:22:02.843 +05:30 [INF] Session started; Key:2ae8fda7-e9c6-fe47-02c7-2aa409e35f42, Id:0bf8893a-af3f-274a-8647-6e95b3fa5a0f
2026-06-29 02:22:02.864 +05:30 [INF] HTTP POST /Admin/Login responded 302 in 519.8238 ms
2026-06-29 02:22:02.879 +05:30 [INF] Request finished HTTP/2 POST https://localhost:44341/Admin/Login - 302 null null 565.5144ms
2026-06-29 02:22:02.902 +05:30 [INF] Request starting HTTP/2 GET https://localhost:44341/Admin/Dashboard - null null
2026-06-29 02:22:03.064 +05:30 [INF] Executing endpoint 'Portfolio_Management_System.Controllers.AdminController.Dashboard (Portfolio Management System)'
2026-06-29 02:22:03.093 +05:30 [INF] Route matched with {action = "Dashboard", controller = "Admin"}. Executing controller action with signature System.Threading.Tasks.Task`1[Microsoft.AspNetCore.Mvc.IActionResult] Dashboard() on controller Portfolio_Management_System.Controllers.AdminController (Portfolio Management System).
2026-06-29 02:22:04.494 +05:30 [ERR] Error getting recent messages
System.InvalidCastException: Unable to cast object of type 'System.Boolean' to type 'System.DateTime'.
   at Microsoft.Data.SqlClient.SqlBuffer.get_DateTime()
   at Microsoft.Data.SqlClient.SqlDataReader.GetDateTime(Int32 i)
   at Portfolio_Management_System.DAL.DbHelper.GetRecentMessagesAsync(Int32 count) in C:\Users\ak731\Desktop\DSA\Portfolio Management System\DAL\DbHelper.cs:line 1441
2026-06-29 02:22:05.056 +05:30 [ERR] Error getting recent visitors
System.InvalidCastException: Unable to cast object of type 'System.DateTime' to type 'System.Int32'.
   at Microsoft.Data.SqlClient.SqlBuffer.get_Int32()
   at Microsoft.Data.SqlClient.SqlDataReader.GetInt32(Int32 i)
   at Portfolio_Management_System.DAL.DbHelper.GetRecentVisitorsAsync(Int32 count) in C:\Users\ak731\Desktop\DSA\Portfolio Management System\DAL\DbHelper.cs:line 1482
2026-06-29 02:22:06.298 +05:30 [INF] Executing ViewResult, running view Dashboard.
2026-06-29 02:22:06.577 +05:30 [INF] Executed ViewResult - view Dashboard executed in 280.7813ms.
2026-06-29 02:22:06.578 +05:30 [INF] Executed action Portfolio_Management_System.Controllers.AdminController.Dashboard (Portfolio Management System) in 3484.3874ms
2026-06-29 02:22:06.578 +05:30 [INF] Executed endpoint 'Portfolio_Management_System.Controllers.AdminController.Dashboard (Portfolio Management System)'
2026-06-29 02:22:06.579 +05:30 [INF] HTTP GET /Admin/Dashboard responded 200 in 3514.6977 ms
2026-06-29 02:22:06.596 +05:30 [INF] Request finished HTTP/2 GET https://localhost:44341/Admin/Dashboard - 200 null text/html; charset=utf-8 3695.0026ms
2026-06-29 02:22:06.740 +05:30 [INF] Request starting HTTP/2 GET https://localhost:44341/_framework/aspnetcore-browser-refresh.js - null null
2026-06-29 02:22:06.741 +05:30 [INF] Request starting HTTP/2 GET https://localhost:44341/_vs/browserLink - null null
2026-06-29 02:22:06.760 +05:30 [INF] Request starting HTTP/2 GET https://localhost:44341/css/admin.css?v=639182965265150268 - null null
2026-06-29 02:22:06.761 +05:30 [INF] Request finished HTTP/2 GET https://localhost:44341/_framework/aspnetcore-browser-refresh.js - 200 16539 application/javascript; charset=utf-8 25.0852ms
2026-06-29 02:22:06.836 +05:30 [INF] Sending file. Request path: '/css/admin.css'. Physical path: 'C:\Users\ak731\Desktop\DSA\Portfolio Management System\wwwroot\css\admin.css'
2026-06-29 02:22:06.852 +05:30 [INF] HTTP GET /css/admin.css responded 200 in 91.8320 ms
2026-06-29 02:22:06.853 +05:30 [INF] Request finished HTTP/2 GET https://localhost:44341/css/admin.css?v=639182965265150268 - 200 19854 text/css 96.8292ms
2026-06-29 02:22:06.959 +05:30 [INF] Request finished HTTP/2 GET https://localhost:44341/_vs/browserLink - 200 null text/javascript; charset=UTF-8 218.743ms
2026-06-29 02:22:11.094 +05:30 [INF] Request starting HTTP/2 GET https://localhost:44341/Admin/GetUnreadMessagesCount - null null
2026-06-29 02:22:11.095 +05:30 [INF] Request starting HTTP/2 GET https://localhost:44341/Admin/GetRecentMessages - null null
2026-06-29 02:22:11.095 +05:30 [INF] Executing endpoint 'Portfolio_Management_System.Controllers.AdminController.GetUnreadMessagesCount (Portfolio Management System)'
2026-06-29 02:22:11.095 +05:30 [INF] Executing endpoint 'Portfolio_Management_System.Controllers.AdminController.GetRecentMessages (Portfolio Management System)'
2026-06-29 02:22:11.099 +05:30 [INF] Request starting HTTP/2 GET https://localhost:44341/Admin/GetExperienceDetails - null null
2026-06-29 02:22:11.099 +05:30 [INF] Executing endpoint 'Portfolio_Management_System.Controllers.AdminController.GetExperienceDetails (Portfolio Management System)'
2026-06-29 02:22:11.118 +05:30 [INF] Route matched with {action = "GetUnreadMessagesCount", controller = "Admin"}. Executing controller action with signature System.Threading.Tasks.Task`1[Microsoft.AspNetCore.Mvc.IActionResult] GetUnreadMessagesCount() on controller Portfolio_Management_System.Controllers.AdminController (Portfolio Management System).
2026-06-29 02:22:11.119 +05:30 [INF] Route matched with {action = "GetRecentMessages", controller = "Admin"}. Executing controller action with signature System.Threading.Tasks.Task`1[Microsoft.AspNetCore.Mvc.IActionResult] GetRecentMessages() on controller Portfolio_Management_System.Controllers.AdminController (Portfolio Management System).
2026-06-29 02:22:11.119 +05:30 [INF] Route matched with {action = "GetExperienceDetails", controller = "Admin"}. Executing controller action with signature System.Threading.Tasks.Task`1[Microsoft.AspNetCore.Mvc.IActionResult] GetExperienceDetails() on controller Portfolio_Management_System.Controllers.AdminController (Portfolio Management System).
2026-06-29 02:22:11.331 +05:30 [INF] Executing JsonResult, writing value of type 'System.Collections.Generic.List`1[[<>f__AnonymousType17`7[[System.Int32, System.Private.CoreLib, Version=9.0.0.0, Culture=neutral, PublicKeyToken=7cec85d7bea7798e],[System.String, System.Private.CoreLib, Version=9.0.0.0, Culture=neutral, PublicKeyToken=7cec85d7bea7798e],[System.String, System.Private.CoreLib, Version=9.0.0.0, Culture=neutral, PublicKeyToken=7cec85d7bea7798e],[System.String, System.Private.CoreLib, Version=9.0.0.0, Culture=neutral, PublicKeyToken=7cec85d7bea7798e],[System.String, System.Private.CoreLib, Version=9.0.0.0, Culture=neutral, PublicKeyToken=7cec85d7bea7798e],[System.Boolean, System.Private.CoreLib, Version=9.0.0.0, Culture=neutral, PublicKeyToken=7cec85d7bea7798e],[System.DateTime, System.Private.CoreLib, Version=9.0.0.0, Culture=neutral, PublicKeyToken=7cec85d7bea7798e]], Portfolio Management System, Version=1.0.0.0, Culture=neutral, PublicKeyToken=null]]'.
2026-06-29 02:22:11.332 +05:30 [INF] Executing JsonResult, writing value of type 'System.Int32'.
2026-06-29 02:22:11.359 +05:30 [INF] Executed action Portfolio_Management_System.Controllers.AdminController.GetUnreadMessagesCount (Portfolio Management System) in 240.5675ms
2026-06-29 02:22:11.360 +05:30 [INF] Executed endpoint 'Portfolio_Management_System.Controllers.AdminController.GetUnreadMessagesCount (Portfolio Management System)'
2026-06-29 02:22:11.360 +05:30 [INF] HTTP GET /Admin/GetUnreadMessagesCount responded 200 in 264.9782 ms
2026-06-29 02:22:11.363 +05:30 [INF] Request finished HTTP/2 GET https://localhost:44341/Admin/GetUnreadMessagesCount - 200 null application/json; charset=utf-8 269.1436ms
2026-06-29 02:22:11.380 +05:30 [INF] Executed action Portfolio_Management_System.Controllers.AdminController.GetRecentMessages (Portfolio Management System) in 260.6801ms
2026-06-29 02:22:11.380 +05:30 [INF] Executed endpoint 'Portfolio_Management_System.Controllers.AdminController.GetRecentMessages (Portfolio Management System)'
2026-06-29 02:22:11.380 +05:30 [INF] HTTP GET /Admin/GetRecentMessages responded 200 in 285.0959 ms
2026-06-29 02:22:11.380 +05:30 [INF] Request finished HTTP/2 GET https://localhost:44341/Admin/GetRecentMessages - 200 null application/json; charset=utf-8 285.7381ms
2026-06-29 02:22:12.212 +05:30 [INF] Executing JsonResult, writing value of type '<>f__AnonymousType14`10[[System.Boolean, System.Private.CoreLib, Version=9.0.0.0, Culture=neutral, PublicKeyToken=7cec85d7bea7798e],[System.Int32, System.Private.CoreLib, Version=9.0.0.0, Culture=neutral, PublicKeyToken=7cec85d7bea7798e],[System.String, System.Private.CoreLib, Version=9.0.0.0, Culture=neutral, PublicKeyToken=7cec85d7bea7798e],[System.String, System.Private.CoreLib, Version=9.0.0.0, Culture=neutral, PublicKeyToken=7cec85d7bea7798e],[System.String, System.Private.CoreLib, Version=9.0.0.0, Culture=neutral, PublicKeyToken=7cec85d7bea7798e],[System.Int32, System.Private.CoreLib, Version=9.0.0.0, Culture=neutral, PublicKeyToken=7cec85d7bea7798e],[System.Int32, System.Private.CoreLib, Version=9.0.0.0, Culture=neutral, PublicKeyToken=7cec85d7bea7798e],[System.Int32, System.Private.CoreLib, Version=9.0.0.0, Culture=neutral, PublicKeyToken=7cec85d7bea7798e],[System.Int32, System.Private.CoreLib, Version=9.0.0.0, Culture=neutral, PublicKeyToken=7cec85d7bea7798e],[System.Int32, System.Private.CoreLib, Version=9.0.0.0, Culture=neutral, PublicKeyToken=7cec85d7bea7798e]]'.
2026-06-29 02:22:12.222 +05:30 [INF] Executed action Portfolio_Management_System.Controllers.AdminController.GetExperienceDetails (Portfolio Management System) in 1102.6729ms
2026-06-29 02:22:12.223 +05:30 [INF] Executed endpoint 'Portfolio_Management_System.Controllers.AdminController.GetExperienceDetails (Portfolio Management System)'
2026-06-29 02:22:12.223 +05:30 [INF] HTTP GET /Admin/GetExperienceDetails responded 200 in 1123.7718 ms
2026-06-29 02:22:12.223 +05:30 [INF] Request finished HTTP/2 GET https://localhost:44341/Admin/GetExperienceDetails - 200 null application/json; charset=utf-8 1124.386ms
2026-06-29 02:22:12.827 +05:30 [INF] Request starting HTTP/2 GET https://localhost:44341/Admin/AutoTube/CustomVideo - null null
2026-06-29 02:22:12.836 +05:30 [INF] Executing endpoint 'Portfolio_Management_System.Controllers.AdminAutoTubeController.CustomVideo (Portfolio Management System)'
2026-06-29 02:22:12.844 +05:30 [INF] Route matched with {action = "CustomVideo", controller = "AdminAutoTube"}. Executing controller action with signature Microsoft.AspNetCore.Mvc.IActionResult CustomVideo() on controller Portfolio_Management_System.Controllers.AdminAutoTubeController (Portfolio Management System).
2026-06-29 02:22:12.931 +05:30 [INF] Executing ViewResult, running view ~/Views/Admin/CustomVideo.cshtml.
2026-06-29 02:22:13.147 +05:30 [INF] Executed ViewResult - view ~/Views/Admin/CustomVideo.cshtml executed in 220.5598ms.
2026-06-29 02:22:13.150 +05:30 [INF] Executed action Portfolio_Management_System.Controllers.AdminAutoTubeController.CustomVideo (Portfolio Management System) in 305.8912ms
2026-06-29 02:22:13.150 +05:30 [INF] Executed endpoint 'Portfolio_Management_System.Controllers.AdminAutoTubeController.CustomVideo (Portfolio Management System)'
2026-06-29 02:22:13.150 +05:30 [INF] HTTP GET /Admin/AutoTube/CustomVideo responded 200 in 315.0011 ms
2026-06-29 02:22:13.193 +05:30 [INF] Request starting HTTP/2 GET https://localhost:44341/css/admin.css?v=639182965331436201 - null null
2026-06-29 02:22:13.213 +05:30 [INF] Request starting HTTP/2 GET https://localhost:44341/_framework/aspnetcore-browser-refresh.js - null null
2026-06-29 02:22:13.233 +05:30 [INF] Request finished HTTP/2 GET https://localhost:44341/_framework/aspnetcore-browser-refresh.js - 200 16539 application/javascript; charset=utf-8 20.7099ms
2026-06-29 02:22:13.236 +05:30 [INF] Sending file. Request path: '/css/admin.css'. Physical path: 'C:\Users\ak731\Desktop\DSA\Portfolio Management System\wwwroot\css\admin.css'
2026-06-29 02:22:13.236 +05:30 [INF] HTTP GET /css/admin.css responded 200 in 37.5426 ms
2026-06-29 02:22:13.248 +05:30 [INF] Request finished HTTP/2 GET https://localhost:44341/Admin/AutoTube/CustomVideo - 200 null text/html; charset=utf-8 421.2811ms
2026-06-29 02:22:13.249 +05:30 [INF] Request finished HTTP/2 GET https://localhost:44341/css/admin.css?v=639182965331436201 - 200 19854 text/css 46.1781ms
2026-06-29 02:22:13.510 +05:30 [INF] Request starting HTTP/2 GET https://localhost:44341/_vs/browserLink - null null
2026-06-29 02:22:13.668 +05:30 [INF] Request finished HTTP/2 GET https://localhost:44341/_vs/browserLink - 200 null text/javascript; charset=UTF-8 158.7803ms
2026-06-29 02:22:15.082 +05:30 [INF] Request starting HTTP/2 GET https://localhost:44341/Admin/GetRecentMessages - null null
2026-06-29 02:22:15.083 +05:30 [INF] Executing endpoint 'Portfolio_Management_System.Controllers.AdminController.GetRecentMessages (Portfolio Management System)'
2026-06-29 02:22:15.083 +05:30 [INF] Route matched with {action = "GetRecentMessages", controller = "Admin"}. Executing controller action with signature System.Threading.Tasks.Task`1[Microsoft.AspNetCore.Mvc.IActionResult] GetRecentMessages() on controller Portfolio_Management_System.Controllers.AdminController (Portfolio Management System).
2026-06-29 02:22:15.148 +05:30 [INF] Request starting HTTP/2 GET https://localhost:44341/Admin/GetUnreadMessagesCount - null null
2026-06-29 02:22:15.149 +05:30 [INF] Executing endpoint 'Portfolio_Management_System.Controllers.AdminController.GetUnreadMessagesCount (Portfolio Management System)'
2026-06-29 02:22:15.150 +05:30 [INF] Route matched with {action = "GetUnreadMessagesCount", controller = "Admin"}. Executing controller action with signature System.Threading.Tasks.Task`1[Microsoft.AspNetCore.Mvc.IActionResult] GetUnreadMessagesCount() on controller Portfolio_Management_System.Controllers.AdminController (Portfolio Management System).
2026-06-29 02:22:15.301 +05:30 [INF] Executing JsonResult, writing value of type 'System.Collections.Generic.List`1[[<>f__AnonymousType17`7[[System.Int32, System.Private.CoreLib, Version=9.0.0.0, Culture=neutral, PublicKeyToken=7cec85d7bea7798e],[System.String, System.Private.CoreLib, Version=9.0.0.0, Culture=neutral, PublicKeyToken=7cec85d7bea7798e],[System.String, System.Private.CoreLib, Version=9.0.0.0, Culture=neutral, PublicKeyToken=7cec85d7bea7798e],[System.String, System.Private.CoreLib, Version=9.0.0.0, Culture=neutral, PublicKeyToken=7cec85d7bea7798e],[System.String, System.Private.CoreLib, Version=9.0.0.0, Culture=neutral, PublicKeyToken=7cec85d7bea7798e],[System.Boolean, System.Private.CoreLib, Version=9.0.0.0, Culture=neutral, PublicKeyToken=7cec85d7bea7798e],[System.DateTime, System.Private.CoreLib, Version=9.0.0.0, Culture=neutral, PublicKeyToken=7cec85d7bea7798e]], Portfolio Management System, Version=1.0.0.0, Culture=neutral, PublicKeyToken=null]]'.
2026-06-29 02:22:15.303 +05:30 [INF] Executed action Portfolio_Management_System.Controllers.AdminController.GetRecentMessages (Portfolio Management System) in 219.1688ms
2026-06-29 02:22:15.303 +05:30 [INF] Executed endpoint 'Portfolio_Management_System.Controllers.AdminController.GetRecentMessages (Portfolio Management System)'
2026-06-29 02:22:15.303 +05:30 [INF] HTTP GET /Admin/GetRecentMessages responded 200 in 221.0820 ms
2026-06-29 02:22:15.336 +05:30 [INF] Executing JsonResult, writing value of type 'System.Int32'.
2026-06-29 02:22:15.337 +05:30 [INF] Executed action Portfolio_Management_System.Controllers.AdminController.GetUnreadMessagesCount (Portfolio Management System) in 187.0363ms
2026-06-29 02:22:15.337 +05:30 [INF] Executed endpoint 'Portfolio_Management_System.Controllers.AdminController.GetUnreadMessagesCount (Portfolio Management System)'
2026-06-29 02:22:15.337 +05:30 [INF] HTTP GET /Admin/GetUnreadMessagesCount responded 200 in 188.3954 ms
2026-06-29 02:22:15.338 +05:30 [INF] Request finished HTTP/2 GET https://localhost:44341/Admin/GetUnreadMessagesCount - 200 null application/json; charset=utf-8 189.2318ms
2026-06-29 02:22:15.345 +05:30 [INF] Request finished HTTP/2 GET https://localhost:44341/Admin/GetRecentMessages - 200 null application/json; charset=utf-8 262.9974ms
2026-06-29 02:22:27.581 +05:30 [INF] Request starting HTTP/2 POST https://localhost:44341/Admin/AutoTube/UploadScript - multipart/form-data; boundary=----WebKitFormBoundary8yGPNdAO7FqYxo0U 12842804
2026-06-29 02:22:27.653 +05:30 [INF] CORS policy execution successful.
2026-06-29 02:22:27.680 +05:30 [INF] Executing endpoint 'Portfolio_Management_System.Controllers.AdminAutoTubeController.UploadScript (Portfolio Management System)'
2026-06-29 02:22:27.799 +05:30 [INF] Route matched with {action = "UploadScript", controller = "AdminAutoTube"}. Executing controller action with signature System.Threading.Tasks.Task`1[Microsoft.AspNetCore.Mvc.IActionResult] UploadScript(System.String, Microsoft.AspNetCore.Http.IFormFile) on controller Portfolio_Management_System.Controllers.AdminAutoTubeController (Portfolio Management System).
2026-06-29 02:22:45.242 +05:30 [INF] Request starting HTTP/2 GET https://localhost:44341/Admin/GetRecentMessages - null null
2026-06-29 02:22:45.242 +05:30 [INF] Request starting HTTP/2 GET https://localhost:44341/Admin/GetUnreadMessagesCount - null null
2026-06-29 02:22:45.283 +05:30 [INF] Executing endpoint 'Portfolio_Management_System.Controllers.AdminController.GetRecentMessages (Portfolio Management System)'
2026-06-29 02:22:45.285 +05:30 [INF] Executing endpoint 'Portfolio_Management_System.Controllers.AdminController.GetUnreadMessagesCount (Portfolio Management System)'
2026-06-29 02:22:45.297 +05:30 [INF] Route matched with {action = "GetRecentMessages", controller = "Admin"}. Executing controller action with signature System.Threading.Tasks.Task`1[Microsoft.AspNetCore.Mvc.IActionResult] GetRecentMessages() on controller Portfolio_Management_System.Controllers.AdminController (Portfolio Management System).
2026-06-29 02:22:45.301 +05:30 [INF] Route matched with {action = "GetUnreadMessagesCount", controller = "Admin"}. Executing controller action with signature System.Threading.Tasks.Task`1[Microsoft.AspNetCore.Mvc.IActionResult] GetUnreadMessagesCount() on controller Portfolio_Management_System.Controllers.AdminController (Portfolio Management System).
2026-06-29 02:22:47.929 +05:30 [INF] Executing JsonResult, writing value of type 'System.Int32'.
2026-06-29 02:22:47.929 +05:30 [INF] Executing JsonResult, writing value of type 'System.Collections.Generic.List`1[[<>f__AnonymousType17`7[[System.Int32, System.Private.CoreLib, Version=9.0.0.0, Culture=neutral, PublicKeyToken=7cec85d7bea7798e],[System.String, System.Private.CoreLib, Version=9.0.0.0, Culture=neutral, PublicKeyToken=7cec85d7bea7798e],[System.String, System.Private.CoreLib, Version=9.0.0.0, Culture=neutral, PublicKeyToken=7cec85d7bea7798e],[System.String, System.Private.CoreLib, Version=9.0.0.0, Culture=neutral, PublicKeyToken=7cec85d7bea7798e],[System.String, System.Private.CoreLib, Version=9.0.0.0, Culture=neutral, PublicKeyToken=7cec85d7bea7798e],[System.Boolean, System.Private.CoreLib, Version=9.0.0.0, Culture=neutral, PublicKeyToken=7cec85d7bea7798e],[System.DateTime, System.Private.CoreLib, Version=9.0.0.0, Culture=neutral, PublicKeyToken=7cec85d7bea7798e]], Portfolio Management System, Version=1.0.0.0, Culture=neutral, PublicKeyToken=null]]'.
2026-06-29 02:22:47.936 +05:30 [INF] Start processing HTTP request POST http://localhost:8000/api/script/format_custom
2026-06-29 02:22:47.939 +05:30 [INF] Sending HTTP request POST http://localhost:8000/api/script/format_custom
2026-06-29 02:22:47.953 +05:30 [INF] Executed action Portfolio_Management_System.Controllers.AdminController.GetUnreadMessagesCount (Portfolio Management System) in 2651.2618ms
2026-06-29 02:22:47.956 +05:30 [INF] Executed endpoint 'Portfolio_Management_System.Controllers.AdminController.GetUnreadMessagesCount (Portfolio Management System)'
2026-06-29 02:22:47.958 +05:30 [INF] HTTP GET /Admin/GetUnreadMessagesCount responded 200 in 2708.1015 ms
2026-06-29 02:22:47.959 +05:30 [INF] Executed action Portfolio_Management_System.Controllers.AdminController.GetRecentMessages (Portfolio Management System) in 2655.709ms
2026-06-29 02:22:47.959 +05:30 [INF] Executed endpoint 'Portfolio_Management_System.Controllers.AdminController.GetRecentMessages (Portfolio Management System)'
2026-06-29 02:22:47.960 +05:30 [INF] HTTP GET /Admin/GetRecentMessages responded 200 in 2713.1251 ms
2026-06-29 02:22:47.964 +05:30 [INF] Request finished HTTP/2 GET https://localhost:44341/Admin/GetRecentMessages - 200 null application/json; charset=utf-8 2723.2154ms
2026-06-29 02:22:47.968 +05:30 [INF] Request finished HTTP/2 GET https://localhost:44341/Admin/GetUnreadMessagesCount - 200 null application/json; charset=utf-8 2732.8835ms
2026-06-29 02:22:58.246 +05:30 [INF] Received HTTP response headers after 10305.4739ms - 200
2026-06-29 02:22:58.246 +05:30 [INF] End processing HTTP request after 10313.0418ms - 200
2026-06-29 02:23:00.893 +05:30 [ERR] Failed executing DbCommand (206ms) [Parameters=[], CommandType='"Text"', CommandTimeout='30']
SELECT TOP(1) [t].[Id], [t].[Category], [t].[CompetitionScore], [t].[FetchedAt], [t].[IsSelected], [t].[Keywords], [t].[PopularityScore], [t].[SelectedAt], [t].[Source], [t].[Title], [t].[ViralityScore]
FROM [TrendTopics] AS [t]
WHERE [t].[Title] = N'Custom Video'
2026-06-29 02:23:00.976 +05:30 [ERR] An exception occurred while iterating over the results of a query for context type 'AutoTube.Infrastructure.Data.AppDbContext'.
Microsoft.Data.SqlClient.SqlException (0x80131904): Invalid column name 'Category'.
Invalid column name 'CompetitionScore'.
Invalid column name 'FetchedAt'.
Invalid column name 'IsSelected'.
Invalid column name 'Keywords'.
Invalid column name 'PopularityScore'.
Invalid column name 'SelectedAt'.
Invalid column name 'ViralityScore'.
   at Microsoft.Data.SqlClient.SqlConnection.OnError(SqlException exception, Boolean breakConnection, Action`1 wrapCloseInAction)
   at Microsoft.Data.SqlClient.SqlInternalConnection.OnError(SqlException exception, Boolean breakConnection, Action`1 wrapCloseInAction)
   at Microsoft.Data.SqlClient.TdsParser.ThrowExceptionAndWarning(TdsParserStateObject stateObj, SqlCommand command, Boolean callerHasConnectionLock, Boolean asyncClose)
   at Microsoft.Data.SqlClient.TdsParser.TryRun(RunBehavior runBehavior, SqlCommand cmdHandler, SqlDataReader dataStream, BulkCopySimpleResultSet bulkCopyHandler, TdsParserStateObject stateObj, Boolean& dataReady)
   at Microsoft.Data.SqlClient.SqlDataReader.TryConsumeMetaData()
   at Microsoft.Data.SqlClient.SqlDataReader.get_MetaData()
   at Microsoft.Data.SqlClient.SqlCommand.FinishExecuteReader(SqlDataReader ds, RunBehavior runBehavior, String resetOptionsString, Boolean isInternal, Boolean forDescribeParameterEncryption, Boolean shouldCacheForAlwaysEncrypted)
   at Microsoft.Data.SqlClient.SqlCommand.RunExecuteReaderTds(CommandBehavior cmdBehavior, RunBehavior runBehavior, Boolean returnStream, Boolean isAsync, Int32 timeout, Task& task, Boolean asyncWrite, Boolean inRetry, SqlDataReader ds, Boolean describeParameterEncryptionRequest)
   at Microsoft.Data.SqlClient.SqlCommand.RunExecuteReader(CommandBehavior cmdBehavior, RunBehavior runBehavior, Boolean returnStream, TaskCompletionSource`1 completion, Int32 timeout, Task& task, Boolean& usedCache, Boolean asyncWrite, Boolean inRetry, String method)
   at Microsoft.Data.SqlClient.SqlCommand.RunExecuteReader(CommandBehavior cmdBehavior, RunBehavior runBehavior, Boolean returnStream, String method)
   at Microsoft.Data.SqlClient.SqlCommand.ExecuteReader(CommandBehavior behavior)
   at Microsoft.Data.SqlClient.SqlCommand.ExecuteDbDataReader(CommandBehavior behavior)
   at Microsoft.EntityFrameworkCore.Storage.RelationalCommand.ExecuteReader(RelationalCommandParameterObject parameterObject)
   at Microsoft.EntityFrameworkCore.Query.Internal.SingleQueryingEnumerable`1.Enumerator.InitializeReader(Enumerator enumerator)
   at Microsoft.EntityFrameworkCore.Query.Internal.SingleQueryingEnumerable`1.Enumerator.<>c.<MoveNext>b__21_0(DbContext _, Enumerator enumerator)
   at Microsoft.EntityFrameworkCore.SqlServer.Storage.Internal.SqlServerExecutionStrategy.Execute[TState,TResult](TState state, Func`3 operation, Func`3 verifySucceeded)
   at Microsoft.EntityFrameworkCore.Query.Internal.SingleQueryingEnumerable`1.Enumerator.MoveNext()
ClientConnectionId:7fb25953-48c5-47e1-b207-2b935409e593
Error Number:207,State:1,Class:16
Microsoft.Data.SqlClient.SqlException (0x80131904): Invalid column name 'Category'.
Invalid column name 'CompetitionScore'.
Invalid column name 'FetchedAt'.
Invalid column name 'IsSelected'.
Invalid column name 'Keywords'.
Invalid column name 'PopularityScore'.
Invalid column name 'SelectedAt'.
Invalid column name 'ViralityScore'.
   at Microsoft.Data.SqlClient.SqlConnection.OnError(SqlException exception, Boolean breakConnection, Action`1 wrapCloseInAction)
   at Microsoft.Data.SqlClient.SqlInternalConnection.OnError(SqlException exception, Boolean breakConnection, Action`1 wrapCloseInAction)
   at Microsoft.Data.SqlClient.TdsParser.ThrowExceptionAndWarning(TdsParserStateObject stateObj, SqlCommand command, Boolean callerHasConnectionLock, Boolean asyncClose)
   at Microsoft.Data.SqlClient.TdsParser.TryRun(RunBehavior runBehavior, SqlCommand cmdHandler, SqlDataReader dataStream, BulkCopySimpleResultSet bulkCopyHandler, TdsParserStateObject stateObj, Boolean& dataReady)
   at Microsoft.Data.SqlClient.SqlDataReader.TryConsumeMetaData()
   at Microsoft.Data.SqlClient.SqlDataReader.get_MetaData()
   at Microsoft.Data.SqlClient.SqlCommand.FinishExecuteReader(SqlDataReader ds, RunBehavior runBehavior, String resetOptionsString, Boolean isInternal, Boolean forDescribeParameterEncryption, Boolean shouldCacheForAlwaysEncrypted)
   at Microsoft.Data.SqlClient.SqlCommand.RunExecuteReaderTds(CommandBehavior cmdBehavior, RunBehavior runBehavior, Boolean returnStream, Boolean isAsync, Int32 timeout, Task& task, Boolean asyncWrite, Boolean inRetry, SqlDataReader ds, Boolean describeParameterEncryptionRequest)
   at Microsoft.Data.SqlClient.SqlCommand.RunExecuteReader(CommandBehavior cmdBehavior, RunBehavior runBehavior, Boolean returnStream, TaskCompletionSource`1 completion, Int32 timeout, Task& task, Boolean& usedCache, Boolean asyncWrite, Boolean inRetry, String method)
   at Microsoft.Data.SqlClient.SqlCommand.RunExecuteReader(CommandBehavior cmdBehavior, RunBehavior runBehavior, Boolean returnStream, String method)
   at Microsoft.Data.SqlClient.SqlCommand.ExecuteReader(CommandBehavior behavior)
   at Microsoft.Data.SqlClient.SqlCommand.ExecuteDbDataReader(CommandBehavior behavior)
   at Microsoft.EntityFrameworkCore.Storage.RelationalCommand.ExecuteReader(RelationalCommandParameterObject parameterObject)
   at Microsoft.EntityFrameworkCore.Query.Internal.SingleQueryingEnumerable`1.Enumerator.InitializeReader(Enumerator enumerator)
   at Microsoft.EntityFrameworkCore.Query.Internal.SingleQueryingEnumerable`1.Enumerator.<>c.<MoveNext>b__21_0(DbContext _, Enumerator enumerator)
   at Microsoft.EntityFrameworkCore.SqlServer.Storage.Internal.SqlServerExecutionStrategy.Execute[TState,TResult](TState state, Func`3 operation, Func`3 verifySucceeded)
   at Microsoft.EntityFrameworkCore.Query.Internal.SingleQueryingEnumerable`1.Enumerator.MoveNext()
ClientConnectionId:7fb25953-48c5-47e1-b207-2b935409e593
Error Number:207,State:1,Class:16
2026-06-29 02:23:01.478 +05:30 [ERR] Error calling Python API.
Microsoft.Data.SqlClient.SqlException (0x80131904): Invalid column name 'Category'.
Invalid column name 'CompetitionScore'.
Invalid column name 'FetchedAt'.
Invalid column name 'IsSelected'.
Invalid column name 'Keywords'.
Invalid column name 'PopularityScore'.
Invalid column name 'SelectedAt'.
Invalid column name 'ViralityScore'.
   at Microsoft.Data.SqlClient.SqlConnection.OnError(SqlException exception, Boolean breakConnection, Action`1 wrapCloseInAction)
   at Microsoft.Data.SqlClient.SqlInternalConnection.OnError(SqlException exception, Boolean breakConnection, Action`1 wrapCloseInAction)
   at Microsoft.Data.SqlClient.TdsParser.ThrowExceptionAndWarning(TdsParserStateObject stateObj, SqlCommand command, Boolean callerHasConnectionLock, Boolean asyncClose)
   at Microsoft.Data.SqlClient.TdsParser.TryRun(RunBehavior runBehavior, SqlCommand cmdHandler, SqlDataReader dataStream, BulkCopySimpleResultSet bulkCopyHandler, TdsParserStateObject stateObj, Boolean& dataReady)
   at Microsoft.Data.SqlClient.SqlDataReader.TryConsumeMetaData()
   at Microsoft.Data.SqlClient.SqlDataReader.get_MetaData()
   at Microsoft.Data.SqlClient.SqlCommand.FinishExecuteReader(SqlDataReader ds, RunBehavior runBehavior, String resetOptionsString, Boolean isInternal, Boolean forDescribeParameterEncryption, Boolean shouldCacheForAlwaysEncrypted)
   at Microsoft.Data.SqlClient.SqlCommand.RunExecuteReaderTds(CommandBehavior cmdBehavior, RunBehavior runBehavior, Boolean returnStream, Boolean isAsync, Int32 timeout, Task& task, Boolean asyncWrite, Boolean inRetry, SqlDataReader ds, Boolean describeParameterEncryptionRequest)
   at Microsoft.Data.SqlClient.SqlCommand.RunExecuteReader(CommandBehavior cmdBehavior, RunBehavior runBehavior, Boolean returnStream, TaskCompletionSource`1 completion, Int32 timeout, Task& task, Boolean& usedCache, Boolean asyncWrite, Boolean inRetry, String method)
   at Microsoft.Data.SqlClient.SqlCommand.RunExecuteReader(CommandBehavior cmdBehavior, RunBehavior runBehavior, Boolean returnStream, String method)
   at Microsoft.Data.SqlClient.SqlCommand.ExecuteReader(CommandBehavior behavior)
   at Microsoft.Data.SqlClient.SqlCommand.ExecuteDbDataReader(CommandBehavior behavior)
   at Microsoft.EntityFrameworkCore.Storage.RelationalCommand.ExecuteReader(RelationalCommandParameterObject parameterObject)
   at Microsoft.EntityFrameworkCore.Query.Internal.SingleQueryingEnumerable`1.Enumerator.InitializeReader(Enumerator enumerator)
   at Microsoft.EntityFrameworkCore.Query.Internal.SingleQueryingEnumerable`1.Enumerator.<>c.<MoveNext>b__21_0(DbContext _, Enumerator enumerator)
   at Microsoft.EntityFrameworkCore.SqlServer.Storage.Internal.SqlServerExecutionStrategy.Execute[TState,TResult](TState state, Func`3 operation, Func`3 verifySucceeded)
   at Microsoft.EntityFrameworkCore.Query.Internal.SingleQueryingEnumerable`1.Enumerator.MoveNext()
   at System.Linq.Enumerable.TryGetSingle[TSource](IEnumerable`1 source, Boolean& found)
   at lambda_method125(Closure, QueryContext)
   at Microsoft.EntityFrameworkCore.Query.Internal.QueryCompiler.ExecuteCore[TResult](Expression query, Boolean async, CancellationToken cancellationToken)
   at Microsoft.EntityFrameworkCore.Query.Internal.QueryCompiler.Execute[TResult](Expression query)
   at Microsoft.EntityFrameworkCore.Query.Internal.EntityQueryProvider.Execute[TResult](Expression expression)
   at Portfolio_Management_System.Controllers.AdminAutoTubeController.UploadScript(String rawText, IFormFile pdfFile) in C:\Users\ak731\Desktop\DSA\Portfolio Management System\Controllers\AdminAutoTubeController.cs:line 98
ClientConnectionId:7fb25953-48c5-47e1-b207-2b935409e593
Error Number:207,State:1,Class:16
2026-06-29 02:23:01.509 +05:30 [INF] Executing JsonResult, writing value of type '<>f__AnonymousType9`2[[System.Boolean, System.Private.CoreLib, Version=9.0.0.0, Culture=neutral, PublicKeyToken=7cec85d7bea7798e],[System.String, System.Private.CoreLib, Version=9.0.0.0, Culture=neutral, PublicKeyToken=7cec85d7bea7798e]]'.
2026-06-29 02:23:01.540 +05:30 [INF] Executed action Portfolio_Management_System.Controllers.AdminAutoTubeController.UploadScript (Portfolio Management System) in 33740.5824ms
2026-06-29 02:23:01.541 +05:30 [INF] Executed endpoint 'Portfolio_Management_System.Controllers.AdminAutoTubeController.UploadScript (Portfolio Management System)'
2026-06-29 02:23:01.541 +05:30 [INF] HTTP POST /Admin/AutoTube/UploadScript responded 200 in 33954.7449 ms
2026-06-29 02:23:01.596 +05:30 [INF] Request finished HTTP/2 POST https://localhost:44341/Admin/AutoTube/UploadScript - 200 null application/json; charset=utf-8 34026.4456ms
2026-06-29 02:23:15.377 +05:30 [INF] Request starting HTTP/2 GET https://localhost:44341/Admin/GetUnreadMessagesCount - null null
2026-06-29 02:23:15.383 +05:30 [INF] Request starting HTTP/2 GET https://localhost:44341/Admin/GetRecentMessages - null null
2026-06-29 02:23:15.414 +05:30 [INF] Executing endpoint 'Portfolio_Management_System.Controllers.AdminController.GetRecentMessages (Portfolio Management System)'
2026-06-29 02:23:15.416 +05:30 [INF] Executing endpoint 'Portfolio_Management_System.Controllers.AdminController.GetUnreadMessagesCount (Portfolio Management System)'
2026-06-29 02:23:15.418 +05:30 [INF] Route matched with {action = "GetRecentMessages", controller = "Admin"}. Executing controller action with signature System.Threading.Tasks.Task`1[Microsoft.AspNetCore.Mvc.IActionResult] GetRecentMessages() on controller Portfolio_Management_System.Controllers.AdminController (Portfolio Management System).
2026-06-29 02:23:15.419 +05:30 [INF] Route matched with {action = "GetUnreadMessagesCount", controller = "Admin"}. Executing controller action with signature System.Threading.Tasks.Task`1[Microsoft.AspNetCore.Mvc.IActionResult] GetUnreadMessagesCount() on controller Portfolio_Management_System.Controllers.AdminController (Portfolio Management System).
2026-06-29 02:23:15.611 +05:30 [INF] Executing JsonResult, writing value of type 'System.Int32'.
2026-06-29 02:23:15.612 +05:30 [INF] Executing JsonResult, writing value of type 'System.Collections.Generic.List`1[[<>f__AnonymousType17`7[[System.Int32, System.Private.CoreLib, Version=9.0.0.0, Culture=neutral, PublicKeyToken=7cec85d7bea7798e],[System.String, System.Private.CoreLib, Version=9.0.0.0, Culture=neutral, PublicKeyToken=7cec85d7bea7798e],[System.String, System.Private.CoreLib, Version=9.0.0.0, Culture=neutral, PublicKeyToken=7cec85d7bea7798e],[System.String, System.Private.CoreLib, Version=9.0.0.0, Culture=neutral, PublicKeyToken=7cec85d7bea7798e],[System.String, System.Private.CoreLib, Version=9.0.0.0, Culture=neutral, PublicKeyToken=7cec85d7bea7798e],[System.Boolean, System.Private.CoreLib, Version=9.0.0.0, Culture=neutral, PublicKeyToken=7cec85d7bea7798e],[System.DateTime, System.Private.CoreLib, Version=9.0.0.0, Culture=neutral, PublicKeyToken=7cec85d7bea7798e]], Portfolio Management System, Version=1.0.0.0, Culture=neutral, PublicKeyToken=null]]'.
2026-06-29 02:23:15.614 +05:30 [INF] Executed action Portfolio_Management_System.Controllers.AdminController.GetUnreadMessagesCount (Portfolio Management System) in 195.2359ms
2026-06-29 02:23:15.614 +05:30 [INF] Executed endpoint 'Portfolio_Management_System.Controllers.AdminController.GetUnreadMessagesCount (Portfolio Management System)'
2026-06-29 02:23:15.614 +05:30 [INF] HTTP GET /Admin/GetUnreadMessagesCount responded 200 in 215.2338 ms
2026-06-29 02:23:15.615 +05:30 [INF] Executed action Portfolio_Management_System.Controllers.AdminController.GetRecentMessages (Portfolio Management System) in 197.3267ms
2026-06-29 02:23:15.615 +05:30 [INF] Executed endpoint 'Portfolio_Management_System.Controllers.AdminController.GetRecentMessages (Portfolio Management System)'
2026-06-29 02:23:15.616 +05:30 [INF] HTTP GET /Admin/GetRecentMessages responded 200 in 222.0885 ms
2026-06-29 02:23:15.616 +05:30 [INF] Request finished HTTP/2 GET https://localhost:44341/Admin/GetRecentMessages - 200 null application/json; charset=utf-8 232.7428ms
2026-06-29 02:23:15.615 +05:30 [INF] Request finished HTTP/2 GET https://localhost:44341/Admin/GetUnreadMessagesCount - 200 null application/json; charset=utf-8 240.0869ms
2026-06-29 21:10:41.965 +05:30 [WRN] JWT SecretKey missing in configuration. JWT Auth not configured.
2026-06-29 21:10:50.514 +05:30 [INF] Existing TrendTopics table found with outdated schema. Renaming it to TrendTopics_Old.
2026-06-29 21:10:51.122 +05:30 [INF] Executed DbCommand (419ms) [Parameters=[], CommandType='"Text"', CommandTimeout='30']
IF OBJECT_ID('TrendTopics_Old', 'U') IS NOT NULL DROP TABLE TrendTopics_Old;
2026-06-29 21:10:51.843 +05:30 [INF] Executed DbCommand (638ms) [Parameters=[], CommandType='"Text"', CommandTimeout='30']
EXEC sp_rename 'TrendTopics', 'TrendTopics_Old';
2026-06-29 21:10:52.714 +05:30 [INF] Executed DbCommand (252ms) [Parameters=[], CommandType='"Text"', CommandTimeout='30']
SELECT 1
2026-06-29 21:10:52.725 +05:30 [INF] Acquiring an exclusive lock for migration application. See https://aka.ms/efcore-docs-migrations-lock for more information if this takes too long.
2026-06-29 21:10:52.930 +05:30 [INF] Executed DbCommand (188ms) [Parameters=[], CommandType='"Text"', CommandTimeout='30']
DECLARE @result int;
EXEC @result = sp_getapplock @Resource = '__EFMigrationsLock', @LockOwner = 'Session', @LockMode = 'Exclusive';
SELECT @result
2026-06-29 21:10:53.758 +05:30 [INF] Executed DbCommand (295ms) [Parameters=[], CommandType='"Text"', CommandTimeout='30']
IF OBJECT_ID(N'[__EFMigrationsHistory]') IS NULL
BEGIN
    CREATE TABLE [__EFMigrationsHistory] (
        [MigrationId] nvarchar(150) NOT NULL,
        [ProductVersion] nvarchar(32) NOT NULL,
        CONSTRAINT [PK___EFMigrationsHistory] PRIMARY KEY ([MigrationId])
    );
END;
2026-06-29 21:10:54.560 +05:30 [INF] Executed DbCommand (181ms) [Parameters=[], CommandType='"Text"', CommandTimeout='30']
SELECT 1
2026-06-29 21:10:54.758 +05:30 [INF] Executed DbCommand (192ms) [Parameters=[], CommandType='"Text"', CommandTimeout='30']
SELECT OBJECT_ID(N'[__EFMigrationsHistory]');
2026-06-29 21:10:55.068 +05:30 [INF] Executed DbCommand (295ms) [Parameters=[], CommandType='"Text"', CommandTimeout='30']
SELECT [MigrationId], [ProductVersion]
FROM [__EFMigrationsHistory]
ORDER BY [MigrationId];
2026-06-29 21:10:55.168 +05:30 [INF] Applying migration '20260628163009_InitialCreate'.
2026-06-29 21:10:55.885 +05:30 [INF] Executed DbCommand (261ms) [Parameters=[], CommandType='"Text"', CommandTimeout='30']
CREATE TABLE [TrendTopics] (
    [Id] int NOT NULL IDENTITY,
    [Title] nvarchar(500) NOT NULL,
    [Source] nvarchar(100) NOT NULL,
    [PopularityScore] decimal(10,4) NOT NULL,
    [CompetitionScore] decimal(10,4) NOT NULL,
    [ViralityScore] decimal(10,4) NOT NULL,
    [Keywords] nvarchar(2000) NOT NULL,
    [Category] nvarchar(200) NOT NULL,
    [IsSelected] bit NOT NULL,
    [FetchedAt] datetime2 NOT NULL,
    [SelectedAt] datetime2 NULL,
    CONSTRAINT [PK_TrendTopics] PRIMARY KEY ([Id])
);
2026-06-29 21:10:56.106 +05:30 [ERR] Failed executing DbCommand (218ms) [Parameters=[], CommandType='"Text"', CommandTimeout='30']
CREATE TABLE [Videos] (
    [Id] int NOT NULL IDENTITY,
    [TrendTopicId] int NOT NULL,
    [Title] nvarchar(500) NOT NULL,
    [Description] nvarchar(max) NOT NULL,
    [Tags] nvarchar(2000) NOT NULL,
    [ScriptJson] nvarchar(max) NOT NULL,
    [Hook] nvarchar(1000) NOT NULL,
    [AudioFilePath] nvarchar(500) NOT NULL,
    [VideoFilePath] nvarchar(500) NOT NULL,
    [ThumbnailPath] nvarchar(500) NOT NULL,
    [YouTubeVideoId] nvarchar(50) NOT NULL,
    [PlaylistId] nvarchar(50) NOT NULL,
    [Status] nvarchar(max) NOT NULL,
    [Visibility] nvarchar(20) NOT NULL DEFAULT N'public',
    [ScheduledPublishAt] datetime2 NULL,
    [PublishedAt] datetime2 NULL,
    [CreatedAt] datetime2 NOT NULL,
    [UpdatedAt] datetime2 NOT NULL,
    CONSTRAINT [PK_Videos] PRIMARY KEY ([Id]),
    CONSTRAINT [FK_Videos_TrendTopics_TrendTopicId] FOREIGN KEY ([TrendTopicId]) REFERENCES [TrendTopics] ([Id]) ON DELETE NO ACTION
);
2026-06-29 21:10:56.590 +05:30 [WRN] Migration skipped: There is already an object named 'Videos' in the database.
2026-06-29 21:10:57.747 +05:30 [INF] Started Python AI Server automatically in a new window.
2026-06-29 21:10:57.748 +05:30 [INF] Unified API starting on Development
2026-06-29 21:10:57.886 +05:30 [INF] User profile is available. Using 'C:\Users\ak731\AppData\Local\ASP.NET\DataProtection-Keys' as key repository and Windows DPAPI to encrypt keys at rest.
2026-06-29 21:10:57.993 +05:30 [INF] Gallery Auto-Uploader Background Service started.
2026-06-29 21:10:58.002 +05:30 [INF] Daily YouTube Video Generator & Uploader Service started.
2026-06-29 21:10:58.006 +05:30 [INF] Starting daily video generation...
2026-06-29 21:10:58.101 +05:30 [INF] Start processing HTTP request GET https://images.unsplash.com/photo-1542831371-29b0f74f9713?*
2026-06-29 21:10:58.104 +05:30 [INF] Start processing HTTP request GET https://www.youtube.com/@CodeCrafters42
2026-06-29 21:10:58.111 +05:30 [INF] Sending HTTP request GET https://images.unsplash.com/photo-1542831371-29b0f74f9713?*
2026-06-29 21:10:58.112 +05:30 [INF] Sending HTTP request GET https://www.youtube.com/@CodeCrafters42
2026-06-29 21:10:59.022 +05:30 [INF] Received HTTP response headers after 904.5011ms - 200
2026-06-29 21:10:59.037 +05:30 [INF] End processing HTTP request after 952.4579ms - 200
2026-06-29 21:10:59.105 +05:30 [INF] AutoTube Video Automation Background Scheduler started. Scheduled for 9:00 AM daily.
2026-06-29 21:10:59.107 +05:30 [INF] Next video generation cycle scheduled at "2026-06-30T09:00:00.0000000" (in 11.82 hours).
2026-06-29 21:10:59.316 +05:30 [INF] Received HTTP response headers after 1203.6873ms - 404
2026-06-29 21:10:59.440 +05:30 [INF] End processing HTTP request after 1353.0312ms - 404
2026-06-29 21:11:01.069 +05:30 [INF] Request starting HTTP/2 GET https://localhost:44341/ - null null
2026-06-29 21:11:01.376 +05:30 [INF] Application started. Press Ctrl+C to shut down.
2026-06-29 21:11:01.377 +05:30 [INF] Hosting environment: Development
2026-06-29 21:11:01.377 +05:30 [INF] Content root path: C:\Users\ak731\Desktop\DSA\Portfolio Management System
2026-06-29 21:11:10.668 +05:30 [INF] Executing endpoint 'Portfolio_Management_System.Controllers.HomeController.Index (Portfolio Management System)'
2026-06-29 21:11:10.865 +05:30 [INF] Route matched with {action = "Index", controller = "Home"}. Executing controller action with signature System.Threading.Tasks.Task`1[Microsoft.AspNetCore.Mvc.IActionResult] Index() on controller Portfolio_Management_System.Controllers.HomeController (Portfolio Management System).
2026-06-29 21:11:12.478 +05:30 [INF] Executing ViewResult, running view Index.
2026-06-29 21:11:13.932 +05:30 [INF] Executed ViewResult - view Index executed in 1484.5596ms.
2026-06-29 21:11:13.961 +05:30 [INF] Executed action Portfolio_Management_System.Controllers.HomeController.Index (Portfolio Management System) in 3090.8934ms
2026-06-29 21:11:13.980 +05:30 [INF] Executed endpoint 'Portfolio_Management_System.Controllers.HomeController.Index (Portfolio Management System)'
2026-06-29 21:11:14.098 +05:30 [INF] HTTP GET / responded 200 in 4175.4172 ms
2026-06-29 21:11:14.339 +05:30 [INF] Request finished HTTP/2 GET https://localhost:44341/ - 200 null text/html; charset=utf-8 13288.9637ms
2026-06-29 21:11:24.289 +05:30 [INF] Request starting HTTP/2 GET https://localhost:44341/css/site.css?v=G6NZQlH0naBPIYda1dk-afnGAQp_KkMKlLmwGFTuoT4 - null null
2026-06-29 21:11:24.291 +05:30 [INF] Request starting HTTP/2 GET https://localhost:44341/images/ajay-avatar.png - null null
2026-06-29 21:11:24.294 +05:30 [INF] Request starting HTTP/2 GET https://localhost:44341/_framework/aspnetcore-browser-refresh.js - null null
2026-06-29 21:11:24.421 +05:30 [INF] Request finished HTTP/2 GET https://localhost:44341/_framework/aspnetcore-browser-refresh.js - 200 16539 application/javascript; charset=utf-8 114.1046ms
2026-06-29 21:11:24.441 +05:30 [INF] The file /images/ajay-avatar.png was not modified
2026-06-29 21:11:24.437 +05:30 [INF] Request starting HTTP/2 GET https://localhost:44341/_vs/browserLink - null null
2026-06-29 21:11:24.449 +05:30 [INF] The file /css/site.css was not modified
2026-06-29 21:11:24.457 +05:30 [INF] HTTP GET /css/site.css responded 304 in 161.3720 ms
2026-06-29 21:11:24.466 +05:30 [INF] HTTP GET /images/ajay-avatar.png responded 304 in 170.5736 ms
2026-06-29 21:11:24.469 +05:30 [INF] Request finished HTTP/2 GET https://localhost:44341/images/ajay-avatar.png - 304 null image/png 177.8827ms
2026-06-29 21:11:24.469 +05:30 [INF] Request finished HTTP/2 GET https://localhost:44341/css/site.css?v=G6NZQlH0naBPIYda1dk-afnGAQp_KkMKlLmwGFTuoT4 - 304 null text/css 182.5646ms
2026-06-29 21:11:43.089 +05:30 [INF] Request finished HTTP/2 GET https://localhost:44341/_vs/browserLink - 200 null text/javascript; charset=UTF-8 18652.0327ms
2026-06-29 21:13:02.494 +05:30 [INF] Request starting HTTP/2 GET https://localhost:44341/Admin/Login - null null
2026-06-29 21:13:03.116 +05:30 [INF] Executing endpoint 'Portfolio_Management_System.Controllers.AdminController.Login (Portfolio Management System)'
2026-06-29 21:13:03.209 +05:30 [INF] Route matched with {action = "Login", controller = "Admin"}. Executing controller action with signature Microsoft.AspNetCore.Mvc.IActionResult Login() on controller Portfolio_Management_System.Controllers.AdminController (Portfolio Management System).
2026-06-29 21:13:03.338 +05:30 [INF] Executing ViewResult, running view Login.
2026-06-29 21:13:04.441 +05:30 [INF] Executed ViewResult - view Login executed in 1133.1137ms.
2026-06-29 21:13:04.446 +05:30 [INF] Executed action Portfolio_Management_System.Controllers.AdminController.Login (Portfolio Management System) in 1221.9943ms
2026-06-29 21:13:04.447 +05:30 [INF] Executed endpoint 'Portfolio_Management_System.Controllers.AdminController.Login (Portfolio Management System)'
2026-06-29 21:13:04.448 +05:30 [INF] HTTP GET /Admin/Login responded 200 in 1538.6638 ms
2026-06-29 21:13:04.453 +05:30 [INF] Request finished HTTP/2 GET https://localhost:44341/Admin/Login - 200 null text/html; charset=utf-8 1978.4297ms
2026-06-29 21:13:04.515 +05:30 [INF] Request starting HTTP/2 GET https://localhost:44341/_framework/aspnetcore-browser-refresh.js - null null
2026-06-29 21:13:04.517 +05:30 [INF] Request starting HTTP/2 GET https://localhost:44341/css/admin.css?v=639183643834345568 - null null
2026-06-29 21:13:04.524 +05:30 [INF] Request starting HTTP/2 GET https://localhost:44341/_vs/browserLink - null null
2026-06-29 21:13:04.525 +05:30 [INF] Request finished HTTP/2 GET https://localhost:44341/_framework/aspnetcore-browser-refresh.js - 200 16539 application/javascript; charset=utf-8 1.4757ms
2026-06-29 21:13:04.658 +05:30 [INF] Request finished HTTP/2 GET https://localhost:44341/_vs/browserLink - 200 null text/javascript; charset=UTF-8 134.4873ms
2026-06-29 21:13:04.675 +05:30 [INF] Sending file. Request path: '/css/admin.css'. Physical path: 'C:\Users\ak731\Desktop\DSA\Portfolio Management System\wwwroot\css\admin.css'
2026-06-29 21:13:04.676 +05:30 [INF] HTTP GET /css/admin.css responded 200 in 157.8129 ms
2026-06-29 21:13:04.702 +05:30 [INF] Request finished HTTP/2 GET https://localhost:44341/css/admin.css?v=639183643834345568 - 200 19854 text/css 185.1412ms
2026-06-29 21:13:08.039 +05:30 [INF] Request starting HTTP/2 POST https://localhost:44341/Admin/Login - application/x-www-form-urlencoded 217
2026-06-29 21:13:08.096 +05:30 [INF] CORS policy execution successful.
2026-06-29 21:13:08.106 +05:30 [INF] Executing endpoint 'Portfolio_Management_System.Controllers.AdminController.Login (Portfolio Management System)'
2026-06-29 21:13:08.154 +05:30 [INF] Route matched with {action = "Login", controller = "Admin"}. Executing controller action with signature System.Threading.Tasks.Task`1[Microsoft.AspNetCore.Mvc.IActionResult] Login(Portfolio_Management_System.Models.AdminLoginModel) on controller Portfolio_Management_System.Controllers.AdminController (Portfolio Management System).
2026-06-29 21:13:08.626 +05:30 [INF] Executing RedirectResult, redirecting to /Admin/Dashboard.
2026-06-29 21:13:08.627 +05:30 [INF] Executed action Portfolio_Management_System.Controllers.AdminController.Login (Portfolio Management System) in 472.3753ms
2026-06-29 21:13:08.627 +05:30 [INF] Executed endpoint 'Portfolio_Management_System.Controllers.AdminController.Login (Portfolio Management System)'
2026-06-29 21:13:08.632 +05:30 [INF] Session started; Key:7a2f2861-1a3d-135e-359a-d5b3c1a23604, Id:1ca9f36f-345b-9f94-0deb-d1b6ef813735
2026-06-29 21:13:08.637 +05:30 [INF] HTTP POST /Admin/Login responded 302 in 569.3875 ms
2026-06-29 21:13:08.650 +05:30 [INF] Request finished HTTP/2 POST https://localhost:44341/Admin/Login - 302 null null 610.9892ms
2026-06-29 21:13:08.669 +05:30 [INF] Request starting HTTP/2 GET https://localhost:44341/Admin/Dashboard - null null
2026-06-29 21:13:08.679 +05:30 [INF] Executing endpoint 'Portfolio_Management_System.Controllers.AdminController.Dashboard (Portfolio Management System)'
2026-06-29 21:13:08.700 +05:30 [INF] Route matched with {action = "Dashboard", controller = "Admin"}. Executing controller action with signature System.Threading.Tasks.Task`1[Microsoft.AspNetCore.Mvc.IActionResult] Dashboard() on controller Portfolio_Management_System.Controllers.AdminController (Portfolio Management System).
2026-06-29 21:13:11.543 +05:30 [ERR] Error getting recent messages
System.InvalidCastException: Unable to cast object of type 'System.Boolean' to type 'System.DateTime'.
   at Microsoft.Data.SqlClient.SqlBuffer.get_DateTime()
   at Microsoft.Data.SqlClient.SqlDataReader.GetDateTime(Int32 i)
   at Portfolio_Management_System.DAL.DbHelper.GetRecentMessagesAsync(Int32 count) in C:\Users\ak731\Desktop\DSA\Portfolio Management System\DAL\DbHelper.cs:line 1441
2026-06-29 21:13:12.526 +05:30 [ERR] Error getting recent visitors
System.InvalidCastException: Unable to cast object of type 'System.DateTime' to type 'System.Int32'.
   at Microsoft.Data.SqlClient.SqlBuffer.get_Int32()
   at Microsoft.Data.SqlClient.SqlDataReader.GetInt32(Int32 i)
   at Portfolio_Management_System.DAL.DbHelper.GetRecentVisitorsAsync(Int32 count) in C:\Users\ak731\Desktop\DSA\Portfolio Management System\DAL\DbHelper.cs:line 1482
2026-06-29 21:13:14.080 +05:30 [INF] Executing ViewResult, running view Dashboard.
2026-06-29 21:13:14.593 +05:30 [INF] Executed ViewResult - view Dashboard executed in 519.0475ms.
2026-06-29 21:13:14.593 +05:30 [INF] Executed action Portfolio_Management_System.Controllers.AdminController.Dashboard (Portfolio Management System) in 5893.2374ms
2026-06-29 21:13:14.594 +05:30 [INF] Executed endpoint 'Portfolio_Management_System.Controllers.AdminController.Dashboard (Portfolio Management System)'
2026-06-29 21:13:14.594 +05:30 [INF] HTTP GET /Admin/Dashboard responded 200 in 5918.4799 ms
2026-06-29 21:13:14.604 +05:30 [INF] Request finished HTTP/2 GET https://localhost:44341/Admin/Dashboard - 200 null text/html; charset=utf-8 5934.3848ms
2026-06-29 21:13:14.718 +05:30 [INF] Request starting HTTP/2 GET https://localhost:44341/_framework/aspnetcore-browser-refresh.js - null null
2026-06-29 21:13:14.720 +05:30 [INF] Request finished HTTP/2 GET https://localhost:44341/_framework/aspnetcore-browser-refresh.js - 200 16539 application/javascript; charset=utf-8 1.6984ms
2026-06-29 21:13:14.727 +05:30 [INF] Request starting HTTP/2 GET https://localhost:44341/css/admin.css?v=639183643943541014 - null null
2026-06-29 21:13:14.737 +05:30 [INF] Request starting HTTP/2 GET https://localhost:44341/css/site.css - null null
2026-06-29 21:13:14.741 +05:30 [INF] The file /css/site.css was not modified
2026-06-29 21:13:14.741 +05:30 [INF] HTTP GET /css/site.css responded 304 in 3.6169 ms
2026-06-29 21:13:14.742 +05:30 [INF] Request finished HTTP/2 GET https://localhost:44341/css/site.css - 304 null text/css 14.2729ms
2026-06-29 21:13:14.748 +05:30 [INF] Request starting HTTP/2 GET https://localhost:44341/_vs/browserLink - null null
2026-06-29 21:13:14.767 +05:30 [INF] Sending file. Request path: '/css/admin.css'. Physical path: 'C:\Users\ak731\Desktop\DSA\Portfolio Management System\wwwroot\css\admin.css'
2026-06-29 21:13:14.768 +05:30 [INF] HTTP GET /css/admin.css responded 200 in 40.3372 ms
2026-06-29 21:13:14.829 +05:30 [INF] Request finished HTTP/2 GET https://localhost:44341/css/admin.css?v=639183643943541014 - 200 19854 text/css 101.2783ms
2026-06-29 21:13:14.932 +05:30 [INF] Request finished HTTP/2 GET https://localhost:44341/_vs/browserLink - 200 null text/javascript; charset=UTF-8 184.4536ms
2026-06-29 21:13:15.896 +05:30 [INF] Request starting HTTP/2 GET https://localhost:44341/Admin/GetUnreadMessagesCount - null null
2026-06-29 21:13:15.897 +05:30 [INF] Executing endpoint 'Portfolio_Management_System.Controllers.AdminController.GetUnreadMessagesCount (Portfolio Management System)'
2026-06-29 21:13:15.907 +05:30 [INF] Route matched with {action = "GetUnreadMessagesCount", controller = "Admin"}. Executing controller action with signature System.Threading.Tasks.Task`1[Microsoft.AspNetCore.Mvc.IActionResult] GetUnreadMessagesCount() on controller Portfolio_Management_System.Controllers.AdminController (Portfolio Management System).
2026-06-29 21:13:15.923 +05:30 [INF] Request starting HTTP/2 GET https://localhost:44341/Admin/GetRecentMessages - null null
2026-06-29 21:13:15.924 +05:30 [INF] Executing endpoint 'Portfolio_Management_System.Controllers.AdminController.GetRecentMessages (Portfolio Management System)'
2026-06-29 21:13:15.934 +05:30 [INF] Request starting HTTP/2 GET https://localhost:44341/Admin/GetExperienceDetails - null null
2026-06-29 21:13:15.935 +05:30 [INF] Executing endpoint 'Portfolio_Management_System.Controllers.AdminController.GetExperienceDetails (Portfolio Management System)'
2026-06-29 21:13:15.936 +05:30 [INF] Route matched with {action = "GetRecentMessages", controller = "Admin"}. Executing controller action with signature System.Threading.Tasks.Task`1[Microsoft.AspNetCore.Mvc.IActionResult] GetRecentMessages() on controller Portfolio_Management_System.Controllers.AdminController (Portfolio Management System).
2026-06-29 21:13:15.950 +05:30 [INF] Route matched with {action = "GetExperienceDetails", controller = "Admin"}. Executing controller action with signature System.Threading.Tasks.Task`1[Microsoft.AspNetCore.Mvc.IActionResult] GetExperienceDetails() on controller Portfolio_Management_System.Controllers.AdminController (Portfolio Management System).
2026-06-29 21:13:16.206 +05:30 [INF] Executing JsonResult, writing value of type 'System.Collections.Generic.List`1[[<>f__AnonymousType17`7[[System.Int32, System.Private.CoreLib, Version=9.0.0.0, Culture=neutral, PublicKeyToken=7cec85d7bea7798e],[System.String, System.Private.CoreLib, Version=9.0.0.0, Culture=neutral, PublicKeyToken=7cec85d7bea7798e],[System.String, System.Private.CoreLib, Version=9.0.0.0, Culture=neutral, PublicKeyToken=7cec85d7bea7798e],[System.String, System.Private.CoreLib, Version=9.0.0.0, Culture=neutral, PublicKeyToken=7cec85d7bea7798e],[System.String, System.Private.CoreLib, Version=9.0.0.0, Culture=neutral, PublicKeyToken=7cec85d7bea7798e],[System.Boolean, System.Private.CoreLib, Version=9.0.0.0, Culture=neutral, PublicKeyToken=7cec85d7bea7798e],[System.DateTime, System.Private.CoreLib, Version=9.0.0.0, Culture=neutral, PublicKeyToken=7cec85d7bea7798e]], Portfolio Management System, Version=1.0.0.0, Culture=neutral, PublicKeyToken=null]]'.
2026-06-29 21:13:16.207 +05:30 [INF] Executing JsonResult, writing value of type 'System.Int32'.
2026-06-29 21:13:16.244 +05:30 [INF] Executed action Portfolio_Management_System.Controllers.AdminController.GetUnreadMessagesCount (Portfolio Management System) in 336.9027ms
2026-06-29 21:13:16.244 +05:30 [INF] Executed endpoint 'Portfolio_Management_System.Controllers.AdminController.GetUnreadMessagesCount (Portfolio Management System)'
2026-06-29 21:13:16.245 +05:30 [INF] HTTP GET /Admin/GetUnreadMessagesCount responded 200 in 348.5733 ms
2026-06-29 21:13:16.252 +05:30 [INF] Request finished HTTP/2 GET https://localhost:44341/Admin/GetUnreadMessagesCount - 200 null application/json; charset=utf-8 356.2142ms
2026-06-29 21:13:16.294 +05:30 [INF] Executed action Portfolio_Management_System.Controllers.AdminController.GetRecentMessages (Portfolio Management System) in 357.7377ms
2026-06-29 21:13:16.295 +05:30 [INF] Executed endpoint 'Portfolio_Management_System.Controllers.AdminController.GetRecentMessages (Portfolio Management System)'
2026-06-29 21:13:16.295 +05:30 [INF] HTTP GET /Admin/GetRecentMessages responded 200 in 371.8782 ms
2026-06-29 21:13:16.307 +05:30 [INF] Request finished HTTP/2 GET https://localhost:44341/Admin/GetRecentMessages - 200 null application/json; charset=utf-8 383.1772ms
2026-06-29 21:13:17.214 +05:30 [INF] Executing JsonResult, writing value of type '<>f__AnonymousType14`10[[System.Boolean, System.Private.CoreLib, Version=9.0.0.0, Culture=neutral, PublicKeyToken=7cec85d7bea7798e],[System.Int32, System.Private.CoreLib, Version=9.0.0.0, Culture=neutral, PublicKeyToken=7cec85d7bea7798e],[System.String, System.Private.CoreLib, Version=9.0.0.0, Culture=neutral, PublicKeyToken=7cec85d7bea7798e],[System.String, System.Private.CoreLib, Version=9.0.0.0, Culture=neutral, PublicKeyToken=7cec85d7bea7798e],[System.String, System.Private.CoreLib, Version=9.0.0.0, Culture=neutral, PublicKeyToken=7cec85d7bea7798e],[System.Int32, System.Private.CoreLib, Version=9.0.0.0, Culture=neutral, PublicKeyToken=7cec85d7bea7798e],[System.Int32, System.Private.CoreLib, Version=9.0.0.0, Culture=neutral, PublicKeyToken=7cec85d7bea7798e],[System.Int32, System.Private.CoreLib, Version=9.0.0.0, Culture=neutral, PublicKeyToken=7cec85d7bea7798e],[System.Int32, System.Private.CoreLib, Version=9.0.0.0, Culture=neutral, PublicKeyToken=7cec85d7bea7798e],[System.Int32, System.Private.CoreLib, Version=9.0.0.0, Culture=neutral, PublicKeyToken=7cec85d7bea7798e]]'.
2026-06-29 21:13:17.241 +05:30 [INF] Executed action Portfolio_Management_System.Controllers.AdminController.GetExperienceDetails (Portfolio Management System) in 1291.3269ms
2026-06-29 21:13:17.242 +05:30 [INF] Executed endpoint 'Portfolio_Management_System.Controllers.AdminController.GetExperienceDetails (Portfolio Management System)'
2026-06-29 21:13:17.242 +05:30 [INF] HTTP GET /Admin/GetExperienceDetails responded 200 in 1307.6143 ms
2026-06-29 21:13:17.244 +05:30 [INF] Request finished HTTP/2 GET https://localhost:44341/Admin/GetExperienceDetails - 200 null application/json; charset=utf-8 1309.7199ms
2026-06-29 21:13:22.319 +05:30 [INF] Request starting HTTP/2 GET https://localhost:44341/Admin/AutoTube/CustomVideo - null null
2026-06-29 21:13:22.375 +05:30 [INF] Executing endpoint 'Portfolio_Management_System.Controllers.AdminAutoTubeController.CustomVideo (Portfolio Management System)'
2026-06-29 21:13:22.389 +05:30 [INF] Route matched with {action = "CustomVideo", controller = "AdminAutoTube"}. Executing controller action with signature Microsoft.AspNetCore.Mvc.IActionResult CustomVideo() on controller Portfolio_Management_System.Controllers.AdminAutoTubeController (Portfolio Management System).
2026-06-29 21:13:22.695 +05:30 [INF] Executing ViewResult, running view ~/Views/Admin/CustomVideo.cshtml.
2026-06-29 21:13:22.940 +05:30 [INF] Executed ViewResult - view ~/Views/Admin/CustomVideo.cshtml executed in 248.0447ms.
2026-06-29 21:13:22.941 +05:30 [INF] Executed action Portfolio_Management_System.Controllers.AdminAutoTubeController.CustomVideo (Portfolio Management System) in 550.9547ms
2026-06-29 21:13:22.941 +05:30 [INF] Executed endpoint 'Portfolio_Management_System.Controllers.AdminAutoTubeController.CustomVideo (Portfolio Management System)'
2026-06-29 21:13:22.942 +05:30 [INF] HTTP GET /Admin/AutoTube/CustomVideo responded 200 in 572.8039 ms
2026-06-29 21:13:23.000 +05:30 [INF] Request starting HTTP/2 GET https://localhost:44341/css/admin.css?v=639183644029357325 - null null
2026-06-29 21:13:23.001 +05:30 [INF] Request starting HTTP/2 GET https://localhost:44341/_framework/aspnetcore-browser-refresh.js - null null
2026-06-29 21:13:23.001 +05:30 [INF] Request finished HTTP/2 GET https://localhost:44341/_framework/aspnetcore-browser-refresh.js - 200 16539 application/javascript; charset=utf-8 1.0226ms
2026-06-29 21:13:23.002 +05:30 [INF] Request starting HTTP/2 GET https://localhost:44341/_vs/browserLink - null null
2026-06-29 21:13:23.051 +05:30 [INF] Sending file. Request path: '/css/admin.css'. Physical path: 'C:\Users\ak731\Desktop\DSA\Portfolio Management System\wwwroot\css\admin.css'
2026-06-29 21:13:23.051 +05:30 [INF] HTTP GET /css/admin.css responded 200 in 49.0175 ms
2026-06-29 21:13:23.081 +05:30 [INF] Request finished HTTP/2 GET https://localhost:44341/css/admin.css?v=639183644029357325 - 200 19854 text/css 81.1598ms
2026-06-29 21:13:23.084 +05:30 [INF] Request finished HTTP/2 GET https://localhost:44341/Admin/AutoTube/CustomVideo - 200 null text/html; charset=utf-8 765.5299ms
2026-06-29 21:13:23.200 +05:30 [INF] Request finished HTTP/2 GET https://localhost:44341/_vs/browserLink - 200 null text/javascript; charset=UTF-8 198.5645ms
2026-06-29 21:13:23.663 +05:30 [INF] Request starting HTTP/2 GET https://localhost:44341/Admin/GetRecentMessages - null null
2026-06-29 21:13:23.669 +05:30 [INF] Executing endpoint 'Portfolio_Management_System.Controllers.AdminController.GetRecentMessages (Portfolio Management System)'
2026-06-29 21:13:23.674 +05:30 [INF] Request starting HTTP/2 GET https://localhost:44341/Admin/GetUnreadMessagesCount - null null
2026-06-29 21:13:23.676 +05:30 [INF] Route matched with {action = "GetRecentMessages", controller = "Admin"}. Executing controller action with signature System.Threading.Tasks.Task`1[Microsoft.AspNetCore.Mvc.IActionResult] GetRecentMessages() on controller Portfolio_Management_System.Controllers.AdminController (Portfolio Management System).
2026-06-29 21:13:23.676 +05:30 [INF] Executing endpoint 'Portfolio_Management_System.Controllers.AdminController.GetUnreadMessagesCount (Portfolio Management System)'
2026-06-29 21:13:23.676 +05:30 [INF] Route matched with {action = "GetUnreadMessagesCount", controller = "Admin"}. Executing controller action with signature System.Threading.Tasks.Task`1[Microsoft.AspNetCore.Mvc.IActionResult] GetUnreadMessagesCount() on controller Portfolio_Management_System.Controllers.AdminController (Portfolio Management System).
2026-06-29 21:13:23.860 +05:30 [INF] Executing JsonResult, writing value of type 'System.Int32'.
2026-06-29 21:13:23.860 +05:30 [INF] Executed action Portfolio_Management_System.Controllers.AdminController.GetUnreadMessagesCount (Portfolio Management System) in 184.5319ms
2026-06-29 21:13:23.861 +05:30 [INF] Executed endpoint 'Portfolio_Management_System.Controllers.AdminController.GetUnreadMessagesCount (Portfolio Management System)'
2026-06-29 21:13:23.866 +05:30 [INF] HTTP GET /Admin/GetUnreadMessagesCount responded 200 in 190.4208 ms
2026-06-29 21:13:23.866 +05:30 [INF] Executing JsonResult, writing value of type 'System.Collections.Generic.List`1[[<>f__AnonymousType17`7[[System.Int32, System.Private.CoreLib, Version=9.0.0.0, Culture=neutral, PublicKeyToken=7cec85d7bea7798e],[System.String, System.Private.CoreLib, Version=9.0.0.0, Culture=neutral, PublicKeyToken=7cec85d7bea7798e],[System.String, System.Private.CoreLib, Version=9.0.0.0, Culture=neutral, PublicKeyToken=7cec85d7bea7798e],[System.String, System.Private.CoreLib, Version=9.0.0.0, Culture=neutral, PublicKeyToken=7cec85d7bea7798e],[System.String, System.Private.CoreLib, Version=9.0.0.0, Culture=neutral, PublicKeyToken=7cec85d7bea7798e],[System.Boolean, System.Private.CoreLib, Version=9.0.0.0, Culture=neutral, PublicKeyToken=7cec85d7bea7798e],[System.DateTime, System.Private.CoreLib, Version=9.0.0.0, Culture=neutral, PublicKeyToken=7cec85d7bea7798e]], Portfolio Management System, Version=1.0.0.0, Culture=neutral, PublicKeyToken=null]]'.
2026-06-29 21:13:23.866 +05:30 [INF] Request finished HTTP/2 GET https://localhost:44341/Admin/GetUnreadMessagesCount - 200 null application/json; charset=utf-8 192.0709ms
2026-06-29 21:13:23.873 +05:30 [INF] Executed action Portfolio_Management_System.Controllers.AdminController.GetRecentMessages (Portfolio Management System) in 197.2822ms
2026-06-29 21:13:23.873 +05:30 [INF] Executed endpoint 'Portfolio_Management_System.Controllers.AdminController.GetRecentMessages (Portfolio Management System)'
2026-06-29 21:13:23.874 +05:30 [INF] HTTP GET /Admin/GetRecentMessages responded 200 in 207.9487 ms
2026-06-29 21:13:23.877 +05:30 [INF] Request finished HTTP/2 GET https://localhost:44341/Admin/GetRecentMessages - 200 null application/json; charset=utf-8 214.1333ms
2026-06-29 21:13:53.651 +05:30 [INF] Request starting HTTP/2 GET https://localhost:44341/Admin/GetUnreadMessagesCount - null null
2026-06-29 21:13:53.696 +05:30 [INF] Request starting HTTP/2 GET https://localhost:44341/Admin/GetRecentMessages - null null
2026-06-29 21:13:53.697 +05:30 [INF] Executing endpoint 'Portfolio_Management_System.Controllers.AdminController.GetUnreadMessagesCount (Portfolio Management System)'
2026-06-29 21:13:53.697 +05:30 [INF] Route matched with {action = "GetUnreadMessagesCount", controller = "Admin"}. Executing controller action with signature System.Threading.Tasks.Task`1[Microsoft.AspNetCore.Mvc.IActionResult] GetUnreadMessagesCount() on controller Portfolio_Management_System.Controllers.AdminController (Portfolio Management System).
2026-06-29 21:13:53.697 +05:30 [INF] Executing endpoint 'Portfolio_Management_System.Controllers.AdminController.GetRecentMessages (Portfolio Management System)'
2026-06-29 21:13:53.697 +05:30 [INF] Route matched with {action = "GetRecentMessages", controller = "Admin"}. Executing controller action with signature System.Threading.Tasks.Task`1[Microsoft.AspNetCore.Mvc.IActionResult] GetRecentMessages() on controller Portfolio_Management_System.Controllers.AdminController (Portfolio Management System).
2026-06-29 21:13:53.878 +05:30 [INF] Executing JsonResult, writing value of type 'System.Collections.Generic.List`1[[<>f__AnonymousType17`7[[System.Int32, System.Private.CoreLib, Version=9.0.0.0, Culture=neutral, PublicKeyToken=7cec85d7bea7798e],[System.String, System.Private.CoreLib, Version=9.0.0.0, Culture=neutral, PublicKeyToken=7cec85d7bea7798e],[System.String, System.Private.CoreLib, Version=9.0.0.0, Culture=neutral, PublicKeyToken=7cec85d7bea7798e],[System.String, System.Private.CoreLib, Version=9.0.0.0, Culture=neutral, PublicKeyToken=7cec85d7bea7798e],[System.String, System.Private.CoreLib, Version=9.0.0.0, Culture=neutral, PublicKeyToken=7cec85d7bea7798e],[System.Boolean, System.Private.CoreLib, Version=9.0.0.0, Culture=neutral, PublicKeyToken=7cec85d7bea7798e],[System.DateTime, System.Private.CoreLib, Version=9.0.0.0, Culture=neutral, PublicKeyToken=7cec85d7bea7798e]], Portfolio Management System, Version=1.0.0.0, Culture=neutral, PublicKeyToken=null]]'.
2026-06-29 21:13:53.879 +05:30 [INF] Executed action Portfolio_Management_System.Controllers.AdminController.GetRecentMessages (Portfolio Management System) in 181.8287ms
2026-06-29 21:13:53.879 +05:30 [INF] Executed endpoint 'Portfolio_Management_System.Controllers.AdminController.GetRecentMessages (Portfolio Management System)'
2026-06-29 21:13:53.880 +05:30 [INF] HTTP GET /Admin/GetRecentMessages responded 200 in 183.0855 ms
2026-06-29 21:13:53.882 +05:30 [INF] Request finished HTTP/2 GET https://localhost:44341/Admin/GetRecentMessages - 200 null application/json; charset=utf-8 228.962ms
2026-06-29 21:13:53.890 +05:30 [INF] Executing JsonResult, writing value of type 'System.Int32'.
2026-06-29 21:13:53.892 +05:30 [INF] Executed action Portfolio_Management_System.Controllers.AdminController.GetUnreadMessagesCount (Portfolio Management System) in 194.739ms
2026-06-29 21:13:53.892 +05:30 [INF] Executed endpoint 'Portfolio_Management_System.Controllers.AdminController.GetUnreadMessagesCount (Portfolio Management System)'
2026-06-29 21:13:53.892 +05:30 [INF] HTTP GET /Admin/GetUnreadMessagesCount responded 200 in 240.8440 ms
2026-06-29 21:13:53.897 +05:30 [INF] Request finished HTTP/2 GET https://localhost:44341/Admin/GetUnreadMessagesCount - 200 null application/json; charset=utf-8 242.3316ms
2026-06-29 21:14:03.255 +05:30 [INF] Request starting HTTP/2 POST https://localhost:44341/Admin/AutoTube/UploadScript - multipart/form-data; boundary=----WebKitFormBoundarysn3etoooSvCS244T 12842804
2026-06-29 21:14:03.300 +05:30 [INF] CORS policy execution successful.
2026-06-29 21:14:03.326 +05:30 [INF] Executing endpoint 'Portfolio_Management_System.Controllers.AdminAutoTubeController.UploadScript (Portfolio Management System)'
2026-06-29 21:14:03.550 +05:30 [INF] Route matched with {action = "UploadScript", controller = "AdminAutoTube"}. Executing controller action with signature System.Threading.Tasks.Task`1[Microsoft.AspNetCore.Mvc.IActionResult] UploadScript(System.String, Microsoft.AspNetCore.Http.IFormFile) on controller Portfolio_Management_System.Controllers.AdminAutoTubeController (Portfolio Management System).
2026-06-29 21:14:14.477 +05:30 [INF] Start processing HTTP request POST http://localhost:8000/api/script/format_custom
2026-06-29 21:14:14.479 +05:30 [INF] Sending HTTP request POST http://localhost:8000/api/script/format_custom
2026-06-29 21:14:22.001 +05:30 [INF] Received HTTP response headers after 7519.4202ms - 200
2026-06-29 21:14:22.001 +05:30 [INF] End processing HTTP request after 7525.4263ms - 200
2026-06-29 21:14:23.651 +05:30 [INF] Request starting HTTP/2 GET https://localhost:44341/Admin/GetRecentMessages - null null
2026-06-29 21:14:23.652 +05:30 [INF] Request starting HTTP/2 GET https://localhost:44341/Admin/GetUnreadMessagesCount - null null
2026-06-29 21:14:23.652 +05:30 [INF] Executing endpoint 'Portfolio_Management_System.Controllers.AdminController.GetUnreadMessagesCount (Portfolio Management System)'
2026-06-29 21:14:23.653 +05:30 [INF] Route matched with {action = "GetUnreadMessagesCount", controller = "Admin"}. Executing controller action with signature System.Threading.Tasks.Task`1[Microsoft.AspNetCore.Mvc.IActionResult] GetUnreadMessagesCount() on controller Portfolio_Management_System.Controllers.AdminController (Portfolio Management System).
2026-06-29 21:14:23.654 +05:30 [INF] Executing endpoint 'Portfolio_Management_System.Controllers.AdminController.GetRecentMessages (Portfolio Management System)'
2026-06-29 21:14:23.654 +05:30 [INF] Route matched with {action = "GetRecentMessages", controller = "Admin"}. Executing controller action with signature System.Threading.Tasks.Task`1[Microsoft.AspNetCore.Mvc.IActionResult] GetRecentMessages() on controller Portfolio_Management_System.Controllers.AdminController (Portfolio Management System).
2026-06-29 21:14:24.038 +05:30 [INF] Executing JsonResult, writing value of type 'System.Int32'.
2026-06-29 21:14:24.038 +05:30 [INF] Executing JsonResult, writing value of type 'System.Collections.Generic.List`1[[<>f__AnonymousType17`7[[System.Int32, System.Private.CoreLib, Version=9.0.0.0, Culture=neutral, PublicKeyToken=7cec85d7bea7798e],[System.String, System.Private.CoreLib, Version=9.0.0.0, Culture=neutral, PublicKeyToken=7cec85d7bea7798e],[System.String, System.Private.CoreLib, Version=9.0.0.0, Culture=neutral, PublicKeyToken=7cec85d7bea7798e],[System.String, System.Private.CoreLib, Version=9.0.0.0, Culture=neutral, PublicKeyToken=7cec85d7bea7798e],[System.String, System.Private.CoreLib, Version=9.0.0.0, Culture=neutral, PublicKeyToken=7cec85d7bea7798e],[System.Boolean, System.Private.CoreLib, Version=9.0.0.0, Culture=neutral, PublicKeyToken=7cec85d7bea7798e],[System.DateTime, System.Private.CoreLib, Version=9.0.0.0, Culture=neutral, PublicKeyToken=7cec85d7bea7798e]], Portfolio Management System, Version=1.0.0.0, Culture=neutral, PublicKeyToken=null]]'.
2026-06-29 21:14:24.039 +05:30 [INF] Executed action Portfolio_Management_System.Controllers.AdminController.GetRecentMessages (Portfolio Management System) in 383.2115ms
2026-06-29 21:14:24.040 +05:30 [INF] Executed endpoint 'Portfolio_Management_System.Controllers.AdminController.GetRecentMessages (Portfolio Management System)'
2026-06-29 21:14:24.040 +05:30 [INF] HTTP GET /Admin/GetRecentMessages responded 200 in 388.9165 ms
2026-06-29 21:14:24.039 +05:30 [INF] Executed action Portfolio_Management_System.Controllers.AdminController.GetUnreadMessagesCount (Portfolio Management System) in 386.6211ms
2026-06-29 21:14:24.040 +05:30 [INF] Executed endpoint 'Portfolio_Management_System.Controllers.AdminController.GetUnreadMessagesCount (Portfolio Management System)'
2026-06-29 21:14:24.040 +05:30 [INF] Request finished HTTP/2 GET https://localhost:44341/Admin/GetRecentMessages - 200 null application/json; charset=utf-8 390.0363ms
2026-06-29 21:14:24.040 +05:30 [INF] HTTP GET /Admin/GetUnreadMessagesCount responded 200 in 388.6532 ms
2026-06-29 21:14:24.052 +05:30 [INF] Request finished HTTP/2 GET https://localhost:44341/Admin/GetUnreadMessagesCount - 200 null application/json; charset=utf-8 400.7963ms
2026-06-29 21:14:24.070 +05:30 [ERR] Failed executing DbCommand (286ms) [Parameters=[], CommandType='"Text"', CommandTimeout='30']
SELECT TOP(1) [t].[Id], [t].[Category], [t].[CompetitionScore], [t].[FetchedAt], [t].[IsSelected], [t].[Keywords], [t].[PopularityScore], [t].[SelectedAt], [t].[Source], [t].[Title], [t].[ViralityScore]
FROM [TrendTopics] AS [t]
WHERE [t].[Title] = N'Custom Video'
2026-06-29 21:14:24.140 +05:30 [ERR] An exception occurred while iterating over the results of a query for context type 'AutoTube.Infrastructure.Data.AppDbContext'.
Microsoft.Data.SqlClient.SqlException (0x80131904): Invalid object name 'TrendTopics'.
   at Microsoft.Data.SqlClient.SqlConnection.OnError(SqlException exception, Boolean breakConnection, Action`1 wrapCloseInAction)
   at Microsoft.Data.SqlClient.SqlInternalConnection.OnError(SqlException exception, Boolean breakConnection, Action`1 wrapCloseInAction)
   at Microsoft.Data.SqlClient.TdsParser.ThrowExceptionAndWarning(TdsParserStateObject stateObj, SqlCommand command, Boolean callerHasConnectionLock, Boolean asyncClose)
   at Microsoft.Data.SqlClient.TdsParser.TryRun(RunBehavior runBehavior, SqlCommand cmdHandler, SqlDataReader dataStream, BulkCopySimpleResultSet bulkCopyHandler, TdsParserStateObject stateObj, Boolean& dataReady)
   at Microsoft.Data.SqlClient.SqlDataReader.TryConsumeMetaData()
   at Microsoft.Data.SqlClient.SqlDataReader.get_MetaData()
   at Microsoft.Data.SqlClient.SqlCommand.FinishExecuteReader(SqlDataReader ds, RunBehavior runBehavior, String resetOptionsString, Boolean isInternal, Boolean forDescribeParameterEncryption, Boolean shouldCacheForAlwaysEncrypted)
   at Microsoft.Data.SqlClient.SqlCommand.RunExecuteReaderTds(CommandBehavior cmdBehavior, RunBehavior runBehavior, Boolean returnStream, Boolean isAsync, Int32 timeout, Task& task, Boolean asyncWrite, Boolean inRetry, SqlDataReader ds, Boolean describeParameterEncryptionRequest)
   at Microsoft.Data.SqlClient.SqlCommand.RunExecuteReader(CommandBehavior cmdBehavior, RunBehavior runBehavior, Boolean returnStream, TaskCompletionSource`1 completion, Int32 timeout, Task& task, Boolean& usedCache, Boolean asyncWrite, Boolean inRetry, String method)
   at Microsoft.Data.SqlClient.SqlCommand.RunExecuteReader(CommandBehavior cmdBehavior, RunBehavior runBehavior, Boolean returnStream, String method)
   at Microsoft.Data.SqlClient.SqlCommand.ExecuteReader(CommandBehavior behavior)
   at Microsoft.Data.SqlClient.SqlCommand.ExecuteDbDataReader(CommandBehavior behavior)
   at Microsoft.EntityFrameworkCore.Storage.RelationalCommand.ExecuteReader(RelationalCommandParameterObject parameterObject)
   at Microsoft.EntityFrameworkCore.Query.Internal.SingleQueryingEnumerable`1.Enumerator.InitializeReader(Enumerator enumerator)
   at Microsoft.EntityFrameworkCore.Query.Internal.SingleQueryingEnumerable`1.Enumerator.<>c.<MoveNext>b__21_0(DbContext _, Enumerator enumerator)
   at Microsoft.EntityFrameworkCore.SqlServer.Storage.Internal.SqlServerExecutionStrategy.Execute[TState,TResult](TState state, Func`3 operation, Func`3 verifySucceeded)
   at Microsoft.EntityFrameworkCore.Query.Internal.SingleQueryingEnumerable`1.Enumerator.MoveNext()
ClientConnectionId:22d87e72-54e1-4bb9-807e-f64ae30f6474
Error Number:208,State:1,Class:16
Microsoft.Data.SqlClient.SqlException (0x80131904): Invalid object name 'TrendTopics'.
   at Microsoft.Data.SqlClient.SqlConnection.OnError(SqlException exception, Boolean breakConnection, Action`1 wrapCloseInAction)
   at Microsoft.Data.SqlClient.SqlInternalConnection.OnError(SqlException exception, Boolean breakConnection, Action`1 wrapCloseInAction)
   at Microsoft.Data.SqlClient.TdsParser.ThrowExceptionAndWarning(TdsParserStateObject stateObj, SqlCommand command, Boolean callerHasConnectionLock, Boolean asyncClose)
   at Microsoft.Data.SqlClient.TdsParser.TryRun(RunBehavior runBehavior, SqlCommand cmdHandler, SqlDataReader dataStream, BulkCopySimpleResultSet bulkCopyHandler, TdsParserStateObject stateObj, Boolean& dataReady)
   at Microsoft.Data.SqlClient.SqlDataReader.TryConsumeMetaData()
   at Microsoft.Data.SqlClient.SqlDataReader.get_MetaData()
   at Microsoft.Data.SqlClient.SqlCommand.FinishExecuteReader(SqlDataReader ds, RunBehavior runBehavior, String resetOptionsString, Boolean isInternal, Boolean forDescribeParameterEncryption, Boolean shouldCacheForAlwaysEncrypted)
   at Microsoft.Data.SqlClient.SqlCommand.RunExecuteReaderTds(CommandBehavior cmdBehavior, RunBehavior runBehavior, Boolean returnStream, Boolean isAsync, Int32 timeout, Task& task, Boolean asyncWrite, Boolean inRetry, SqlDataReader ds, Boolean describeParameterEncryptionRequest)
   at Microsoft.Data.SqlClient.SqlCommand.RunExecuteReader(CommandBehavior cmdBehavior, RunBehavior runBehavior, Boolean returnStream, TaskCompletionSource`1 completion, Int32 timeout, Task& task, Boolean& usedCache, Boolean asyncWrite, Boolean inRetry, String method)
   at Microsoft.Data.SqlClient.SqlCommand.RunExecuteReader(CommandBehavior cmdBehavior, RunBehavior runBehavior, Boolean returnStream, String method)
   at Microsoft.Data.SqlClient.SqlCommand.ExecuteReader(CommandBehavior behavior)
   at Microsoft.Data.SqlClient.SqlCommand.ExecuteDbDataReader(CommandBehavior behavior)
   at Microsoft.EntityFrameworkCore.Storage.RelationalCommand.ExecuteReader(RelationalCommandParameterObject parameterObject)
   at Microsoft.EntityFrameworkCore.Query.Internal.SingleQueryingEnumerable`1.Enumerator.InitializeReader(Enumerator enumerator)
   at Microsoft.EntityFrameworkCore.Query.Internal.SingleQueryingEnumerable`1.Enumerator.<>c.<MoveNext>b__21_0(DbContext _, Enumerator enumerator)
   at Microsoft.EntityFrameworkCore.SqlServer.Storage.Internal.SqlServerExecutionStrategy.Execute[TState,TResult](TState state, Func`3 operation, Func`3 verifySucceeded)
   at Microsoft.EntityFrameworkCore.Query.Internal.SingleQueryingEnumerable`1.Enumerator.MoveNext()
ClientConnectionId:22d87e72-54e1-4bb9-807e-f64ae30f6474
Error Number:208,State:1,Class:16
2026-06-29 21:14:24.533 +05:30 [ERR] Error calling Python API.
Microsoft.Data.SqlClient.SqlException (0x80131904): Invalid object name 'TrendTopics'.
   at Microsoft.Data.SqlClient.SqlConnection.OnError(SqlException exception, Boolean breakConnection, Action`1 wrapCloseInAction)
   at Microsoft.Data.SqlClient.SqlInternalConnection.OnError(SqlException exception, Boolean breakConnection, Action`1 wrapCloseInAction)
   at Microsoft.Data.SqlClient.TdsParser.ThrowExceptionAndWarning(TdsParserStateObject stateObj, SqlCommand command, Boolean callerHasConnectionLock, Boolean asyncClose)
   at Microsoft.Data.SqlClient.TdsParser.TryRun(RunBehavior runBehavior, SqlCommand cmdHandler, SqlDataReader dataStream, BulkCopySimpleResultSet bulkCopyHandler, TdsParserStateObject stateObj, Boolean& dataReady)
   at Microsoft.Data.SqlClient.SqlDataReader.TryConsumeMetaData()
   at Microsoft.Data.SqlClient.SqlDataReader.get_MetaData()
   at Microsoft.Data.SqlClient.SqlCommand.FinishExecuteReader(SqlDataReader ds, RunBehavior runBehavior, String resetOptionsString, Boolean isInternal, Boolean forDescribeParameterEncryption, Boolean shouldCacheForAlwaysEncrypted)
   at Microsoft.Data.SqlClient.SqlCommand.RunExecuteReaderTds(CommandBehavior cmdBehavior, RunBehavior runBehavior, Boolean returnStream, Boolean isAsync, Int32 timeout, Task& task, Boolean asyncWrite, Boolean inRetry, SqlDataReader ds, Boolean describeParameterEncryptionRequest)
   at Microsoft.Data.SqlClient.SqlCommand.RunExecuteReader(CommandBehavior cmdBehavior, RunBehavior runBehavior, Boolean returnStream, TaskCompletionSource`1 completion, Int32 timeout, Task& task, Boolean& usedCache, Boolean asyncWrite, Boolean inRetry, String method)
   at Microsoft.Data.SqlClient.SqlCommand.RunExecuteReader(CommandBehavior cmdBehavior, RunBehavior runBehavior, Boolean returnStream, String method)
   at Microsoft.Data.SqlClient.SqlCommand.ExecuteReader(CommandBehavior behavior)
   at Microsoft.Data.SqlClient.SqlCommand.ExecuteDbDataReader(CommandBehavior behavior)
   at Microsoft.EntityFrameworkCore.Storage.RelationalCommand.ExecuteReader(RelationalCommandParameterObject parameterObject)
   at Microsoft.EntityFrameworkCore.Query.Internal.SingleQueryingEnumerable`1.Enumerator.InitializeReader(Enumerator enumerator)
   at Microsoft.EntityFrameworkCore.Query.Internal.SingleQueryingEnumerable`1.Enumerator.<>c.<MoveNext>b__21_0(DbContext _, Enumerator enumerator)
   at Microsoft.EntityFrameworkCore.SqlServer.Storage.Internal.SqlServerExecutionStrategy.Execute[TState,TResult](TState state, Func`3 operation, Func`3 verifySucceeded)
   at Microsoft.EntityFrameworkCore.Query.Internal.SingleQueryingEnumerable`1.Enumerator.MoveNext()
   at System.Linq.Enumerable.TryGetSingle[TSource](IEnumerable`1 source, Boolean& found)
   at lambda_method125(Closure, QueryContext)
   at Microsoft.EntityFrameworkCore.Query.Internal.QueryCompiler.ExecuteCore[TResult](Expression query, Boolean async, CancellationToken cancellationToken)
   at Microsoft.EntityFrameworkCore.Query.Internal.QueryCompiler.Execute[TResult](Expression query)
   at Microsoft.EntityFrameworkCore.Query.Internal.EntityQueryProvider.Execute[TResult](Expression expression)
   at Portfolio_Management_System.Controllers.AdminAutoTubeController.UploadScript(String rawText, IFormFile pdfFile) in C:\Users\ak731\Desktop\DSA\Portfolio Management System\Controllers\AdminAutoTubeController.cs:line 98
ClientConnectionId:22d87e72-54e1-4bb9-807e-f64ae30f6474
Error Number:208,State:1,Class:16
2026-06-29 21:14:24.557 +05:30 [INF] Executing JsonResult, writing value of type '<>f__AnonymousType9`2[[System.Boolean, System.Private.CoreLib, Version=9.0.0.0, Culture=neutral, PublicKeyToken=7cec85d7bea7798e],[System.String, System.Private.CoreLib, Version=9.0.0.0, Culture=neutral, PublicKeyToken=7cec85d7bea7798e]]'.
2026-06-29 21:14:24.573 +05:30 [INF] Executed action Portfolio_Management_System.Controllers.AdminAutoTubeController.UploadScript (Portfolio Management System) in 21021.9943ms
2026-06-29 21:14:24.573 +05:30 [INF] Executed endpoint 'Portfolio_Management_System.Controllers.AdminAutoTubeController.UploadScript (Portfolio Management System)'
2026-06-29 21:14:24.573 +05:30 [INF] HTTP POST /Admin/AutoTube/UploadScript responded 200 in 21316.9866 ms
2026-06-29 21:14:24.624 +05:30 [INF] Request finished HTTP/2 POST https://localhost:44341/Admin/AutoTube/UploadScript - 200 null application/json; charset=utf-8 21370.2499ms
2026-06-29 21:14:53.683 +05:30 [INF] Request starting HTTP/2 GET https://localhost:44341/Admin/GetRecentMessages - null null
2026-06-29 21:14:53.694 +05:30 [INF] Request starting HTTP/2 GET https://localhost:44341/Admin/GetUnreadMessagesCount - null null
2026-06-29 21:14:53.697 +05:30 [INF] Executing endpoint 'Portfolio_Management_System.Controllers.AdminController.GetRecentMessages (Portfolio Management System)'
2026-06-29 21:14:53.698 +05:30 [INF] Route matched with {action = "GetRecentMessages", controller = "Admin"}. Executing controller action with signature System.Threading.Tasks.Task`1[Microsoft.AspNetCore.Mvc.IActionResult] GetRecentMessages() on controller Portfolio_Management_System.Controllers.AdminController (Portfolio Management System).
2026-06-29 21:14:53.700 +05:30 [INF] Executing endpoint 'Portfolio_Management_System.Controllers.AdminController.GetUnreadMessagesCount (Portfolio Management System)'
2026-06-29 21:14:53.700 +05:30 [INF] Route matched with {action = "GetUnreadMessagesCount", controller = "Admin"}. Executing controller action with signature System.Threading.Tasks.Task`1[Microsoft.AspNetCore.Mvc.IActionResult] GetUnreadMessagesCount() on controller Portfolio_Management_System.Controllers.AdminController (Portfolio Management System).
2026-06-29 21:14:53.974 +05:30 [INF] Executing JsonResult, writing value of type 'System.Int32'.
2026-06-29 21:14:53.980 +05:30 [INF] Executing JsonResult, writing value of type 'System.Collections.Generic.List`1[[<>f__AnonymousType17`7[[System.Int32, System.Private.CoreLib, Version=9.0.0.0, Culture=neutral, PublicKeyToken=7cec85d7bea7798e],[System.String, System.Private.CoreLib, Version=9.0.0.0, Culture=neutral, PublicKeyToken=7cec85d7bea7798e],[System.String, System.Private.CoreLib, Version=9.0.0.0, Culture=neutral, PublicKeyToken=7cec85d7bea7798e],[System.String, System.Private.CoreLib, Version=9.0.0.0, Culture=neutral, PublicKeyToken=7cec85d7bea7798e],[System.String, System.Private.CoreLib, Version=9.0.0.0, Culture=neutral, PublicKeyToken=7cec85d7bea7798e],[System.Boolean, System.Private.CoreLib, Version=9.0.0.0, Culture=neutral, PublicKeyToken=7cec85d7bea7798e],[System.DateTime, System.Private.CoreLib, Version=9.0.0.0, Culture=neutral, PublicKeyToken=7cec85d7bea7798e]], Portfolio Management System, Version=1.0.0.0, Culture=neutral, PublicKeyToken=null]]'.
2026-06-29 21:14:53.980 +05:30 [INF] Executed action Portfolio_Management_System.Controllers.AdminController.GetUnreadMessagesCount (Portfolio Management System) in 279.5037ms
2026-06-29 21:14:53.980 +05:30 [INF] Executed endpoint 'Portfolio_Management_System.Controllers.AdminController.GetUnreadMessagesCount (Portfolio Management System)'
2026-06-29 21:14:53.980 +05:30 [INF] HTTP GET /Admin/GetUnreadMessagesCount responded 200 in 285.5618 ms
2026-06-29 21:14:53.981 +05:30 [INF] Request finished HTTP/2 GET https://localhost:44341/Admin/GetUnreadMessagesCount - 200 null application/json; charset=utf-8 287.0137ms
2026-06-29 21:14:53.981 +05:30 [INF] Executed action Portfolio_Management_System.Controllers.AdminController.GetRecentMessages (Portfolio Management System) in 283.2115ms
2026-06-29 21:14:53.981 +05:30 [INF] Executed endpoint 'Portfolio_Management_System.Controllers.AdminController.GetRecentMessages (Portfolio Management System)'
2026-06-29 21:14:53.981 +05:30 [INF] HTTP GET /Admin/GetRecentMessages responded 200 in 298.1251 ms
2026-06-29 21:14:53.987 +05:30 [INF] Request finished HTTP/2 GET https://localhost:44341/Admin/GetRecentMessages - 200 null application/json; charset=utf-8 303.9513ms
2026-06-29 21:15:23.668 +05:30 [INF] Request starting HTTP/2 GET https://localhost:44341/Admin/GetUnreadMessagesCount - null null
2026-06-29 21:15:23.669 +05:30 [INF] Request starting HTTP/2 GET https://localhost:44341/Admin/GetRecentMessages - null null
2026-06-29 21:15:23.691 +05:30 [INF] Executing endpoint 'Portfolio_Management_System.Controllers.AdminController.GetUnreadMessagesCount (Portfolio Management System)'
2026-06-29 21:15:23.697 +05:30 [INF] Executing endpoint 'Portfolio_Management_System.Controllers.AdminController.GetRecentMessages (Portfolio Management System)'
2026-06-29 21:15:23.703 +05:30 [INF] Route matched with {action = "GetUnreadMessagesCount", controller = "Admin"}. Executing controller action with signature System.Threading.Tasks.Task`1[Microsoft.AspNetCore.Mvc.IActionResult] GetUnreadMessagesCount() on controller Portfolio_Management_System.Controllers.AdminController (Portfolio Management System).
2026-06-29 21:15:23.705 +05:30 [INF] Route matched with {action = "GetRecentMessages", controller = "Admin"}. Executing controller action with signature System.Threading.Tasks.Task`1[Microsoft.AspNetCore.Mvc.IActionResult] GetRecentMessages() on controller Portfolio_Management_System.Controllers.AdminController (Portfolio Management System).
2026-06-29 21:15:23.986 +05:30 [INF] Executing JsonResult, writing value of type 'System.Int32'.
2026-06-29 21:15:23.986 +05:30 [INF] Executing JsonResult, writing value of type 'System.Collections.Generic.List`1[[<>f__AnonymousType17`7[[System.Int32, System.Private.CoreLib, Version=9.0.0.0, Culture=neutral, PublicKeyToken=7cec85d7bea7798e],[System.String, System.Private.CoreLib, Version=9.0.0.0, Culture=neutral, PublicKeyToken=7cec85d7bea7798e],[System.String, System.Private.CoreLib, Version=9.0.0.0, Culture=neutral, PublicKeyToken=7cec85d7bea7798e],[System.String, System.Private.CoreLib, Version=9.0.0.0, Culture=neutral, PublicKeyToken=7cec85d7bea7798e],[System.String, System.Private.CoreLib, Version=9.0.0.0, Culture=neutral, PublicKeyToken=7cec85d7bea7798e],[System.Boolean, System.Private.CoreLib, Version=9.0.0.0, Culture=neutral, PublicKeyToken=7cec85d7bea7798e],[System.DateTime, System.Private.CoreLib, Version=9.0.0.0, Culture=neutral, PublicKeyToken=7cec85d7bea7798e]], Portfolio Management System, Version=1.0.0.0, Culture=neutral, PublicKeyToken=null]]'.
2026-06-29 21:15:23.987 +05:30 [INF] Executed action Portfolio_Management_System.Controllers.AdminController.GetRecentMessages (Portfolio Management System) in 280.3985ms
2026-06-29 21:15:23.987 +05:30 [INF] Executed endpoint 'Portfolio_Management_System.Controllers.AdminController.GetRecentMessages (Portfolio Management System)'
2026-06-29 21:15:23.994 +05:30 [INF] HTTP GET /Admin/GetRecentMessages responded 200 in 324.1227 ms
2026-06-29 21:15:23.995 +05:30 [INF] Executed action Portfolio_Management_System.Controllers.AdminController.GetUnreadMessagesCount (Portfolio Management System) in 287.6688ms
2026-06-29 21:15:23.995 +05:30 [INF] Executed endpoint 'Portfolio_Management_System.Controllers.AdminController.GetUnreadMessagesCount (Portfolio Management System)'
2026-06-29 21:15:23.995 +05:30 [INF] HTTP GET /Admin/GetUnreadMessagesCount responded 200 in 325.4985 ms
2026-06-29 21:15:23.995 +05:30 [INF] Request finished HTTP/2 GET https://localhost:44341/Admin/GetUnreadMessagesCount - 200 null application/json; charset=utf-8 334.3067ms
2026-06-29 21:15:23.995 +05:30 [INF] Request finished HTTP/2 GET https://localhost:44341/Admin/GetRecentMessages - 200 null application/json; charset=utf-8 331.2105ms
2026-06-29 21:15:53.663 +05:30 [INF] Request starting HTTP/2 GET https://localhost:44341/Admin/GetUnreadMessagesCount - null null
2026-06-29 21:15:53.661 +05:30 [INF] Request starting HTTP/2 GET https://localhost:44341/Admin/GetRecentMessages - null null
2026-06-29 21:15:53.682 +05:30 [INF] Executing endpoint 'Portfolio_Management_System.Controllers.AdminController.GetRecentMessages (Portfolio Management System)'
2026-06-29 21:15:53.682 +05:30 [INF] Route matched with {action = "GetRecentMessages", controller = "Admin"}. Executing controller action with signature System.Threading.Tasks.Task`1[Microsoft.AspNetCore.Mvc.IActionResult] GetRecentMessages() on controller Portfolio_Management_System.Controllers.AdminController (Portfolio Management System).
2026-06-29 21:15:53.688 +05:30 [INF] Executing endpoint 'Portfolio_Management_System.Controllers.AdminController.GetUnreadMessagesCount (Portfolio Management System)'
2026-06-29 21:15:53.688 +05:30 [INF] Route matched with {action = "GetUnreadMessagesCount", controller = "Admin"}. Executing controller action with signature System.Threading.Tasks.Task`1[Microsoft.AspNetCore.Mvc.IActionResult] GetUnreadMessagesCount() on controller Portfolio_Management_System.Controllers.AdminController (Portfolio Management System).
2026-06-29 21:15:53.960 +05:30 [INF] Executing JsonResult, writing value of type 'System.Int32'.
2026-06-29 21:15:53.960 +05:30 [INF] Executing JsonResult, writing value of type 'System.Collections.Generic.List`1[[<>f__AnonymousType17`7[[System.Int32, System.Private.CoreLib, Version=9.0.0.0, Culture=neutral, PublicKeyToken=7cec85d7bea7798e],[System.String, System.Private.CoreLib, Version=9.0.0.0, Culture=neutral, PublicKeyToken=7cec85d7bea7798e],[System.String, System.Private.CoreLib, Version=9.0.0.0, Culture=neutral, PublicKeyToken=7cec85d7bea7798e],[System.String, System.Private.CoreLib, Version=9.0.0.0, Culture=neutral, PublicKeyToken=7cec85d7bea7798e],[System.String, System.Private.CoreLib, Version=9.0.0.0, Culture=neutral, PublicKeyToken=7cec85d7bea7798e],[System.Boolean, System.Private.CoreLib, Version=9.0.0.0, Culture=neutral, PublicKeyToken=7cec85d7bea7798e],[System.DateTime, System.Private.CoreLib, Version=9.0.0.0, Culture=neutral, PublicKeyToken=7cec85d7bea7798e]], Portfolio Management System, Version=1.0.0.0, Culture=neutral, PublicKeyToken=null]]'.
2026-06-29 21:15:53.980 +05:30 [INF] Executed action Portfolio_Management_System.Controllers.AdminController.GetUnreadMessagesCount (Portfolio Management System) in 291.2915ms
2026-06-29 21:15:53.980 +05:30 [INF] Executed action Portfolio_Management_System.Controllers.AdminController.GetRecentMessages (Portfolio Management System) in 297.0144ms
2026-06-29 21:15:53.981 +05:30 [INF] Executed endpoint 'Portfolio_Management_System.Controllers.AdminController.GetRecentMessages (Portfolio Management System)'
2026-06-29 21:15:53.981 +05:30 [INF] Executed endpoint 'Portfolio_Management_System.Controllers.AdminController.GetUnreadMessagesCount (Portfolio Management System)'
2026-06-29 21:15:53.982 +05:30 [INF] HTTP GET /Admin/GetRecentMessages responded 200 in 313.3259 ms
2026-06-29 21:15:53.982 +05:30 [INF] HTTP GET /Admin/GetUnreadMessagesCount responded 200 in 310.5617 ms
2026-06-29 21:15:53.982 +05:30 [INF] Request finished HTTP/2 GET https://localhost:44341/Admin/GetRecentMessages - 200 null application/json; charset=utf-8 322.756ms
2026-06-29 21:15:53.982 +05:30 [INF] Request finished HTTP/2 GET https://localhost:44341/Admin/GetUnreadMessagesCount - 200 null application/json; charset=utf-8 319.2381ms
2026-06-29 21:16:23.662 +05:30 [INF] Request starting HTTP/2 GET https://localhost:44341/Admin/GetUnreadMessagesCount - null null
2026-06-29 21:16:23.673 +05:30 [INF] Executing endpoint 'Portfolio_Management_System.Controllers.AdminController.GetUnreadMessagesCount (Portfolio Management System)'
2026-06-29 21:16:23.673 +05:30 [INF] Route matched with {action = "GetUnreadMessagesCount", controller = "Admin"}. Executing controller action with signature System.Threading.Tasks.Task`1[Microsoft.AspNetCore.Mvc.IActionResult] GetUnreadMessagesCount() on controller Portfolio_Management_System.Controllers.AdminController (Portfolio Management System).
2026-06-29 21:16:23.696 +05:30 [INF] Request starting HTTP/2 GET https://localhost:44341/Admin/GetRecentMessages - null null
2026-06-29 21:16:23.706 +05:30 [INF] Executing endpoint 'Portfolio_Management_System.Controllers.AdminController.GetRecentMessages (Portfolio Management System)'
2026-06-29 21:16:23.707 +05:30 [INF] Route matched with {action = "GetRecentMessages", controller = "Admin"}. Executing controller action with signature System.Threading.Tasks.Task`1[Microsoft.AspNetCore.Mvc.IActionResult] GetRecentMessages() on controller Portfolio_Management_System.Controllers.AdminController (Portfolio Management System).
2026-06-29 21:16:23.895 +05:30 [INF] Executing JsonResult, writing value of type 'System.Int32'.
2026-06-29 21:16:23.900 +05:30 [INF] Executing JsonResult, writing value of type 'System.Collections.Generic.List`1[[<>f__AnonymousType17`7[[System.Int32, System.Private.CoreLib, Version=9.0.0.0, Culture=neutral, PublicKeyToken=7cec85d7bea7798e],[System.String, System.Private.CoreLib, Version=9.0.0.0, Culture=neutral, PublicKeyToken=7cec85d7bea7798e],[System.String, System.Private.CoreLib, Version=9.0.0.0, Culture=neutral, PublicKeyToken=7cec85d7bea7798e],[System.String, System.Private.CoreLib, Version=9.0.0.0, Culture=neutral, PublicKeyToken=7cec85d7bea7798e],[System.String, System.Private.CoreLib, Version=9.0.0.0, Culture=neutral, PublicKeyToken=7cec85d7bea7798e],[System.Boolean, System.Private.CoreLib, Version=9.0.0.0, Culture=neutral, PublicKeyToken=7cec85d7bea7798e],[System.DateTime, System.Private.CoreLib, Version=9.0.0.0, Culture=neutral, PublicKeyToken=7cec85d7bea7798e]], Portfolio Management System, Version=1.0.0.0, Culture=neutral, PublicKeyToken=null]]'.
2026-06-29 21:16:23.900 +05:30 [INF] Executed action Portfolio_Management_System.Controllers.AdminController.GetUnreadMessagesCount (Portfolio Management System) in 221.2814ms
2026-06-29 21:16:23.901 +05:30 [INF] Executed endpoint 'Portfolio_Management_System.Controllers.AdminController.GetUnreadMessagesCount (Portfolio Management System)'
2026-06-29 21:16:23.914 +05:30 [INF] Executed action Portfolio_Management_System.Controllers.AdminController.GetRecentMessages (Portfolio Management System) in 205.8759ms
2026-06-29 21:16:23.914 +05:30 [INF] Executed endpoint 'Portfolio_Management_System.Controllers.AdminController.GetRecentMessages (Portfolio Management System)'
2026-06-29 21:16:23.914 +05:30 [INF] HTTP GET /Admin/GetRecentMessages responded 200 in 209.2422 ms
2026-06-29 21:16:23.915 +05:30 [INF] HTTP GET /Admin/GetUnreadMessagesCount responded 200 in 250.6356 ms
2026-06-29 21:16:23.916 +05:30 [INF] Request finished HTTP/2 GET https://localhost:44341/Admin/GetRecentMessages - 200 null application/json; charset=utf-8 219.3432ms
2026-06-29 21:16:23.916 +05:30 [INF] Request finished HTTP/2 GET https://localhost:44341/Admin/GetUnreadMessagesCount - 200 null application/json; charset=utf-8 253.6986ms
2026-06-29 21:16:53.680 +05:30 [INF] Request starting HTTP/2 GET https://localhost:44341/Admin/GetUnreadMessagesCount - null null
2026-06-29 21:16:53.693 +05:30 [INF] Request starting HTTP/2 GET https://localhost:44341/Admin/GetRecentMessages - null null
2026-06-29 21:16:53.704 +05:30 [INF] Executing endpoint 'Portfolio_Management_System.Controllers.AdminController.GetUnreadMessagesCount (Portfolio Management System)'
2026-06-29 21:16:53.706 +05:30 [INF] Route matched with {action = "GetUnreadMessagesCount", controller = "Admin"}. Executing controller action with signature System.Threading.Tasks.Task`1[Microsoft.AspNetCore.Mvc.IActionResult] GetUnreadMessagesCount() on controller Portfolio_Management_System.Controllers.AdminController (Portfolio Management System).
2026-06-29 21:16:53.712 +05:30 [INF] Executing endpoint 'Portfolio_Management_System.Controllers.AdminController.GetRecentMessages (Portfolio Management System)'
2026-06-29 21:16:53.716 +05:30 [INF] Route matched with {action = "GetRecentMessages", controller = "Admin"}. Executing controller action with signature System.Threading.Tasks.Task`1[Microsoft.AspNetCore.Mvc.IActionResult] GetRecentMessages() on controller Portfolio_Management_System.Controllers.AdminController (Portfolio Management System).
2026-06-29 21:16:53.880 +05:30 [INF] Executing JsonResult, writing value of type 'System.Int32'.
2026-06-29 21:16:53.881 +05:30 [INF] Executed action Portfolio_Management_System.Controllers.AdminController.GetUnreadMessagesCount (Portfolio Management System) in 174.5216ms
2026-06-29 21:16:53.881 +05:30 [INF] Executed endpoint 'Portfolio_Management_System.Controllers.AdminController.GetUnreadMessagesCount (Portfolio Management System)'
2026-06-29 21:16:53.881 +05:30 [INF] HTTP GET /Admin/GetUnreadMessagesCount responded 200 in 200.7865 ms
2026-06-29 21:16:53.886 +05:30 [INF] Request finished HTTP/2 GET https://localhost:44341/Admin/GetUnreadMessagesCount - 200 null application/json; charset=utf-8 206.2189ms
2026-06-29 21:16:53.889 +05:30 [INF] Executing JsonResult, writing value of type 'System.Collections.Generic.List`1[[<>f__AnonymousType17`7[[System.Int32, System.Private.CoreLib, Version=9.0.0.0, Culture=neutral, PublicKeyToken=7cec85d7bea7798e],[System.String, System.Private.CoreLib, Version=9.0.0.0, Culture=neutral, PublicKeyToken=7cec85d7bea7798e],[System.String, System.Private.CoreLib, Version=9.0.0.0, Culture=neutral, PublicKeyToken=7cec85d7bea7798e],[System.String, System.Private.CoreLib, Version=9.0.0.0, Culture=neutral, PublicKeyToken=7cec85d7bea7798e],[System.String, System.Private.CoreLib, Version=9.0.0.0, Culture=neutral, PublicKeyToken=7cec85d7bea7798e],[System.Boolean, System.Private.CoreLib, Version=9.0.0.0, Culture=neutral, PublicKeyToken=7cec85d7bea7798e],[System.DateTime, System.Private.CoreLib, Version=9.0.0.0, Culture=neutral, PublicKeyToken=7cec85d7bea7798e]], Portfolio Management System, Version=1.0.0.0, Culture=neutral, PublicKeyToken=null]]'.
2026-06-29 21:16:53.896 +05:30 [INF] Executed action Portfolio_Management_System.Controllers.AdminController.GetRecentMessages (Portfolio Management System) in 179.1258ms
2026-06-29 21:16:53.896 +05:30 [INF] Executed endpoint 'Portfolio_Management_System.Controllers.AdminController.GetRecentMessages (Portfolio Management System)'
2026-06-29 21:16:53.906 +05:30 [INF] HTTP GET /Admin/GetRecentMessages responded 200 in 192.5692 ms
2026-06-29 21:16:53.913 +05:30 [INF] Request finished HTTP/2 GET https://localhost:44341/Admin/GetRecentMessages - 200 null application/json; charset=utf-8 219.8254ms
2026-06-29 21:17:23.646 +05:30 [INF] Request starting HTTP/2 GET https://localhost:44341/Admin/GetUnreadMessagesCount - null null
2026-06-29 21:17:23.649 +05:30 [INF] Request starting HTTP/2 GET https://localhost:44341/Admin/GetRecentMessages - null null
2026-06-29 21:17:23.685 +05:30 [INF] Executing endpoint 'Portfolio_Management_System.Controllers.AdminController.GetRecentMessages (Portfolio Management System)'
2026-06-29 21:17:23.728 +05:30 [INF] Executing endpoint 'Portfolio_Management_System.Controllers.AdminController.GetUnreadMessagesCount (Portfolio Management System)'
2026-06-29 21:17:23.728 +05:30 [INF] Route matched with {action = "GetRecentMessages", controller = "Admin"}. Executing controller action with signature System.Threading.Tasks.Task`1[Microsoft.AspNetCore.Mvc.IActionResult] GetRecentMessages() on controller Portfolio_Management_System.Controllers.AdminController (Portfolio Management System).
2026-06-29 21:17:23.732 +05:30 [INF] Route matched with {action = "GetUnreadMessagesCount", controller = "Admin"}. Executing controller action with signature System.Threading.Tasks.Task`1[Microsoft.AspNetCore.Mvc.IActionResult] GetUnreadMessagesCount() on controller Portfolio_Management_System.Controllers.AdminController (Portfolio Management System).
2026-06-29 21:17:23.903 +05:30 [INF] Executing JsonResult, writing value of type 'System.Collections.Generic.List`1[[<>f__AnonymousType17`7[[System.Int32, System.Private.CoreLib, Version=9.0.0.0, Culture=neutral, PublicKeyToken=7cec85d7bea7798e],[System.String, System.Private.CoreLib, Version=9.0.0.0, Culture=neutral, PublicKeyToken=7cec85d7bea7798e],[System.String, System.Private.CoreLib, Version=9.0.0.0, Culture=neutral, PublicKeyToken=7cec85d7bea7798e],[System.String, System.Private.CoreLib, Version=9.0.0.0, Culture=neutral, PublicKeyToken=7cec85d7bea7798e],[System.String, System.Private.CoreLib, Version=9.0.0.0, Culture=neutral, PublicKeyToken=7cec85d7bea7798e],[System.Boolean, System.Private.CoreLib, Version=9.0.0.0, Culture=neutral, PublicKeyToken=7cec85d7bea7798e],[System.DateTime, System.Private.CoreLib, Version=9.0.0.0, Culture=neutral, PublicKeyToken=7cec85d7bea7798e]], Portfolio Management System, Version=1.0.0.0, Culture=neutral, PublicKeyToken=null]]'.
2026-06-29 21:17:23.905 +05:30 [INF] Executed action Portfolio_Management_System.Controllers.AdminController.GetRecentMessages (Portfolio Management System) in 177.1009ms
2026-06-29 21:17:23.906 +05:30 [INF] Executed endpoint 'Portfolio_Management_System.Controllers.AdminController.GetRecentMessages (Portfolio Management System)'
2026-06-29 21:17:23.907 +05:30 [INF] Executing JsonResult, writing value of type 'System.Int32'.
2026-06-29 21:17:23.908 +05:30 [INF] Executed action Portfolio_Management_System.Controllers.AdminController.GetUnreadMessagesCount (Portfolio Management System) in 175.9019ms
2026-06-29 21:17:23.908 +05:30 [INF] Executed endpoint 'Portfolio_Management_System.Controllers.AdminController.GetUnreadMessagesCount (Portfolio Management System)'
2026-06-29 21:17:23.908 +05:30 [INF] HTTP GET /Admin/GetRecentMessages responded 200 in 257.2207 ms
2026-06-29 21:17:23.909 +05:30 [INF] HTTP GET /Admin/GetUnreadMessagesCount responded 200 in 262.7909 ms
2026-06-29 21:17:23.915 +05:30 [INF] Request finished HTTP/2 GET https://localhost:44341/Admin/GetRecentMessages - 200 null application/json; charset=utf-8 266.0263ms
2026-06-29 21:17:23.917 +05:30 [INF] Request finished HTTP/2 GET https://localhost:44341/Admin/GetUnreadMessagesCount - 200 null application/json; charset=utf-8 270.8149ms
2026-06-29 21:17:53.694 +05:30 [INF] Request starting HTTP/2 GET https://localhost:44341/Admin/GetUnreadMessagesCount - null null
2026-06-29 21:17:53.882 +05:30 [INF] Request starting HTTP/2 GET https://localhost:44341/Admin/GetRecentMessages - null null
2026-06-29 21:17:53.964 +05:30 [INF] Executing endpoint 'Portfolio_Management_System.Controllers.AdminController.GetUnreadMessagesCount (Portfolio Management System)'
2026-06-29 21:17:53.965 +05:30 [INF] Executing endpoint 'Portfolio_Management_System.Controllers.AdminController.GetRecentMessages (Portfolio Management System)'
2026-06-29 21:17:53.965 +05:30 [INF] Route matched with {action = "GetUnreadMessagesCount", controller = "Admin"}. Executing controller action with signature System.Threading.Tasks.Task`1[Microsoft.AspNetCore.Mvc.IActionResult] GetUnreadMessagesCount() on controller Portfolio_Management_System.Controllers.AdminController (Portfolio Management System).
2026-06-29 21:17:53.965 +05:30 [INF] Route matched with {action = "GetRecentMessages", controller = "Admin"}. Executing controller action with signature System.Threading.Tasks.Task`1[Microsoft.AspNetCore.Mvc.IActionResult] GetRecentMessages() on controller Portfolio_Management_System.Controllers.AdminController (Portfolio Management System).
2026-06-29 21:17:54.197 +05:30 [INF] Executing JsonResult, writing value of type 'System.Int32'.
2026-06-29 21:17:54.197 +05:30 [INF] Executing JsonResult, writing value of type 'System.Collections.Generic.List`1[[<>f__AnonymousType17`7[[System.Int32, System.Private.CoreLib, Version=9.0.0.0, Culture=neutral, PublicKeyToken=7cec85d7bea7798e],[System.String, System.Private.CoreLib, Version=9.0.0.0, Culture=neutral, PublicKeyToken=7cec85d7bea7798e],[System.String, System.Private.CoreLib, Version=9.0.0.0, Culture=neutral, PublicKeyToken=7cec85d7bea7798e],[System.String, System.Private.CoreLib, Version=9.0.0.0, Culture=neutral, PublicKeyToken=7cec85d7bea7798e],[System.String, System.Private.CoreLib, Version=9.0.0.0, Culture=neutral, PublicKeyToken=7cec85d7bea7798e],[System.Boolean, System.Private.CoreLib, Version=9.0.0.0, Culture=neutral, PublicKeyToken=7cec85d7bea7798e],[System.DateTime, System.Private.CoreLib, Version=9.0.0.0, Culture=neutral, PublicKeyToken=7cec85d7bea7798e]], Portfolio Management System, Version=1.0.0.0, Culture=neutral, PublicKeyToken=null]]'.
2026-06-29 21:17:54.253 +05:30 [INF] Executed action Portfolio_Management_System.Controllers.AdminController.GetRecentMessages (Portfolio Management System) in 286.8761ms
2026-06-29 21:17:54.253 +05:30 [INF] Executed action Portfolio_Management_System.Controllers.AdminController.GetUnreadMessagesCount (Portfolio Management System) in 286.9818ms
2026-06-29 21:17:54.253 +05:30 [INF] Executed endpoint 'Portfolio_Management_System.Controllers.AdminController.GetRecentMessages (Portfolio Management System)'
2026-06-29 21:17:54.253 +05:30 [INF] Executed endpoint 'Portfolio_Management_System.Controllers.AdminController.GetUnreadMessagesCount (Portfolio Management System)'
2026-06-29 21:17:54.254 +05:30 [INF] HTTP GET /Admin/GetRecentMessages responded 200 in 291.6571 ms
2026-06-29 21:17:54.253 +05:30 [INF] HTTP GET /Admin/GetUnreadMessagesCount responded 200 in 559.5574 ms
2026-06-29 21:17:54.259 +05:30 [INF] Request finished HTTP/2 GET https://localhost:44341/Admin/GetRecentMessages - 200 null application/json; charset=utf-8 376.7562ms
2026-06-29 21:17:54.259 +05:30 [INF] Request finished HTTP/2 GET https://localhost:44341/Admin/GetUnreadMessagesCount - 200 null application/json; charset=utf-8 565.5734ms
2026-06-29 21:18:23.647 +05:30 [INF] Request starting HTTP/2 GET https://localhost:44341/Admin/GetUnreadMessagesCount - null null
2026-06-29 21:18:23.652 +05:30 [INF] Executing endpoint 'Portfolio_Management_System.Controllers.AdminController.GetUnreadMessagesCount (Portfolio Management System)'
2026-06-29 21:18:23.659 +05:30 [INF] Route matched with {action = "GetUnreadMessagesCount", controller = "Admin"}. Executing controller action with signature System.Threading.Tasks.Task`1[Microsoft.AspNetCore.Mvc.IActionResult] GetUnreadMessagesCount() on controller Portfolio_Management_System.Controllers.AdminController (Portfolio Management System).
2026-06-29 21:18:23.739 +05:30 [INF] Request starting HTTP/2 GET https://localhost:44341/Admin/GetRecentMessages - null null
2026-06-29 21:18:23.774 +05:30 [INF] Executing endpoint 'Portfolio_Management_System.Controllers.AdminController.GetRecentMessages (Portfolio Management System)'
2026-06-29 21:18:23.776 +05:30 [INF] Route matched with {action = "GetRecentMessages", controller = "Admin"}. Executing controller action with signature System.Threading.Tasks.Task`1[Microsoft.AspNetCore.Mvc.IActionResult] GetRecentMessages() on controller Portfolio_Management_System.Controllers.AdminController (Portfolio Management System).
2026-06-29 21:18:23.839 +05:30 [INF] Executing JsonResult, writing value of type 'System.Int32'.
2026-06-29 21:18:23.850 +05:30 [INF] Executed action Portfolio_Management_System.Controllers.AdminController.GetUnreadMessagesCount (Portfolio Management System) in 190.2193ms
2026-06-29 21:18:23.851 +05:30 [INF] Executed endpoint 'Portfolio_Management_System.Controllers.AdminController.GetUnreadMessagesCount (Portfolio Management System)'
2026-06-29 21:18:23.851 +05:30 [INF] HTTP GET /Admin/GetUnreadMessagesCount responded 200 in 203.1640 ms
2026-06-29 21:18:23.851 +05:30 [INF] Request finished HTTP/2 GET https://localhost:44341/Admin/GetUnreadMessagesCount - 200 null application/json; charset=utf-8 204.0289ms
2026-06-29 21:18:23.951 +05:30 [INF] Executing JsonResult, writing value of type 'System.Collections.Generic.List`1[[<>f__AnonymousType17`7[[System.Int32, System.Private.CoreLib, Version=9.0.0.0, Culture=neutral, PublicKeyToken=7cec85d7bea7798e],[System.String, System.Private.CoreLib, Version=9.0.0.0, Culture=neutral, PublicKeyToken=7cec85d7bea7798e],[System.String, System.Private.CoreLib, Version=9.0.0.0, Culture=neutral, PublicKeyToken=7cec85d7bea7798e],[System.String, System.Private.CoreLib, Version=9.0.0.0, Culture=neutral, PublicKeyToken=7cec85d7bea7798e],[System.String, System.Private.CoreLib, Version=9.0.0.0, Culture=neutral, PublicKeyToken=7cec85d7bea7798e],[System.Boolean, System.Private.CoreLib, Version=9.0.0.0, Culture=neutral, PublicKeyToken=7cec85d7bea7798e],[System.DateTime, System.Private.CoreLib, Version=9.0.0.0, Culture=neutral, PublicKeyToken=7cec85d7bea7798e]], Portfolio Management System, Version=1.0.0.0, Culture=neutral, PublicKeyToken=null]]'.
2026-06-29 21:18:23.961 +05:30 [INF] Executed action Portfolio_Management_System.Controllers.AdminController.GetRecentMessages (Portfolio Management System) in 185.1619ms
2026-06-29 21:18:23.962 +05:30 [INF] Executed endpoint 'Portfolio_Management_System.Controllers.AdminController.GetRecentMessages (Portfolio Management System)'
2026-06-29 21:18:23.962 +05:30 [INF] HTTP GET /Admin/GetRecentMessages responded 200 in 222.3763 ms
2026-06-29 21:18:23.962 +05:30 [INF] Request finished HTTP/2 GET https://localhost:44341/Admin/GetRecentMessages - 200 null application/json; charset=utf-8 223.3005ms
2026-06-29 21:18:53.643 +05:30 [INF] Request starting HTTP/2 GET https://localhost:44341/Admin/GetUnreadMessagesCount - null null
2026-06-29 21:18:53.644 +05:30 [INF] Request starting HTTP/2 GET https://localhost:44341/Admin/GetRecentMessages - null null
2026-06-29 21:18:53.658 +05:30 [INF] Executing endpoint 'Portfolio_Management_System.Controllers.AdminController.GetUnreadMessagesCount (Portfolio Management System)'
2026-06-29 21:18:53.658 +05:30 [INF] Executing endpoint 'Portfolio_Management_System.Controllers.AdminController.GetRecentMessages (Portfolio Management System)'
2026-06-29 21:18:53.660 +05:30 [INF] Route matched with {action = "GetUnreadMessagesCount", controller = "Admin"}. Executing controller action with signature System.Threading.Tasks.Task`1[Microsoft.AspNetCore.Mvc.IActionResult] GetUnreadMessagesCount() on controller Portfolio_Management_System.Controllers.AdminController (Portfolio Management System).
2026-06-29 21:18:53.660 +05:30 [INF] Route matched with {action = "GetRecentMessages", controller = "Admin"}. Executing controller action with signature System.Threading.Tasks.Task`1[Microsoft.AspNetCore.Mvc.IActionResult] GetRecentMessages() on controller Portfolio_Management_System.Controllers.AdminController (Portfolio Management System).
2026-06-29 21:18:53.844 +05:30 [INF] Executing JsonResult, writing value of type 'System.Collections.Generic.List`1[[<>f__AnonymousType17`7[[System.Int32, System.Private.CoreLib, Version=9.0.0.0, Culture=neutral, PublicKeyToken=7cec85d7bea7798e],[System.String, System.Private.CoreLib, Version=9.0.0.0, Culture=neutral, PublicKeyToken=7cec85d7bea7798e],[System.String, System.Private.CoreLib, Version=9.0.0.0, Culture=neutral, PublicKeyToken=7cec85d7bea7798e],[System.String, System.Private.CoreLib, Version=9.0.0.0, Culture=neutral, PublicKeyToken=7cec85d7bea7798e],[System.String, System.Private.CoreLib, Version=9.0.0.0, Culture=neutral, PublicKeyToken=7cec85d7bea7798e],[System.Boolean, System.Private.CoreLib, Version=9.0.0.0, Culture=neutral, PublicKeyToken=7cec85d7bea7798e],[System.DateTime, System.Private.CoreLib, Version=9.0.0.0, Culture=neutral, PublicKeyToken=7cec85d7bea7798e]], Portfolio Management System, Version=1.0.0.0, Culture=neutral, PublicKeyToken=null]]'.
2026-06-29 21:18:53.844 +05:30 [INF] Executing JsonResult, writing value of type 'System.Int32'.
2026-06-29 21:18:53.906 +05:30 [INF] Executed action Portfolio_Management_System.Controllers.AdminController.GetUnreadMessagesCount (Portfolio Management System) in 245.1047ms
2026-06-29 21:18:53.906 +05:30 [INF] Executed action Portfolio_Management_System.Controllers.AdminController.GetRecentMessages (Portfolio Management System) in 245.5739ms
2026-06-29 21:18:53.906 +05:30 [INF] Executed endpoint 'Portfolio_Management_System.Controllers.AdminController.GetRecentMessages (Portfolio Management System)'
2026-06-29 21:18:53.906 +05:30 [INF] Executed endpoint 'Portfolio_Management_System.Controllers.AdminController.GetUnreadMessagesCount (Portfolio Management System)'
2026-06-29 21:18:53.907 +05:30 [INF] HTTP GET /Admin/GetUnreadMessagesCount responded 200 in 263.7302 ms
2026-06-29 21:18:53.907 +05:30 [INF] HTTP GET /Admin/GetRecentMessages responded 200 in 263.0521 ms
2026-06-29 21:18:53.908 +05:30 [INF] Request finished HTTP/2 GET https://localhost:44341/Admin/GetUnreadMessagesCount - 200 null application/json; charset=utf-8 265.5618ms
2026-06-29 21:18:53.908 +05:30 [INF] Request finished HTTP/2 GET https://localhost:44341/Admin/GetRecentMessages - 200 null application/json; charset=utf-8 265.3117ms
2026-06-29 21:19:23.691 +05:30 [INF] Request starting HTTP/2 GET https://localhost:44341/Admin/GetUnreadMessagesCount - null null
2026-06-29 21:19:23.709 +05:30 [INF] Request starting HTTP/2 GET https://localhost:44341/Admin/GetRecentMessages - null null
2026-06-29 21:19:23.714 +05:30 [INF] Executing endpoint 'Portfolio_Management_System.Controllers.AdminController.GetUnreadMessagesCount (Portfolio Management System)'
2026-06-29 21:19:23.715 +05:30 [INF] Route matched with {action = "GetUnreadMessagesCount", controller = "Admin"}. Executing controller action with signature System.Threading.Tasks.Task`1[Microsoft.AspNetCore.Mvc.IActionResult] GetUnreadMessagesCount() on controller Portfolio_Management_System.Controllers.AdminController (Portfolio Management System).
2026-06-29 21:19:23.721 +05:30 [INF] Executing endpoint 'Portfolio_Management_System.Controllers.AdminController.GetRecentMessages (Portfolio Management System)'
2026-06-29 21:19:23.722 +05:30 [INF] Route matched with {action = "GetRecentMessages", controller = "Admin"}. Executing controller action with signature System.Threading.Tasks.Task`1[Microsoft.AspNetCore.Mvc.IActionResult] GetRecentMessages() on controller Portfolio_Management_System.Controllers.AdminController (Portfolio Management System).
2026-06-29 21:19:23.908 +05:30 [INF] Executing JsonResult, writing value of type 'System.Int32'.
2026-06-29 21:19:23.910 +05:30 [INF] Executed action Portfolio_Management_System.Controllers.AdminController.GetUnreadMessagesCount (Portfolio Management System) in 194.8106ms
2026-06-29 21:19:23.910 +05:30 [INF] Executed endpoint 'Portfolio_Management_System.Controllers.AdminController.GetUnreadMessagesCount (Portfolio Management System)'
2026-06-29 21:19:23.909 +05:30 [INF] Executing JsonResult, writing value of type 'System.Collections.Generic.List`1[[<>f__AnonymousType17`7[[System.Int32, System.Private.CoreLib, Version=9.0.0.0, Culture=neutral, PublicKeyToken=7cec85d7bea7798e],[System.String, System.Private.CoreLib, Version=9.0.0.0, Culture=neutral, PublicKeyToken=7cec85d7bea7798e],[System.String, System.Private.CoreLib, Version=9.0.0.0, Culture=neutral, PublicKeyToken=7cec85d7bea7798e],[System.String, System.Private.CoreLib, Version=9.0.0.0, Culture=neutral, PublicKeyToken=7cec85d7bea7798e],[System.String, System.Private.CoreLib, Version=9.0.0.0, Culture=neutral, PublicKeyToken=7cec85d7bea7798e],[System.Boolean, System.Private.CoreLib, Version=9.0.0.0, Culture=neutral, PublicKeyToken=7cec85d7bea7798e],[System.DateTime, System.Private.CoreLib, Version=9.0.0.0, Culture=neutral, PublicKeyToken=7cec85d7bea7798e]], Portfolio Management System, Version=1.0.0.0, Culture=neutral, PublicKeyToken=null]]'.
2026-06-29 21:19:23.910 +05:30 [INF] HTTP GET /Admin/GetUnreadMessagesCount responded 200 in 218.6268 ms
2026-06-29 21:19:23.911 +05:30 [INF] Executed action Portfolio_Management_System.Controllers.AdminController.GetRecentMessages (Portfolio Management System) in 189.3877ms
2026-06-29 21:19:23.911 +05:30 [INF] Executed endpoint 'Portfolio_Management_System.Controllers.AdminController.GetRecentMessages (Portfolio Management System)'
2026-06-29 21:19:23.912 +05:30 [INF] HTTP GET /Admin/GetRecentMessages responded 200 in 202.1706 ms
2026-06-29 21:19:23.912 +05:30 [INF] Request finished HTTP/2 GET https://localhost:44341/Admin/GetRecentMessages - 200 null application/json; charset=utf-8 216.6202ms
2026-06-29 21:19:23.919 +05:30 [INF] Request finished HTTP/2 GET https://localhost:44341/Admin/GetUnreadMessagesCount - 200 null application/json; charset=utf-8 228.1429ms
2026-06-29 21:19:53.661 +05:30 [INF] Request starting HTTP/2 GET https://localhost:44341/Admin/GetRecentMessages - null null
2026-06-29 21:19:53.665 +05:30 [INF] Executing endpoint 'Portfolio_Management_System.Controllers.AdminController.GetRecentMessages (Portfolio Management System)'
2026-06-29 21:19:53.665 +05:30 [INF] Request starting HTTP/2 GET https://localhost:44341/Admin/GetUnreadMessagesCount - null null
2026-06-29 21:19:53.666 +05:30 [INF] Route matched with {action = "GetRecentMessages", controller = "Admin"}. Executing controller action with signature System.Threading.Tasks.Task`1[Microsoft.AspNetCore.Mvc.IActionResult] GetRecentMessages() on controller Portfolio_Management_System.Controllers.AdminController (Portfolio Management System).
2026-06-29 21:19:53.679 +05:30 [INF] Executing endpoint 'Portfolio_Management_System.Controllers.AdminController.GetUnreadMessagesCount (Portfolio Management System)'
2026-06-29 21:19:53.680 +05:30 [INF] Route matched with {action = "GetUnreadMessagesCount", controller = "Admin"}. Executing controller action with signature System.Threading.Tasks.Task`1[Microsoft.AspNetCore.Mvc.IActionResult] GetUnreadMessagesCount() on controller Portfolio_Management_System.Controllers.AdminController (Portfolio Management System).
2026-06-29 21:19:53.859 +05:30 [INF] Executing JsonResult, writing value of type 'System.Collections.Generic.List`1[[<>f__AnonymousType17`7[[System.Int32, System.Private.CoreLib, Version=9.0.0.0, Culture=neutral, PublicKeyToken=7cec85d7bea7798e],[System.String, System.Private.CoreLib, Version=9.0.0.0, Culture=neutral, PublicKeyToken=7cec85d7bea7798e],[System.String, System.Private.CoreLib, Version=9.0.0.0, Culture=neutral, PublicKeyToken=7cec85d7bea7798e],[System.String, System.Private.CoreLib, Version=9.0.0.0, Culture=neutral, PublicKeyToken=7cec85d7bea7798e],[System.String, System.Private.CoreLib, Version=9.0.0.0, Culture=neutral, PublicKeyToken=7cec85d7bea7798e],[System.Boolean, System.Private.CoreLib, Version=9.0.0.0, Culture=neutral, PublicKeyToken=7cec85d7bea7798e],[System.DateTime, System.Private.CoreLib, Version=9.0.0.0, Culture=neutral, PublicKeyToken=7cec85d7bea7798e]], Portfolio Management System, Version=1.0.0.0, Culture=neutral, PublicKeyToken=null]]'.
2026-06-29 21:19:53.861 +05:30 [INF] Executed action Portfolio_Management_System.Controllers.AdminController.GetRecentMessages (Portfolio Management System) in 190.4027ms
2026-06-29 21:19:53.861 +05:30 [INF] Executed endpoint 'Portfolio_Management_System.Controllers.AdminController.GetRecentMessages (Portfolio Management System)'
2026-06-29 21:19:53.861 +05:30 [INF] HTTP GET /Admin/GetRecentMessages responded 200 in 196.7635 ms
2026-06-29 21:19:53.867 +05:30 [INF] Executing JsonResult, writing value of type 'System.Int32'.
2026-06-29 21:19:53.873 +05:30 [INF] Executed action Portfolio_Management_System.Controllers.AdminController.GetUnreadMessagesCount (Portfolio Management System) in 193.305ms
2026-06-29 21:19:53.873 +05:30 [INF] Request finished HTTP/2 GET https://localhost:44341/Admin/GetRecentMessages - 200 null application/json; charset=utf-8 212.7223ms
2026-06-29 21:19:53.873 +05:30 [INF] Executed endpoint 'Portfolio_Management_System.Controllers.AdminController.GetUnreadMessagesCount (Portfolio Management System)'
2026-06-29 21:19:53.874 +05:30 [INF] HTTP GET /Admin/GetUnreadMessagesCount responded 200 in 206.4081 ms
2026-06-29 21:19:53.875 +05:30 [INF] Request finished HTTP/2 GET https://localhost:44341/Admin/GetUnreadMessagesCount - 200 null application/json; charset=utf-8 209.3754ms
2026-06-29 21:20:23.673 +05:30 [INF] Request starting HTTP/2 GET https://localhost:44341/Admin/GetUnreadMessagesCount - null null
2026-06-29 21:20:23.673 +05:30 [INF] Request starting HTTP/2 GET https://localhost:44341/Admin/GetRecentMessages - null null
2026-06-29 21:20:23.674 +05:30 [INF] Executing endpoint 'Portfolio_Management_System.Controllers.AdminController.GetUnreadMessagesCount (Portfolio Management System)'
2026-06-29 21:20:23.675 +05:30 [INF] Route matched with {action = "GetUnreadMessagesCount", controller = "Admin"}. Executing controller action with signature System.Threading.Tasks.Task`1[Microsoft.AspNetCore.Mvc.IActionResult] GetUnreadMessagesCount() on controller Portfolio_Management_System.Controllers.AdminController (Portfolio Management System).
2026-06-29 21:20:23.679 +05:30 [INF] Executing endpoint 'Portfolio_Management_System.Controllers.AdminController.GetRecentMessages (Portfolio Management System)'
2026-06-29 21:20:23.679 +05:30 [INF] Route matched with {action = "GetRecentMessages", controller = "Admin"}. Executing controller action with signature System.Threading.Tasks.Task`1[Microsoft.AspNetCore.Mvc.IActionResult] GetRecentMessages() on controller Portfolio_Management_System.Controllers.AdminController (Portfolio Management System).
2026-06-29 21:20:23.844 +05:30 [INF] Executing JsonResult, writing value of type 'System.Int32'.
2026-06-29 21:20:23.856 +05:30 [INF] Executed action Portfolio_Management_System.Controllers.AdminController.GetUnreadMessagesCount (Portfolio Management System) in 180.7115ms
2026-06-29 21:20:23.857 +05:30 [INF] Executed endpoint 'Portfolio_Management_System.Controllers.AdminController.GetUnreadMessagesCount (Portfolio Management System)'
2026-06-29 21:20:23.858 +05:30 [INF] HTTP GET /Admin/GetUnreadMessagesCount responded 200 in 184.3221 ms
2026-06-29 21:20:23.858 +05:30 [INF] Executing JsonResult, writing value of type 'System.Collections.Generic.List`1[[<>f__AnonymousType17`7[[System.Int32, System.Private.CoreLib, Version=9.0.0.0, Culture=neutral, PublicKeyToken=7cec85d7bea7798e],[System.String, System.Private.CoreLib, Version=9.0.0.0, Culture=neutral, PublicKeyToken=7cec85d7bea7798e],[System.String, System.Private.CoreLib, Version=9.0.0.0, Culture=neutral, PublicKeyToken=7cec85d7bea7798e],[System.String, System.Private.CoreLib, Version=9.0.0.0, Culture=neutral, PublicKeyToken=7cec85d7bea7798e],[System.String, System.Private.CoreLib, Version=9.0.0.0, Culture=neutral, PublicKeyToken=7cec85d7bea7798e],[System.Boolean, System.Private.CoreLib, Version=9.0.0.0, Culture=neutral, PublicKeyToken=7cec85d7bea7798e],[System.DateTime, System.Private.CoreLib, Version=9.0.0.0, Culture=neutral, PublicKeyToken=7cec85d7bea7798e]], Portfolio Management System, Version=1.0.0.0, Culture=neutral, PublicKeyToken=null]]'.
2026-06-29 21:20:23.869 +05:30 [INF] Request finished HTTP/2 GET https://localhost:44341/Admin/GetUnreadMessagesCount - 200 null application/json; charset=utf-8 195.7479ms
2026-06-29 21:20:23.870 +05:30 [INF] Executed action Portfolio_Management_System.Controllers.AdminController.GetRecentMessages (Portfolio Management System) in 190.4345ms
2026-06-29 21:20:23.870 +05:30 [INF] Executed endpoint 'Portfolio_Management_System.Controllers.AdminController.GetRecentMessages (Portfolio Management System)'
2026-06-29 21:20:23.870 +05:30 [INF] HTTP GET /Admin/GetRecentMessages responded 200 in 197.1724 ms
2026-06-29 21:20:23.871 +05:30 [INF] Request finished HTTP/2 GET https://localhost:44341/Admin/GetRecentMessages - 200 null application/json; charset=utf-8 198.4574ms
2026-06-29 21:20:53.678 +05:30 [INF] Request starting HTTP/2 GET https://localhost:44341/Admin/GetRecentMessages - null null
2026-06-29 21:20:53.692 +05:30 [INF] Executing endpoint 'Portfolio_Management_System.Controllers.AdminController.GetRecentMessages (Portfolio Management System)'
2026-06-29 21:20:53.693 +05:30 [INF] Route matched with {action = "GetRecentMessages", controller = "Admin"}. Executing controller action with signature System.Threading.Tasks.Task`1[Microsoft.AspNetCore.Mvc.IActionResult] GetRecentMessages() on controller Portfolio_Management_System.Controllers.AdminController (Portfolio Management System).
2026-06-29 21:20:53.712 +05:30 [INF] Request starting HTTP/2 GET https://localhost:44341/Admin/GetUnreadMessagesCount - null null
2026-06-29 21:20:53.724 +05:30 [INF] Executing endpoint 'Portfolio_Management_System.Controllers.AdminController.GetUnreadMessagesCount (Portfolio Management System)'
2026-06-29 21:20:53.725 +05:30 [INF] Route matched with {action = "GetUnreadMessagesCount", controller = "Admin"}. Executing controller action with signature System.Threading.Tasks.Task`1[Microsoft.AspNetCore.Mvc.IActionResult] GetUnreadMessagesCount() on controller Portfolio_Management_System.Controllers.AdminController (Portfolio Management System).
2026-06-29 21:20:53.872 +05:30 [INF] Executing JsonResult, writing value of type 'System.Collections.Generic.List`1[[<>f__AnonymousType17`7[[System.Int32, System.Private.CoreLib, Version=9.0.0.0, Culture=neutral, PublicKeyToken=7cec85d7bea7798e],[System.String, System.Private.CoreLib, Version=9.0.0.0, Culture=neutral, PublicKeyToken=7cec85d7bea7798e],[System.String, System.Private.CoreLib, Version=9.0.0.0, Culture=neutral, PublicKeyToken=7cec85d7bea7798e],[System.String, System.Private.CoreLib, Version=9.0.0.0, Culture=neutral, PublicKeyToken=7cec85d7bea7798e],[System.String, System.Private.CoreLib, Version=9.0.0.0, Culture=neutral, PublicKeyToken=7cec85d7bea7798e],[System.Boolean, System.Private.CoreLib, Version=9.0.0.0, Culture=neutral, PublicKeyToken=7cec85d7bea7798e],[System.DateTime, System.Private.CoreLib, Version=9.0.0.0, Culture=neutral, PublicKeyToken=7cec85d7bea7798e]], Portfolio Management System, Version=1.0.0.0, Culture=neutral, PublicKeyToken=null]]'.
2026-06-29 21:20:53.873 +05:30 [INF] Executed action Portfolio_Management_System.Controllers.AdminController.GetRecentMessages (Portfolio Management System) in 180.1398ms
2026-06-29 21:20:53.873 +05:30 [INF] Executed endpoint 'Portfolio_Management_System.Controllers.AdminController.GetRecentMessages (Portfolio Management System)'
2026-06-29 21:20:53.873 +05:30 [INF] HTTP GET /Admin/GetRecentMessages responded 200 in 192.9354 ms
2026-06-29 21:20:53.873 +05:30 [INF] Request finished HTTP/2 GET https://localhost:44341/Admin/GetRecentMessages - 200 null application/json; charset=utf-8 195.6733ms
2026-06-29 21:20:53.934 +05:30 [INF] Executing JsonResult, writing value of type 'System.Int32'.
2026-06-29 21:20:53.934 +05:30 [INF] Executed action Portfolio_Management_System.Controllers.AdminController.GetUnreadMessagesCount (Portfolio Management System) in 208.6766ms
2026-06-29 21:20:53.934 +05:30 [INF] Executed endpoint 'Portfolio_Management_System.Controllers.AdminController.GetUnreadMessagesCount (Portfolio Management System)'
2026-06-29 21:20:53.935 +05:30 [INF] HTTP GET /Admin/GetUnreadMessagesCount responded 200 in 211.3025 ms
2026-06-29 21:20:53.935 +05:30 [INF] Request finished HTTP/2 GET https://localhost:44341/Admin/GetUnreadMessagesCount - 200 null application/json; charset=utf-8 222.5513ms
2026-06-29 21:21:23.707 +05:30 [INF] Request starting HTTP/2 GET https://localhost:44341/Admin/GetRecentMessages - null null
2026-06-29 21:21:23.708 +05:30 [INF] Executing endpoint 'Portfolio_Management_System.Controllers.AdminController.GetRecentMessages (Portfolio Management System)'
2026-06-29 21:21:23.708 +05:30 [INF] Route matched with {action = "GetRecentMessages", controller = "Admin"}. Executing controller action with signature System.Threading.Tasks.Task`1[Microsoft.AspNetCore.Mvc.IActionResult] GetRecentMessages() on controller Portfolio_Management_System.Controllers.AdminController (Portfolio Management System).
2026-06-29 21:21:23.701 +05:30 [INF] Request starting HTTP/2 GET https://localhost:44341/Admin/GetUnreadMessagesCount - null null
2026-06-29 21:21:23.710 +05:30 [INF] Executing endpoint 'Portfolio_Management_System.Controllers.AdminController.GetUnreadMessagesCount (Portfolio Management System)'
2026-06-29 21:21:23.710 +05:30 [INF] Route matched with {action = "GetUnreadMessagesCount", controller = "Admin"}. Executing controller action with signature System.Threading.Tasks.Task`1[Microsoft.AspNetCore.Mvc.IActionResult] GetUnreadMessagesCount() on controller Portfolio_Management_System.Controllers.AdminController (Portfolio Management System).
2026-06-29 21:21:23.876 +05:30 [INF] Executing JsonResult, writing value of type 'System.Collections.Generic.List`1[[<>f__AnonymousType17`7[[System.Int32, System.Private.CoreLib, Version=9.0.0.0, Culture=neutral, PublicKeyToken=7cec85d7bea7798e],[System.String, System.Private.CoreLib, Version=9.0.0.0, Culture=neutral, PublicKeyToken=7cec85d7bea7798e],[System.String, System.Private.CoreLib, Version=9.0.0.0, Culture=neutral, PublicKeyToken=7cec85d7bea7798e],[System.String, System.Private.CoreLib, Version=9.0.0.0, Culture=neutral, PublicKeyToken=7cec85d7bea7798e],[System.String, System.Private.CoreLib, Version=9.0.0.0, Culture=neutral, PublicKeyToken=7cec85d7bea7798e],[System.Boolean, System.Private.CoreLib, Version=9.0.0.0, Culture=neutral, PublicKeyToken=7cec85d7bea7798e],[System.DateTime, System.Private.CoreLib, Version=9.0.0.0, Culture=neutral, PublicKeyToken=7cec85d7bea7798e]], Portfolio Management System, Version=1.0.0.0, Culture=neutral, PublicKeyToken=null]]'.
2026-06-29 21:21:23.876 +05:30 [INF] Executed action Portfolio_Management_System.Controllers.AdminController.GetRecentMessages (Portfolio Management System) in 167.8149ms
2026-06-29 21:21:23.876 +05:30 [INF] Executed endpoint 'Portfolio_Management_System.Controllers.AdminController.GetRecentMessages (Portfolio Management System)'
2026-06-29 21:21:23.877 +05:30 [INF] HTTP GET /Admin/GetRecentMessages responded 200 in 168.9368 ms
2026-06-29 21:21:23.877 +05:30 [INF] Request finished HTTP/2 GET https://localhost:44341/Admin/GetRecentMessages - 200 null application/json; charset=utf-8 170.3348ms
2026-06-29 21:21:23.890 +05:30 [INF] Executing JsonResult, writing value of type 'System.Int32'.
2026-06-29 21:21:23.891 +05:30 [INF] Executed action Portfolio_Management_System.Controllers.AdminController.GetUnreadMessagesCount (Portfolio Management System) in 181.0656ms
2026-06-29 21:21:23.891 +05:30 [INF] Executed endpoint 'Portfolio_Management_System.Controllers.AdminController.GetUnreadMessagesCount (Portfolio Management System)'
2026-06-29 21:21:23.891 +05:30 [INF] HTTP GET /Admin/GetUnreadMessagesCount responded 200 in 182.5978 ms
2026-06-29 21:21:23.892 +05:30 [INF] Request finished HTTP/2 GET https://localhost:44341/Admin/GetUnreadMessagesCount - 200 null application/json; charset=utf-8 196.288ms
2026-06-29 21:21:53.655 +05:30 [INF] Request starting HTTP/2 GET https://localhost:44341/Admin/GetUnreadMessagesCount - null null
2026-06-29 21:21:53.667 +05:30 [INF] Request starting HTTP/2 GET https://localhost:44341/Admin/GetRecentMessages - null null
2026-06-29 21:21:53.667 +05:30 [INF] Executing endpoint 'Portfolio_Management_System.Controllers.AdminController.GetUnreadMessagesCount (Portfolio Management System)'
2026-06-29 21:21:53.668 +05:30 [INF] Route matched with {action = "GetUnreadMessagesCount", controller = "Admin"}. Executing controller action with signature System.Threading.Tasks.Task`1[Microsoft.AspNetCore.Mvc.IActionResult] GetUnreadMessagesCount() on controller Portfolio_Management_System.Controllers.AdminController (Portfolio Management System).
2026-06-29 21:21:53.671 +05:30 [INF] Executing endpoint 'Portfolio_Management_System.Controllers.AdminController.GetRecentMessages (Portfolio Management System)'
2026-06-29 21:21:53.671 +05:30 [INF] Route matched with {action = "GetRecentMessages", controller = "Admin"}. Executing controller action with signature System.Threading.Tasks.Task`1[Microsoft.AspNetCore.Mvc.IActionResult] GetRecentMessages() on controller Portfolio_Management_System.Controllers.AdminController (Portfolio Management System).
2026-06-29 21:21:53.840 +05:30 [INF] Executing JsonResult, writing value of type 'System.Int32'.
2026-06-29 21:21:53.841 +05:30 [INF] Executed action Portfolio_Management_System.Controllers.AdminController.GetUnreadMessagesCount (Portfolio Management System) in 173.1009ms
2026-06-29 21:21:53.841 +05:30 [INF] Executed endpoint 'Portfolio_Management_System.Controllers.AdminController.GetUnreadMessagesCount (Portfolio Management System)'
2026-06-29 21:21:53.842 +05:30 [INF] HTTP GET /Admin/GetUnreadMessagesCount responded 200 in 187.0487 ms
2026-06-29 21:21:53.843 +05:30 [INF] Request finished HTTP/2 GET https://localhost:44341/Admin/GetUnreadMessagesCount - 200 null application/json; charset=utf-8 202.1052ms
2026-06-29 21:21:53.847 +05:30 [INF] Executing JsonResult, writing value of type 'System.Collections.Generic.List`1[[<>f__AnonymousType17`7[[System.Int32, System.Private.CoreLib, Version=9.0.0.0, Culture=neutral, PublicKeyToken=7cec85d7bea7798e],[System.String, System.Private.CoreLib, Version=9.0.0.0, Culture=neutral, PublicKeyToken=7cec85d7bea7798e],[System.String, System.Private.CoreLib, Version=9.0.0.0, Culture=neutral, PublicKeyToken=7cec85d7bea7798e],[System.String, System.Private.CoreLib, Version=9.0.0.0, Culture=neutral, PublicKeyToken=7cec85d7bea7798e],[System.String, System.Private.CoreLib, Version=9.0.0.0, Culture=neutral, PublicKeyToken=7cec85d7bea7798e],[System.Boolean, System.Private.CoreLib, Version=9.0.0.0, Culture=neutral, PublicKeyToken=7cec85d7bea7798e],[System.DateTime, System.Private.CoreLib, Version=9.0.0.0, Culture=neutral, PublicKeyToken=7cec85d7bea7798e]], Portfolio Management System, Version=1.0.0.0, Culture=neutral, PublicKeyToken=null]]'.
2026-06-29 21:21:53.850 +05:30 [INF] Executed action Portfolio_Management_System.Controllers.AdminController.GetRecentMessages (Portfolio Management System) in 178.3863ms
2026-06-29 21:21:53.851 +05:30 [INF] Executed endpoint 'Portfolio_Management_System.Controllers.AdminController.GetRecentMessages (Portfolio Management System)'
2026-06-29 21:21:53.851 +05:30 [INF] HTTP GET /Admin/GetRecentMessages responded 200 in 180.3542 ms
2026-06-29 21:21:53.852 +05:30 [INF] Request finished HTTP/2 GET https://localhost:44341/Admin/GetRecentMessages - 200 null application/json; charset=utf-8 185.1183ms
2026-06-29 21:22:23.650 +05:30 [INF] Request starting HTTP/2 GET https://localhost:44341/Admin/GetUnreadMessagesCount - null null
2026-06-29 21:22:23.651 +05:30 [INF] Executing endpoint 'Portfolio_Management_System.Controllers.AdminController.GetUnreadMessagesCount (Portfolio Management System)'
2026-06-29 21:22:23.651 +05:30 [INF] Route matched with {action = "GetUnreadMessagesCount", controller = "Admin"}. Executing controller action with signature System.Threading.Tasks.Task`1[Microsoft.AspNetCore.Mvc.IActionResult] GetUnreadMessagesCount() on controller Portfolio_Management_System.Controllers.AdminController (Portfolio Management System).
2026-06-29 21:22:23.761 +05:30 [INF] Request starting HTTP/2 GET https://localhost:44341/Admin/GetRecentMessages - null null
2026-06-29 21:22:23.772 +05:30 [INF] Executing endpoint 'Portfolio_Management_System.Controllers.AdminController.GetRecentMessages (Portfolio Management System)'
2026-06-29 21:22:23.772 +05:30 [INF] Route matched with {action = "GetRecentMessages", controller = "Admin"}. Executing controller action with signature System.Threading.Tasks.Task`1[Microsoft.AspNetCore.Mvc.IActionResult] GetRecentMessages() on controller Portfolio_Management_System.Controllers.AdminController (Portfolio Management System).
2026-06-29 21:22:23.919 +05:30 [INF] Executing JsonResult, writing value of type 'System.Int32'.
2026-06-29 21:22:23.920 +05:30 [INF] Executed action Portfolio_Management_System.Controllers.AdminController.GetUnreadMessagesCount (Portfolio Management System) in 180.9554ms
2026-06-29 21:22:23.920 +05:30 [INF] Executed endpoint 'Portfolio_Management_System.Controllers.AdminController.GetUnreadMessagesCount (Portfolio Management System)'
2026-06-29 21:22:23.921 +05:30 [INF] HTTP GET /Admin/GetUnreadMessagesCount responded 200 in 270.4437 ms
2026-06-29 21:22:23.922 +05:30 [INF] Request finished HTTP/2 GET https://localhost:44341/Admin/GetUnreadMessagesCount - 200 null application/json; charset=utf-8 271.7442ms
2026-06-29 21:22:23.949 +05:30 [INF] Executing JsonResult, writing value of type 'System.Collections.Generic.List`1[[<>f__AnonymousType17`7[[System.Int32, System.Private.CoreLib, Version=9.0.0.0, Culture=neutral, PublicKeyToken=7cec85d7bea7798e],[System.String, System.Private.CoreLib, Version=9.0.0.0, Culture=neutral, PublicKeyToken=7cec85d7bea7798e],[System.String, System.Private.CoreLib, Version=9.0.0.0, Culture=neutral, PublicKeyToken=7cec85d7bea7798e],[System.String, System.Private.CoreLib, Version=9.0.0.0, Culture=neutral, PublicKeyToken=7cec85d7bea7798e],[System.String, System.Private.CoreLib, Version=9.0.0.0, Culture=neutral, PublicKeyToken=7cec85d7bea7798e],[System.Boolean, System.Private.CoreLib, Version=9.0.0.0, Culture=neutral, PublicKeyToken=7cec85d7bea7798e],[System.DateTime, System.Private.CoreLib, Version=9.0.0.0, Culture=neutral, PublicKeyToken=7cec85d7bea7798e]], Portfolio Management System, Version=1.0.0.0, Culture=neutral, PublicKeyToken=null]]'.
2026-06-29 21:22:23.950 +05:30 [INF] Executed action Portfolio_Management_System.Controllers.AdminController.GetRecentMessages (Portfolio Management System) in 177.7384ms
2026-06-29 21:22:23.950 +05:30 [INF] Executed endpoint 'Portfolio_Management_System.Controllers.AdminController.GetRecentMessages (Portfolio Management System)'
2026-06-29 21:22:23.951 +05:30 [INF] HTTP GET /Admin/GetRecentMessages responded 200 in 179.5632 ms
2026-06-29 21:22:23.953 +05:30 [INF] Request finished HTTP/2 GET https://localhost:44341/Admin/GetRecentMessages - 200 null application/json; charset=utf-8 201.2586ms
2026-06-29 21:22:53.663 +05:30 [INF] Request starting HTTP/2 GET https://localhost:44341/Admin/GetUnreadMessagesCount - null null
2026-06-29 21:22:53.664 +05:30 [INF] Executing endpoint 'Portfolio_Management_System.Controllers.AdminController.GetUnreadMessagesCount (Portfolio Management System)'
2026-06-29 21:22:53.664 +05:30 [INF] Route matched with {action = "GetUnreadMessagesCount", controller = "Admin"}. Executing controller action with signature System.Threading.Tasks.Task`1[Microsoft.AspNetCore.Mvc.IActionResult] GetUnreadMessagesCount() on controller Portfolio_Management_System.Controllers.AdminController (Portfolio Management System).
2026-06-29 21:22:53.666 +05:30 [INF] Request starting HTTP/2 GET https://localhost:44341/Admin/GetRecentMessages - null null
2026-06-29 21:22:53.675 +05:30 [INF] Executing endpoint 'Portfolio_Management_System.Controllers.AdminController.GetRecentMessages (Portfolio Management System)'
2026-06-29 21:22:53.676 +05:30 [INF] Route matched with {action = "GetRecentMessages", controller = "Admin"}. Executing controller action with signature System.Threading.Tasks.Task`1[Microsoft.AspNetCore.Mvc.IActionResult] GetRecentMessages() on controller Portfolio_Management_System.Controllers.AdminController (Portfolio Management System).
2026-06-29 21:22:53.846 +05:30 [INF] Executing JsonResult, writing value of type 'System.Int32'.
2026-06-29 21:22:53.850 +05:30 [INF] Executing JsonResult, writing value of type 'System.Collections.Generic.List`1[[<>f__AnonymousType17`7[[System.Int32, System.Private.CoreLib, Version=9.0.0.0, Culture=neutral, PublicKeyToken=7cec85d7bea7798e],[System.String, System.Private.CoreLib, Version=9.0.0.0, Culture=neutral, PublicKeyToken=7cec85d7bea7798e],[System.String, System.Private.CoreLib, Version=9.0.0.0, Culture=neutral, PublicKeyToken=7cec85d7bea7798e],[System.String, System.Private.CoreLib, Version=9.0.0.0, Culture=neutral, PublicKeyToken=7cec85d7bea7798e],[System.String, System.Private.CoreLib, Version=9.0.0.0, Culture=neutral, PublicKeyToken=7cec85d7bea7798e],[System.Boolean, System.Private.CoreLib, Version=9.0.0.0, Culture=neutral, PublicKeyToken=7cec85d7bea7798e],[System.DateTime, System.Private.CoreLib, Version=9.0.0.0, Culture=neutral, PublicKeyToken=7cec85d7bea7798e]], Portfolio Management System, Version=1.0.0.0, Culture=neutral, PublicKeyToken=null]]'.
2026-06-29 21:22:53.851 +05:30 [INF] Executed action Portfolio_Management_System.Controllers.AdminController.GetUnreadMessagesCount (Portfolio Management System) in 175.1726ms
2026-06-29 21:22:53.851 +05:30 [INF] Executed endpoint 'Portfolio_Management_System.Controllers.AdminController.GetUnreadMessagesCount (Portfolio Management System)'
2026-06-29 21:22:53.851 +05:30 [INF] HTTP GET /Admin/GetUnreadMessagesCount responded 200 in 187.2152 ms
2026-06-29 21:22:53.852 +05:30 [INF] Request finished HTTP/2 GET https://localhost:44341/Admin/GetUnreadMessagesCount - 200 null application/json; charset=utf-8 192.087ms
2026-06-29 21:22:53.851 +05:30 [INF] Executed action Portfolio_Management_System.Controllers.AdminController.GetRecentMessages (Portfolio Management System) in 175.6058ms
2026-06-29 21:22:53.854 +05:30 [INF] Executed endpoint 'Portfolio_Management_System.Controllers.AdminController.GetRecentMessages (Portfolio Management System)'
2026-06-29 21:22:53.854 +05:30 [INF] HTTP GET /Admin/GetRecentMessages responded 200 in 179.3343 ms
2026-06-29 21:22:53.855 +05:30 [INF] Request finished HTTP/2 GET https://localhost:44341/Admin/GetRecentMessages - 200 null application/json; charset=utf-8 189.15ms
2026-06-29 21:23:23.645 +05:30 [INF] Request starting HTTP/2 GET https://localhost:44341/Admin/GetUnreadMessagesCount - null null
2026-06-29 21:23:23.646 +05:30 [INF] Executing endpoint 'Portfolio_Management_System.Controllers.AdminController.GetUnreadMessagesCount (Portfolio Management System)'
2026-06-29 21:23:23.646 +05:30 [INF] Route matched with {action = "GetUnreadMessagesCount", controller = "Admin"}. Executing controller action with signature System.Threading.Tasks.Task`1[Microsoft.AspNetCore.Mvc.IActionResult] GetUnreadMessagesCount() on controller Portfolio_Management_System.Controllers.AdminController (Portfolio Management System).
2026-06-29 21:23:23.647 +05:30 [INF] Request starting HTTP/2 GET https://localhost:44341/Admin/GetRecentMessages - null null
2026-06-29 21:23:23.701 +05:30 [INF] Executing endpoint 'Portfolio_Management_System.Controllers.AdminController.GetRecentMessages (Portfolio Management System)'
2026-06-29 21:23:23.701 +05:30 [INF] Route matched with {action = "GetRecentMessages", controller = "Admin"}. Executing controller action with signature System.Threading.Tasks.Task`1[Microsoft.AspNetCore.Mvc.IActionResult] GetRecentMessages() on controller Portfolio_Management_System.Controllers.AdminController (Portfolio Management System).
2026-06-29 21:23:23.824 +05:30 [INF] Executing JsonResult, writing value of type 'System.Int32'.
2026-06-29 21:23:23.825 +05:30 [INF] Executed action Portfolio_Management_System.Controllers.AdminController.GetUnreadMessagesCount (Portfolio Management System) in 176.8604ms
2026-06-29 21:23:23.825 +05:30 [INF] Executed endpoint 'Portfolio_Management_System.Controllers.AdminController.GetUnreadMessagesCount (Portfolio Management System)'
2026-06-29 21:23:23.825 +05:30 [INF] HTTP GET /Admin/GetUnreadMessagesCount responded 200 in 180.5612 ms
2026-06-29 21:23:23.827 +05:30 [INF] Request finished HTTP/2 GET https://localhost:44341/Admin/GetUnreadMessagesCount - 200 null application/json; charset=utf-8 182.8639ms
2026-06-29 21:23:23.874 +05:30 [INF] Executing JsonResult, writing value of type 'System.Collections.Generic.List`1[[<>f__AnonymousType17`7[[System.Int32, System.Private.CoreLib, Version=9.0.0.0, Culture=neutral, PublicKeyToken=7cec85d7bea7798e],[System.String, System.Private.CoreLib, Version=9.0.0.0, Culture=neutral, PublicKeyToken=7cec85d7bea7798e],[System.String, System.Private.CoreLib, Version=9.0.0.0, Culture=neutral, PublicKeyToken=7cec85d7bea7798e],[System.String, System.Private.CoreLib, Version=9.0.0.0, Culture=neutral, PublicKeyToken=7cec85d7bea7798e],[System.String, System.Private.CoreLib, Version=9.0.0.0, Culture=neutral, PublicKeyToken=7cec85d7bea7798e],[System.Boolean, System.Private.CoreLib, Version=9.0.0.0, Culture=neutral, PublicKeyToken=7cec85d7bea7798e],[System.DateTime, System.Private.CoreLib, Version=9.0.0.0, Culture=neutral, PublicKeyToken=7cec85d7bea7798e]], Portfolio Management System, Version=1.0.0.0, Culture=neutral, PublicKeyToken=null]]'.
2026-06-29 21:23:23.875 +05:30 [INF] Executed action Portfolio_Management_System.Controllers.AdminController.GetRecentMessages (Portfolio Management System) in 173.3857ms
2026-06-29 21:23:23.875 +05:30 [INF] Executed endpoint 'Portfolio_Management_System.Controllers.AdminController.GetRecentMessages (Portfolio Management System)'
2026-06-29 21:23:23.875 +05:30 [INF] HTTP GET /Admin/GetRecentMessages responded 200 in 227.3131 ms
2026-06-29 21:23:23.876 +05:30 [INF] Request finished HTTP/2 GET https://localhost:44341/Admin/GetRecentMessages - 200 null application/json; charset=utf-8 228.9323ms
2026-06-29 21:23:53.638 +05:30 [INF] Request starting HTTP/2 GET https://localhost:44341/Admin/GetUnreadMessagesCount - null null
2026-06-29 21:23:53.638 +05:30 [INF] Request starting HTTP/2 GET https://localhost:44341/Admin/GetRecentMessages - null null
2026-06-29 21:23:53.639 +05:30 [INF] Executing endpoint 'Portfolio_Management_System.Controllers.AdminController.GetUnreadMessagesCount (Portfolio Management System)'
2026-06-29 21:23:53.639 +05:30 [INF] Executing endpoint 'Portfolio_Management_System.Controllers.AdminController.GetRecentMessages (Portfolio Management System)'
2026-06-29 21:23:53.639 +05:30 [INF] Route matched with {action = "GetRecentMessages", controller = "Admin"}. Executing controller action with signature System.Threading.Tasks.Task`1[Microsoft.AspNetCore.Mvc.IActionResult] GetRecentMessages() on controller Portfolio_Management_System.Controllers.AdminController (Portfolio Management System).
2026-06-29 21:23:53.640 +05:30 [INF] Route matched with {action = "GetUnreadMessagesCount", controller = "Admin"}. Executing controller action with signature System.Threading.Tasks.Task`1[Microsoft.AspNetCore.Mvc.IActionResult] GetUnreadMessagesCount() on controller Portfolio_Management_System.Controllers.AdminController (Portfolio Management System).
2026-06-29 21:23:53.834 +05:30 [INF] Executing JsonResult, writing value of type 'System.Collections.Generic.List`1[[<>f__AnonymousType17`7[[System.Int32, System.Private.CoreLib, Version=9.0.0.0, Culture=neutral, PublicKeyToken=7cec85d7bea7798e],[System.String, System.Private.CoreLib, Version=9.0.0.0, Culture=neutral, PublicKeyToken=7cec85d7bea7798e],[System.String, System.Private.CoreLib, Version=9.0.0.0, Culture=neutral, PublicKeyToken=7cec85d7bea7798e],[System.String, System.Private.CoreLib, Version=9.0.0.0, Culture=neutral, PublicKeyToken=7cec85d7bea7798e],[System.String, System.Private.CoreLib, Version=9.0.0.0, Culture=neutral, PublicKeyToken=7cec85d7bea7798e],[System.Boolean, System.Private.CoreLib, Version=9.0.0.0, Culture=neutral, PublicKeyToken=7cec85d7bea7798e],[System.DateTime, System.Private.CoreLib, Version=9.0.0.0, Culture=neutral, PublicKeyToken=7cec85d7bea7798e]], Portfolio Management System, Version=1.0.0.0, Culture=neutral, PublicKeyToken=null]]'.
2026-06-29 21:23:53.834 +05:30 [INF] Executing JsonResult, writing value of type 'System.Int32'.
2026-06-29 21:23:53.835 +05:30 [INF] Executed action Portfolio_Management_System.Controllers.AdminController.GetRecentMessages (Portfolio Management System) in 195.4899ms
2026-06-29 21:23:53.835 +05:30 [INF] Executed endpoint 'Portfolio_Management_System.Controllers.AdminController.GetRecentMessages (Portfolio Management System)'
2026-06-29 21:23:53.835 +05:30 [INF] HTTP GET /Admin/GetRecentMessages responded 200 in 196.6675 ms
2026-06-29 21:23:53.836 +05:30 [INF] Request finished HTTP/2 GET https://localhost:44341/Admin/GetRecentMessages - 200 null application/json; charset=utf-8 198.2807ms
2026-06-29 21:23:53.839 +05:30 [INF] Executed action Portfolio_Management_System.Controllers.AdminController.GetUnreadMessagesCount (Portfolio Management System) in 199.3294ms
2026-06-29 21:23:53.839 +05:30 [INF] Executed endpoint 'Portfolio_Management_System.Controllers.AdminController.GetUnreadMessagesCount (Portfolio Management System)'
2026-06-29 21:23:53.840 +05:30 [INF] HTTP GET /Admin/GetUnreadMessagesCount responded 200 in 201.5710 ms
2026-06-29 21:23:53.842 +05:30 [INF] Request finished HTTP/2 GET https://localhost:44341/Admin/GetUnreadMessagesCount - 200 null application/json; charset=utf-8 204.772ms
2026-06-29 21:28:10.071 +05:30 [WRN] JWT SecretKey missing in configuration. JWT Auth not configured.
2026-06-29 21:28:17.464 +05:30 [INF] Conflicting table 'Videos' found in database before migration. Renaming to 'Videos_Old'.
2026-06-29 21:28:17.723 +05:30 [INF] Executed DbCommand (177ms) [Parameters=[], CommandType='"Text"', CommandTimeout='30']
IF OBJECT_ID('Videos_Old', 'U') IS NOT NULL DROP TABLE Videos_Old;
2026-06-29 21:28:17.973 +05:30 [INF] Executed DbCommand (226ms) [Parameters=[], CommandType='"Text"', CommandTimeout='30']
EXEC sp_rename 'Videos', 'Videos_Old';
2026-06-29 21:28:18.179 +05:30 [INF] Conflicting table 'PerformanceMetrics' found in database before migration. Renaming to 'PerformanceMetrics_Old'.
2026-06-29 21:28:18.347 +05:30 [INF] Executed DbCommand (165ms) [Parameters=[], CommandType='"Text"', CommandTimeout='30']
IF OBJECT_ID('PerformanceMetrics_Old', 'U') IS NOT NULL DROP TABLE PerformanceMetrics_Old;
2026-06-29 21:28:18.521 +05:30 [INF] Executed DbCommand (173ms) [Parameters=[], CommandType='"Text"', CommandTimeout='30']
EXEC sp_rename 'PerformanceMetrics', 'PerformanceMetrics_Old';
2026-06-29 21:28:18.730 +05:30 [INF] Conflicting table 'VideoScenes' found in database before migration. Renaming to 'VideoScenes_Old'.
2026-06-29 21:28:18.897 +05:30 [INF] Executed DbCommand (165ms) [Parameters=[], CommandType='"Text"', CommandTimeout='30']
IF OBJECT_ID('VideoScenes_Old', 'U') IS NOT NULL DROP TABLE VideoScenes_Old;
2026-06-29 21:28:19.065 +05:30 [INF] Executed DbCommand (167ms) [Parameters=[], CommandType='"Text"', CommandTimeout='30']
EXEC sp_rename 'VideoScenes', 'VideoScenes_Old';
2026-06-29 21:28:20.153 +05:30 [INF] Executed DbCommand (165ms) [Parameters=[], CommandType='"Text"', CommandTimeout='30']
SELECT 1
2026-06-29 21:28:20.166 +05:30 [INF] Acquiring an exclusive lock for migration application. See https://aka.ms/efcore-docs-migrations-lock for more information if this takes too long.
2026-06-29 21:28:20.341 +05:30 [INF] Executed DbCommand (168ms) [Parameters=[], CommandType='"Text"', CommandTimeout='30']
DECLARE @result int;
EXEC @result = sp_getapplock @Resource = '__EFMigrationsLock', @LockOwner = 'Session', @LockMode = 'Exclusive';
SELECT @result
2026-06-29 21:28:20.938 +05:30 [INF] Executed DbCommand (165ms) [Parameters=[], CommandType='"Text"', CommandTimeout='30']
IF OBJECT_ID(N'[__EFMigrationsHistory]') IS NULL
BEGIN
    CREATE TABLE [__EFMigrationsHistory] (
        [MigrationId] nvarchar(150) NOT NULL,
        [ProductVersion] nvarchar(32) NOT NULL,
        CONSTRAINT [PK___EFMigrationsHistory] PRIMARY KEY ([MigrationId])
    );
END;
2026-06-29 21:28:21.470 +05:30 [INF] Executed DbCommand (167ms) [Parameters=[], CommandType='"Text"', CommandTimeout='30']
SELECT 1
2026-06-29 21:28:21.636 +05:30 [INF] Executed DbCommand (165ms) [Parameters=[], CommandType='"Text"', CommandTimeout='30']
SELECT OBJECT_ID(N'[__EFMigrationsHistory]');
2026-06-29 21:28:21.816 +05:30 [INF] Executed DbCommand (169ms) [Parameters=[], CommandType='"Text"', CommandTimeout='30']
SELECT [MigrationId], [ProductVersion]
FROM [__EFMigrationsHistory]
ORDER BY [MigrationId];
2026-06-29 21:28:21.851 +05:30 [INF] Applying migration '20260628163009_InitialCreate'.
2026-06-29 21:28:22.154 +05:30 [INF] Executed DbCommand (167ms) [Parameters=[], CommandType='"Text"', CommandTimeout='30']
CREATE TABLE [TrendTopics] (
    [Id] int NOT NULL IDENTITY,
    [Title] nvarchar(500) NOT NULL,
    [Source] nvarchar(100) NOT NULL,
    [PopularityScore] decimal(10,4) NOT NULL,
    [CompetitionScore] decimal(10,4) NOT NULL,
    [ViralityScore] decimal(10,4) NOT NULL,
    [Keywords] nvarchar(2000) NOT NULL,
    [Category] nvarchar(200) NOT NULL,
    [IsSelected] bit NOT NULL,
    [FetchedAt] datetime2 NOT NULL,
    [SelectedAt] datetime2 NULL,
    CONSTRAINT [PK_TrendTopics] PRIMARY KEY ([Id])
);
2026-06-29 21:28:22.324 +05:30 [INF] Executed DbCommand (169ms) [Parameters=[], CommandType='"Text"', CommandTimeout='30']
CREATE TABLE [Videos] (
    [Id] int NOT NULL IDENTITY,
    [TrendTopicId] int NOT NULL,
    [Title] nvarchar(500) NOT NULL,
    [Description] nvarchar(max) NOT NULL,
    [Tags] nvarchar(2000) NOT NULL,
    [ScriptJson] nvarchar(max) NOT NULL,
    [Hook] nvarchar(1000) NOT NULL,
    [AudioFilePath] nvarchar(500) NOT NULL,
    [VideoFilePath] nvarchar(500) NOT NULL,
    [ThumbnailPath] nvarchar(500) NOT NULL,
    [YouTubeVideoId] nvarchar(50) NOT NULL,
    [PlaylistId] nvarchar(50) NOT NULL,
    [Status] nvarchar(max) NOT NULL,
    [Visibility] nvarchar(20) NOT NULL DEFAULT N'public',
    [ScheduledPublishAt] datetime2 NULL,
    [PublishedAt] datetime2 NULL,
    [CreatedAt] datetime2 NOT NULL,
    [UpdatedAt] datetime2 NOT NULL,
    CONSTRAINT [PK_Videos] PRIMARY KEY ([Id]),
    CONSTRAINT [FK_Videos_TrendTopics_TrendTopicId] FOREIGN KEY ([TrendTopicId]) REFERENCES [TrendTopics] ([Id]) ON DELETE NO ACTION
);
2026-06-29 21:28:22.494 +05:30 [INF] Executed DbCommand (169ms) [Parameters=[], CommandType='"Text"', CommandTimeout='30']
CREATE TABLE [PerformanceMetrics] (
    [Id] int NOT NULL IDENTITY,
    [VideoId] int NOT NULL,
    [Views] bigint NOT NULL,
    [Likes] bigint NOT NULL,
    [Comments] bigint NOT NULL,
    [Shares] bigint NOT NULL,
    [WatchTimeMinutes] decimal(12,2) NOT NULL,
    [ClickThroughRate] decimal(6,4) NOT NULL,
    [AverageViewDuration] decimal(10,2) NOT NULL,
    [RevenuePerMille] decimal(10,4) NOT NULL,
    [EstimatedRevenue] decimal(12,4) NOT NULL,
    [ViralityScore] decimal(6,4) NOT NULL,
    [BestUploadTimeUtc] nvarchar(50) NOT NULL,
    [ExpectedViewsNext7Days] decimal(12,2) NOT NULL,
    [RecordedAt] datetime2 NOT NULL,
    CONSTRAINT [PK_PerformanceMetrics] PRIMARY KEY ([Id]),
    CONSTRAINT [FK_PerformanceMetrics_Videos_VideoId] FOREIGN KEY ([VideoId]) REFERENCES [Videos] ([Id]) ON DELETE CASCADE
);
2026-06-29 21:28:22.674 +05:30 [INF] Executed DbCommand (180ms) [Parameters=[], CommandType='"Text"', CommandTimeout='30']
CREATE TABLE [VideoScenes] (
    [Id] int NOT NULL IDENTITY,
    [VideoId] int NOT NULL,
    [SceneNumber] int NOT NULL,
    [Type] nvarchar(max) NOT NULL,
    [Location] nvarchar(300) NOT NULL,
    [Characters] nvarchar(500) NOT NULL,
    [CameraAngle] nvarchar(200) NOT NULL,
    [Lighting] nvarchar(200) NOT NULL,
    [Dialogue] nvarchar(max) NOT NULL,
    [CharacterEmotions] nvarchar(1000) NOT NULL,
    [VisualPrompt] nvarchar(max) NOT NULL,
    [VoiceoverText] nvarchar(max) NOT NULL,
    [VoiceoverFilePath] nvarchar(500) NOT NULL,
    [ImageFilePath] nvarchar(500) NOT NULL,
    [SubtitleText] nvarchar(max) NOT NULL,
    [DurationSeconds] decimal(8,2) NOT NULL,
    [SfxNotes] nvarchar(500) NOT NULL,
    [CreatedAt] datetime2 NOT NULL,
    CONSTRAINT [PK_VideoScenes] PRIMARY KEY ([Id]),
    CONSTRAINT [FK_VideoScenes_Videos_VideoId] FOREIGN KEY ([VideoId]) REFERENCES [Videos] ([Id]) ON DELETE CASCADE
);
2026-06-29 21:28:22.843 +05:30 [INF] Executed DbCommand (168ms) [Parameters=[], CommandType='"Text"', CommandTimeout='30']
CREATE INDEX [IX_PerformanceMetrics_VideoId] ON [PerformanceMetrics] ([VideoId]);
2026-06-29 21:28:23.010 +05:30 [INF] Executed DbCommand (166ms) [Parameters=[], CommandType='"Text"', CommandTimeout='30']
CREATE INDEX [IX_Videos_TrendTopicId] ON [Videos] ([TrendTopicId]);
2026-06-29 21:28:23.178 +05:30 [INF] Executed DbCommand (168ms) [Parameters=[], CommandType='"Text"', CommandTimeout='30']
CREATE INDEX [IX_VideoScenes_VideoId] ON [VideoScenes] ([VideoId]);
2026-06-29 21:28:23.346 +05:30 [INF] Executed DbCommand (168ms) [Parameters=[], CommandType='"Text"', CommandTimeout='30']
INSERT INTO [__EFMigrationsHistory] ([MigrationId], [ProductVersion])
VALUES (N'20260628163009_InitialCreate', N'9.0.15');
2026-06-29 21:28:23.681 +05:30 [INF] Executed DbCommand (167ms) [Parameters=[], CommandType='"Text"', CommandTimeout='30']
DECLARE @result int;
EXEC @result = sp_releaseapplock @Resource = '__EFMigrationsLock', @LockOwner = 'Session';
SELECT @result
2026-06-29 21:28:25.761 +05:30 [INF] Started Python AI Server automatically in a new window.
2026-06-29 21:28:25.766 +05:30 [INF] Unified API starting on Development
2026-06-29 21:28:25.907 +05:30 [INF] User profile is available. Using 'C:\Users\ak731\AppData\Local\ASP.NET\DataProtection-Keys' as key repository and Windows DPAPI to encrypt keys at rest.
2026-06-29 21:28:26.080 +05:30 [INF] Gallery Auto-Uploader Background Service started.
2026-06-29 21:28:26.081 +05:30 [INF] Daily YouTube Video Generator & Uploader Service started.
2026-06-29 21:28:26.092 +05:30 [INF] Starting daily video generation...
2026-06-29 21:28:26.463 +05:30 [INF] Start processing HTTP request GET https://images.unsplash.com/photo-1542831371-29b0f74f9713?*
2026-06-29 21:28:26.463 +05:30 [INF] Start processing HTTP request GET https://www.youtube.com/@CodeCrafters42
2026-06-29 21:28:26.487 +05:30 [INF] Sending HTTP request GET https://www.youtube.com/@CodeCrafters42
2026-06-29 21:28:26.487 +05:30 [INF] Sending HTTP request GET https://images.unsplash.com/photo-1542831371-29b0f74f9713?*
2026-06-29 21:28:26.847 +05:30 [INF] AutoTube Video Automation Background Scheduler started. Scheduled for 9:00 AM daily.
2026-06-29 21:28:26.860 +05:30 [INF] Next video generation cycle scheduled at "2026-06-30T09:00:00.0000000" (in 11.53 hours).
2026-06-29 21:28:30.008 +05:30 [INF] Request starting HTTP/2 GET https://localhost:44341/ - null null
2026-06-29 21:28:30.008 +05:30 [INF] Request starting HTTP/2 GET https://localhost:44341/Admin/Login - null null
2026-06-29 21:28:30.057 +05:30 [INF] Received HTTP response headers after 3536.8473ms - 200
2026-06-29 21:28:30.329 +05:30 [INF] End processing HTTP request after 3923.9549ms - 200
2026-06-29 21:28:30.731 +05:30 [INF] Received HTTP response headers after 4243.1456ms - 404
2026-06-29 21:28:30.736 +05:30 [INF] End processing HTTP request after 4319.1551ms - 404
2026-06-29 21:28:33.186 +05:30 [INF] Application started. Press Ctrl+C to shut down.
2026-06-29 21:28:33.195 +05:30 [INF] Hosting environment: Development
2026-06-29 21:28:33.196 +05:30 [INF] Content root path: C:\Users\ak731\Desktop\DSA\Portfolio Management System
2026-06-29 21:28:33.367 +05:30 [INF] Executing endpoint 'Portfolio_Management_System.Controllers.HomeController.Index (Portfolio Management System)'
2026-06-29 21:28:33.371 +05:30 [INF] Executing endpoint 'Portfolio_Management_System.Controllers.AdminController.Login (Portfolio Management System)'
2026-06-29 21:28:33.593 +05:30 [INF] Route matched with {action = "Login", controller = "Admin"}. Executing controller action with signature Microsoft.AspNetCore.Mvc.IActionResult Login() on controller Portfolio_Management_System.Controllers.AdminController (Portfolio Management System).
2026-06-29 21:28:33.593 +05:30 [INF] Route matched with {action = "Index", controller = "Home"}. Executing controller action with signature System.Threading.Tasks.Task`1[Microsoft.AspNetCore.Mvc.IActionResult] Index() on controller Portfolio_Management_System.Controllers.HomeController (Portfolio Management System).
2026-06-29 21:28:33.631 +05:30 [INF] Accessing expired session, Key:7a2f2861-1a3d-135e-359a-d5b3c1a23604
2026-06-29 21:28:33.831 +05:30 [INF] Executing ViewResult, running view Login.
2026-06-29 21:28:35.464 +05:30 [INF] Executing ViewResult, running view Index.
2026-06-29 21:28:37.107 +05:30 [INF] Accessing expired session, Key:7a2f2861-1a3d-135e-359a-d5b3c1a23604
2026-06-29 21:28:37.178 +05:30 [INF] Executed ViewResult - view Login executed in 3426.2731ms.
2026-06-29 21:28:37.202 +05:30 [INF] Executed action Portfolio_Management_System.Controllers.AdminController.Login (Portfolio Management System) in 3605.4218ms
2026-06-29 21:28:37.202 +05:30 [INF] Executed endpoint 'Portfolio_Management_System.Controllers.AdminController.Login (Portfolio Management System)'
2026-06-29 21:28:37.245 +05:30 [INF] HTTP GET /Admin/Login responded 200 in 5841.7865 ms
2026-06-29 21:28:37.290 +05:30 [INF] Request finished HTTP/2 GET https://localhost:44341/Admin/Login - 200 null text/html; charset=utf-8 7435.0404ms
2026-06-29 21:28:37.491 +05:30 [INF] Executed ViewResult - view Index executed in 2072.4631ms.
2026-06-29 21:28:37.637 +05:30 [INF] Executed action Portfolio_Management_System.Controllers.HomeController.Index (Portfolio Management System) in 4036.861ms
2026-06-29 21:28:37.647 +05:30 [INF] Executed endpoint 'Portfolio_Management_System.Controllers.HomeController.Index (Portfolio Management System)'
2026-06-29 21:28:37.666 +05:30 [INF] HTTP GET / responded 200 in 6268.7094 ms
2026-06-29 21:28:37.714 +05:30 [INF] Request finished HTTP/2 GET https://localhost:44341/ - 200 null text/html; charset=utf-8 7864.6912ms
2026-06-29 21:28:41.757 +05:30 [INF] Request starting HTTP/2 GET https://localhost:44341/_vs/browserLink - null null
2026-06-29 21:28:41.776 +05:30 [INF] Request starting HTTP/2 GET https://localhost:44341/_framework/aspnetcore-browser-refresh.js - null null
2026-06-29 21:28:41.870 +05:30 [INF] Request finished HTTP/2 GET https://localhost:44341/_framework/aspnetcore-browser-refresh.js - 200 16539 application/javascript; charset=utf-8 92.3311ms
2026-06-29 21:28:42.941 +05:30 [INF] Request finished HTTP/2 GET https://localhost:44341/_vs/browserLink - 200 null text/javascript; charset=UTF-8 1185.3517ms
2026-06-29 21:28:50.164 +05:30 [INF] Request starting HTTP/2 GET https://localhost:44341/Admin/Login - null null
2026-06-29 21:28:50.241 +05:30 [INF] Executing endpoint 'Portfolio_Management_System.Controllers.AdminController.Login (Portfolio Management System)'
2026-06-29 21:28:50.242 +05:30 [INF] Route matched with {action = "Login", controller = "Admin"}. Executing controller action with signature Microsoft.AspNetCore.Mvc.IActionResult Login() on controller Portfolio_Management_System.Controllers.AdminController (Portfolio Management System).
2026-06-29 21:28:50.243 +05:30 [INF] Accessing expired session, Key:7a2f2861-1a3d-135e-359a-d5b3c1a23604
2026-06-29 21:28:50.243 +05:30 [INF] Executing ViewResult, running view Login.
2026-06-29 21:28:50.254 +05:30 [INF] Executed ViewResult - view Login executed in 10.7045ms.
2026-06-29 21:28:50.254 +05:30 [INF] Executed action Portfolio_Management_System.Controllers.AdminController.Login (Portfolio Management System) in 11.4604ms
2026-06-29 21:28:50.254 +05:30 [INF] Executed endpoint 'Portfolio_Management_System.Controllers.AdminController.Login (Portfolio Management System)'
2026-06-29 21:28:50.254 +05:30 [INF] HTTP GET /Admin/Login responded 200 in 50.2982 ms
2026-06-29 21:28:50.255 +05:30 [INF] Request finished HTTP/2 GET https://localhost:44341/Admin/Login - 200 null text/html; charset=utf-8 91.674ms
2026-06-29 21:28:50.357 +05:30 [INF] Request starting HTTP/2 GET https://localhost:44341/_framework/aspnetcore-browser-refresh.js - null null
2026-06-29 21:28:50.357 +05:30 [INF] Request starting HTTP/2 GET https://localhost:44341/css/admin.css?v=639183653302443519 - null null
2026-06-29 21:28:50.357 +05:30 [INF] Request starting HTTP/2 GET https://localhost:44341/_vs/browserLink - null null
2026-06-29 21:28:50.358 +05:30 [INF] Request finished HTTP/2 GET https://localhost:44341/_framework/aspnetcore-browser-refresh.js - 200 16539 application/javascript; charset=utf-8 1.1775ms
2026-06-29 21:28:50.441 +05:30 [INF] Request finished HTTP/2 GET https://localhost:44341/_vs/browserLink - 200 null text/javascript; charset=UTF-8 83.7091ms
2026-06-29 21:28:50.460 +05:30 [INF] Sending file. Request path: '/css/admin.css'. Physical path: 'C:\Users\ak731\Desktop\DSA\Portfolio Management System\wwwroot\css\admin.css'
2026-06-29 21:28:50.461 +05:30 [INF] HTTP GET /css/admin.css responded 200 in 103.4213 ms
2026-06-29 21:28:50.461 +05:30 [INF] Request finished HTTP/2 GET https://localhost:44341/css/admin.css?v=639183653302443519 - 200 19854 text/css 104.218ms
2026-06-29 21:28:55.398 +05:30 [INF] Request starting HTTP/2 POST https://localhost:44341/Admin/Login - application/x-www-form-urlencoded 217
2026-06-29 21:28:55.420 +05:30 [INF] CORS policy execution successful.
2026-06-29 21:28:55.436 +05:30 [INF] Executing endpoint 'Portfolio_Management_System.Controllers.AdminController.Login (Portfolio Management System)'
2026-06-29 21:28:55.497 +05:30 [INF] Route matched with {action = "Login", controller = "Admin"}. Executing controller action with signature System.Threading.Tasks.Task`1[Microsoft.AspNetCore.Mvc.IActionResult] Login(Portfolio_Management_System.Models.AdminLoginModel) on controller Portfolio_Management_System.Controllers.AdminController (Portfolio Management System).
2026-06-29 21:28:55.942 +05:30 [INF] Accessing expired session, Key:7a2f2861-1a3d-135e-359a-d5b3c1a23604
2026-06-29 21:28:55.955 +05:30 [INF] Executing RedirectResult, redirecting to /Admin/Dashboard.
2026-06-29 21:28:55.956 +05:30 [INF] Executed action Portfolio_Management_System.Controllers.AdminController.Login (Portfolio Management System) in 458.8313ms
2026-06-29 21:28:55.956 +05:30 [INF] Executed endpoint 'Portfolio_Management_System.Controllers.AdminController.Login (Portfolio Management System)'
2026-06-29 21:28:55.976 +05:30 [INF] Session started; Key:7a2f2861-1a3d-135e-359a-d5b3c1a23604, Id:e6eec48a-ec9d-64e4-e393-315949e826a5
2026-06-29 21:28:55.984 +05:30 [INF] HTTP POST /Admin/Login responded 302 in 569.7312 ms
2026-06-29 21:28:56.049 +05:30 [INF] Request finished HTTP/2 POST https://localhost:44341/Admin/Login - 302 null null 651.563ms
2026-06-29 21:28:56.056 +05:30 [INF] Request starting HTTP/2 GET https://localhost:44341/Admin/Dashboard - null null
2026-06-29 21:28:56.068 +05:30 [INF] Executing endpoint 'Portfolio_Management_System.Controllers.AdminController.Dashboard (Portfolio Management System)'
2026-06-29 21:28:56.079 +05:30 [INF] Route matched with {action = "Dashboard", controller = "Admin"}. Executing controller action with signature System.Threading.Tasks.Task`1[Microsoft.AspNetCore.Mvc.IActionResult] Dashboard() on controller Portfolio_Management_System.Controllers.AdminController (Portfolio Management System).
2026-06-29 21:28:57.862 +05:30 [ERR] Error getting recent messages
System.InvalidCastException: Unable to cast object of type 'System.Boolean' to type 'System.DateTime'.
   at Microsoft.Data.SqlClient.SqlBuffer.get_DateTime()
   at Microsoft.Data.SqlClient.SqlDataReader.GetDateTime(Int32 i)
   at Portfolio_Management_System.DAL.DbHelper.GetRecentMessagesAsync(Int32 count) in C:\Users\ak731\Desktop\DSA\Portfolio Management System\DAL\DbHelper.cs:line 1441
2026-06-29 21:28:59.151 +05:30 [ERR] Error getting recent visitors
System.InvalidCastException: Unable to cast object of type 'System.DateTime' to type 'System.Int32'.
   at Microsoft.Data.SqlClient.SqlBuffer.get_Int32()
   at Microsoft.Data.SqlClient.SqlDataReader.GetInt32(Int32 i)
   at Portfolio_Management_System.DAL.DbHelper.GetRecentVisitorsAsync(Int32 count) in C:\Users\ak731\Desktop\DSA\Portfolio Management System\DAL\DbHelper.cs:line 1482
2026-06-29 21:29:00.644 +05:30 [INF] Executing ViewResult, running view Dashboard.
2026-06-29 21:29:01.042 +05:30 [INF] Executed ViewResult - view Dashboard executed in 400.4712ms.
2026-06-29 21:29:01.043 +05:30 [INF] Executed action Portfolio_Management_System.Controllers.AdminController.Dashboard (Portfolio Management System) in 4963.4287ms
2026-06-29 21:29:01.045 +05:30 [INF] Executed endpoint 'Portfolio_Management_System.Controllers.AdminController.Dashboard (Portfolio Management System)'
2026-06-29 21:29:01.046 +05:30 [INF] HTTP GET /Admin/Dashboard responded 200 in 4978.3913 ms
2026-06-29 21:29:01.055 +05:30 [INF] Request finished HTTP/2 GET https://localhost:44341/Admin/Dashboard - 200 null text/html; charset=utf-8 4999.7184ms
2026-06-29 21:29:01.235 +05:30 [INF] Request starting HTTP/2 GET https://localhost:44341/_framework/aspnetcore-browser-refresh.js - null null
2026-06-29 21:29:01.237 +05:30 [INF] Request finished HTTP/2 GET https://localhost:44341/_framework/aspnetcore-browser-refresh.js - 200 16539 application/javascript; charset=utf-8 2.0909ms
2026-06-29 21:29:01.238 +05:30 [INF] Request starting HTTP/2 GET https://localhost:44341/_vs/browserLink - null null
2026-06-29 21:29:01.247 +05:30 [INF] Request starting HTTP/2 GET https://localhost:44341/css/admin.css?v=639183653409111930 - null null
2026-06-29 21:29:01.309 +05:30 [INF] Sending file. Request path: '/css/admin.css'. Physical path: 'C:\Users\ak731\Desktop\DSA\Portfolio Management System\wwwroot\css\admin.css'
2026-06-29 21:29:01.310 +05:30 [INF] HTTP GET /css/admin.css responded 200 in 61.8753 ms
2026-06-29 21:29:01.312 +05:30 [INF] Request finished HTTP/2 GET https://localhost:44341/css/admin.css?v=639183653409111930 - 200 19854 text/css 63.7959ms
2026-06-29 21:29:01.425 +05:30 [INF] Request finished HTTP/2 GET https://localhost:44341/_vs/browserLink - 200 null text/javascript; charset=UTF-8 186.9634ms
2026-06-29 21:29:02.462 +05:30 [INF] Request starting HTTP/2 GET https://localhost:44341/Admin/GetRecentMessages - null null
2026-06-29 21:29:02.464 +05:30 [INF] Executing endpoint 'Portfolio_Management_System.Controllers.AdminController.GetRecentMessages (Portfolio Management System)'
2026-06-29 21:29:02.467 +05:30 [INF] Request starting HTTP/2 GET https://localhost:44341/Admin/GetExperienceDetails - null null
2026-06-29 21:29:02.468 +05:30 [INF] Executing endpoint 'Portfolio_Management_System.Controllers.AdminController.GetExperienceDetails (Portfolio Management System)'
2026-06-29 21:29:02.474 +05:30 [INF] Request starting HTTP/2 GET https://localhost:44341/Admin/GetUnreadMessagesCount - null null
2026-06-29 21:29:02.475 +05:30 [INF] Executing endpoint 'Portfolio_Management_System.Controllers.AdminController.GetUnreadMessagesCount (Portfolio Management System)'
2026-06-29 21:29:02.516 +05:30 [INF] Route matched with {action = "GetRecentMessages", controller = "Admin"}. Executing controller action with signature System.Threading.Tasks.Task`1[Microsoft.AspNetCore.Mvc.IActionResult] GetRecentMessages() on controller Portfolio_Management_System.Controllers.AdminController (Portfolio Management System).
2026-06-29 21:29:02.518 +05:30 [INF] Route matched with {action = "GetExperienceDetails", controller = "Admin"}. Executing controller action with signature System.Threading.Tasks.Task`1[Microsoft.AspNetCore.Mvc.IActionResult] GetExperienceDetails() on controller Portfolio_Management_System.Controllers.AdminController (Portfolio Management System).
2026-06-29 21:29:02.522 +05:30 [INF] Route matched with {action = "GetUnreadMessagesCount", controller = "Admin"}. Executing controller action with signature System.Threading.Tasks.Task`1[Microsoft.AspNetCore.Mvc.IActionResult] GetUnreadMessagesCount() on controller Portfolio_Management_System.Controllers.AdminController (Portfolio Management System).
2026-06-29 21:29:02.792 +05:30 [INF] Executing JsonResult, writing value of type 'System.Collections.Generic.List`1[[<>f__AnonymousType17`7[[System.Int32, System.Private.CoreLib, Version=9.0.0.0, Culture=neutral, PublicKeyToken=7cec85d7bea7798e],[System.String, System.Private.CoreLib, Version=9.0.0.0, Culture=neutral, PublicKeyToken=7cec85d7bea7798e],[System.String, System.Private.CoreLib, Version=9.0.0.0, Culture=neutral, PublicKeyToken=7cec85d7bea7798e],[System.String, System.Private.CoreLib, Version=9.0.0.0, Culture=neutral, PublicKeyToken=7cec85d7bea7798e],[System.String, System.Private.CoreLib, Version=9.0.0.0, Culture=neutral, PublicKeyToken=7cec85d7bea7798e],[System.Boolean, System.Private.CoreLib, Version=9.0.0.0, Culture=neutral, PublicKeyToken=7cec85d7bea7798e],[System.DateTime, System.Private.CoreLib, Version=9.0.0.0, Culture=neutral, PublicKeyToken=7cec85d7bea7798e]], Portfolio Management System, Version=1.0.0.0, Culture=neutral, PublicKeyToken=null]]'.
2026-06-29 21:29:02.792 +05:30 [INF] Executing JsonResult, writing value of type '<>f__AnonymousType14`10[[System.Boolean, System.Private.CoreLib, Version=9.0.0.0, Culture=neutral, PublicKeyToken=7cec85d7bea7798e],[System.Int32, System.Private.CoreLib, Version=9.0.0.0, Culture=neutral, PublicKeyToken=7cec85d7bea7798e],[System.String, System.Private.CoreLib, Version=9.0.0.0, Culture=neutral, PublicKeyToken=7cec85d7bea7798e],[System.String, System.Private.CoreLib, Version=9.0.0.0, Culture=neutral, PublicKeyToken=7cec85d7bea7798e],[System.String, System.Private.CoreLib, Version=9.0.0.0, Culture=neutral, PublicKeyToken=7cec85d7bea7798e],[System.Int32, System.Private.CoreLib, Version=9.0.0.0, Culture=neutral, PublicKeyToken=7cec85d7bea7798e],[System.Int32, System.Private.CoreLib, Version=9.0.0.0, Culture=neutral, PublicKeyToken=7cec85d7bea7798e],[System.Int32, System.Private.CoreLib, Version=9.0.0.0, Culture=neutral, PublicKeyToken=7cec85d7bea7798e],[System.Int32, System.Private.CoreLib, Version=9.0.0.0, Culture=neutral, PublicKeyToken=7cec85d7bea7798e],[System.Int32, System.Private.CoreLib, Version=9.0.0.0, Culture=neutral, PublicKeyToken=7cec85d7bea7798e]]'.
2026-06-29 21:29:02.904 +05:30 [INF] Executed action Portfolio_Management_System.Controllers.AdminController.GetRecentMessages (Portfolio Management System) in 387.6362ms
2026-06-29 21:29:02.905 +05:30 [INF] Executed endpoint 'Portfolio_Management_System.Controllers.AdminController.GetRecentMessages (Portfolio Management System)'
2026-06-29 21:29:02.905 +05:30 [INF] HTTP GET /Admin/GetRecentMessages responded 200 in 442.4052 ms
2026-06-29 21:29:02.918 +05:30 [INF] Executed action Portfolio_Management_System.Controllers.AdminController.GetExperienceDetails (Portfolio Management System) in 399.707ms
2026-06-29 21:29:02.921 +05:30 [INF] Executed endpoint 'Portfolio_Management_System.Controllers.AdminController.GetExperienceDetails (Portfolio Management System)'
2026-06-29 21:29:02.921 +05:30 [INF] HTTP GET /Admin/GetExperienceDetails responded 200 in 453.8873 ms
2026-06-29 21:29:02.926 +05:30 [INF] Request finished HTTP/2 GET https://localhost:44341/Admin/GetRecentMessages - 200 null application/json; charset=utf-8 464.161ms
2026-06-29 21:29:02.926 +05:30 [INF] Request finished HTTP/2 GET https://localhost:44341/Admin/GetExperienceDetails - 200 null application/json; charset=utf-8 460.678ms
2026-06-29 21:29:03.911 +05:30 [INF] Executing JsonResult, writing value of type 'System.Int32'.
2026-06-29 21:29:03.930 +05:30 [INF] Executed action Portfolio_Management_System.Controllers.AdminController.GetUnreadMessagesCount (Portfolio Management System) in 1407.7682ms
2026-06-29 21:29:03.935 +05:30 [INF] Executed endpoint 'Portfolio_Management_System.Controllers.AdminController.GetUnreadMessagesCount (Portfolio Management System)'
2026-06-29 21:29:03.935 +05:30 [INF] HTTP GET /Admin/GetUnreadMessagesCount responded 200 in 1461.3220 ms
2026-06-29 21:29:03.936 +05:30 [INF] Request finished HTTP/2 GET https://localhost:44341/Admin/GetUnreadMessagesCount - 200 null application/json; charset=utf-8 1462.8924ms
2026-06-29 21:29:11.738 +05:30 [INF] Request starting HTTP/2 GET https://localhost:44341/Admin/AutoTube/CustomVideo - null null
2026-06-29 21:29:11.743 +05:30 [INF] Executing endpoint 'Portfolio_Management_System.Controllers.AdminAutoTubeController.CustomVideo (Portfolio Management System)'
2026-06-29 21:29:11.756 +05:30 [INF] Route matched with {action = "CustomVideo", controller = "AdminAutoTube"}. Executing controller action with signature Microsoft.AspNetCore.Mvc.IActionResult CustomVideo() on controller Portfolio_Management_System.Controllers.AdminAutoTubeController (Portfolio Management System).
2026-06-29 21:29:11.926 +05:30 [INF] Executing ViewResult, running view ~/Views/Admin/CustomVideo.cshtml.
2026-06-29 21:29:12.211 +05:30 [INF] Executed ViewResult - view ~/Views/Admin/CustomVideo.cshtml executed in 287.1525ms.
2026-06-29 21:29:12.212 +05:30 [INF] Executed action Portfolio_Management_System.Controllers.AdminAutoTubeController.CustomVideo (Portfolio Management System) in 455.2117ms
2026-06-29 21:29:12.213 +05:30 [INF] Executed endpoint 'Portfolio_Management_System.Controllers.AdminAutoTubeController.CustomVideo (Portfolio Management System)'
2026-06-29 21:29:12.213 +05:30 [INF] HTTP GET /Admin/AutoTube/CustomVideo responded 200 in 470.4979 ms
2026-06-29 21:29:12.278 +05:30 [INF] Request starting HTTP/2 GET https://localhost:44341/css/admin.css?v=639183653522049409 - null null
2026-06-29 21:29:12.293 +05:30 [INF] Request starting HTTP/2 GET https://localhost:44341/_framework/aspnetcore-browser-refresh.js - null null
2026-06-29 21:29:12.294 +05:30 [INF] Request finished HTTP/2 GET https://localhost:44341/_framework/aspnetcore-browser-refresh.js - 200 16539 application/javascript; charset=utf-8 0.9218ms
2026-06-29 21:29:12.306 +05:30 [INF] Sending file. Request path: '/css/admin.css'. Physical path: 'C:\Users\ak731\Desktop\DSA\Portfolio Management System\wwwroot\css\admin.css'
2026-06-29 21:29:12.306 +05:30 [INF] HTTP GET /css/admin.css responded 200 in 27.8271 ms
2026-06-29 21:29:12.314 +05:30 [INF] Request starting HTTP/2 GET https://localhost:44341/_vs/browserLink - null null
2026-06-29 21:29:12.315 +05:30 [INF] Request finished HTTP/2 GET https://localhost:44341/Admin/AutoTube/CustomVideo - 200 null text/html; charset=utf-8 576.9645ms
2026-06-29 21:29:12.377 +05:30 [INF] Request finished HTTP/2 GET https://localhost:44341/css/admin.css?v=639183653522049409 - 200 19854 text/css 99.1288ms
2026-06-29 21:29:12.463 +05:30 [INF] Request finished HTTP/2 GET https://localhost:44341/_vs/browserLink - 200 null text/javascript; charset=UTF-8 149.1088ms
2026-06-29 21:29:12.843 +05:30 [INF] Request starting HTTP/2 GET https://localhost:44341/Admin/GetRecentMessages - null null
2026-06-29 21:29:12.844 +05:30 [INF] Executing endpoint 'Portfolio_Management_System.Controllers.AdminController.GetRecentMessages (Portfolio Management System)'
2026-06-29 21:29:12.845 +05:30 [INF] Route matched with {action = "GetRecentMessages", controller = "Admin"}. Executing controller action with signature System.Threading.Tasks.Task`1[Microsoft.AspNetCore.Mvc.IActionResult] GetRecentMessages() on controller Portfolio_Management_System.Controllers.AdminController (Portfolio Management System).
2026-06-29 21:29:12.856 +05:30 [INF] Request starting HTTP/2 GET https://localhost:44341/Admin/GetUnreadMessagesCount - null null
2026-06-29 21:29:12.857 +05:30 [INF] Executing endpoint 'Portfolio_Management_System.Controllers.AdminController.GetUnreadMessagesCount (Portfolio Management System)'
2026-06-29 21:29:12.857 +05:30 [INF] Route matched with {action = "GetUnreadMessagesCount", controller = "Admin"}. Executing controller action with signature System.Threading.Tasks.Task`1[Microsoft.AspNetCore.Mvc.IActionResult] GetUnreadMessagesCount() on controller Portfolio_Management_System.Controllers.AdminController (Portfolio Management System).
2026-06-29 21:29:13.037 +05:30 [INF] Executing JsonResult, writing value of type 'System.Collections.Generic.List`1[[<>f__AnonymousType17`7[[System.Int32, System.Private.CoreLib, Version=9.0.0.0, Culture=neutral, PublicKeyToken=7cec85d7bea7798e],[System.String, System.Private.CoreLib, Version=9.0.0.0, Culture=neutral, PublicKeyToken=7cec85d7bea7798e],[System.String, System.Private.CoreLib, Version=9.0.0.0, Culture=neutral, PublicKeyToken=7cec85d7bea7798e],[System.String, System.Private.CoreLib, Version=9.0.0.0, Culture=neutral, PublicKeyToken=7cec85d7bea7798e],[System.String, System.Private.CoreLib, Version=9.0.0.0, Culture=neutral, PublicKeyToken=7cec85d7bea7798e],[System.Boolean, System.Private.CoreLib, Version=9.0.0.0, Culture=neutral, PublicKeyToken=7cec85d7bea7798e],[System.DateTime, System.Private.CoreLib, Version=9.0.0.0, Culture=neutral, PublicKeyToken=7cec85d7bea7798e]], Portfolio Management System, Version=1.0.0.0, Culture=neutral, PublicKeyToken=null]]'.
2026-06-29 21:29:13.040 +05:30 [INF] Executing JsonResult, writing value of type 'System.Int32'.
2026-06-29 21:29:13.041 +05:30 [INF] Executed action Portfolio_Management_System.Controllers.AdminController.GetUnreadMessagesCount (Portfolio Management System) in 184.5215ms
2026-06-29 21:29:13.041 +05:30 [INF] Executed action Portfolio_Management_System.Controllers.AdminController.GetRecentMessages (Portfolio Management System) in 188.4024ms
2026-06-29 21:29:13.046 +05:30 [INF] Executed endpoint 'Portfolio_Management_System.Controllers.AdminController.GetRecentMessages (Portfolio Management System)'
2026-06-29 21:29:13.046 +05:30 [INF] Executed endpoint 'Portfolio_Management_System.Controllers.AdminController.GetUnreadMessagesCount (Portfolio Management System)'
2026-06-29 21:29:13.046 +05:30 [INF] HTTP GET /Admin/GetRecentMessages responded 200 in 202.8867 ms
2026-06-29 21:29:13.046 +05:30 [INF] HTTP GET /Admin/GetUnreadMessagesCount responded 200 in 189.8954 ms
2026-06-29 21:29:13.046 +05:30 [INF] Request finished HTTP/2 GET https://localhost:44341/Admin/GetUnreadMessagesCount - 200 null application/json; charset=utf-8 190.7745ms
2026-06-29 21:29:13.046 +05:30 [INF] Request finished HTTP/2 GET https://localhost:44341/Admin/GetRecentMessages - 200 null application/json; charset=utf-8 203.6645ms
2026-06-29 21:29:36.895 +05:30 [INF] Request starting HTTP/2 POST https://localhost:44341/Admin/AutoTube/UploadScript - multipart/form-data; boundary=----WebKitFormBoundary1X4jpDk77BNmcA6o 12842804
2026-06-29 21:29:36.905 +05:30 [INF] CORS policy execution successful.
2026-06-29 21:29:36.905 +05:30 [INF] Executing endpoint 'Portfolio_Management_System.Controllers.AdminAutoTubeController.UploadScript (Portfolio Management System)'
2026-06-29 21:29:36.960 +05:30 [INF] Route matched with {action = "UploadScript", controller = "AdminAutoTube"}. Executing controller action with signature System.Threading.Tasks.Task`1[Microsoft.AspNetCore.Mvc.IActionResult] UploadScript(System.String, Microsoft.AspNetCore.Http.IFormFile) on controller Portfolio_Management_System.Controllers.AdminAutoTubeController (Portfolio Management System).
2026-06-29 21:29:42.829 +05:30 [INF] Request starting HTTP/2 GET https://localhost:44341/Admin/GetUnreadMessagesCount - null null
2026-06-29 21:29:42.829 +05:30 [INF] Request starting HTTP/2 GET https://localhost:44341/Admin/GetRecentMessages - null null
2026-06-29 21:29:42.830 +05:30 [INF] Executing endpoint 'Portfolio_Management_System.Controllers.AdminController.GetRecentMessages (Portfolio Management System)'
2026-06-29 21:29:42.830 +05:30 [INF] Executing endpoint 'Portfolio_Management_System.Controllers.AdminController.GetUnreadMessagesCount (Portfolio Management System)'
2026-06-29 21:29:42.831 +05:30 [INF] Route matched with {action = "GetUnreadMessagesCount", controller = "Admin"}. Executing controller action with signature System.Threading.Tasks.Task`1[Microsoft.AspNetCore.Mvc.IActionResult] GetUnreadMessagesCount() on controller Portfolio_Management_System.Controllers.AdminController (Portfolio Management System).
2026-06-29 21:29:42.831 +05:30 [INF] Route matched with {action = "GetRecentMessages", controller = "Admin"}. Executing controller action with signature System.Threading.Tasks.Task`1[Microsoft.AspNetCore.Mvc.IActionResult] GetRecentMessages() on controller Portfolio_Management_System.Controllers.AdminController (Portfolio Management System).
2026-06-29 21:29:43.027 +05:30 [INF] Executing JsonResult, writing value of type 'System.Int32'.
2026-06-29 21:29:43.027 +05:30 [INF] Executed action Portfolio_Management_System.Controllers.AdminController.GetUnreadMessagesCount (Portfolio Management System) in 196.5951ms
2026-06-29 21:29:43.028 +05:30 [INF] Executed endpoint 'Portfolio_Management_System.Controllers.AdminController.GetUnreadMessagesCount (Portfolio Management System)'
2026-06-29 21:29:43.028 +05:30 [INF] Executing JsonResult, writing value of type 'System.Collections.Generic.List`1[[<>f__AnonymousType17`7[[System.Int32, System.Private.CoreLib, Version=9.0.0.0, Culture=neutral, PublicKeyToken=7cec85d7bea7798e],[System.String, System.Private.CoreLib, Version=9.0.0.0, Culture=neutral, PublicKeyToken=7cec85d7bea7798e],[System.String, System.Private.CoreLib, Version=9.0.0.0, Culture=neutral, PublicKeyToken=7cec85d7bea7798e],[System.String, System.Private.CoreLib, Version=9.0.0.0, Culture=neutral, PublicKeyToken=7cec85d7bea7798e],[System.String, System.Private.CoreLib, Version=9.0.0.0, Culture=neutral, PublicKeyToken=7cec85d7bea7798e],[System.Boolean, System.Private.CoreLib, Version=9.0.0.0, Culture=neutral, PublicKeyToken=7cec85d7bea7798e],[System.DateTime, System.Private.CoreLib, Version=9.0.0.0, Culture=neutral, PublicKeyToken=7cec85d7bea7798e]], Portfolio Management System, Version=1.0.0.0, Culture=neutral, PublicKeyToken=null]]'.
2026-06-29 21:29:43.029 +05:30 [INF] Executed action Portfolio_Management_System.Controllers.AdminController.GetRecentMessages (Portfolio Management System) in 197.7463ms
2026-06-29 21:29:43.029 +05:30 [INF] Executed endpoint 'Portfolio_Management_System.Controllers.AdminController.GetRecentMessages (Portfolio Management System)'
2026-06-29 21:29:43.029 +05:30 [INF] HTTP GET /Admin/GetRecentMessages responded 200 in 199.4406 ms
2026-06-29 21:29:43.029 +05:30 [INF] Request finished HTTP/2 GET https://localhost:44341/Admin/GetRecentMessages - 200 null application/json; charset=utf-8 200.1173ms
2026-06-29 21:29:43.030 +05:30 [INF] HTTP GET /Admin/GetUnreadMessagesCount responded 200 in 200.4672 ms
2026-06-29 21:29:43.031 +05:30 [INF] Request finished HTTP/2 GET https://localhost:44341/Admin/GetUnreadMessagesCount - 200 null application/json; charset=utf-8 201.4833ms
2026-06-29 21:29:57.710 +05:30 [INF] Start processing HTTP request POST http://localhost:8000/api/script/format_custom
2026-06-29 21:29:57.710 +05:30 [INF] Sending HTTP request POST http://localhost:8000/api/script/format_custom
2026-06-29 21:30:11.939 +05:30 [INF] Received HTTP response headers after 14228.0906ms - 200
2026-06-29 21:30:11.939 +05:30 [INF] End processing HTTP request after 14230.7481ms - 200
2026-06-29 21:30:12.886 +05:30 [INF] Request starting HTTP/2 GET https://localhost:44341/Admin/GetUnreadMessagesCount - null null
2026-06-29 21:30:13.034 +05:30 [INF] Request starting HTTP/2 GET https://localhost:44341/Admin/GetRecentMessages - null null
2026-06-29 21:30:13.097 +05:30 [INF] Executing endpoint 'Portfolio_Management_System.Controllers.AdminController.GetUnreadMessagesCount (Portfolio Management System)'
2026-06-29 21:30:13.097 +05:30 [INF] Executing endpoint 'Portfolio_Management_System.Controllers.AdminController.GetRecentMessages (Portfolio Management System)'
2026-06-29 21:30:13.106 +05:30 [INF] Route matched with {action = "GetRecentMessages", controller = "Admin"}. Executing controller action with signature System.Threading.Tasks.Task`1[Microsoft.AspNetCore.Mvc.IActionResult] GetRecentMessages() on controller Portfolio_Management_System.Controllers.AdminController (Portfolio Management System).
2026-06-29 21:30:13.111 +05:30 [INF] Route matched with {action = "GetUnreadMessagesCount", controller = "Admin"}. Executing controller action with signature System.Threading.Tasks.Task`1[Microsoft.AspNetCore.Mvc.IActionResult] GetUnreadMessagesCount() on controller Portfolio_Management_System.Controllers.AdminController (Portfolio Management System).
2026-06-29 21:30:13.341 +05:30 [INF] Executing JsonResult, writing value of type 'System.Int32'.
2026-06-29 21:30:13.342 +05:30 [INF] Executing JsonResult, writing value of type 'System.Collections.Generic.List`1[[<>f__AnonymousType17`7[[System.Int32, System.Private.CoreLib, Version=9.0.0.0, Culture=neutral, PublicKeyToken=7cec85d7bea7798e],[System.String, System.Private.CoreLib, Version=9.0.0.0, Culture=neutral, PublicKeyToken=7cec85d7bea7798e],[System.String, System.Private.CoreLib, Version=9.0.0.0, Culture=neutral, PublicKeyToken=7cec85d7bea7798e],[System.String, System.Private.CoreLib, Version=9.0.0.0, Culture=neutral, PublicKeyToken=7cec85d7bea7798e],[System.String, System.Private.CoreLib, Version=9.0.0.0, Culture=neutral, PublicKeyToken=7cec85d7bea7798e],[System.Boolean, System.Private.CoreLib, Version=9.0.0.0, Culture=neutral, PublicKeyToken=7cec85d7bea7798e],[System.DateTime, System.Private.CoreLib, Version=9.0.0.0, Culture=neutral, PublicKeyToken=7cec85d7bea7798e]], Portfolio Management System, Version=1.0.0.0, Culture=neutral, PublicKeyToken=null]]'.
2026-06-29 21:30:13.346 +05:30 [INF] Executed action Portfolio_Management_System.Controllers.AdminController.GetUnreadMessagesCount (Portfolio Management System) in 234.5408ms
2026-06-29 21:30:13.346 +05:30 [INF] Executed endpoint 'Portfolio_Management_System.Controllers.AdminController.GetUnreadMessagesCount (Portfolio Management System)'
2026-06-29 21:30:13.346 +05:30 [INF] HTTP GET /Admin/GetUnreadMessagesCount responded 200 in 450.0227 ms
2026-06-29 21:30:13.348 +05:30 [INF] Request finished HTTP/2 GET https://localhost:44341/Admin/GetUnreadMessagesCount - 200 null application/json; charset=utf-8 462.171ms
2026-06-29 21:30:13.351 +05:30 [INF] Executed action Portfolio_Management_System.Controllers.AdminController.GetRecentMessages (Portfolio Management System) in 244.4004ms
2026-06-29 21:30:13.351 +05:30 [INF] Executed endpoint 'Portfolio_Management_System.Controllers.AdminController.GetRecentMessages (Portfolio Management System)'
2026-06-29 21:30:13.351 +05:30 [INF] HTTP GET /Admin/GetRecentMessages responded 200 in 294.9189 ms
2026-06-29 21:30:13.351 +05:30 [INF] Request finished HTTP/2 GET https://localhost:44341/Admin/GetRecentMessages - 200 null application/json; charset=utf-8 317.4478ms
2026-06-29 21:30:17.367 +05:30 [INF] Executed DbCommand (190ms) [Parameters=[], CommandType='"Text"', CommandTimeout='30']
SELECT TOP(1) [t].[Id], [t].[Category], [t].[CompetitionScore], [t].[FetchedAt], [t].[IsSelected], [t].[Keywords], [t].[PopularityScore], [t].[SelectedAt], [t].[Source], [t].[Title], [t].[ViralityScore]
FROM [TrendTopics] AS [t]
WHERE [t].[Title] = N'Custom Video'
2026-06-29 21:30:18.785 +05:30 [INF] Executed DbCommand (230ms) [Parameters=[@p0='?' (Size = 200), @p1='?' (Precision = 10) (Scale = 4) (DbType = Decimal), @p2='?' (DbType = DateTime2), @p3='?' (DbType = Boolean), @p4='?' (Size = 2000), @p5='?' (Precision = 10) (Scale = 4) (DbType = Decimal), @p6='?' (DbType = DateTime2), @p7='?' (Size = 100), @p8='?' (Size = 500), @p9='?' (Precision = 10) (Scale = 4) (DbType = Decimal)], CommandType='"Text"', CommandTimeout='30']
SET IMPLICIT_TRANSACTIONS OFF;
SET NOCOUNT ON;
INSERT INTO [TrendTopics] ([Category], [CompetitionScore], [FetchedAt], [IsSelected], [Keywords], [PopularityScore], [SelectedAt], [Source], [Title], [ViralityScore])
OUTPUT INSERTED.[Id]
VALUES (@p0, @p1, @p2, @p3, @p4, @p5, @p6, @p7, @p8, @p9);
2026-06-29 21:30:19.377 +05:30 [INF] Executed DbCommand (199ms) [Parameters=[@p0='?' (Size = 500), @p1='?' (DbType = DateTime2), @p2='?' (Size = 4000), @p3='?' (Size = 1000), @p4='?' (Size = 50), @p5='?' (DbType = DateTime2), @p6='?' (DbType = DateTime2), @p7='?' (Size = 4000), @p8='?' (Size = 4000), @p9='?' (Size = 2000), @p10='?' (Size = 500), @p11='?' (Size = 500), @p12='?' (DbType = Int32), @p13='?' (DbType = DateTime2), @p14='?' (Size = 500), @p15='?' (Size = 20), @p16='?' (Size = 50)], CommandType='"Text"', CommandTimeout='30']
SET IMPLICIT_TRANSACTIONS OFF;
SET NOCOUNT ON;
INSERT INTO [Videos] ([AudioFilePath], [CreatedAt], [Description], [Hook], [PlaylistId], [PublishedAt], [ScheduledPublishAt], [ScriptJson], [Status], [Tags], [ThumbnailPath], [Title], [TrendTopicId], [UpdatedAt], [VideoFilePath], [Visibility], [YouTubeVideoId])
OUTPUT INSERTED.[Id]
VALUES (@p0, @p1, @p2, @p3, @p4, @p5, @p6, @p7, @p8, @p9, @p10, @p11, @p12, @p13, @p14, @p15, @p16);
2026-06-29 21:30:19.394 +05:30 [INF] Executing JsonResult, writing value of type '<>f__AnonymousType11`3[[System.Boolean, System.Private.CoreLib, Version=9.0.0.0, Culture=neutral, PublicKeyToken=7cec85d7bea7798e],[System.String, System.Private.CoreLib, Version=9.0.0.0, Culture=neutral, PublicKeyToken=7cec85d7bea7798e],[System.Int32, System.Private.CoreLib, Version=9.0.0.0, Culture=neutral, PublicKeyToken=7cec85d7bea7798e]]'.
2026-06-29 21:30:19.407 +05:30 [INF] Executed action Portfolio_Management_System.Controllers.AdminAutoTubeController.UploadScript (Portfolio Management System) in 42446.2557ms
2026-06-29 21:30:19.408 +05:30 [INF] Executed endpoint 'Portfolio_Management_System.Controllers.AdminAutoTubeController.UploadScript (Portfolio Management System)'
2026-06-29 21:30:19.409 +05:30 [INF] HTTP POST /Admin/AutoTube/UploadScript responded 200 in 42512.7828 ms
2026-06-29 21:30:19.420 +05:30 [INF] Background task started to render and upload custom video ID 1
2026-06-29 21:30:19.435 +05:30 [INF] Request finished HTTP/2 POST https://localhost:44341/Admin/AutoTube/UploadScript - 200 null application/json; charset=utf-8 42539.8199ms
2026-06-29 21:30:19.447 +05:30 [INF] Start processing HTTP request POST http://localhost:8000/api/video/render
2026-06-29 21:30:19.448 +05:30 [INF] Sending HTTP request POST http://localhost:8000/api/video/render
2026-06-29 21:30:24.511 +05:30 [INF] Received HTTP response headers after 5062.589ms - 200
2026-06-29 21:30:24.511 +05:30 [INF] End processing HTTP request after 5066.119ms - 200
2026-06-29 21:30:24.519 +05:30 [INF] Start processing HTTP request POST http://localhost:8000/api/youtube/upload
2026-06-29 21:30:24.519 +05:30 [INF] Sending HTTP request POST http://localhost:8000/api/youtube/upload
2026-06-29 21:30:24.535 +05:30 [INF] Received HTTP response headers after 15.8343ms - 200
2026-06-29 21:30:24.537 +05:30 [INF] End processing HTTP request after 18.1629ms - 200
2026-06-29 21:30:42.834 +05:30 [INF] Request starting HTTP/2 GET https://localhost:44341/Admin/GetUnreadMessagesCount - null null
2026-06-29 21:30:42.834 +05:30 [INF] Request starting HTTP/2 GET https://localhost:44341/Admin/GetRecentMessages - null null
2026-06-29 21:30:42.835 +05:30 [INF] Executing endpoint 'Portfolio_Management_System.Controllers.AdminController.GetUnreadMessagesCount (Portfolio Management System)'
2026-06-29 21:30:42.836 +05:30 [INF] Executing endpoint 'Portfolio_Management_System.Controllers.AdminController.GetRecentMessages (Portfolio Management System)'
2026-06-29 21:30:42.836 +05:30 [INF] Route matched with {action = "GetRecentMessages", controller = "Admin"}. Executing controller action with signature System.Threading.Tasks.Task`1[Microsoft.AspNetCore.Mvc.IActionResult] GetRecentMessages() on controller Portfolio_Management_System.Controllers.AdminController (Portfolio Management System).
2026-06-29 21:30:42.836 +05:30 [INF] Route matched with {action = "GetUnreadMessagesCount", controller = "Admin"}. Executing controller action with signature System.Threading.Tasks.Task`1[Microsoft.AspNetCore.Mvc.IActionResult] GetUnreadMessagesCount() on controller Portfolio_Management_System.Controllers.AdminController (Portfolio Management System).
2026-06-29 21:30:43.445 +05:30 [INF] Executing JsonResult, writing value of type 'System.Collections.Generic.List`1[[<>f__AnonymousType17`7[[System.Int32, System.Private.CoreLib, Version=9.0.0.0, Culture=neutral, PublicKeyToken=7cec85d7bea7798e],[System.String, System.Private.CoreLib, Version=9.0.0.0, Culture=neutral, PublicKeyToken=7cec85d7bea7798e],[System.String, System.Private.CoreLib, Version=9.0.0.0, Culture=neutral, PublicKeyToken=7cec85d7bea7798e],[System.String, System.Private.CoreLib, Version=9.0.0.0, Culture=neutral, PublicKeyToken=7cec85d7bea7798e],[System.String, System.Private.CoreLib, Version=9.0.0.0, Culture=neutral, PublicKeyToken=7cec85d7bea7798e],[System.Boolean, System.Private.CoreLib, Version=9.0.0.0, Culture=neutral, PublicKeyToken=7cec85d7bea7798e],[System.DateTime, System.Private.CoreLib, Version=9.0.0.0, Culture=neutral, PublicKeyToken=7cec85d7bea7798e]], Portfolio Management System, Version=1.0.0.0, Culture=neutral, PublicKeyToken=null]]'.
2026-06-29 21:30:43.449 +05:30 [INF] Executed action Portfolio_Management_System.Controllers.AdminController.GetRecentMessages (Portfolio Management System) in 611.6116ms
2026-06-29 21:30:43.450 +05:30 [INF] Executed endpoint 'Portfolio_Management_System.Controllers.AdminController.GetRecentMessages (Portfolio Management System)'
2026-06-29 21:30:43.450 +05:30 [INF] HTTP GET /Admin/GetRecentMessages responded 200 in 615.9928 ms
2026-06-29 21:30:43.451 +05:30 [INF] Request finished HTTP/2 GET https://localhost:44341/Admin/GetRecentMessages - 200 null application/json; charset=utf-8 616.7639ms
2026-06-29 21:30:43.520 +05:30 [INF] Executing JsonResult, writing value of type 'System.Int32'.
2026-06-29 21:30:43.521 +05:30 [INF] Executed action Portfolio_Management_System.Controllers.AdminController.GetUnreadMessagesCount (Portfolio Management System) in 684.587ms
2026-06-29 21:30:43.522 +05:30 [INF] Executed endpoint 'Portfolio_Management_System.Controllers.AdminController.GetUnreadMessagesCount (Portfolio Management System)'
2026-06-29 21:30:43.524 +05:30 [INF] HTTP GET /Admin/GetUnreadMessagesCount responded 200 in 689.3975 ms
2026-06-29 21:30:43.525 +05:30 [INF] Request finished HTTP/2 GET https://localhost:44341/Admin/GetUnreadMessagesCount - 200 null application/json; charset=utf-8 690.5911ms
2026-06-29 21:31:12.839 +05:30 [INF] Request starting HTTP/2 GET https://localhost:44341/Admin/GetUnreadMessagesCount - null null
2026-06-29 21:31:12.839 +05:30 [INF] Request starting HTTP/2 GET https://localhost:44341/Admin/GetRecentMessages - null null
2026-06-29 21:31:12.853 +05:30 [INF] Executing endpoint 'Portfolio_Management_System.Controllers.AdminController.GetRecentMessages (Portfolio Management System)'
2026-06-29 21:31:12.854 +05:30 [INF] Executing endpoint 'Portfolio_Management_System.Controllers.AdminController.GetUnreadMessagesCount (Portfolio Management System)'
2026-06-29 21:31:12.857 +05:30 [INF] Route matched with {action = "GetUnreadMessagesCount", controller = "Admin"}. Executing controller action with signature System.Threading.Tasks.Task`1[Microsoft.AspNetCore.Mvc.IActionResult] GetUnreadMessagesCount() on controller Portfolio_Management_System.Controllers.AdminController (Portfolio Management System).
2026-06-29 21:31:12.857 +05:30 [INF] Route matched with {action = "GetRecentMessages", controller = "Admin"}. Executing controller action with signature System.Threading.Tasks.Task`1[Microsoft.AspNetCore.Mvc.IActionResult] GetRecentMessages() on controller Portfolio_Management_System.Controllers.AdminController (Portfolio Management System).
2026-06-29 21:31:13.141 +05:30 [INF] Executing JsonResult, writing value of type 'System.Int32'.
2026-06-29 21:31:13.141 +05:30 [INF] Executing JsonResult, writing value of type 'System.Collections.Generic.List`1[[<>f__AnonymousType17`7[[System.Int32, System.Private.CoreLib, Version=9.0.0.0, Culture=neutral, PublicKeyToken=7cec85d7bea7798e],[System.String, System.Private.CoreLib, Version=9.0.0.0, Culture=neutral, PublicKeyToken=7cec85d7bea7798e],[System.String, System.Private.CoreLib, Version=9.0.0.0, Culture=neutral, PublicKeyToken=7cec85d7bea7798e],[System.String, System.Private.CoreLib, Version=9.0.0.0, Culture=neutral, PublicKeyToken=7cec85d7bea7798e],[System.String, System.Private.CoreLib, Version=9.0.0.0, Culture=neutral, PublicKeyToken=7cec85d7bea7798e],[System.Boolean, System.Private.CoreLib, Version=9.0.0.0, Culture=neutral, PublicKeyToken=7cec85d7bea7798e],[System.DateTime, System.Private.CoreLib, Version=9.0.0.0, Culture=neutral, PublicKeyToken=7cec85d7bea7798e]], Portfolio Management System, Version=1.0.0.0, Culture=neutral, PublicKeyToken=null]]'.
2026-06-29 21:31:13.146 +05:30 [INF] Executed action Portfolio_Management_System.Controllers.AdminController.GetUnreadMessagesCount (Portfolio Management System) in 287.5004ms
2026-06-29 21:31:13.147 +05:30 [INF] Executed endpoint 'Portfolio_Management_System.Controllers.AdminController.GetUnreadMessagesCount (Portfolio Management System)'
2026-06-29 21:31:13.147 +05:30 [INF] HTTP GET /Admin/GetUnreadMessagesCount responded 200 in 305.6040 ms
2026-06-29 21:31:13.148 +05:30 [INF] Executed action Portfolio_Management_System.Controllers.AdminController.GetRecentMessages (Portfolio Management System) in 286.7764ms
2026-06-29 21:31:13.148 +05:30 [INF] Executed endpoint 'Portfolio_Management_System.Controllers.AdminController.GetRecentMessages (Portfolio Management System)'
2026-06-29 21:31:13.148 +05:30 [INF] HTTP GET /Admin/GetRecentMessages responded 200 in 306.1993 ms
2026-06-29 21:31:13.151 +05:30 [INF] Request finished HTTP/2 GET https://localhost:44341/Admin/GetUnreadMessagesCount - 200 null application/json; charset=utf-8 314.5742ms
2026-06-29 21:31:13.156 +05:30 [INF] Request finished HTTP/2 GET https://localhost:44341/Admin/GetRecentMessages - 200 null application/json; charset=utf-8 317.2389ms
2026-06-29 21:31:42.908 +05:30 [INF] Request starting HTTP/2 GET https://localhost:44341/Admin/GetRecentMessages - null null
2026-06-29 21:31:42.909 +05:30 [INF] Executing endpoint 'Portfolio_Management_System.Controllers.AdminController.GetRecentMessages (Portfolio Management System)'
2026-06-29 21:31:42.909 +05:30 [INF] Route matched with {action = "GetRecentMessages", controller = "Admin"}. Executing controller action with signature System.Threading.Tasks.Task`1[Microsoft.AspNetCore.Mvc.IActionResult] GetRecentMessages() on controller Portfolio_Management_System.Controllers.AdminController (Portfolio Management System).
2026-06-29 21:31:42.908 +05:30 [INF] Request starting HTTP/2 GET https://localhost:44341/Admin/GetUnreadMessagesCount - null null
2026-06-29 21:31:42.927 +05:30 [INF] Executing endpoint 'Portfolio_Management_System.Controllers.AdminController.GetUnreadMessagesCount (Portfolio Management System)'
2026-06-29 21:31:42.927 +05:30 [INF] Route matched with {action = "GetUnreadMessagesCount", controller = "Admin"}. Executing controller action with signature System.Threading.Tasks.Task`1[Microsoft.AspNetCore.Mvc.IActionResult] GetUnreadMessagesCount() on controller Portfolio_Management_System.Controllers.AdminController (Portfolio Management System).
2026-06-29 21:31:43.093 +05:30 [INF] Executing JsonResult, writing value of type 'System.Collections.Generic.List`1[[<>f__AnonymousType17`7[[System.Int32, System.Private.CoreLib, Version=9.0.0.0, Culture=neutral, PublicKeyToken=7cec85d7bea7798e],[System.String, System.Private.CoreLib, Version=9.0.0.0, Culture=neutral, PublicKeyToken=7cec85d7bea7798e],[System.String, System.Private.CoreLib, Version=9.0.0.0, Culture=neutral, PublicKeyToken=7cec85d7bea7798e],[System.String, System.Private.CoreLib, Version=9.0.0.0, Culture=neutral, PublicKeyToken=7cec85d7bea7798e],[System.String, System.Private.CoreLib, Version=9.0.0.0, Culture=neutral, PublicKeyToken=7cec85d7bea7798e],[System.Boolean, System.Private.CoreLib, Version=9.0.0.0, Culture=neutral, PublicKeyToken=7cec85d7bea7798e],[System.DateTime, System.Private.CoreLib, Version=9.0.0.0, Culture=neutral, PublicKeyToken=7cec85d7bea7798e]], Portfolio Management System, Version=1.0.0.0, Culture=neutral, PublicKeyToken=null]]'.
2026-06-29 21:31:43.093 +05:30 [INF] Executed action Portfolio_Management_System.Controllers.AdminController.GetRecentMessages (Portfolio Management System) in 184.3975ms
2026-06-29 21:31:43.094 +05:30 [INF] Executed endpoint 'Portfolio_Management_System.Controllers.AdminController.GetRecentMessages (Portfolio Management System)'
2026-06-29 21:31:43.094 +05:30 [INF] HTTP GET /Admin/GetRecentMessages responded 200 in 185.6898 ms
2026-06-29 21:31:43.095 +05:30 [INF] Request finished HTTP/2 GET https://localhost:44341/Admin/GetRecentMessages - 200 null application/json; charset=utf-8 202.1376ms
2026-06-29 21:31:43.104 +05:30 [INF] Executing JsonResult, writing value of type 'System.Int32'.
2026-06-29 21:31:43.104 +05:30 [INF] Executed action Portfolio_Management_System.Controllers.AdminController.GetUnreadMessagesCount (Portfolio Management System) in 176.62ms
2026-06-29 21:31:43.104 +05:30 [INF] Executed endpoint 'Portfolio_Management_System.Controllers.AdminController.GetUnreadMessagesCount (Portfolio Management System)'
2026-06-29 21:31:43.104 +05:30 [INF] HTTP GET /Admin/GetUnreadMessagesCount responded 200 in 193.0985 ms
2026-06-29 21:31:43.105 +05:30 [INF] Request finished HTTP/2 GET https://localhost:44341/Admin/GetUnreadMessagesCount - 200 null application/json; charset=utf-8 204.4604ms
2026-06-29 21:32:12.823 +05:30 [INF] Request starting HTTP/2 GET https://localhost:44341/Admin/GetRecentMessages - null null
2026-06-29 21:32:12.823 +05:30 [INF] Request starting HTTP/2 GET https://localhost:44341/Admin/GetUnreadMessagesCount - null null
2026-06-29 21:32:12.824 +05:30 [INF] Executing endpoint 'Portfolio_Management_System.Controllers.AdminController.GetRecentMessages (Portfolio Management System)'
2026-06-29 21:32:12.825 +05:30 [INF] Route matched with {action = "GetRecentMessages", controller = "Admin"}. Executing controller action with signature System.Threading.Tasks.Task`1[Microsoft.AspNetCore.Mvc.IActionResult] GetRecentMessages() on controller Portfolio_Management_System.Controllers.AdminController (Portfolio Management System).
2026-06-29 21:32:12.827 +05:30 [INF] Executing endpoint 'Portfolio_Management_System.Controllers.AdminController.GetUnreadMessagesCount (Portfolio Management System)'
2026-06-29 21:32:12.827 +05:30 [INF] Route matched with {action = "GetUnreadMessagesCount", controller = "Admin"}. Executing controller action with signature System.Threading.Tasks.Task`1[Microsoft.AspNetCore.Mvc.IActionResult] GetUnreadMessagesCount() on controller Portfolio_Management_System.Controllers.AdminController (Portfolio Management System).
2026-06-29 21:32:12.995 +05:30 [INF] Executing JsonResult, writing value of type 'System.Collections.Generic.List`1[[<>f__AnonymousType17`7[[System.Int32, System.Private.CoreLib, Version=9.0.0.0, Culture=neutral, PublicKeyToken=7cec85d7bea7798e],[System.String, System.Private.CoreLib, Version=9.0.0.0, Culture=neutral, PublicKeyToken=7cec85d7bea7798e],[System.String, System.Private.CoreLib, Version=9.0.0.0, Culture=neutral, PublicKeyToken=7cec85d7bea7798e],[System.String, System.Private.CoreLib, Version=9.0.0.0, Culture=neutral, PublicKeyToken=7cec85d7bea7798e],[System.String, System.Private.CoreLib, Version=9.0.0.0, Culture=neutral, PublicKeyToken=7cec85d7bea7798e],[System.Boolean, System.Private.CoreLib, Version=9.0.0.0, Culture=neutral, PublicKeyToken=7cec85d7bea7798e],[System.DateTime, System.Private.CoreLib, Version=9.0.0.0, Culture=neutral, PublicKeyToken=7cec85d7bea7798e]], Portfolio Management System, Version=1.0.0.0, Culture=neutral, PublicKeyToken=null]]'.
2026-06-29 21:32:12.996 +05:30 [INF] Executing JsonResult, writing value of type 'System.Int32'.
2026-06-29 21:32:12.998 +05:30 [INF] Executed action Portfolio_Management_System.Controllers.AdminController.GetRecentMessages (Portfolio Management System) in 172.9073ms
2026-06-29 21:32:12.998 +05:30 [INF] Executed action Portfolio_Management_System.Controllers.AdminController.GetUnreadMessagesCount (Portfolio Management System) in 170.3961ms
2026-06-29 21:32:12.998 +05:30 [INF] Executed endpoint 'Portfolio_Management_System.Controllers.AdminController.GetRecentMessages (Portfolio Management System)'
2026-06-29 21:32:12.999 +05:30 [INF] Executed endpoint 'Portfolio_Management_System.Controllers.AdminController.GetUnreadMessagesCount (Portfolio Management System)'
2026-06-29 21:32:13.000 +05:30 [INF] HTTP GET /Admin/GetRecentMessages responded 200 in 175.8566 ms
2026-06-29 21:32:13.000 +05:30 [INF] HTTP GET /Admin/GetUnreadMessagesCount responded 200 in 176.4055 ms
2026-06-29 21:32:13.000 +05:30 [INF] Request finished HTTP/2 GET https://localhost:44341/Admin/GetRecentMessages - 200 null application/json; charset=utf-8 177.1767ms
2026-06-29 21:32:13.000 +05:30 [INF] Request finished HTTP/2 GET https://localhost:44341/Admin/GetUnreadMessagesCount - 200 null application/json; charset=utf-8 177.1766ms
2026-06-29 21:32:42.829 +05:30 [INF] Request starting HTTP/2 GET https://localhost:44341/Admin/GetUnreadMessagesCount - null null
2026-06-29 21:32:42.831 +05:30 [INF] Request starting HTTP/2 GET https://localhost:44341/Admin/GetRecentMessages - null null
2026-06-29 21:32:42.831 +05:30 [INF] Executing endpoint 'Portfolio_Management_System.Controllers.AdminController.GetUnreadMessagesCount (Portfolio Management System)'
2026-06-29 21:32:42.831 +05:30 [INF] Route matched with {action = "GetUnreadMessagesCount", controller = "Admin"}. Executing controller action with signature System.Threading.Tasks.Task`1[Microsoft.AspNetCore.Mvc.IActionResult] GetUnreadMessagesCount() on controller Portfolio_Management_System.Controllers.AdminController (Portfolio Management System).
2026-06-29 21:32:42.832 +05:30 [INF] Executing endpoint 'Portfolio_Management_System.Controllers.AdminController.GetRecentMessages (Portfolio Management System)'
2026-06-29 21:32:42.833 +05:30 [INF] Route matched with {action = "GetRecentMessages", controller = "Admin"}. Executing controller action with signature System.Threading.Tasks.Task`1[Microsoft.AspNetCore.Mvc.IActionResult] GetRecentMessages() on controller Portfolio_Management_System.Controllers.AdminController (Portfolio Management System).
2026-06-29 21:32:43.003 +05:30 [INF] Executing JsonResult, writing value of type 'System.Int32'.
2026-06-29 21:32:43.004 +05:30 [INF] Executed action Portfolio_Management_System.Controllers.AdminController.GetUnreadMessagesCount (Portfolio Management System) in 173.0863ms
2026-06-29 21:32:43.004 +05:30 [INF] Executed endpoint 'Portfolio_Management_System.Controllers.AdminController.GetUnreadMessagesCount (Portfolio Management System)'
2026-06-29 21:32:43.005 +05:30 [INF] HTTP GET /Admin/GetUnreadMessagesCount responded 200 in 174.0731 ms
2026-06-29 21:32:43.006 +05:30 [INF] Request finished HTTP/2 GET https://localhost:44341/Admin/GetUnreadMessagesCount - 200 null application/json; charset=utf-8 177.0071ms
2026-06-29 21:32:43.047 +05:30 [INF] Executing JsonResult, writing value of type 'System.Collections.Generic.List`1[[<>f__AnonymousType17`7[[System.Int32, System.Private.CoreLib, Version=9.0.0.0, Culture=neutral, PublicKeyToken=7cec85d7bea7798e],[System.String, System.Private.CoreLib, Version=9.0.0.0, Culture=neutral, PublicKeyToken=7cec85d7bea7798e],[System.String, System.Private.CoreLib, Version=9.0.0.0, Culture=neutral, PublicKeyToken=7cec85d7bea7798e],[System.String, System.Private.CoreLib, Version=9.0.0.0, Culture=neutral, PublicKeyToken=7cec85d7bea7798e],[System.String, System.Private.CoreLib, Version=9.0.0.0, Culture=neutral, PublicKeyToken=7cec85d7bea7798e],[System.Boolean, System.Private.CoreLib, Version=9.0.0.0, Culture=neutral, PublicKeyToken=7cec85d7bea7798e],[System.DateTime, System.Private.CoreLib, Version=9.0.0.0, Culture=neutral, PublicKeyToken=7cec85d7bea7798e]], Portfolio Management System, Version=1.0.0.0, Culture=neutral, PublicKeyToken=null]]'.
2026-06-29 21:32:43.048 +05:30 [INF] Executed action Portfolio_Management_System.Controllers.AdminController.GetRecentMessages (Portfolio Management System) in 214.7193ms
2026-06-29 21:32:43.048 +05:30 [INF] Executed endpoint 'Portfolio_Management_System.Controllers.AdminController.GetRecentMessages (Portfolio Management System)'
2026-06-29 21:32:43.048 +05:30 [INF] HTTP GET /Admin/GetRecentMessages responded 200 in 216.8761 ms
2026-06-29 21:32:43.048 +05:30 [INF] Request finished HTTP/2 GET https://localhost:44341/Admin/GetRecentMessages - 200 null application/json; charset=utf-8 217.3378ms
2026-06-29 21:33:12.832 +05:30 [INF] Request starting HTTP/2 GET https://localhost:44341/Admin/GetRecentMessages - null null
2026-06-29 21:33:12.833 +05:30 [INF] Request starting HTTP/2 GET https://localhost:44341/Admin/GetUnreadMessagesCount - null null
2026-06-29 21:33:12.864 +05:30 [INF] Executing endpoint 'Portfolio_Management_System.Controllers.AdminController.GetRecentMessages (Portfolio Management System)'
2026-06-29 21:33:12.864 +05:30 [INF] Executing endpoint 'Portfolio_Management_System.Controllers.AdminController.GetUnreadMessagesCount (Portfolio Management System)'
2026-06-29 21:33:12.864 +05:30 [INF] Route matched with {action = "GetRecentMessages", controller = "Admin"}. Executing controller action with signature System.Threading.Tasks.Task`1[Microsoft.AspNetCore.Mvc.IActionResult] GetRecentMessages() on controller Portfolio_Management_System.Controllers.AdminController (Portfolio Management System).
2026-06-29 21:33:12.864 +05:30 [INF] Route matched with {action = "GetUnreadMessagesCount", controller = "Admin"}. Executing controller action with signature System.Threading.Tasks.Task`1[Microsoft.AspNetCore.Mvc.IActionResult] GetUnreadMessagesCount() on controller Portfolio_Management_System.Controllers.AdminController (Portfolio Management System).
2026-06-29 21:33:13.035 +05:30 [INF] Executing JsonResult, writing value of type 'System.Int32'.
2026-06-29 21:33:13.035 +05:30 [INF] Executing JsonResult, writing value of type 'System.Collections.Generic.List`1[[<>f__AnonymousType17`7[[System.Int32, System.Private.CoreLib, Version=9.0.0.0, Culture=neutral, PublicKeyToken=7cec85d7bea7798e],[System.String, System.Private.CoreLib, Version=9.0.0.0, Culture=neutral, PublicKeyToken=7cec85d7bea7798e],[System.String, System.Private.CoreLib, Version=9.0.0.0, Culture=neutral, PublicKeyToken=7cec85d7bea7798e],[System.String, System.Private.CoreLib, Version=9.0.0.0, Culture=neutral, PublicKeyToken=7cec85d7bea7798e],[System.String, System.Private.CoreLib, Version=9.0.0.0, Culture=neutral, PublicKeyToken=7cec85d7bea7798e],[System.Boolean, System.Private.CoreLib, Version=9.0.0.0, Culture=neutral, PublicKeyToken=7cec85d7bea7798e],[System.DateTime, System.Private.CoreLib, Version=9.0.0.0, Culture=neutral, PublicKeyToken=7cec85d7bea7798e]], Portfolio Management System, Version=1.0.0.0, Culture=neutral, PublicKeyToken=null]]'.
2026-06-29 21:33:13.070 +05:30 [INF] Executed action Portfolio_Management_System.Controllers.AdminController.GetRecentMessages (Portfolio Management System) in 206.0391ms
2026-06-29 21:33:13.070 +05:30 [INF] Executed action Portfolio_Management_System.Controllers.AdminController.GetUnreadMessagesCount (Portfolio Management System) in 205.8459ms
2026-06-29 21:33:13.070 +05:30 [INF] Executed endpoint 'Portfolio_Management_System.Controllers.AdminController.GetRecentMessages (Portfolio Management System)'
2026-06-29 21:33:13.070 +05:30 [INF] Executed endpoint 'Portfolio_Management_System.Controllers.AdminController.GetUnreadMessagesCount (Portfolio Management System)'
2026-06-29 21:33:13.070 +05:30 [INF] HTTP GET /Admin/GetRecentMessages responded 200 in 237.2742 ms
2026-06-29 21:33:13.070 +05:30 [INF] HTTP GET /Admin/GetUnreadMessagesCount responded 200 in 207.1940 ms
2026-06-29 21:33:13.070 +05:30 [INF] Request finished HTTP/2 GET https://localhost:44341/Admin/GetUnreadMessagesCount - 200 null application/json; charset=utf-8 237.9068ms
2026-06-29 21:33:13.070 +05:30 [INF] Request finished HTTP/2 GET https://localhost:44341/Admin/GetRecentMessages - 200 null application/json; charset=utf-8 238.1911ms
2026-06-29 21:33:42.829 +05:30 [INF] Request starting HTTP/2 GET https://localhost:44341/Admin/GetUnreadMessagesCount - null null
2026-06-29 21:33:42.836 +05:30 [INF] Request starting HTTP/2 GET https://localhost:44341/Admin/GetRecentMessages - null null
2026-06-29 21:33:42.862 +05:30 [INF] Executing endpoint 'Portfolio_Management_System.Controllers.AdminController.GetRecentMessages (Portfolio Management System)'
2026-06-29 21:33:42.862 +05:30 [INF] Executing endpoint 'Portfolio_Management_System.Controllers.AdminController.GetUnreadMessagesCount (Portfolio Management System)'
2026-06-29 21:33:42.862 +05:30 [INF] Route matched with {action = "GetRecentMessages", controller = "Admin"}. Executing controller action with signature System.Threading.Tasks.Task`1[Microsoft.AspNetCore.Mvc.IActionResult] GetRecentMessages() on controller Portfolio_Management_System.Controllers.AdminController (Portfolio Management System).
2026-06-29 21:33:42.862 +05:30 [INF] Route matched with {action = "GetUnreadMessagesCount", controller = "Admin"}. Executing controller action with signature System.Threading.Tasks.Task`1[Microsoft.AspNetCore.Mvc.IActionResult] GetUnreadMessagesCount() on controller Portfolio_Management_System.Controllers.AdminController (Portfolio Management System).
2026-06-29 21:33:43.030 +05:30 [INF] Executing JsonResult, writing value of type 'System.Int32'.
2026-06-29 21:33:43.031 +05:30 [INF] Executed action Portfolio_Management_System.Controllers.AdminController.GetUnreadMessagesCount (Portfolio Management System) in 169.114ms
2026-06-29 21:33:43.031 +05:30 [INF] Executed endpoint 'Portfolio_Management_System.Controllers.AdminController.GetUnreadMessagesCount (Portfolio Management System)'
2026-06-29 21:33:43.031 +05:30 [INF] HTTP GET /Admin/GetUnreadMessagesCount responded 200 in 200.1216 ms
2026-06-29 21:33:43.032 +05:30 [INF] Request finished HTTP/2 GET https://localhost:44341/Admin/GetUnreadMessagesCount - 200 null application/json; charset=utf-8 203.2559ms
2026-06-29 21:33:43.036 +05:30 [INF] Executing JsonResult, writing value of type 'System.Collections.Generic.List`1[[<>f__AnonymousType17`7[[System.Int32, System.Private.CoreLib, Version=9.0.0.0, Culture=neutral, PublicKeyToken=7cec85d7bea7798e],[System.String, System.Private.CoreLib, Version=9.0.0.0, Culture=neutral, PublicKeyToken=7cec85d7bea7798e],[System.String, System.Private.CoreLib, Version=9.0.0.0, Culture=neutral, PublicKeyToken=7cec85d7bea7798e],[System.String, System.Private.CoreLib, Version=9.0.0.0, Culture=neutral, PublicKeyToken=7cec85d7bea7798e],[System.String, System.Private.CoreLib, Version=9.0.0.0, Culture=neutral, PublicKeyToken=7cec85d7bea7798e],[System.Boolean, System.Private.CoreLib, Version=9.0.0.0, Culture=neutral, PublicKeyToken=7cec85d7bea7798e],[System.DateTime, System.Private.CoreLib, Version=9.0.0.0, Culture=neutral, PublicKeyToken=7cec85d7bea7798e]], Portfolio Management System, Version=1.0.0.0, Culture=neutral, PublicKeyToken=null]]'.
2026-06-29 21:33:43.090 +05:30 [INF] Executed action Portfolio_Management_System.Controllers.AdminController.GetRecentMessages (Portfolio Management System) in 227.8296ms
2026-06-29 21:33:43.090 +05:30 [INF] Executed endpoint 'Portfolio_Management_System.Controllers.AdminController.GetRecentMessages (Portfolio Management System)'
2026-06-29 21:33:43.090 +05:30 [INF] HTTP GET /Admin/GetRecentMessages responded 200 in 231.1377 ms
2026-06-29 21:33:43.091 +05:30 [INF] Request finished HTTP/2 GET https://localhost:44341/Admin/GetRecentMessages - 200 null application/json; charset=utf-8 256.974ms
2026-06-29 21:34:12.834 +05:30 [INF] Request starting HTTP/2 GET https://localhost:44341/Admin/GetRecentMessages - null null
2026-06-29 21:34:12.836 +05:30 [INF] Request starting HTTP/2 GET https://localhost:44341/Admin/GetUnreadMessagesCount - null null
2026-06-29 21:34:12.868 +05:30 [INF] Executing endpoint 'Portfolio_Management_System.Controllers.AdminController.GetRecentMessages (Portfolio Management System)'
2026-06-29 21:34:12.869 +05:30 [INF] Executing endpoint 'Portfolio_Management_System.Controllers.AdminController.GetUnreadMessagesCount (Portfolio Management System)'
2026-06-29 21:34:12.869 +05:30 [INF] Route matched with {action = "GetRecentMessages", controller = "Admin"}. Executing controller action with signature System.Threading.Tasks.Task`1[Microsoft.AspNetCore.Mvc.IActionResult] GetRecentMessages() on controller Portfolio_Management_System.Controllers.AdminController (Portfolio Management System).
2026-06-29 21:34:12.869 +05:30 [INF] Route matched with {action = "GetUnreadMessagesCount", controller = "Admin"}. Executing controller action with signature System.Threading.Tasks.Task`1[Microsoft.AspNetCore.Mvc.IActionResult] GetUnreadMessagesCount() on controller Portfolio_Management_System.Controllers.AdminController (Portfolio Management System).
2026-06-29 21:34:13.038 +05:30 [INF] Executing JsonResult, writing value of type 'System.Int32'.
2026-06-29 21:34:13.039 +05:30 [INF] Executing JsonResult, writing value of type 'System.Collections.Generic.List`1[[<>f__AnonymousType17`7[[System.Int32, System.Private.CoreLib, Version=9.0.0.0, Culture=neutral, PublicKeyToken=7cec85d7bea7798e],[System.String, System.Private.CoreLib, Version=9.0.0.0, Culture=neutral, PublicKeyToken=7cec85d7bea7798e],[System.String, System.Private.CoreLib, Version=9.0.0.0, Culture=neutral, PublicKeyToken=7cec85d7bea7798e],[System.String, System.Private.CoreLib, Version=9.0.0.0, Culture=neutral, PublicKeyToken=7cec85d7bea7798e],[System.String, System.Private.CoreLib, Version=9.0.0.0, Culture=neutral, PublicKeyToken=7cec85d7bea7798e],[System.Boolean, System.Private.CoreLib, Version=9.0.0.0, Culture=neutral, PublicKeyToken=7cec85d7bea7798e],[System.DateTime, System.Private.CoreLib, Version=9.0.0.0, Culture=neutral, PublicKeyToken=7cec85d7bea7798e]], Portfolio Management System, Version=1.0.0.0, Culture=neutral, PublicKeyToken=null]]'.
2026-06-29 21:34:13.076 +05:30 [INF] Executed action Portfolio_Management_System.Controllers.AdminController.GetUnreadMessagesCount (Portfolio Management System) in 207.4308ms
2026-06-29 21:34:13.077 +05:30 [INF] Executed endpoint 'Portfolio_Management_System.Controllers.AdminController.GetUnreadMessagesCount (Portfolio Management System)'
2026-06-29 21:34:13.077 +05:30 [INF] HTTP GET /Admin/GetUnreadMessagesCount responded 200 in 212.7595 ms
2026-06-29 21:34:13.077 +05:30 [INF] Executed action Portfolio_Management_System.Controllers.AdminController.GetRecentMessages (Portfolio Management System) in 207.835ms
2026-06-29 21:34:13.077 +05:30 [INF] Executed endpoint 'Portfolio_Management_System.Controllers.AdminController.GetRecentMessages (Portfolio Management System)'
2026-06-29 21:34:13.077 +05:30 [INF] Request finished HTTP/2 GET https://localhost:44341/Admin/GetUnreadMessagesCount - 200 null application/json; charset=utf-8 240.9611ms
2026-06-29 21:34:13.077 +05:30 [INF] HTTP GET /Admin/GetRecentMessages responded 200 in 242.0484 ms
2026-06-29 21:34:13.084 +05:30 [INF] Request finished HTTP/2 GET https://localhost:44341/Admin/GetRecentMessages - 200 null application/json; charset=utf-8 242.792ms
2026-06-29 21:34:42.822 +05:30 [INF] Request starting HTTP/2 GET https://localhost:44341/Admin/GetUnreadMessagesCount - null null
2026-06-29 21:34:42.823 +05:30 [INF] Request starting HTTP/2 GET https://localhost:44341/Admin/GetRecentMessages - null null
2026-06-29 21:34:42.827 +05:30 [INF] Executing endpoint 'Portfolio_Management_System.Controllers.AdminController.GetRecentMessages (Portfolio Management System)'
2026-06-29 21:34:42.827 +05:30 [INF] Executing endpoint 'Portfolio_Management_System.Controllers.AdminController.GetUnreadMessagesCount (Portfolio Management System)'
2026-06-29 21:34:42.829 +05:30 [INF] Route matched with {action = "GetUnreadMessagesCount", controller = "Admin"}. Executing controller action with signature System.Threading.Tasks.Task`1[Microsoft.AspNetCore.Mvc.IActionResult] GetUnreadMessagesCount() on controller Portfolio_Management_System.Controllers.AdminController (Portfolio Management System).
2026-06-29 21:34:42.829 +05:30 [INF] Route matched with {action = "GetRecentMessages", controller = "Admin"}. Executing controller action with signature System.Threading.Tasks.Task`1[Microsoft.AspNetCore.Mvc.IActionResult] GetRecentMessages() on controller Portfolio_Management_System.Controllers.AdminController (Portfolio Management System).
2026-06-29 21:34:42.995 +05:30 [INF] Executing JsonResult, writing value of type 'System.Collections.Generic.List`1[[<>f__AnonymousType17`7[[System.Int32, System.Private.CoreLib, Version=9.0.0.0, Culture=neutral, PublicKeyToken=7cec85d7bea7798e],[System.String, System.Private.CoreLib, Version=9.0.0.0, Culture=neutral, PublicKeyToken=7cec85d7bea7798e],[System.String, System.Private.CoreLib, Version=9.0.0.0, Culture=neutral, PublicKeyToken=7cec85d7bea7798e],[System.String, System.Private.CoreLib, Version=9.0.0.0, Culture=neutral, PublicKeyToken=7cec85d7bea7798e],[System.String, System.Private.CoreLib, Version=9.0.0.0, Culture=neutral, PublicKeyToken=7cec85d7bea7798e],[System.Boolean, System.Private.CoreLib, Version=9.0.0.0, Culture=neutral, PublicKeyToken=7cec85d7bea7798e],[System.DateTime, System.Private.CoreLib, Version=9.0.0.0, Culture=neutral, PublicKeyToken=7cec85d7bea7798e]], Portfolio Management System, Version=1.0.0.0, Culture=neutral, PublicKeyToken=null]]'.
2026-06-29 21:34:42.996 +05:30 [INF] Executed action Portfolio_Management_System.Controllers.AdminController.GetRecentMessages (Portfolio Management System) in 167.0394ms
2026-06-29 21:34:42.997 +05:30 [INF] Executed endpoint 'Portfolio_Management_System.Controllers.AdminController.GetRecentMessages (Portfolio Management System)'
2026-06-29 21:34:42.998 +05:30 [INF] HTTP GET /Admin/GetRecentMessages responded 200 in 174.6783 ms
2026-06-29 21:34:42.998 +05:30 [INF] Request finished HTTP/2 GET https://localhost:44341/Admin/GetRecentMessages - 200 null application/json; charset=utf-8 175.4809ms
2026-06-29 21:34:43.000 +05:30 [INF] Executing JsonResult, writing value of type 'System.Int32'.
2026-06-29 21:34:43.002 +05:30 [INF] Executed action Portfolio_Management_System.Controllers.AdminController.GetUnreadMessagesCount (Portfolio Management System) in 172.5461ms
2026-06-29 21:34:43.002 +05:30 [INF] Executed endpoint 'Portfolio_Management_System.Controllers.AdminController.GetUnreadMessagesCount (Portfolio Management System)'
2026-06-29 21:34:43.003 +05:30 [INF] HTTP GET /Admin/GetUnreadMessagesCount responded 200 in 180.4957 ms
2026-06-29 21:34:43.004 +05:30 [INF] Request finished HTTP/2 GET https://localhost:44341/Admin/GetUnreadMessagesCount - 200 null application/json; charset=utf-8 182.0326ms
2026-06-29 21:35:12.824 +05:30 [INF] Request starting HTTP/2 GET https://localhost:44341/Admin/GetRecentMessages - null null
2026-06-29 21:35:12.855 +05:30 [INF] Request starting HTTP/2 GET https://localhost:44341/Admin/GetUnreadMessagesCount - null null
2026-06-29 21:35:12.858 +05:30 [INF] Executing endpoint 'Portfolio_Management_System.Controllers.AdminController.GetRecentMessages (Portfolio Management System)'
2026-06-29 21:35:12.859 +05:30 [INF] Executing endpoint 'Portfolio_Management_System.Controllers.AdminController.GetUnreadMessagesCount (Portfolio Management System)'
2026-06-29 21:35:12.859 +05:30 [INF] Route matched with {action = "GetRecentMessages", controller = "Admin"}. Executing controller action with signature System.Threading.Tasks.Task`1[Microsoft.AspNetCore.Mvc.IActionResult] GetRecentMessages() on controller Portfolio_Management_System.Controllers.AdminController (Portfolio Management System).
2026-06-29 21:35:12.859 +05:30 [INF] Route matched with {action = "GetUnreadMessagesCount", controller = "Admin"}. Executing controller action with signature System.Threading.Tasks.Task`1[Microsoft.AspNetCore.Mvc.IActionResult] GetUnreadMessagesCount() on controller Portfolio_Management_System.Controllers.AdminController (Portfolio Management System).
2026-06-29 21:35:13.024 +05:30 [INF] Executing JsonResult, writing value of type 'System.Collections.Generic.List`1[[<>f__AnonymousType17`7[[System.Int32, System.Private.CoreLib, Version=9.0.0.0, Culture=neutral, PublicKeyToken=7cec85d7bea7798e],[System.String, System.Private.CoreLib, Version=9.0.0.0, Culture=neutral, PublicKeyToken=7cec85d7bea7798e],[System.String, System.Private.CoreLib, Version=9.0.0.0, Culture=neutral, PublicKeyToken=7cec85d7bea7798e],[System.String, System.Private.CoreLib, Version=9.0.0.0, Culture=neutral, PublicKeyToken=7cec85d7bea7798e],[System.String, System.Private.CoreLib, Version=9.0.0.0, Culture=neutral, PublicKeyToken=7cec85d7bea7798e],[System.Boolean, System.Private.CoreLib, Version=9.0.0.0, Culture=neutral, PublicKeyToken=7cec85d7bea7798e],[System.DateTime, System.Private.CoreLib, Version=9.0.0.0, Culture=neutral, PublicKeyToken=7cec85d7bea7798e]], Portfolio Management System, Version=1.0.0.0, Culture=neutral, PublicKeyToken=null]]'.
2026-06-29 21:35:13.024 +05:30 [INF] Executing JsonResult, writing value of type 'System.Int32'.
2026-06-29 21:35:13.024 +05:30 [INF] Executed action Portfolio_Management_System.Controllers.AdminController.GetUnreadMessagesCount (Portfolio Management System) in 165.3774ms
2026-06-29 21:35:13.024 +05:30 [INF] Executed endpoint 'Portfolio_Management_System.Controllers.AdminController.GetUnreadMessagesCount (Portfolio Management System)'
2026-06-29 21:35:13.024 +05:30 [INF] HTTP GET /Admin/GetUnreadMessagesCount responded 200 in 165.9443 ms
2026-06-29 21:35:13.025 +05:30 [INF] Request finished HTTP/2 GET https://localhost:44341/Admin/GetUnreadMessagesCount - 200 null application/json; charset=utf-8 199.2603ms
2026-06-29 21:35:13.025 +05:30 [INF] Executed action Portfolio_Management_System.Controllers.AdminController.GetRecentMessages (Portfolio Management System) in 166.3075ms
2026-06-29 21:35:13.025 +05:30 [INF] Executed endpoint 'Portfolio_Management_System.Controllers.AdminController.GetRecentMessages (Portfolio Management System)'
2026-06-29 21:35:13.026 +05:30 [INF] HTTP GET /Admin/GetRecentMessages responded 200 in 201.3193 ms
2026-06-29 21:35:13.026 +05:30 [INF] Request finished HTTP/2 GET https://localhost:44341/Admin/GetRecentMessages - 200 null application/json; charset=utf-8 202.1929ms
2026-06-29 21:35:42.838 +05:30 [INF] Request starting HTTP/2 GET https://localhost:44341/Admin/GetUnreadMessagesCount - null null
2026-06-29 21:35:42.839 +05:30 [INF] Executing endpoint 'Portfolio_Management_System.Controllers.AdminController.GetUnreadMessagesCount (Portfolio Management System)'
2026-06-29 21:35:42.838 +05:30 [INF] Request starting HTTP/2 GET https://localhost:44341/Admin/GetRecentMessages - null null
2026-06-29 21:35:42.839 +05:30 [INF] Route matched with {action = "GetUnreadMessagesCount", controller = "Admin"}. Executing controller action with signature System.Threading.Tasks.Task`1[Microsoft.AspNetCore.Mvc.IActionResult] GetUnreadMessagesCount() on controller Portfolio_Management_System.Controllers.AdminController (Portfolio Management System).
2026-06-29 21:35:42.839 +05:30 [INF] Executing endpoint 'Portfolio_Management_System.Controllers.AdminController.GetRecentMessages (Portfolio Management System)'
2026-06-29 21:35:42.840 +05:30 [INF] Route matched with {action = "GetRecentMessages", controller = "Admin"}. Executing controller action with signature System.Threading.Tasks.Task`1[Microsoft.AspNetCore.Mvc.IActionResult] GetRecentMessages() on controller Portfolio_Management_System.Controllers.AdminController (Portfolio Management System).
2026-06-29 21:35:43.006 +05:30 [INF] Executing JsonResult, writing value of type 'System.Int32'.
2026-06-29 21:35:43.015 +05:30 [INF] Executed action Portfolio_Management_System.Controllers.AdminController.GetUnreadMessagesCount (Portfolio Management System) in 175.3617ms
2026-06-29 21:35:43.016 +05:30 [INF] Executed endpoint 'Portfolio_Management_System.Controllers.AdminController.GetUnreadMessagesCount (Portfolio Management System)'
2026-06-29 21:35:43.058 +05:30 [INF] HTTP GET /Admin/GetUnreadMessagesCount responded 200 in 219.4710 ms
2026-06-29 21:35:43.058 +05:30 [INF] Executing JsonResult, writing value of type 'System.Collections.Generic.List`1[[<>f__AnonymousType17`7[[System.Int32, System.Private.CoreLib, Version=9.0.0.0, Culture=neutral, PublicKeyToken=7cec85d7bea7798e],[System.String, System.Private.CoreLib, Version=9.0.0.0, Culture=neutral, PublicKeyToken=7cec85d7bea7798e],[System.String, System.Private.CoreLib, Version=9.0.0.0, Culture=neutral, PublicKeyToken=7cec85d7bea7798e],[System.String, System.Private.CoreLib, Version=9.0.0.0, Culture=neutral, PublicKeyToken=7cec85d7bea7798e],[System.String, System.Private.CoreLib, Version=9.0.0.0, Culture=neutral, PublicKeyToken=7cec85d7bea7798e],[System.Boolean, System.Private.CoreLib, Version=9.0.0.0, Culture=neutral, PublicKeyToken=7cec85d7bea7798e],[System.DateTime, System.Private.CoreLib, Version=9.0.0.0, Culture=neutral, PublicKeyToken=7cec85d7bea7798e]], Portfolio Management System, Version=1.0.0.0, Culture=neutral, PublicKeyToken=null]]'.
2026-06-29 21:35:43.058 +05:30 [INF] Request finished HTTP/2 GET https://localhost:44341/Admin/GetUnreadMessagesCount - 200 null application/json; charset=utf-8 220.3288ms
2026-06-29 21:35:43.059 +05:30 [INF] Executed action Portfolio_Management_System.Controllers.AdminController.GetRecentMessages (Portfolio Management System) in 218.6823ms
2026-06-29 21:35:43.059 +05:30 [INF] Executed endpoint 'Portfolio_Management_System.Controllers.AdminController.GetRecentMessages (Portfolio Management System)'
2026-06-29 21:35:43.059 +05:30 [INF] HTTP GET /Admin/GetRecentMessages responded 200 in 219.9006 ms
2026-06-29 21:35:43.063 +05:30 [INF] Request finished HTTP/2 GET https://localhost:44341/Admin/GetRecentMessages - 200 null application/json; charset=utf-8 225.3257ms
2026-06-29 21:36:12.827 +05:30 [INF] Request starting HTTP/2 GET https://localhost:44341/Admin/GetUnreadMessagesCount - null null
2026-06-29 21:36:12.828 +05:30 [INF] Executing endpoint 'Portfolio_Management_System.Controllers.AdminController.GetUnreadMessagesCount (Portfolio Management System)'
2026-06-29 21:36:12.828 +05:30 [INF] Route matched with {action = "GetUnreadMessagesCount", controller = "Admin"}. Executing controller action with signature System.Threading.Tasks.Task`1[Microsoft.AspNetCore.Mvc.IActionResult] GetUnreadMessagesCount() on controller Portfolio_Management_System.Controllers.AdminController (Portfolio Management System).
2026-06-29 21:36:12.829 +05:30 [INF] Request starting HTTP/2 GET https://localhost:44341/Admin/GetRecentMessages - null null
2026-06-29 21:36:12.837 +05:30 [INF] Executing endpoint 'Portfolio_Management_System.Controllers.AdminController.GetRecentMessages (Portfolio Management System)'
2026-06-29 21:36:12.873 +05:30 [INF] Route matched with {action = "GetRecentMessages", controller = "Admin"}. Executing controller action with signature System.Threading.Tasks.Task`1[Microsoft.AspNetCore.Mvc.IActionResult] GetRecentMessages() on controller Portfolio_Management_System.Controllers.AdminController (Portfolio Management System).
2026-06-29 21:36:13.010 +05:30 [INF] Executing JsonResult, writing value of type 'System.Int32'.
2026-06-29 21:36:13.039 +05:30 [INF] Executed action Portfolio_Management_System.Controllers.AdminController.GetUnreadMessagesCount (Portfolio Management System) in 210.5326ms
2026-06-29 21:36:13.039 +05:30 [INF] Executed endpoint 'Portfolio_Management_System.Controllers.AdminController.GetUnreadMessagesCount (Portfolio Management System)'
2026-06-29 21:36:13.040 +05:30 [INF] HTTP GET /Admin/GetUnreadMessagesCount responded 200 in 211.7068 ms
2026-06-29 21:36:13.040 +05:30 [INF] Request finished HTTP/2 GET https://localhost:44341/Admin/GetUnreadMessagesCount - 200 null application/json; charset=utf-8 212.6338ms
2026-06-29 21:36:13.042 +05:30 [INF] Executing JsonResult, writing value of type 'System.Collections.Generic.List`1[[<>f__AnonymousType17`7[[System.Int32, System.Private.CoreLib, Version=9.0.0.0, Culture=neutral, PublicKeyToken=7cec85d7bea7798e],[System.String, System.Private.CoreLib, Version=9.0.0.0, Culture=neutral, PublicKeyToken=7cec85d7bea7798e],[System.String, System.Private.CoreLib, Version=9.0.0.0, Culture=neutral, PublicKeyToken=7cec85d7bea7798e],[System.String, System.Private.CoreLib, Version=9.0.0.0, Culture=neutral, PublicKeyToken=7cec85d7bea7798e],[System.String, System.Private.CoreLib, Version=9.0.0.0, Culture=neutral, PublicKeyToken=7cec85d7bea7798e],[System.Boolean, System.Private.CoreLib, Version=9.0.0.0, Culture=neutral, PublicKeyToken=7cec85d7bea7798e],[System.DateTime, System.Private.CoreLib, Version=9.0.0.0, Culture=neutral, PublicKeyToken=7cec85d7bea7798e]], Portfolio Management System, Version=1.0.0.0, Culture=neutral, PublicKeyToken=null]]'.
2026-06-29 21:36:13.043 +05:30 [INF] Executed action Portfolio_Management_System.Controllers.AdminController.GetRecentMessages (Portfolio Management System) in 169.8574ms
2026-06-29 21:36:13.044 +05:30 [INF] Executed endpoint 'Portfolio_Management_System.Controllers.AdminController.GetRecentMessages (Portfolio Management System)'
2026-06-29 21:36:13.044 +05:30 [INF] HTTP GET /Admin/GetRecentMessages responded 200 in 214.2062 ms
2026-06-29 21:36:13.044 +05:30 [INF] Request finished HTTP/2 GET https://localhost:44341/Admin/GetRecentMessages - 200 null application/json; charset=utf-8 215.6319ms
2026-06-29 21:36:42.823 +05:30 [INF] Request starting HTTP/2 GET https://localhost:44341/Admin/GetRecentMessages - null null
2026-06-29 21:36:42.823 +05:30 [INF] Request starting HTTP/2 GET https://localhost:44341/Admin/GetUnreadMessagesCount - null null
2026-06-29 21:36:42.823 +05:30 [INF] Executing endpoint 'Portfolio_Management_System.Controllers.AdminController.GetUnreadMessagesCount (Portfolio Management System)'
2026-06-29 21:36:42.824 +05:30 [INF] Route matched with {action = "GetUnreadMessagesCount", controller = "Admin"}. Executing controller action with signature System.Threading.Tasks.Task`1[Microsoft.AspNetCore.Mvc.IActionResult] GetUnreadMessagesCount() on controller Portfolio_Management_System.Controllers.AdminController (Portfolio Management System).
2026-06-29 21:36:42.824 +05:30 [INF] Executing endpoint 'Portfolio_Management_System.Controllers.AdminController.GetRecentMessages (Portfolio Management System)'
2026-06-29 21:36:42.824 +05:30 [INF] Route matched with {action = "GetRecentMessages", controller = "Admin"}. Executing controller action with signature System.Threading.Tasks.Task`1[Microsoft.AspNetCore.Mvc.IActionResult] GetRecentMessages() on controller Portfolio_Management_System.Controllers.AdminController (Portfolio Management System).
2026-06-29 21:36:42.991 +05:30 [INF] Executing JsonResult, writing value of type 'System.Int32'.
2026-06-29 21:36:42.992 +05:30 [INF] Executed action Portfolio_Management_System.Controllers.AdminController.GetUnreadMessagesCount (Portfolio Management System) in 167.8432ms
2026-06-29 21:36:42.992 +05:30 [INF] Executed endpoint 'Portfolio_Management_System.Controllers.AdminController.GetUnreadMessagesCount (Portfolio Management System)'
2026-06-29 21:36:42.992 +05:30 [INF] HTTP GET /Admin/GetUnreadMessagesCount responded 200 in 168.8900 ms
2026-06-29 21:36:42.992 +05:30 [INF] Executing JsonResult, writing value of type 'System.Collections.Generic.List`1[[<>f__AnonymousType17`7[[System.Int32, System.Private.CoreLib, Version=9.0.0.0, Culture=neutral, PublicKeyToken=7cec85d7bea7798e],[System.String, System.Private.CoreLib, Version=9.0.0.0, Culture=neutral, PublicKeyToken=7cec85d7bea7798e],[System.String, System.Private.CoreLib, Version=9.0.0.0, Culture=neutral, PublicKeyToken=7cec85d7bea7798e],[System.String, System.Private.CoreLib, Version=9.0.0.0, Culture=neutral, PublicKeyToken=7cec85d7bea7798e],[System.String, System.Private.CoreLib, Version=9.0.0.0, Culture=neutral, PublicKeyToken=7cec85d7bea7798e],[System.Boolean, System.Private.CoreLib, Version=9.0.0.0, Culture=neutral, PublicKeyToken=7cec85d7bea7798e],[System.DateTime, System.Private.CoreLib, Version=9.0.0.0, Culture=neutral, PublicKeyToken=7cec85d7bea7798e]], Portfolio Management System, Version=1.0.0.0, Culture=neutral, PublicKeyToken=null]]'.
2026-06-29 21:36:43.000 +05:30 [INF] Request finished HTTP/2 GET https://localhost:44341/Admin/GetUnreadMessagesCount - 200 null application/json; charset=utf-8 176.9001ms
2026-06-29 21:36:43.000 +05:30 [INF] Executed action Portfolio_Management_System.Controllers.AdminController.GetRecentMessages (Portfolio Management System) in 174.8396ms
2026-06-29 21:36:43.037 +05:30 [INF] Executed endpoint 'Portfolio_Management_System.Controllers.AdminController.GetRecentMessages (Portfolio Management System)'
2026-06-29 21:36:43.037 +05:30 [INF] HTTP GET /Admin/GetRecentMessages responded 200 in 214.1541 ms
2026-06-29 21:36:43.038 +05:30 [INF] Request finished HTTP/2 GET https://localhost:44341/Admin/GetRecentMessages - 200 null application/json; charset=utf-8 214.7623ms
2026-06-29 21:37:12.831 +05:30 [INF] Request starting HTTP/2 GET https://localhost:44341/Admin/GetUnreadMessagesCount - null null
2026-06-29 21:37:12.831 +05:30 [INF] Executing endpoint 'Portfolio_Management_System.Controllers.AdminController.GetUnreadMessagesCount (Portfolio Management System)'
2026-06-29 21:37:12.831 +05:30 [INF] Route matched with {action = "GetUnreadMessagesCount", controller = "Admin"}. Executing controller action with signature System.Threading.Tasks.Task`1[Microsoft.AspNetCore.Mvc.IActionResult] GetUnreadMessagesCount() on controller Portfolio_Management_System.Controllers.AdminController (Portfolio Management System).
2026-06-29 21:37:12.873 +05:30 [INF] Request starting HTTP/2 GET https://localhost:44341/Admin/GetRecentMessages - null null
2026-06-29 21:37:12.901 +05:30 [INF] Executing endpoint 'Portfolio_Management_System.Controllers.AdminController.GetRecentMessages (Portfolio Management System)'
2026-06-29 21:37:12.902 +05:30 [INF] Route matched with {action = "GetRecentMessages", controller = "Admin"}. Executing controller action with signature System.Threading.Tasks.Task`1[Microsoft.AspNetCore.Mvc.IActionResult] GetRecentMessages() on controller Portfolio_Management_System.Controllers.AdminController (Portfolio Management System).
2026-06-29 21:37:13.002 +05:30 [INF] Executing JsonResult, writing value of type 'System.Int32'.
2026-06-29 21:37:13.002 +05:30 [INF] Executed action Portfolio_Management_System.Controllers.AdminController.GetUnreadMessagesCount (Portfolio Management System) in 170.8511ms
2026-06-29 21:37:13.003 +05:30 [INF] Executed endpoint 'Portfolio_Management_System.Controllers.AdminController.GetUnreadMessagesCount (Portfolio Management System)'
2026-06-29 21:37:13.003 +05:30 [INF] HTTP GET /Admin/GetUnreadMessagesCount responded 200 in 172.1237 ms
2026-06-29 21:37:13.003 +05:30 [INF] Request finished HTTP/2 GET https://localhost:44341/Admin/GetUnreadMessagesCount - 200 null application/json; charset=utf-8 172.8783ms
2026-06-29 21:37:13.079 +05:30 [INF] Executing JsonResult, writing value of type 'System.Collections.Generic.List`1[[<>f__AnonymousType17`7[[System.Int32, System.Private.CoreLib, Version=9.0.0.0, Culture=neutral, PublicKeyToken=7cec85d7bea7798e],[System.String, System.Private.CoreLib, Version=9.0.0.0, Culture=neutral, PublicKeyToken=7cec85d7bea7798e],[System.String, System.Private.CoreLib, Version=9.0.0.0, Culture=neutral, PublicKeyToken=7cec85d7bea7798e],[System.String, System.Private.CoreLib, Version=9.0.0.0, Culture=neutral, PublicKeyToken=7cec85d7bea7798e],[System.String, System.Private.CoreLib, Version=9.0.0.0, Culture=neutral, PublicKeyToken=7cec85d7bea7798e],[System.Boolean, System.Private.CoreLib, Version=9.0.0.0, Culture=neutral, PublicKeyToken=7cec85d7bea7798e],[System.DateTime, System.Private.CoreLib, Version=9.0.0.0, Culture=neutral, PublicKeyToken=7cec85d7bea7798e]], Portfolio Management System, Version=1.0.0.0, Culture=neutral, PublicKeyToken=null]]'.
2026-06-29 21:37:13.085 +05:30 [INF] Executed action Portfolio_Management_System.Controllers.AdminController.GetRecentMessages (Portfolio Management System) in 182.9026ms
2026-06-29 21:37:13.085 +05:30 [INF] Executed endpoint 'Portfolio_Management_System.Controllers.AdminController.GetRecentMessages (Portfolio Management System)'
2026-06-29 21:37:13.085 +05:30 [INF] HTTP GET /Admin/GetRecentMessages responded 200 in 212.0430 ms
2026-06-29 21:37:13.085 +05:30 [INF] Request finished HTTP/2 GET https://localhost:44341/Admin/GetRecentMessages - 200 null application/json; charset=utf-8 250.8909ms
2026-06-29 21:37:42.831 +05:30 [INF] Request starting HTTP/2 GET https://localhost:44341/Admin/GetUnreadMessagesCount - null null
2026-06-29 21:37:42.832 +05:30 [INF] Request starting HTTP/2 GET https://localhost:44341/Admin/GetRecentMessages - null null
2026-06-29 21:37:42.834 +05:30 [INF] Executing endpoint 'Portfolio_Management_System.Controllers.AdminController.GetRecentMessages (Portfolio Management System)'
2026-06-29 21:37:42.835 +05:30 [INF] Route matched with {action = "GetRecentMessages", controller = "Admin"}. Executing controller action with signature System.Threading.Tasks.Task`1[Microsoft.AspNetCore.Mvc.IActionResult] GetRecentMessages() on controller Portfolio_Management_System.Controllers.AdminController (Portfolio Management System).
2026-06-29 21:37:42.835 +05:30 [INF] Executing endpoint 'Portfolio_Management_System.Controllers.AdminController.GetUnreadMessagesCount (Portfolio Management System)'
2026-06-29 21:37:42.835 +05:30 [INF] Route matched with {action = "GetUnreadMessagesCount", controller = "Admin"}. Executing controller action with signature System.Threading.Tasks.Task`1[Microsoft.AspNetCore.Mvc.IActionResult] GetUnreadMessagesCount() on controller Portfolio_Management_System.Controllers.AdminController (Portfolio Management System).
2026-06-29 21:37:43.003 +05:30 [INF] Executing JsonResult, writing value of type 'System.Collections.Generic.List`1[[<>f__AnonymousType17`7[[System.Int32, System.Private.CoreLib, Version=9.0.0.0, Culture=neutral, PublicKeyToken=7cec85d7bea7798e],[System.String, System.Private.CoreLib, Version=9.0.0.0, Culture=neutral, PublicKeyToken=7cec85d7bea7798e],[System.String, System.Private.CoreLib, Version=9.0.0.0, Culture=neutral, PublicKeyToken=7cec85d7bea7798e],[System.String, System.Private.CoreLib, Version=9.0.0.0, Culture=neutral, PublicKeyToken=7cec85d7bea7798e],[System.String, System.Private.CoreLib, Version=9.0.0.0, Culture=neutral, PublicKeyToken=7cec85d7bea7798e],[System.Boolean, System.Private.CoreLib, Version=9.0.0.0, Culture=neutral, PublicKeyToken=7cec85d7bea7798e],[System.DateTime, System.Private.CoreLib, Version=9.0.0.0, Culture=neutral, PublicKeyToken=7cec85d7bea7798e]], Portfolio Management System, Version=1.0.0.0, Culture=neutral, PublicKeyToken=null]]'.
2026-06-29 21:37:43.003 +05:30 [INF] Executed action Portfolio_Management_System.Controllers.AdminController.GetRecentMessages (Portfolio Management System) in 168.2437ms
2026-06-29 21:37:43.003 +05:30 [INF] Executed endpoint 'Portfolio_Management_System.Controllers.AdminController.GetRecentMessages (Portfolio Management System)'
2026-06-29 21:37:43.003 +05:30 [INF] HTTP GET /Admin/GetRecentMessages responded 200 in 171.2361 ms
2026-06-29 21:37:43.004 +05:30 [INF] Request finished HTTP/2 GET https://localhost:44341/Admin/GetRecentMessages - 200 null application/json; charset=utf-8 172.33ms
2026-06-29 21:37:43.007 +05:30 [INF] Executing JsonResult, writing value of type 'System.Int32'.
2026-06-29 21:37:43.008 +05:30 [INF] Executed action Portfolio_Management_System.Controllers.AdminController.GetUnreadMessagesCount (Portfolio Management System) in 172.4028ms
2026-06-29 21:37:43.008 +05:30 [INF] Executed endpoint 'Portfolio_Management_System.Controllers.AdminController.GetUnreadMessagesCount (Portfolio Management System)'
2026-06-29 21:37:43.008 +05:30 [INF] HTTP GET /Admin/GetUnreadMessagesCount responded 200 in 176.4641 ms
2026-06-29 21:37:43.008 +05:30 [INF] Request finished HTTP/2 GET https://localhost:44341/Admin/GetUnreadMessagesCount - 200 null application/json; charset=utf-8 177.5809ms
2026-06-29 21:38:12.835 +05:30 [INF] Request starting HTTP/2 GET https://localhost:44341/Admin/GetRecentMessages - null null
2026-06-29 21:38:12.835 +05:30 [INF] Request starting HTTP/2 GET https://localhost:44341/Admin/GetUnreadMessagesCount - null null
2026-06-29 21:38:12.835 +05:30 [INF] Executing endpoint 'Portfolio_Management_System.Controllers.AdminController.GetRecentMessages (Portfolio Management System)'
2026-06-29 21:38:12.835 +05:30 [INF] Executing endpoint 'Portfolio_Management_System.Controllers.AdminController.GetUnreadMessagesCount (Portfolio Management System)'
2026-06-29 21:38:12.835 +05:30 [INF] Route matched with {action = "GetUnreadMessagesCount", controller = "Admin"}. Executing controller action with signature System.Threading.Tasks.Task`1[Microsoft.AspNetCore.Mvc.IActionResult] GetUnreadMessagesCount() on controller Portfolio_Management_System.Controllers.AdminController (Portfolio Management System).
2026-06-29 21:38:12.835 +05:30 [INF] Route matched with {action = "GetRecentMessages", controller = "Admin"}. Executing controller action with signature System.Threading.Tasks.Task`1[Microsoft.AspNetCore.Mvc.IActionResult] GetRecentMessages() on controller Portfolio_Management_System.Controllers.AdminController (Portfolio Management System).
2026-06-29 21:38:13.004 +05:30 [INF] Executing JsonResult, writing value of type 'System.Collections.Generic.List`1[[<>f__AnonymousType17`7[[System.Int32, System.Private.CoreLib, Version=9.0.0.0, Culture=neutral, PublicKeyToken=7cec85d7bea7798e],[System.String, System.Private.CoreLib, Version=9.0.0.0, Culture=neutral, PublicKeyToken=7cec85d7bea7798e],[System.String, System.Private.CoreLib, Version=9.0.0.0, Culture=neutral, PublicKeyToken=7cec85d7bea7798e],[System.String, System.Private.CoreLib, Version=9.0.0.0, Culture=neutral, PublicKeyToken=7cec85d7bea7798e],[System.String, System.Private.CoreLib, Version=9.0.0.0, Culture=neutral, PublicKeyToken=7cec85d7bea7798e],[System.Boolean, System.Private.CoreLib, Version=9.0.0.0, Culture=neutral, PublicKeyToken=7cec85d7bea7798e],[System.DateTime, System.Private.CoreLib, Version=9.0.0.0, Culture=neutral, PublicKeyToken=7cec85d7bea7798e]], Portfolio Management System, Version=1.0.0.0, Culture=neutral, PublicKeyToken=null]]'.
2026-06-29 21:38:13.005 +05:30 [INF] Executed action Portfolio_Management_System.Controllers.AdminController.GetRecentMessages (Portfolio Management System) in 169.2019ms
2026-06-29 21:38:13.005 +05:30 [INF] Executed endpoint 'Portfolio_Management_System.Controllers.AdminController.GetRecentMessages (Portfolio Management System)'
2026-06-29 21:38:13.005 +05:30 [INF] HTTP GET /Admin/GetRecentMessages responded 200 in 170.0835 ms
2026-06-29 21:38:13.005 +05:30 [INF] Request finished HTTP/2 GET https://localhost:44341/Admin/GetRecentMessages - 200 null application/json; charset=utf-8 170.5434ms
2026-06-29 21:38:13.012 +05:30 [INF] Executing JsonResult, writing value of type 'System.Int32'.
2026-06-29 21:38:13.012 +05:30 [INF] Executed action Portfolio_Management_System.Controllers.AdminController.GetUnreadMessagesCount (Portfolio Management System) in 176.8097ms
2026-06-29 21:38:13.013 +05:30 [INF] Executed endpoint 'Portfolio_Management_System.Controllers.AdminController.GetUnreadMessagesCount (Portfolio Management System)'
2026-06-29 21:38:13.013 +05:30 [INF] HTTP GET /Admin/GetUnreadMessagesCount responded 200 in 177.6095 ms
2026-06-29 21:38:13.013 +05:30 [INF] Request finished HTTP/2 GET https://localhost:44341/Admin/GetUnreadMessagesCount - 200 null application/json; charset=utf-8 178.3615ms
2026-06-29 21:38:42.823 +05:30 [INF] Request starting HTTP/2 GET https://localhost:44341/Admin/GetUnreadMessagesCount - null null
2026-06-29 21:38:42.824 +05:30 [INF] Executing endpoint 'Portfolio_Management_System.Controllers.AdminController.GetUnreadMessagesCount (Portfolio Management System)'
2026-06-29 21:38:42.824 +05:30 [INF] Route matched with {action = "GetUnreadMessagesCount", controller = "Admin"}. Executing controller action with signature System.Threading.Tasks.Task`1[Microsoft.AspNetCore.Mvc.IActionResult] GetUnreadMessagesCount() on controller Portfolio_Management_System.Controllers.AdminController (Portfolio Management System).
2026-06-29 21:38:42.856 +05:30 [INF] Request starting HTTP/2 GET https://localhost:44341/Admin/GetRecentMessages - null null
2026-06-29 21:38:42.857 +05:30 [INF] Executing endpoint 'Portfolio_Management_System.Controllers.AdminController.GetRecentMessages (Portfolio Management System)'
2026-06-29 21:38:42.857 +05:30 [INF] Route matched with {action = "GetRecentMessages", controller = "Admin"}. Executing controller action with signature System.Threading.Tasks.Task`1[Microsoft.AspNetCore.Mvc.IActionResult] GetRecentMessages() on controller Portfolio_Management_System.Controllers.AdminController (Portfolio Management System).
2026-06-29 21:38:42.996 +05:30 [INF] Executing JsonResult, writing value of type 'System.Int32'.
2026-06-29 21:38:42.996 +05:30 [INF] Executed action Portfolio_Management_System.Controllers.AdminController.GetUnreadMessagesCount (Portfolio Management System) in 171.9002ms
2026-06-29 21:38:42.996 +05:30 [INF] Executed endpoint 'Portfolio_Management_System.Controllers.AdminController.GetUnreadMessagesCount (Portfolio Management System)'
2026-06-29 21:38:42.997 +05:30 [INF] HTTP GET /Admin/GetUnreadMessagesCount responded 200 in 173.4764 ms
2026-06-29 21:38:42.997 +05:30 [INF] Request finished HTTP/2 GET https://localhost:44341/Admin/GetUnreadMessagesCount - 200 null application/json; charset=utf-8 174.3385ms
2026-06-29 21:38:43.029 +05:30 [INF] Executing JsonResult, writing value of type 'System.Collections.Generic.List`1[[<>f__AnonymousType17`7[[System.Int32, System.Private.CoreLib, Version=9.0.0.0, Culture=neutral, PublicKeyToken=7cec85d7bea7798e],[System.String, System.Private.CoreLib, Version=9.0.0.0, Culture=neutral, PublicKeyToken=7cec85d7bea7798e],[System.String, System.Private.CoreLib, Version=9.0.0.0, Culture=neutral, PublicKeyToken=7cec85d7bea7798e],[System.String, System.Private.CoreLib, Version=9.0.0.0, Culture=neutral, PublicKeyToken=7cec85d7bea7798e],[System.String, System.Private.CoreLib, Version=9.0.0.0, Culture=neutral, PublicKeyToken=7cec85d7bea7798e],[System.Boolean, System.Private.CoreLib, Version=9.0.0.0, Culture=neutral, PublicKeyToken=7cec85d7bea7798e],[System.DateTime, System.Private.CoreLib, Version=9.0.0.0, Culture=neutral, PublicKeyToken=7cec85d7bea7798e]], Portfolio Management System, Version=1.0.0.0, Culture=neutral, PublicKeyToken=null]]'.
2026-06-29 21:38:43.032 +05:30 [INF] Executed action Portfolio_Management_System.Controllers.AdminController.GetRecentMessages (Portfolio Management System) in 174.621ms
2026-06-29 21:38:43.032 +05:30 [INF] Executed endpoint 'Portfolio_Management_System.Controllers.AdminController.GetRecentMessages (Portfolio Management System)'
2026-06-29 21:38:43.032 +05:30 [INF] HTTP GET /Admin/GetRecentMessages responded 200 in 175.2885 ms
2026-06-29 21:38:43.032 +05:30 [INF] Request finished HTTP/2 GET https://localhost:44341/Admin/GetRecentMessages - 200 null application/json; charset=utf-8 175.7432ms
2026-06-29 21:39:12.845 +05:30 [INF] Request starting HTTP/2 GET https://localhost:44341/Admin/GetUnreadMessagesCount - null null
2026-06-29 21:39:12.854 +05:30 [INF] Executing endpoint 'Portfolio_Management_System.Controllers.AdminController.GetUnreadMessagesCount (Portfolio Management System)'
2026-06-29 21:39:12.854 +05:30 [INF] Route matched with {action = "GetUnreadMessagesCount", controller = "Admin"}. Executing controller action with signature System.Threading.Tasks.Task`1[Microsoft.AspNetCore.Mvc.IActionResult] GetUnreadMessagesCount() on controller Portfolio_Management_System.Controllers.AdminController (Portfolio Management System).
2026-06-29 21:39:12.894 +05:30 [INF] Request starting HTTP/2 GET https://localhost:44341/Admin/GetRecentMessages - null null
2026-06-29 21:39:12.895 +05:30 [INF] Executing endpoint 'Portfolio_Management_System.Controllers.AdminController.GetRecentMessages (Portfolio Management System)'
2026-06-29 21:39:12.895 +05:30 [INF] Route matched with {action = "GetRecentMessages", controller = "Admin"}. Executing controller action with signature System.Threading.Tasks.Task`1[Microsoft.AspNetCore.Mvc.IActionResult] GetRecentMessages() on controller Portfolio_Management_System.Controllers.AdminController (Portfolio Management System).
2026-06-29 21:39:13.021 +05:30 [INF] Executing JsonResult, writing value of type 'System.Int32'.
2026-06-29 21:39:13.022 +05:30 [INF] Executed action Portfolio_Management_System.Controllers.AdminController.GetUnreadMessagesCount (Portfolio Management System) in 166.8107ms
2026-06-29 21:39:13.022 +05:30 [INF] Executed endpoint 'Portfolio_Management_System.Controllers.AdminController.GetUnreadMessagesCount (Portfolio Management System)'
2026-06-29 21:39:13.022 +05:30 [INF] HTTP GET /Admin/GetUnreadMessagesCount responded 200 in 174.6369 ms
2026-06-29 21:39:13.022 +05:30 [INF] Request finished HTTP/2 GET https://localhost:44341/Admin/GetUnreadMessagesCount - 200 null application/json; charset=utf-8 177.3811ms
2026-06-29 21:39:13.064 +05:30 [INF] Executing JsonResult, writing value of type 'System.Collections.Generic.List`1[[<>f__AnonymousType17`7[[System.Int32, System.Private.CoreLib, Version=9.0.0.0, Culture=neutral, PublicKeyToken=7cec85d7bea7798e],[System.String, System.Private.CoreLib, Version=9.0.0.0, Culture=neutral, PublicKeyToken=7cec85d7bea7798e],[System.String, System.Private.CoreLib, Version=9.0.0.0, Culture=neutral, PublicKeyToken=7cec85d7bea7798e],[System.String, System.Private.CoreLib, Version=9.0.0.0, Culture=neutral, PublicKeyToken=7cec85d7bea7798e],[System.String, System.Private.CoreLib, Version=9.0.0.0, Culture=neutral, PublicKeyToken=7cec85d7bea7798e],[System.Boolean, System.Private.CoreLib, Version=9.0.0.0, Culture=neutral, PublicKeyToken=7cec85d7bea7798e],[System.DateTime, System.Private.CoreLib, Version=9.0.0.0, Culture=neutral, PublicKeyToken=7cec85d7bea7798e]], Portfolio Management System, Version=1.0.0.0, Culture=neutral, PublicKeyToken=null]]'.
2026-06-29 21:39:13.066 +05:30 [INF] Executed action Portfolio_Management_System.Controllers.AdminController.GetRecentMessages (Portfolio Management System) in 171.2796ms
2026-06-29 21:39:13.066 +05:30 [INF] Executed endpoint 'Portfolio_Management_System.Controllers.AdminController.GetRecentMessages (Portfolio Management System)'
2026-06-29 21:39:13.067 +05:30 [INF] HTTP GET /Admin/GetRecentMessages responded 200 in 173.1993 ms
2026-06-29 21:39:13.074 +05:30 [INF] Request finished HTTP/2 GET https://localhost:44341/Admin/GetRecentMessages - 200 null application/json; charset=utf-8 189.569ms
2026-06-29 21:39:42.837 +05:30 [INF] Request starting HTTP/2 GET https://localhost:44341/Admin/GetUnreadMessagesCount - null null
2026-06-29 21:39:42.838 +05:30 [INF] Executing endpoint 'Portfolio_Management_System.Controllers.AdminController.GetUnreadMessagesCount (Portfolio Management System)'
2026-06-29 21:39:42.838 +05:30 [INF] Route matched with {action = "GetUnreadMessagesCount", controller = "Admin"}. Executing controller action with signature System.Threading.Tasks.Task`1[Microsoft.AspNetCore.Mvc.IActionResult] GetUnreadMessagesCount() on controller Portfolio_Management_System.Controllers.AdminController (Portfolio Management System).
2026-06-29 21:39:42.876 +05:30 [INF] Request starting HTTP/2 GET https://localhost:44341/Admin/GetRecentMessages - null null
2026-06-29 21:39:42.888 +05:30 [INF] Executing endpoint 'Portfolio_Management_System.Controllers.AdminController.GetRecentMessages (Portfolio Management System)'
2026-06-29 21:39:42.889 +05:30 [INF] Route matched with {action = "GetRecentMessages", controller = "Admin"}. Executing controller action with signature System.Threading.Tasks.Task`1[Microsoft.AspNetCore.Mvc.IActionResult] GetRecentMessages() on controller Portfolio_Management_System.Controllers.AdminController (Portfolio Management System).
2026-06-29 21:39:43.042 +05:30 [INF] Executing JsonResult, writing value of type 'System.Int32'.
2026-06-29 21:39:43.043 +05:30 [INF] Executed action Portfolio_Management_System.Controllers.AdminController.GetUnreadMessagesCount (Portfolio Management System) in 205.0082ms
2026-06-29 21:39:43.043 +05:30 [INF] Executed endpoint 'Portfolio_Management_System.Controllers.AdminController.GetUnreadMessagesCount (Portfolio Management System)'
2026-06-29 21:39:43.043 +05:30 [INF] HTTP GET /Admin/GetUnreadMessagesCount responded 200 in 205.8019 ms
2026-06-29 21:39:43.045 +05:30 [INF] Request finished HTTP/2 GET https://localhost:44341/Admin/GetUnreadMessagesCount - 200 null application/json; charset=utf-8 207.5352ms
2026-06-29 21:39:43.058 +05:30 [INF] Executing JsonResult, writing value of type 'System.Collections.Generic.List`1[[<>f__AnonymousType17`7[[System.Int32, System.Private.CoreLib, Version=9.0.0.0, Culture=neutral, PublicKeyToken=7cec85d7bea7798e],[System.String, System.Private.CoreLib, Version=9.0.0.0, Culture=neutral, PublicKeyToken=7cec85d7bea7798e],[System.String, System.Private.CoreLib, Version=9.0.0.0, Culture=neutral, PublicKeyToken=7cec85d7bea7798e],[System.String, System.Private.CoreLib, Version=9.0.0.0, Culture=neutral, PublicKeyToken=7cec85d7bea7798e],[System.String, System.Private.CoreLib, Version=9.0.0.0, Culture=neutral, PublicKeyToken=7cec85d7bea7798e],[System.Boolean, System.Private.CoreLib, Version=9.0.0.0, Culture=neutral, PublicKeyToken=7cec85d7bea7798e],[System.DateTime, System.Private.CoreLib, Version=9.0.0.0, Culture=neutral, PublicKeyToken=7cec85d7bea7798e]], Portfolio Management System, Version=1.0.0.0, Culture=neutral, PublicKeyToken=null]]'.
2026-06-29 21:39:43.060 +05:30 [INF] Executed action Portfolio_Management_System.Controllers.AdminController.GetRecentMessages (Portfolio Management System) in 171.0203ms
2026-06-29 21:39:43.060 +05:30 [INF] Executed endpoint 'Portfolio_Management_System.Controllers.AdminController.GetRecentMessages (Portfolio Management System)'
2026-06-29 21:39:43.060 +05:30 [INF] HTTP GET /Admin/GetRecentMessages responded 200 in 183.7680 ms
2026-06-29 21:39:43.060 +05:30 [INF] Request finished HTTP/2 GET https://localhost:44341/Admin/GetRecentMessages - 200 null application/json; charset=utf-8 220.1033ms
2026-06-29 21:40:12.833 +05:30 [INF] Request starting HTTP/2 GET https://localhost:44341/Admin/GetRecentMessages - null null
2026-06-29 21:40:12.835 +05:30 [INF] Executing endpoint 'Portfolio_Management_System.Controllers.AdminController.GetRecentMessages (Portfolio Management System)'
2026-06-29 21:40:12.863 +05:30 [INF] Request starting HTTP/2 GET https://localhost:44341/Admin/GetUnreadMessagesCount - null null
2026-06-29 21:40:12.863 +05:30 [INF] Route matched with {action = "GetRecentMessages", controller = "Admin"}. Executing controller action with signature System.Threading.Tasks.Task`1[Microsoft.AspNetCore.Mvc.IActionResult] GetRecentMessages() on controller Portfolio_Management_System.Controllers.AdminController (Portfolio Management System).
2026-06-29 21:40:12.869 +05:30 [INF] Executing endpoint 'Portfolio_Management_System.Controllers.AdminController.GetUnreadMessagesCount (Portfolio Management System)'
2026-06-29 21:40:12.869 +05:30 [INF] Route matched with {action = "GetUnreadMessagesCount", controller = "Admin"}. Executing controller action with signature System.Threading.Tasks.Task`1[Microsoft.AspNetCore.Mvc.IActionResult] GetUnreadMessagesCount() on controller Portfolio_Management_System.Controllers.AdminController (Portfolio Management System).
2026-06-29 21:40:13.033 +05:30 [INF] Executing JsonResult, writing value of type 'System.Collections.Generic.List`1[[<>f__AnonymousType17`7[[System.Int32, System.Private.CoreLib, Version=9.0.0.0, Culture=neutral, PublicKeyToken=7cec85d7bea7798e],[System.String, System.Private.CoreLib, Version=9.0.0.0, Culture=neutral, PublicKeyToken=7cec85d7bea7798e],[System.String, System.Private.CoreLib, Version=9.0.0.0, Culture=neutral, PublicKeyToken=7cec85d7bea7798e],[System.String, System.Private.CoreLib, Version=9.0.0.0, Culture=neutral, PublicKeyToken=7cec85d7bea7798e],[System.String, System.Private.CoreLib, Version=9.0.0.0, Culture=neutral, PublicKeyToken=7cec85d7bea7798e],[System.Boolean, System.Private.CoreLib, Version=9.0.0.0, Culture=neutral, PublicKeyToken=7cec85d7bea7798e],[System.DateTime, System.Private.CoreLib, Version=9.0.0.0, Culture=neutral, PublicKeyToken=7cec85d7bea7798e]], Portfolio Management System, Version=1.0.0.0, Culture=neutral, PublicKeyToken=null]]'.
2026-06-29 21:40:13.034 +05:30 [INF] Executed action Portfolio_Management_System.Controllers.AdminController.GetRecentMessages (Portfolio Management System) in 166.6265ms
2026-06-29 21:40:13.034 +05:30 [INF] Executed endpoint 'Portfolio_Management_System.Controllers.AdminController.GetRecentMessages (Portfolio Management System)'
2026-06-29 21:40:13.034 +05:30 [INF] HTTP GET /Admin/GetRecentMessages responded 200 in 200.8354 ms
2026-06-29 21:40:13.035 +05:30 [INF] Request finished HTTP/2 GET https://localhost:44341/Admin/GetRecentMessages - 200 null application/json; charset=utf-8 202.3181ms
2026-06-29 21:40:13.037 +05:30 [INF] Executing JsonResult, writing value of type 'System.Int32'.
2026-06-29 21:40:13.047 +05:30 [INF] Executed action Portfolio_Management_System.Controllers.AdminController.GetUnreadMessagesCount (Portfolio Management System) in 177.2544ms
2026-06-29 21:40:13.047 +05:30 [INF] Executed endpoint 'Portfolio_Management_System.Controllers.AdminController.GetUnreadMessagesCount (Portfolio Management System)'
2026-06-29 21:40:13.047 +05:30 [INF] HTTP GET /Admin/GetUnreadMessagesCount responded 200 in 178.7568 ms
2026-06-29 21:40:13.047 +05:30 [INF] Request finished HTTP/2 GET https://localhost:44341/Admin/GetUnreadMessagesCount - 200 null application/json; charset=utf-8 184.403ms
2026-06-29 21:40:42.825 +05:30 [INF] Request starting HTTP/2 GET https://localhost:44341/Admin/GetUnreadMessagesCount - null null
2026-06-29 21:40:42.826 +05:30 [INF] Request starting HTTP/2 GET https://localhost:44341/Admin/GetRecentMessages - null null
2026-06-29 21:40:42.826 +05:30 [INF] Executing endpoint 'Portfolio_Management_System.Controllers.AdminController.GetUnreadMessagesCount (Portfolio Management System)'
2026-06-29 21:40:42.853 +05:30 [INF] Route matched with {action = "GetUnreadMessagesCount", controller = "Admin"}. Executing controller action with signature System.Threading.Tasks.Task`1[Microsoft.AspNetCore.Mvc.IActionResult] GetUnreadMessagesCount() on controller Portfolio_Management_System.Controllers.AdminController (Portfolio Management System).
2026-06-29 21:40:42.881 +05:30 [INF] Executing endpoint 'Portfolio_Management_System.Controllers.AdminController.GetRecentMessages (Portfolio Management System)'
2026-06-29 21:40:42.881 +05:30 [INF] Route matched with {action = "GetRecentMessages", controller = "Admin"}. Executing controller action with signature System.Threading.Tasks.Task`1[Microsoft.AspNetCore.Mvc.IActionResult] GetRecentMessages() on controller Portfolio_Management_System.Controllers.AdminController (Portfolio Management System).
2026-06-29 21:40:43.048 +05:30 [INF] Executing JsonResult, writing value of type 'System.Collections.Generic.List`1[[<>f__AnonymousType17`7[[System.Int32, System.Private.CoreLib, Version=9.0.0.0, Culture=neutral, PublicKeyToken=7cec85d7bea7798e],[System.String, System.Private.CoreLib, Version=9.0.0.0, Culture=neutral, PublicKeyToken=7cec85d7bea7798e],[System.String, System.Private.CoreLib, Version=9.0.0.0, Culture=neutral, PublicKeyToken=7cec85d7bea7798e],[System.String, System.Private.CoreLib, Version=9.0.0.0, Culture=neutral, PublicKeyToken=7cec85d7bea7798e],[System.String, System.Private.CoreLib, Version=9.0.0.0, Culture=neutral, PublicKeyToken=7cec85d7bea7798e],[System.Boolean, System.Private.CoreLib, Version=9.0.0.0, Culture=neutral, PublicKeyToken=7cec85d7bea7798e],[System.DateTime, System.Private.CoreLib, Version=9.0.0.0, Culture=neutral, PublicKeyToken=7cec85d7bea7798e]], Portfolio Management System, Version=1.0.0.0, Culture=neutral, PublicKeyToken=null]]'.
2026-06-29 21:40:43.054 +05:30 [INF] Executing JsonResult, writing value of type 'System.Int32'.
2026-06-29 21:40:43.058 +05:30 [INF] Executed action Portfolio_Management_System.Controllers.AdminController.GetRecentMessages (Portfolio Management System) in 176.9142ms
2026-06-29 21:40:43.058 +05:30 [INF] Executed endpoint 'Portfolio_Management_System.Controllers.AdminController.GetRecentMessages (Portfolio Management System)'
2026-06-29 21:40:43.058 +05:30 [INF] Executed action Portfolio_Management_System.Controllers.AdminController.GetUnreadMessagesCount (Portfolio Management System) in 205.1019ms
2026-06-29 21:40:43.058 +05:30 [INF] Executed endpoint 'Portfolio_Management_System.Controllers.AdminController.GetUnreadMessagesCount (Portfolio Management System)'
2026-06-29 21:40:43.059 +05:30 [INF] HTTP GET /Admin/GetUnreadMessagesCount responded 200 in 232.9027 ms
2026-06-29 21:40:43.059 +05:30 [INF] Request finished HTTP/2 GET https://localhost:44341/Admin/GetUnreadMessagesCount - 200 null application/json; charset=utf-8 234.1111ms
2026-06-29 21:40:43.059 +05:30 [INF] HTTP GET /Admin/GetRecentMessages responded 200 in 232.7625 ms
2026-06-29 21:40:43.059 +05:30 [INF] Request finished HTTP/2 GET https://localhost:44341/Admin/GetRecentMessages - 200 null application/json; charset=utf-8 233.4051ms
2026-06-29 21:41:12.825 +05:30 [INF] Request starting HTTP/2 GET https://localhost:44341/Admin/GetUnreadMessagesCount - null null
2026-06-29 21:41:12.826 +05:30 [INF] Executing endpoint 'Portfolio_Management_System.Controllers.AdminController.GetUnreadMessagesCount (Portfolio Management System)'
2026-06-29 21:41:12.826 +05:30 [INF] Route matched with {action = "GetUnreadMessagesCount", controller = "Admin"}. Executing controller action with signature System.Threading.Tasks.Task`1[Microsoft.AspNetCore.Mvc.IActionResult] GetUnreadMessagesCount() on controller Portfolio_Management_System.Controllers.AdminController (Portfolio Management System).
2026-06-29 21:41:12.827 +05:30 [INF] Request starting HTTP/2 GET https://localhost:44341/Admin/GetRecentMessages - null null
2026-06-29 21:41:12.833 +05:30 [INF] Executing endpoint 'Portfolio_Management_System.Controllers.AdminController.GetRecentMessages (Portfolio Management System)'
2026-06-29 21:41:12.833 +05:30 [INF] Route matched with {action = "GetRecentMessages", controller = "Admin"}. Executing controller action with signature System.Threading.Tasks.Task`1[Microsoft.AspNetCore.Mvc.IActionResult] GetRecentMessages() on controller Portfolio_Management_System.Controllers.AdminController (Portfolio Management System).
2026-06-29 21:41:12.993 +05:30 [INF] Executing JsonResult, writing value of type 'System.Int32'.
2026-06-29 21:41:12.994 +05:30 [INF] Executed action Portfolio_Management_System.Controllers.AdminController.GetUnreadMessagesCount (Portfolio Management System) in 167.2579ms
2026-06-29 21:41:12.994 +05:30 [INF] Executed endpoint 'Portfolio_Management_System.Controllers.AdminController.GetUnreadMessagesCount (Portfolio Management System)'
2026-06-29 21:41:12.994 +05:30 [INF] HTTP GET /Admin/GetUnreadMessagesCount responded 200 in 168.5679 ms
2026-06-29 21:41:12.994 +05:30 [INF] Request finished HTTP/2 GET https://localhost:44341/Admin/GetUnreadMessagesCount - 200 null application/json; charset=utf-8 168.9951ms
2026-06-29 21:41:13.004 +05:30 [INF] Executing JsonResult, writing value of type 'System.Collections.Generic.List`1[[<>f__AnonymousType17`7[[System.Int32, System.Private.CoreLib, Version=9.0.0.0, Culture=neutral, PublicKeyToken=7cec85d7bea7798e],[System.String, System.Private.CoreLib, Version=9.0.0.0, Culture=neutral, PublicKeyToken=7cec85d7bea7798e],[System.String, System.Private.CoreLib, Version=9.0.0.0, Culture=neutral, PublicKeyToken=7cec85d7bea7798e],[System.String, System.Private.CoreLib, Version=9.0.0.0, Culture=neutral, PublicKeyToken=7cec85d7bea7798e],[System.String, System.Private.CoreLib, Version=9.0.0.0, Culture=neutral, PublicKeyToken=7cec85d7bea7798e],[System.Boolean, System.Private.CoreLib, Version=9.0.0.0, Culture=neutral, PublicKeyToken=7cec85d7bea7798e],[System.DateTime, System.Private.CoreLib, Version=9.0.0.0, Culture=neutral, PublicKeyToken=7cec85d7bea7798e]], Portfolio Management System, Version=1.0.0.0, Culture=neutral, PublicKeyToken=null]]'.
2026-06-29 21:41:13.010 +05:30 [INF] Executed action Portfolio_Management_System.Controllers.AdminController.GetRecentMessages (Portfolio Management System) in 177.11ms
2026-06-29 21:41:13.010 +05:30 [INF] Executed endpoint 'Portfolio_Management_System.Controllers.AdminController.GetRecentMessages (Portfolio Management System)'
2026-06-29 21:41:13.011 +05:30 [INF] HTTP GET /Admin/GetRecentMessages responded 200 in 181.2002 ms
2026-06-29 21:41:13.012 +05:30 [INF] Request finished HTTP/2 GET https://localhost:44341/Admin/GetRecentMessages - 200 null application/json; charset=utf-8 186.2542ms
2026-06-29 21:41:42.833 +05:30 [INF] Request starting HTTP/2 GET https://localhost:44341/Admin/GetRecentMessages - null null
2026-06-29 21:41:42.866 +05:30 [INF] Request starting HTTP/2 GET https://localhost:44341/Admin/GetUnreadMessagesCount - null null
2026-06-29 21:41:42.866 +05:30 [INF] Executing endpoint 'Portfolio_Management_System.Controllers.AdminController.GetRecentMessages (Portfolio Management System)'
2026-06-29 21:41:42.866 +05:30 [INF] Route matched with {action = "GetRecentMessages", controller = "Admin"}. Executing controller action with signature System.Threading.Tasks.Task`1[Microsoft.AspNetCore.Mvc.IActionResult] GetRecentMessages() on controller Portfolio_Management_System.Controllers.AdminController (Portfolio Management System).
2026-06-29 21:41:42.872 +05:30 [INF] Executing endpoint 'Portfolio_Management_System.Controllers.AdminController.GetUnreadMessagesCount (Portfolio Management System)'
2026-06-29 21:41:42.873 +05:30 [INF] Route matched with {action = "GetUnreadMessagesCount", controller = "Admin"}. Executing controller action with signature System.Threading.Tasks.Task`1[Microsoft.AspNetCore.Mvc.IActionResult] GetUnreadMessagesCount() on controller Portfolio_Management_System.Controllers.AdminController (Portfolio Management System).
2026-06-29 21:41:43.034 +05:30 [INF] Executing JsonResult, writing value of type 'System.Collections.Generic.List`1[[<>f__AnonymousType17`7[[System.Int32, System.Private.CoreLib, Version=9.0.0.0, Culture=neutral, PublicKeyToken=7cec85d7bea7798e],[System.String, System.Private.CoreLib, Version=9.0.0.0, Culture=neutral, PublicKeyToken=7cec85d7bea7798e],[System.String, System.Private.CoreLib, Version=9.0.0.0, Culture=neutral, PublicKeyToken=7cec85d7bea7798e],[System.String, System.Private.CoreLib, Version=9.0.0.0, Culture=neutral, PublicKeyToken=7cec85d7bea7798e],[System.String, System.Private.CoreLib, Version=9.0.0.0, Culture=neutral, PublicKeyToken=7cec85d7bea7798e],[System.Boolean, System.Private.CoreLib, Version=9.0.0.0, Culture=neutral, PublicKeyToken=7cec85d7bea7798e],[System.DateTime, System.Private.CoreLib, Version=9.0.0.0, Culture=neutral, PublicKeyToken=7cec85d7bea7798e]], Portfolio Management System, Version=1.0.0.0, Culture=neutral, PublicKeyToken=null]]'.
2026-06-29 21:41:43.035 +05:30 [INF] Executed action Portfolio_Management_System.Controllers.AdminController.GetRecentMessages (Portfolio Management System) in 168.542ms
2026-06-29 21:41:43.035 +05:30 [INF] Executed endpoint 'Portfolio_Management_System.Controllers.AdminController.GetRecentMessages (Portfolio Management System)'
2026-06-29 21:41:43.035 +05:30 [INF] HTTP GET /Admin/GetRecentMessages responded 200 in 202.2594 ms
2026-06-29 21:41:43.049 +05:30 [INF] Request finished HTTP/2 GET https://localhost:44341/Admin/GetRecentMessages - 200 null application/json; charset=utf-8 217.1431ms
2026-06-29 21:41:43.054 +05:30 [INF] Executing JsonResult, writing value of type 'System.Int32'.
2026-06-29 21:41:43.055 +05:30 [INF] Executed action Portfolio_Management_System.Controllers.AdminController.GetUnreadMessagesCount (Portfolio Management System) in 180.677ms
2026-06-29 21:41:43.055 +05:30 [INF] Executed endpoint 'Portfolio_Management_System.Controllers.AdminController.GetUnreadMessagesCount (Portfolio Management System)'
2026-06-29 21:41:43.055 +05:30 [INF] HTTP GET /Admin/GetUnreadMessagesCount responded 200 in 188.4728 ms
2026-06-29 21:41:43.055 +05:30 [INF] Request finished HTTP/2 GET https://localhost:44341/Admin/GetUnreadMessagesCount - 200 null application/json; charset=utf-8 188.7853ms
2026-06-29 21:42:12.879 +05:30 [INF] Request starting HTTP/2 GET https://localhost:44341/Admin/GetUnreadMessagesCount - null null
2026-06-29 21:42:12.881 +05:30 [INF] Request starting HTTP/2 GET https://localhost:44341/Admin/GetRecentMessages - null null
2026-06-29 21:42:12.888 +05:30 [INF] Executing endpoint 'Portfolio_Management_System.Controllers.AdminController.GetUnreadMessagesCount (Portfolio Management System)'
2026-06-29 21:42:12.888 +05:30 [INF] Executing endpoint 'Portfolio_Management_System.Controllers.AdminController.GetRecentMessages (Portfolio Management System)'
2026-06-29 21:42:12.888 +05:30 [INF] Route matched with {action = "GetUnreadMessagesCount", controller = "Admin"}. Executing controller action with signature System.Threading.Tasks.Task`1[Microsoft.AspNetCore.Mvc.IActionResult] GetUnreadMessagesCount() on controller Portfolio_Management_System.Controllers.AdminController (Portfolio Management System).
2026-06-29 21:42:12.888 +05:30 [INF] Route matched with {action = "GetRecentMessages", controller = "Admin"}. Executing controller action with signature System.Threading.Tasks.Task`1[Microsoft.AspNetCore.Mvc.IActionResult] GetRecentMessages() on controller Portfolio_Management_System.Controllers.AdminController (Portfolio Management System).
2026-06-29 21:42:13.055 +05:30 [INF] Executing JsonResult, writing value of type 'System.Int32'.
2026-06-29 21:42:13.056 +05:30 [INF] Executed action Portfolio_Management_System.Controllers.AdminController.GetUnreadMessagesCount (Portfolio Management System) in 167.5389ms
2026-06-29 21:42:13.056 +05:30 [INF] Executed endpoint 'Portfolio_Management_System.Controllers.AdminController.GetUnreadMessagesCount (Portfolio Management System)'
2026-06-29 21:42:13.056 +05:30 [INF] HTTP GET /Admin/GetUnreadMessagesCount responded 200 in 176.3724 ms
2026-06-29 21:42:13.056 +05:30 [INF] Request finished HTTP/2 GET https://localhost:44341/Admin/GetUnreadMessagesCount - 200 null application/json; charset=utf-8 177.109ms
2026-06-29 21:42:13.061 +05:30 [INF] Executing JsonResult, writing value of type 'System.Collections.Generic.List`1[[<>f__AnonymousType17`7[[System.Int32, System.Private.CoreLib, Version=9.0.0.0, Culture=neutral, PublicKeyToken=7cec85d7bea7798e],[System.String, System.Private.CoreLib, Version=9.0.0.0, Culture=neutral, PublicKeyToken=7cec85d7bea7798e],[System.String, System.Private.CoreLib, Version=9.0.0.0, Culture=neutral, PublicKeyToken=7cec85d7bea7798e],[System.String, System.Private.CoreLib, Version=9.0.0.0, Culture=neutral, PublicKeyToken=7cec85d7bea7798e],[System.String, System.Private.CoreLib, Version=9.0.0.0, Culture=neutral, PublicKeyToken=7cec85d7bea7798e],[System.Boolean, System.Private.CoreLib, Version=9.0.0.0, Culture=neutral, PublicKeyToken=7cec85d7bea7798e],[System.DateTime, System.Private.CoreLib, Version=9.0.0.0, Culture=neutral, PublicKeyToken=7cec85d7bea7798e]], Portfolio Management System, Version=1.0.0.0, Culture=neutral, PublicKeyToken=null]]'.
2026-06-29 21:42:13.062 +05:30 [INF] Executed action Portfolio_Management_System.Controllers.AdminController.GetRecentMessages (Portfolio Management System) in 173.4374ms
2026-06-29 21:42:13.062 +05:30 [INF] Executed endpoint 'Portfolio_Management_System.Controllers.AdminController.GetRecentMessages (Portfolio Management System)'
2026-06-29 21:42:13.062 +05:30 [INF] HTTP GET /Admin/GetRecentMessages responded 200 in 181.1989 ms
2026-06-29 21:42:13.062 +05:30 [INF] Request finished HTTP/2 GET https://localhost:44341/Admin/GetRecentMessages - 200 null application/json; charset=utf-8 181.7805ms
2026-06-29 21:42:43.001 +05:30 [INF] Request starting HTTP/2 GET https://localhost:44341/Admin/GetUnreadMessagesCount - null null
2026-06-29 21:42:43.038 +05:30 [INF] Executing endpoint 'Portfolio_Management_System.Controllers.AdminController.GetUnreadMessagesCount (Portfolio Management System)'
2026-06-29 21:42:43.039 +05:30 [INF] Route matched with {action = "GetUnreadMessagesCount", controller = "Admin"}. Executing controller action with signature System.Threading.Tasks.Task`1[Microsoft.AspNetCore.Mvc.IActionResult] GetUnreadMessagesCount() on controller Portfolio_Management_System.Controllers.AdminController (Portfolio Management System).
2026-06-29 21:42:43.231 +05:30 [INF] Request starting HTTP/2 GET https://localhost:44341/Admin/GetRecentMessages - null null
2026-06-29 21:42:43.271 +05:30 [INF] Executing endpoint 'Portfolio_Management_System.Controllers.AdminController.GetRecentMessages (Portfolio Management System)'
2026-06-29 21:42:43.271 +05:30 [INF] Route matched with {action = "GetRecentMessages", controller = "Admin"}. Executing controller action with signature System.Threading.Tasks.Task`1[Microsoft.AspNetCore.Mvc.IActionResult] GetRecentMessages() on controller Portfolio_Management_System.Controllers.AdminController (Portfolio Management System).
2026-06-29 21:42:43.273 +05:30 [INF] Executing JsonResult, writing value of type 'System.Int32'.
2026-06-29 21:42:43.274 +05:30 [INF] Executed action Portfolio_Management_System.Controllers.AdminController.GetUnreadMessagesCount (Portfolio Management System) in 235.0553ms
2026-06-29 21:42:43.274 +05:30 [INF] Executed endpoint 'Portfolio_Management_System.Controllers.AdminController.GetUnreadMessagesCount (Portfolio Management System)'
2026-06-29 21:42:43.274 +05:30 [INF] HTTP GET /Admin/GetUnreadMessagesCount responded 200 in 269.6994 ms
2026-06-29 21:42:43.274 +05:30 [INF] Request finished HTTP/2 GET https://localhost:44341/Admin/GetUnreadMessagesCount - 200 null application/json; charset=utf-8 273.8887ms
2026-06-29 21:42:43.461 +05:30 [INF] Executing JsonResult, writing value of type 'System.Collections.Generic.List`1[[<>f__AnonymousType17`7[[System.Int32, System.Private.CoreLib, Version=9.0.0.0, Culture=neutral, PublicKeyToken=7cec85d7bea7798e],[System.String, System.Private.CoreLib, Version=9.0.0.0, Culture=neutral, PublicKeyToken=7cec85d7bea7798e],[System.String, System.Private.CoreLib, Version=9.0.0.0, Culture=neutral, PublicKeyToken=7cec85d7bea7798e],[System.String, System.Private.CoreLib, Version=9.0.0.0, Culture=neutral, PublicKeyToken=7cec85d7bea7798e],[System.String, System.Private.CoreLib, Version=9.0.0.0, Culture=neutral, PublicKeyToken=7cec85d7bea7798e],[System.Boolean, System.Private.CoreLib, Version=9.0.0.0, Culture=neutral, PublicKeyToken=7cec85d7bea7798e],[System.DateTime, System.Private.CoreLib, Version=9.0.0.0, Culture=neutral, PublicKeyToken=7cec85d7bea7798e]], Portfolio Management System, Version=1.0.0.0, Culture=neutral, PublicKeyToken=null]]'.
2026-06-29 21:42:43.462 +05:30 [INF] Executed action Portfolio_Management_System.Controllers.AdminController.GetRecentMessages (Portfolio Management System) in 190.2892ms
2026-06-29 21:42:43.462 +05:30 [INF] Executed endpoint 'Portfolio_Management_System.Controllers.AdminController.GetRecentMessages (Portfolio Management System)'
2026-06-29 21:42:43.462 +05:30 [INF] HTTP GET /Admin/GetRecentMessages responded 200 in 190.9158 ms
2026-06-29 21:42:43.462 +05:30 [INF] Request finished HTTP/2 GET https://localhost:44341/Admin/GetRecentMessages - 200 null application/json; charset=utf-8 230.9741ms
2026-06-29 21:43:12.842 +05:30 [INF] Request starting HTTP/2 GET https://localhost:44341/Admin/GetRecentMessages - null null
2026-06-29 21:43:12.842 +05:30 [INF] Executing endpoint 'Portfolio_Management_System.Controllers.AdminController.GetRecentMessages (Portfolio Management System)'
2026-06-29 21:43:12.842 +05:30 [INF] Route matched with {action = "GetRecentMessages", controller = "Admin"}. Executing controller action with signature System.Threading.Tasks.Task`1[Microsoft.AspNetCore.Mvc.IActionResult] GetRecentMessages() on controller Portfolio_Management_System.Controllers.AdminController (Portfolio Management System).
2026-06-29 21:43:12.843 +05:30 [INF] Request starting HTTP/2 GET https://localhost:44341/Admin/GetUnreadMessagesCount - null null
2026-06-29 21:43:12.844 +05:30 [INF] Executing endpoint 'Portfolio_Management_System.Controllers.AdminController.GetUnreadMessagesCount (Portfolio Management System)'
2026-06-29 21:43:12.844 +05:30 [INF] Route matched with {action = "GetUnreadMessagesCount", controller = "Admin"}. Executing controller action with signature System.Threading.Tasks.Task`1[Microsoft.AspNetCore.Mvc.IActionResult] GetUnreadMessagesCount() on controller Portfolio_Management_System.Controllers.AdminController (Portfolio Management System).
2026-06-29 21:43:13.034 +05:30 [INF] Executing JsonResult, writing value of type 'System.Collections.Generic.List`1[[<>f__AnonymousType17`7[[System.Int32, System.Private.CoreLib, Version=9.0.0.0, Culture=neutral, PublicKeyToken=7cec85d7bea7798e],[System.String, System.Private.CoreLib, Version=9.0.0.0, Culture=neutral, PublicKeyToken=7cec85d7bea7798e],[System.String, System.Private.CoreLib, Version=9.0.0.0, Culture=neutral, PublicKeyToken=7cec85d7bea7798e],[System.String, System.Private.CoreLib, Version=9.0.0.0, Culture=neutral, PublicKeyToken=7cec85d7bea7798e],[System.String, System.Private.CoreLib, Version=9.0.0.0, Culture=neutral, PublicKeyToken=7cec85d7bea7798e],[System.Boolean, System.Private.CoreLib, Version=9.0.0.0, Culture=neutral, PublicKeyToken=7cec85d7bea7798e],[System.DateTime, System.Private.CoreLib, Version=9.0.0.0, Culture=neutral, PublicKeyToken=7cec85d7bea7798e]], Portfolio Management System, Version=1.0.0.0, Culture=neutral, PublicKeyToken=null]]'.
2026-06-29 21:43:13.034 +05:30 [INF] Executed action Portfolio_Management_System.Controllers.AdminController.GetRecentMessages (Portfolio Management System) in 191.7302ms
2026-06-29 21:43:13.034 +05:30 [INF] Executed endpoint 'Portfolio_Management_System.Controllers.AdminController.GetRecentMessages (Portfolio Management System)'
2026-06-29 21:43:13.034 +05:30 [INF] HTTP GET /Admin/GetRecentMessages responded 200 in 192.3494 ms
2026-06-29 21:43:13.093 +05:30 [INF] Executing JsonResult, writing value of type 'System.Int32'.
2026-06-29 21:43:13.094 +05:30 [INF] Request finished HTTP/2 GET https://localhost:44341/Admin/GetRecentMessages - 200 null application/json; charset=utf-8 251.9192ms
2026-06-29 21:43:13.131 +05:30 [INF] Executed action Portfolio_Management_System.Controllers.AdminController.GetUnreadMessagesCount (Portfolio Management System) in 286.2331ms
2026-06-29 21:43:13.131 +05:30 [INF] Executed endpoint 'Portfolio_Management_System.Controllers.AdminController.GetUnreadMessagesCount (Portfolio Management System)'
2026-06-29 21:43:13.131 +05:30 [INF] HTTP GET /Admin/GetUnreadMessagesCount responded 200 in 288.0300 ms
2026-06-29 21:43:13.133 +05:30 [INF] Request finished HTTP/2 GET https://localhost:44341/Admin/GetUnreadMessagesCount - 200 null application/json; charset=utf-8 289.3516ms
2026-06-29 21:43:42.836 +05:30 [INF] Request starting HTTP/2 GET https://localhost:44341/Admin/GetRecentMessages - null null
2026-06-29 21:43:42.837 +05:30 [INF] Executing endpoint 'Portfolio_Management_System.Controllers.AdminController.GetRecentMessages (Portfolio Management System)'
2026-06-29 21:43:42.837 +05:30 [INF] Route matched with {action = "GetRecentMessages", controller = "Admin"}. Executing controller action with signature System.Threading.Tasks.Task`1[Microsoft.AspNetCore.Mvc.IActionResult] GetRecentMessages() on controller Portfolio_Management_System.Controllers.AdminController (Portfolio Management System).
2026-06-29 21:43:42.843 +05:30 [INF] Request starting HTTP/2 GET https://localhost:44341/Admin/GetUnreadMessagesCount - null null
2026-06-29 21:43:42.850 +05:30 [INF] Executing endpoint 'Portfolio_Management_System.Controllers.AdminController.GetUnreadMessagesCount (Portfolio Management System)'
2026-06-29 21:43:42.856 +05:30 [INF] Route matched with {action = "GetUnreadMessagesCount", controller = "Admin"}. Executing controller action with signature System.Threading.Tasks.Task`1[Microsoft.AspNetCore.Mvc.IActionResult] GetUnreadMessagesCount() on controller Portfolio_Management_System.Controllers.AdminController (Portfolio Management System).
2026-06-29 21:43:43.007 +05:30 [INF] Executing JsonResult, writing value of type 'System.Collections.Generic.List`1[[<>f__AnonymousType17`7[[System.Int32, System.Private.CoreLib, Version=9.0.0.0, Culture=neutral, PublicKeyToken=7cec85d7bea7798e],[System.String, System.Private.CoreLib, Version=9.0.0.0, Culture=neutral, PublicKeyToken=7cec85d7bea7798e],[System.String, System.Private.CoreLib, Version=9.0.0.0, Culture=neutral, PublicKeyToken=7cec85d7bea7798e],[System.String, System.Private.CoreLib, Version=9.0.0.0, Culture=neutral, PublicKeyToken=7cec85d7bea7798e],[System.String, System.Private.CoreLib, Version=9.0.0.0, Culture=neutral, PublicKeyToken=7cec85d7bea7798e],[System.Boolean, System.Private.CoreLib, Version=9.0.0.0, Culture=neutral, PublicKeyToken=7cec85d7bea7798e],[System.DateTime, System.Private.CoreLib, Version=9.0.0.0, Culture=neutral, PublicKeyToken=7cec85d7bea7798e]], Portfolio Management System, Version=1.0.0.0, Culture=neutral, PublicKeyToken=null]]'.
2026-06-29 21:43:43.019 +05:30 [INF] Executed action Portfolio_Management_System.Controllers.AdminController.GetRecentMessages (Portfolio Management System) in 181.9533ms
2026-06-29 21:43:43.019 +05:30 [INF] Executed endpoint 'Portfolio_Management_System.Controllers.AdminController.GetRecentMessages (Portfolio Management System)'
2026-06-29 21:43:43.019 +05:30 [INF] HTTP GET /Admin/GetRecentMessages responded 200 in 183.3340 ms
2026-06-29 21:43:43.019 +05:30 [INF] Request finished HTTP/2 GET https://localhost:44341/Admin/GetRecentMessages - 200 null application/json; charset=utf-8 183.7737ms
2026-06-29 21:43:43.034 +05:30 [INF] Executing JsonResult, writing value of type 'System.Int32'.
2026-06-29 21:43:43.035 +05:30 [INF] Executed action Portfolio_Management_System.Controllers.AdminController.GetUnreadMessagesCount (Portfolio Management System) in 178.409ms
2026-06-29 21:43:43.035 +05:30 [INF] Executed endpoint 'Portfolio_Management_System.Controllers.AdminController.GetUnreadMessagesCount (Portfolio Management System)'
2026-06-29 21:43:43.035 +05:30 [INF] HTTP GET /Admin/GetUnreadMessagesCount responded 200 in 192.1748 ms
2026-06-29 21:43:43.036 +05:30 [INF] Request finished HTTP/2 GET https://localhost:44341/Admin/GetUnreadMessagesCount - 200 null application/json; charset=utf-8 193.1399ms
2026-06-29 21:44:12.828 +05:30 [INF] Request starting HTTP/2 GET https://localhost:44341/Admin/GetRecentMessages - null null
2026-06-29 21:44:12.828 +05:30 [INF] Request starting HTTP/2 GET https://localhost:44341/Admin/GetUnreadMessagesCount - null null
2026-06-29 21:44:12.829 +05:30 [INF] Executing endpoint 'Portfolio_Management_System.Controllers.AdminController.GetRecentMessages (Portfolio Management System)'
2026-06-29 21:44:12.829 +05:30 [INF] Executing endpoint 'Portfolio_Management_System.Controllers.AdminController.GetUnreadMessagesCount (Portfolio Management System)'
2026-06-29 21:44:12.829 +05:30 [INF] Route matched with {action = "GetUnreadMessagesCount", controller = "Admin"}. Executing controller action with signature System.Threading.Tasks.Task`1[Microsoft.AspNetCore.Mvc.IActionResult] GetUnreadMessagesCount() on controller Portfolio_Management_System.Controllers.AdminController (Portfolio Management System).
2026-06-29 21:44:12.829 +05:30 [INF] Route matched with {action = "GetRecentMessages", controller = "Admin"}. Executing controller action with signature System.Threading.Tasks.Task`1[Microsoft.AspNetCore.Mvc.IActionResult] GetRecentMessages() on controller Portfolio_Management_System.Controllers.AdminController (Portfolio Management System).
2026-06-29 21:44:12.997 +05:30 [INF] Executing JsonResult, writing value of type 'System.Int32'.
2026-06-29 21:44:12.998 +05:30 [INF] Executed action Portfolio_Management_System.Controllers.AdminController.GetUnreadMessagesCount (Portfolio Management System) in 169.1672ms
2026-06-29 21:44:12.999 +05:30 [INF] Executed endpoint 'Portfolio_Management_System.Controllers.AdminController.GetUnreadMessagesCount (Portfolio Management System)'
2026-06-29 21:44:12.999 +05:30 [INF] HTTP GET /Admin/GetUnreadMessagesCount responded 200 in 170.1719 ms
2026-06-29 21:44:12.999 +05:30 [INF] Request finished HTTP/2 GET https://localhost:44341/Admin/GetUnreadMessagesCount - 200 null application/json; charset=utf-8 170.4757ms
2026-06-29 21:44:13.017 +05:30 [INF] Executing JsonResult, writing value of type 'System.Collections.Generic.List`1[[<>f__AnonymousType17`7[[System.Int32, System.Private.CoreLib, Version=9.0.0.0, Culture=neutral, PublicKeyToken=7cec85d7bea7798e],[System.String, System.Private.CoreLib, Version=9.0.0.0, Culture=neutral, PublicKeyToken=7cec85d7bea7798e],[System.String, System.Private.CoreLib, Version=9.0.0.0, Culture=neutral, PublicKeyToken=7cec85d7bea7798e],[System.String, System.Private.CoreLib, Version=9.0.0.0, Culture=neutral, PublicKeyToken=7cec85d7bea7798e],[System.String, System.Private.CoreLib, Version=9.0.0.0, Culture=neutral, PublicKeyToken=7cec85d7bea7798e],[System.Boolean, System.Private.CoreLib, Version=9.0.0.0, Culture=neutral, PublicKeyToken=7cec85d7bea7798e],[System.DateTime, System.Private.CoreLib, Version=9.0.0.0, Culture=neutral, PublicKeyToken=7cec85d7bea7798e]], Portfolio Management System, Version=1.0.0.0, Culture=neutral, PublicKeyToken=null]]'.
2026-06-29 21:44:13.017 +05:30 [INF] Executed action Portfolio_Management_System.Controllers.AdminController.GetRecentMessages (Portfolio Management System) in 187.77ms
2026-06-29 21:44:13.017 +05:30 [INF] Executed endpoint 'Portfolio_Management_System.Controllers.AdminController.GetRecentMessages (Portfolio Management System)'
2026-06-29 21:44:13.017 +05:30 [INF] HTTP GET /Admin/GetRecentMessages responded 200 in 188.8345 ms
2026-06-29 21:44:13.018 +05:30 [INF] Request finished HTTP/2 GET https://localhost:44341/Admin/GetRecentMessages - 200 null application/json; charset=utf-8 189.3494ms
2026-06-29 22:09:17.933 +05:30 [WRN] JWT SecretKey missing in configuration. JWT Auth not configured.
2026-06-29 22:09:21.475 +05:30 [INF] Executed DbCommand (169ms) [Parameters=[], CommandType='"Text"', CommandTimeout='30']
SELECT 1
2026-06-29 22:09:21.486 +05:30 [INF] Acquiring an exclusive lock for migration application. See https://aka.ms/efcore-docs-migrations-lock for more information if this takes too long.
2026-06-29 22:09:21.685 +05:30 [INF] Executed DbCommand (194ms) [Parameters=[], CommandType='"Text"', CommandTimeout='30']
DECLARE @result int;
EXEC @result = sp_getapplock @Resource = '__EFMigrationsLock', @LockOwner = 'Session', @LockMode = 'Exclusive';
SELECT @result
2026-06-29 22:09:22.152 +05:30 [INF] Executed DbCommand (198ms) [Parameters=[], CommandType='"Text"', CommandTimeout='30']
IF OBJECT_ID(N'[__EFMigrationsHistory]') IS NULL
BEGIN
    CREATE TABLE [__EFMigrationsHistory] (
        [MigrationId] nvarchar(150) NOT NULL,
        [ProductVersion] nvarchar(32) NOT NULL,
        CONSTRAINT [PK___EFMigrationsHistory] PRIMARY KEY ([MigrationId])
    );
END;
2026-06-29 22:09:22.696 +05:30 [INF] Executed DbCommand (163ms) [Parameters=[], CommandType='"Text"', CommandTimeout='30']
SELECT 1
2026-06-29 22:09:22.880 +05:30 [INF] Executed DbCommand (183ms) [Parameters=[], CommandType='"Text"', CommandTimeout='30']
SELECT OBJECT_ID(N'[__EFMigrationsHistory]');
2026-06-29 22:09:23.195 +05:30 [INF] Executed DbCommand (296ms) [Parameters=[], CommandType='"Text"', CommandTimeout='30']
SELECT [MigrationId], [ProductVersion]
FROM [__EFMigrationsHistory]
ORDER BY [MigrationId];
2026-06-29 22:09:23.216 +05:30 [INF] No migrations were applied. The database is already up to date.
2026-06-29 22:09:23.589 +05:30 [INF] Executed DbCommand (190ms) [Parameters=[], CommandType='"Text"', CommandTimeout='30']
DECLARE @result int;
EXEC @result = sp_releaseapplock @Resource = '__EFMigrationsLock', @LockOwner = 'Session';
SELECT @result
2026-06-29 22:09:24.169 +05:30 [INF] Started Python AI Server automatically in a new window.
2026-06-29 22:09:24.171 +05:30 [INF] Unified API starting on Development
2026-06-29 22:09:24.234 +05:30 [INF] User profile is available. Using 'C:\Users\ak731\AppData\Local\ASP.NET\DataProtection-Keys' as key repository and Windows DPAPI to encrypt keys at rest.
2026-06-29 22:09:24.322 +05:30 [INF] Gallery Auto-Uploader Background Service started.
2026-06-29 22:09:24.357 +05:30 [INF] Daily YouTube Video Generator & Uploader Service started.
2026-06-29 22:09:24.360 +05:30 [INF] Starting daily video generation...
2026-06-29 22:09:24.372 +05:30 [INF] Start processing HTTP request GET https://www.youtube.com/@CodeCrafters42
2026-06-29 22:09:24.372 +05:30 [INF] Start processing HTTP request GET https://images.unsplash.com/photo-1542831371-29b0f74f9713?*
2026-06-29 22:09:24.380 +05:30 [INF] Sending HTTP request GET https://www.youtube.com/@CodeCrafters42
2026-06-29 22:09:24.380 +05:30 [INF] Sending HTTP request GET https://images.unsplash.com/photo-1542831371-29b0f74f9713?*
2026-06-29 22:09:24.718 +05:30 [INF] AutoTube Video Automation Background Scheduler started. Scheduled for 9:00 AM daily.
2026-06-29 22:09:24.719 +05:30 [INF] Next video generation cycle scheduled at "2026-06-30T09:00:00.0000000" (in 10.84 hours).
2026-06-29 22:09:24.879 +05:30 [INF] Now listening on: http://localhost:5049
2026-06-29 22:09:24.880 +05:30 [INF] Application started. Press Ctrl+C to shut down.
2026-06-29 22:09:24.880 +05:30 [INF] Hosting environment: Development
2026-06-29 22:09:24.880 +05:30 [INF] Content root path: C:\Users\ak731\Desktop\DSA\Portfolio Management System
2026-06-29 22:09:25.000 +05:30 [INF] Received HTTP response headers after 615.5419ms - 200
2026-06-29 22:09:25.005 +05:30 [INF] End processing HTTP request after 637.7023ms - 200
2026-06-29 22:09:25.188 +05:30 [INF] Received HTTP response headers after 807.3587ms - 404
2026-06-29 22:09:25.188 +05:30 [INF] End processing HTTP request after 839.1147ms - 404
2026-06-29 23:01:31.992 +05:30 [ERR] FFmpeg process exited with code 1. Error: ffmpeg version 8.1.2-essentials_build-www.gyan.dev Copyright (c) 2000-2026 the FFmpeg developers
  built with gcc 16.1.0 (Rev2, Built by MSYS2 project)
  configuration: --enable-gpl --enable-version3 --enable-static --disable-w32threads --disable-autodetect --enable-cairo --enable-fontconfig --enable-iconv --enable-gnutls --enable-libxml2 --enable-gmp --enable-bzlib --enable-lzma --enable-zlib --enable-libsrt --enable-libssh --enable-libzmq --enable-avisynth --enable-sdl2 --enable-libwebp --enable-libx264 --enable-libx265 --enable-libxvid --enable-libaom --enable-libopenjpeg --enable-libvpx --enable-mediafoundation --enable-libass --enable-libfreetype --enable-libfribidi --enable-libharfbuzz --enable-libvidstab --enable-libvmaf --enable-libzimg --enable-amf --enable-cuda-llvm --enable-cuvid --enable-dxva2 --enable-d3d11va --enable-d3d12va --enable-ffnvcodec --enable-libvpl --enable-nvdec --enable-nvenc --enable-vaapi --enable-openal --enable-libgme --enable-libopenmpt --enable-libopencore-amrwb --enable-libmp3lame --enable-libtheora --enable-libvo-amrwbenc --enable-libgsm --enable-libopencore-amrnb --enable-libopus --enable-libspeex --enable-libvorbis --enable-librubberband
  libavutil      60. 26.102 / 60. 26.102
  libavcodec     62. 28.102 / 62. 28.102
  libavformat    62. 12.102 / 62. 12.102
  libavdevice    62.  3.102 / 62.  3.102
  libavfilter    11. 14.102 / 11. 14.102
  libswscale      9.  5.102 /  9.  5.102
  libswresample   6.  3.102 /  6.  3.102
Input #0, image2, from 'C:\Users\ak731\Desktop\DSA\Portfolio Management System\wwwroot\uploads\temp_frame.jpg':
  Duration: 00:00:00.04, start: 0.000000, bitrate: 22967 kb/s
  Stream #0:0: Video: mjpeg (Progressive), yuvj420p(pc, bt470bg/unknown/unknown), 1200x800 [SAR 72:72 DAR 3:2], 25 fps, 25 tbr, 25 tbn
Stream mapping:
  Stream #0:0 -> #0:0 (mjpeg (native) -> h264 (libx264))
Press [q] to stop, [?] for help
[swscaler @ 0000025afb8a6d00] deprecated pixel format used, make sure you did set range correctly
[libx264 @ 0000025afb896ac0] using SAR=27/32
[libx264 @ 0000025afb896ac0] using cpu capabilities: MMX2 SSE2Fast SSSE3 SSE4.2 AVX FMA3 BMI2 AVX2
[libx264 @ 0000025afb896ac0] profile High, level 3.1, 4:2:0, 8-bit
[libx264 @ 0000025afb896ac0] 264 - core 165 r3223 0480cb0 - H.264/MPEG-4 AVC codec - Copyleft 2003-2025 - http://www.videolan.org/x264.html - options: cabac=1 ref=3 deblock=1:0:0 analyse=0x3:0x113 me=hex subme=7 psy=1 psy_rd=1.00:0.00 mixed_ref=1 me_range=16 chroma_me=1 trellis=1 8x8dct=1 cqm=0 deadzone=21,11 fast_pskip=1 chroma_qp_offset=-2 threads=6 lookahead_threads=1 sliced_threads=0 nr=0 decimate=1 interlaced=0 bluray_compat=0 constrained_intra=0 bframes=3 b_pyramid=2 b_adapt=1 b_bias=0 direct=1 weightb=1 open_gop=0 weightp=2 keyint=250 keyint_min=25 scenecut=40 intra_refresh=0 rc_lookahead=40 rc=crf mbtree=1 crf=23.0 qcomp=0.60 qpmin=0 qpmax=69 qpstep=4 ip_ratio=1.40 aq=1:1.00
Output #0, mp4, to 'C:\Users\ak731\Desktop\DSA\Portfolio Management System\wwwroot\uploads\generated_video.mp4':
  Metadata:
    encoder         : Lavf62.12.102
  Stream #0:0: Video: h264 (avc1 / 0x31637661), yuv420p(pc, bt470bg/unknown/unknown, progressive), 1280x720 [SAR 27:32 DAR 3:2], q=2-31, 25 fps, 12800 tbn
    Metadata:
      encoder         : Lavc62.28.102 libx264
    Side data:
      ICC Profile: (3144 bytes)
      CPB properties: bitrate max/min/avg: 0/0/0 buffer size: 0 vbv_delay: N/A
frame=    0 fps=0.0 q=0.0 size=       0KiB time=N/A bitrate=N/A speed=N/A elapsed=0:00:00.51    frame=    0 fps=0.0 q=0.0 size=       0KiB time=N/A bitrate=N/A speed=N/A elapsed=0:00:01.05    frame=    5 fps=3.1 q=28.0 size=       0KiB time=00:00:00.12 bitrate=   3.2kbits/s speed=0.0751x elapsed=0:00:01.59    frame=   14 fps=6.5 q=28.0 size=       0KiB time=00:00:00.48 bitrate=   0.8kbits/s speed=0.223x elapsed=0:00:02.14    frame=   34 fps= 13 q=28.0 size=       0KiB time=00:00:01.28 bitrate=   0.3kbits/s speed=0.474x elapsed=0:00:02.69    
2026-06-29 23:01:32.031 +05:30 [ERR] Failed to generate video file. Skipping upload.
2026-06-29 23:27:00.742 +05:30 [INF] Application is shutting down...
