2026-07-01 00:05:05.562 +05:30 [WRN] JWT SecretKey missing in configuration. JWT Auth not configured.
2026-07-01 00:05:23.804 +05:30 [INF] Executed DbCommand (1,363ms) [Parameters=[], CommandType='"Text"', CommandTimeout='30']
SELECT 1
2026-07-01 00:05:23.891 +05:30 [INF] Acquiring an exclusive lock for migration application. See https://aka.ms/efcore-docs-migrations-lock for more information if this takes too long.
2026-07-01 00:05:24.121 +05:30 [INF] Executed DbCommand (212ms) [Parameters=[], CommandType='"Text"', CommandTimeout='30']
DECLARE @result int;
EXEC @result = sp_getapplock @Resource = '__EFMigrationsLock', @LockOwner = 'Session', @LockMode = 'Exclusive';
SELECT @result
2026-07-01 00:05:24.881 +05:30 [INF] Executed DbCommand (314ms) [Parameters=[], CommandType='"Text"', CommandTimeout='30']
IF OBJECT_ID(N'[__EFMigrationsHistory]') IS NULL
BEGIN
    CREATE TABLE [__EFMigrationsHistory] (
        [MigrationId] nvarchar(150) NOT NULL,
        [ProductVersion] nvarchar(32) NOT NULL,
        CONSTRAINT [PK___EFMigrationsHistory] PRIMARY KEY ([MigrationId])
    );
END;
2026-07-01 00:05:26.888 +05:30 [INF] Executed DbCommand (368ms) [Parameters=[], CommandType='"Text"', CommandTimeout='30']
SELECT 1
2026-07-01 00:05:27.200 +05:30 [INF] Executed DbCommand (310ms) [Parameters=[], CommandType='"Text"', CommandTimeout='30']
SELECT OBJECT_ID(N'[__EFMigrationsHistory]');
2026-07-01 00:05:27.511 +05:30 [INF] Executed DbCommand (301ms) [Parameters=[], CommandType='"Text"', CommandTimeout='30']
SELECT [MigrationId], [ProductVersion]
FROM [__EFMigrationsHistory]
ORDER BY [MigrationId];
2026-07-01 00:05:27.540 +05:30 [INF] No migrations were applied. The database is already up to date.
2026-07-01 00:05:28.283 +05:30 [INF] Executed DbCommand (463ms) [Parameters=[], CommandType='"Text"', CommandTimeout='30']
DECLARE @result int;
EXEC @result = sp_releaseapplock @Resource = '__EFMigrationsLock', @LockOwner = 'Session';
SELECT @result
2026-07-01 00:05:29.219 +05:30 [INF] Using uvicorn executable: "C:\Users\ak731\Desktop\DSA\Portfolio Management System\venv\Scripts\uvicorn.exe"
2026-07-01 00:05:29.359 +05:30 [INF] Started Python AI Server automatically at C:\Users\ak731\Desktop\DSA\Portfolio Management System\AutoTube\AutoTube.AI (using venv if available).
2026-07-01 00:05:35.025 +05:30 [INF] Python AI Server health check passed.
2026-07-01 00:05:35.030 +05:30 [INF] Unified API starting on Development
2026-07-01 00:05:35.141 +05:30 [INF] User profile is available. Using 'C:\Users\ak731\AppData\Local\ASP.NET\DataProtection-Keys' as key repository and Windows DPAPI to encrypt keys at rest.
2026-07-01 00:05:35.286 +05:30 [INF] Gallery Auto-Uploader Background Service started.
2026-07-01 00:05:35.287 +05:30 [INF] Daily YouTube Video Generator & Uploader Service started.
2026-07-01 00:05:35.299 +05:30 [INF] Starting daily video generation...
2026-07-01 00:05:35.388 +05:30 [INF] Using FFmpeg at: C:\Users\ak731\Desktop\DSA\Portfolio Management System\ffmpeg\bin\ffmpeg.exe
2026-07-01 00:05:35.477 +05:30 [INF] Start processing HTTP request GET https://images.unsplash.com/photo-1542831371-29b0f74f9713?*
2026-07-01 00:05:35.477 +05:30 [INF] Start processing HTTP request GET https://www.youtube.com/@CodeCrafters42
2026-07-01 00:05:35.488 +05:30 [INF] Sending HTTP request GET https://www.youtube.com/@CodeCrafters42
2026-07-01 00:05:35.491 +05:30 [INF] Sending HTTP request GET https://images.unsplash.com/photo-1542831371-29b0f74f9713?*
2026-07-01 00:05:35.697 +05:30 [INF] AutoTube Video Automation Background Scheduler started. Scheduled for 9:00 AM daily.
2026-07-01 00:05:35.698 +05:30 [INF] Next video generation cycle scheduled at "2026-07-01T09:00:00.0000000" (in 8.91 hours).
2026-07-01 00:05:36.793 +05:30 [INF] Request starting HTTP/2 GET https://localhost:44341/ - null null
2026-07-01 00:05:37.148 +05:30 [INF] Application started. Press Ctrl+C to shut down.
2026-07-01 00:05:37.148 +05:30 [INF] Hosting environment: Development
2026-07-01 00:05:37.148 +05:30 [INF] Content root path: C:\Users\ak731\Desktop\DSA\Portfolio Management System
2026-07-01 00:05:37.303 +05:30 [INF] Executing endpoint 'Portfolio_Management_System.Controllers.HomeController.Index (Portfolio Management System)'
2026-07-01 00:05:37.358 +05:30 [INF] Route matched with {action = "Index", controller = "Home"}. Executing controller action with signature System.Threading.Tasks.Task`1[Microsoft.AspNetCore.Mvc.IActionResult] Index() on controller Portfolio_Management_System.Controllers.HomeController (Portfolio Management System).
2026-07-01 00:05:37.799 +05:30 [INF] Received HTTP response headers after 2302.7802ms - 404
2026-07-01 00:05:37.814 +05:30 [INF] End processing HTTP request after 2369.4175ms - 404
2026-07-01 00:05:39.367 +05:30 [INF] Received HTTP response headers after 3876.095ms - 200
2026-07-01 00:05:39.367 +05:30 [INF] End processing HTTP request after 3939.6032ms - 200
2026-07-01 00:05:39.650 +05:30 [INF] Downloaded Unsplash image for video frame.
2026-07-01 00:05:41.547 +05:30 [INF] Daily AI Generated Video upload complete: Cyber Security & Defensive Firewalls - Daily AI Tutorial [Copyright-Free]
2026-07-01 00:05:44.174 +05:30 [INF] Executing ViewResult, running view Index.
2026-07-01 00:05:46.641 +05:30 [INF] Accessing expired session, Key:7a2f2861-1a3d-135e-359a-d5b3c1a23604
2026-07-01 00:05:47.140 +05:30 [INF] Executed ViewResult - view Index executed in 3140.9879ms.
2026-07-01 00:05:47.170 +05:30 [INF] Executed action Portfolio_Management_System.Controllers.HomeController.Index (Portfolio Management System) in 9809.3909ms
2026-07-01 00:05:47.174 +05:30 [INF] Executed endpoint 'Portfolio_Management_System.Controllers.HomeController.Index (Portfolio Management System)'
2026-07-01 00:05:47.226 +05:30 [INF] HTTP GET / responded 200 in 10204.6596 ms
2026-07-01 00:05:47.313 +05:30 [INF] Request finished HTTP/2 GET https://localhost:44341/ - 200 null text/html; charset=utf-8 10568.8463ms
2026-07-01 00:05:48.627 +05:30 [INF] Request starting HTTP/2 GET https://localhost:44341/images/ajay-avatar.png - null null
2026-07-01 00:05:48.689 +05:30 [INF] Request starting HTTP/2 GET https://localhost:44341/css/site.css?v=G6NZQlH0naBPIYda1dk-afnGAQp_KkMKlLmwGFTuoT4 - null null
2026-07-01 00:05:48.696 +05:30 [INF] Request starting HTTP/2 GET https://localhost:44341/_framework/aspnetcore-browser-refresh.js - null null
2026-07-01 00:05:48.718 +05:30 [INF] The file /css/site.css was not modified
2026-07-01 00:05:48.718 +05:30 [INF] The file /images/ajay-avatar.png was not modified
2026-07-01 00:05:48.719 +05:30 [INF] HTTP GET /images/ajay-avatar.png responded 304 in 88.2475 ms
2026-07-01 00:05:48.730 +05:30 [INF] HTTP GET /css/site.css responded 304 in 40.5840 ms
2026-07-01 00:05:48.732 +05:30 [INF] Request finished HTTP/2 GET https://localhost:44341/images/ajay-avatar.png - 304 null image/png 106.1024ms
2026-07-01 00:05:48.748 +05:30 [INF] Request finished HTTP/2 GET https://localhost:44341/css/site.css?v=G6NZQlH0naBPIYda1dk-afnGAQp_KkMKlLmwGFTuoT4 - 304 null text/css 43.2057ms
2026-07-01 00:05:48.750 +05:30 [INF] Request finished HTTP/2 GET https://localhost:44341/_framework/aspnetcore-browser-refresh.js - 200 16539 application/javascript; charset=utf-8 38.9588ms
2026-07-01 00:05:48.760 +05:30 [INF] Request starting HTTP/2 GET https://localhost:44341/_vs/browserLink - null null
2026-07-01 00:05:49.155 +05:30 [INF] Request finished HTTP/2 GET https://localhost:44341/_vs/browserLink - 200 null text/javascript; charset=UTF-8 395.5824ms
2026-07-01 00:05:53.699 +05:30 [INF] Video file generated at: C:\Users\ak731\Desktop\DSA\Portfolio Management System\wwwroot\uploads\generated_video.mp4. Starting upload to YouTube...
2026-07-01 00:05:53.716 +05:30 [INF] Start processing HTTP request POST https://oauth2.googleapis.com/token
2026-07-01 00:05:53.722 +05:30 [INF] Sending HTTP request POST https://oauth2.googleapis.com/token
2026-07-01 00:05:55.272 +05:30 [INF] Received HTTP response headers after 1549.4666ms - 200
2026-07-01 00:05:55.272 +05:30 [INF] End processing HTTP request after 1555.6899ms - 200
2026-07-01 00:05:55.351 +05:30 [INF] Start processing HTTP request POST https://www.googleapis.com/upload/youtube/v3/videos?*
2026-07-01 00:05:55.351 +05:30 [INF] Sending HTTP request POST https://www.googleapis.com/upload/youtube/v3/videos?*
2026-07-01 00:06:00.730 +05:30 [INF] Received HTTP response headers after 5378.9696ms - 200
2026-07-01 00:06:00.731 +05:30 [INF] End processing HTTP request after 5379.7342ms - 200
2026-07-01 00:06:00.732 +05:30 [INF] Start processing HTTP request PUT https://www.googleapis.com/upload/youtube/v3/videos?*
2026-07-01 00:06:00.732 +05:30 [INF] Sending HTTP request PUT https://www.googleapis.com/upload/youtube/v3/videos?*
2026-07-01 00:06:03.174 +05:30 [INF] Received HTTP response headers after 2441.9049ms - 200
2026-07-01 00:06:03.175 +05:30 [INF] End processing HTTP request after 2442.5434ms - 200
2026-07-01 00:06:03.175 +05:30 [INF] Video successfully uploaded!
2026-07-01 00:06:03.175 +05:30 [INF] Successfully uploaded video to your YouTube channel!
2026-07-01 00:06:12.373 +05:30 [INF] Request starting HTTP/2 GET https://localhost:44341/ - null null
2026-07-01 00:06:12.929 +05:30 [INF] Executing endpoint 'Portfolio_Management_System.Controllers.HomeController.Index (Portfolio Management System)'
2026-07-01 00:06:12.979 +05:30 [INF] Route matched with {action = "Index", controller = "Home"}. Executing controller action with signature System.Threading.Tasks.Task`1[Microsoft.AspNetCore.Mvc.IActionResult] Index() on controller Portfolio_Management_System.Controllers.HomeController (Portfolio Management System).
2026-07-01 00:06:21.650 +05:30 [INF] Executing ViewResult, running view Index.
2026-07-01 00:06:23.601 +05:30 [INF] Accessing expired session, Key:7a2f2861-1a3d-135e-359a-d5b3c1a23604
2026-07-01 00:06:23.615 +05:30 [INF] Executed ViewResult - view Index executed in 1968.0357ms.
2026-07-01 00:06:23.615 +05:30 [INF] Executed action Portfolio_Management_System.Controllers.HomeController.Index (Portfolio Management System) in 10636.3484ms
2026-07-01 00:06:23.615 +05:30 [INF] Executed endpoint 'Portfolio_Management_System.Controllers.HomeController.Index (Portfolio Management System)'
2026-07-01 00:06:23.616 +05:30 [INF] HTTP GET / responded 200 in 10941.2975 ms
2026-07-01 00:06:23.624 +05:30 [INF] Request finished HTTP/2 GET https://localhost:44341/ - 200 null text/html; charset=utf-8 11473.6002ms
2026-07-01 00:06:23.736 +05:30 [INF] Request starting HTTP/2 GET https://localhost:44341/_vs/browserLink - null null
2026-07-01 00:06:23.744 +05:30 [INF] Request starting HTTP/2 GET https://localhost:44341/_framework/aspnetcore-browser-refresh.js - null null
2026-07-01 00:06:23.746 +05:30 [INF] Request finished HTTP/2 GET https://localhost:44341/_framework/aspnetcore-browser-refresh.js - 200 16539 application/javascript; charset=utf-8 1.512ms
2026-07-01 00:06:23.914 +05:30 [INF] Request finished HTTP/2 GET https://localhost:44341/_vs/browserLink - 200 null text/javascript; charset=UTF-8 178.0306ms
2026-07-01 00:07:16.361 +05:30 [INF] Request starting HTTP/2 GET https://localhost:44341/Admin/Login - null null
2026-07-01 00:07:16.932 +05:30 [INF] Executing endpoint 'Portfolio_Management_System.Controllers.AdminController.Login (Portfolio Management System)'
2026-07-01 00:07:17.362 +05:30 [INF] Route matched with {action = "Login", controller = "Admin"}. Executing controller action with signature Microsoft.AspNetCore.Mvc.IActionResult Login() on controller Portfolio_Management_System.Controllers.AdminController (Portfolio Management System).
2026-07-01 00:07:17.426 +05:30 [INF] Accessing expired session, Key:7a2f2861-1a3d-135e-359a-d5b3c1a23604
2026-07-01 00:07:17.475 +05:30 [INF] Executing ViewResult, running view Login.
2026-07-01 00:07:18.037 +05:30 [INF] Executed ViewResult - view Login executed in 592.156ms.
2026-07-01 00:07:18.042 +05:30 [INF] Executed action Portfolio_Management_System.Controllers.AdminController.Login (Portfolio Management System) in 680.2469ms
2026-07-01 00:07:18.042 +05:30 [INF] Executed endpoint 'Portfolio_Management_System.Controllers.AdminController.Login (Portfolio Management System)'
2026-07-01 00:07:18.043 +05:30 [INF] HTTP GET /Admin/Login responded 200 in 1538.4643 ms
2026-07-01 00:07:18.150 +05:30 [INF] Request finished HTTP/2 GET https://localhost:44341/Admin/Login - 200 null text/html; charset=utf-8 1812.0339ms
2026-07-01 00:07:18.378 +05:30 [INF] Request starting HTTP/2 GET https://localhost:44341/css/admin.css?v=639184612375540999 - null null
2026-07-01 00:07:19.410 +05:30 [INF] Sending file. Request path: '/css/admin.css'. Physical path: 'C:\Users\ak731\Desktop\DSA\Portfolio Management System\wwwroot\css\admin.css'
2026-07-01 00:07:19.411 +05:30 [INF] HTTP GET /css/admin.css responded 200 in 1032.2981 ms
2026-07-01 00:07:19.424 +05:30 [INF] Request finished HTTP/2 GET https://localhost:44341/css/admin.css?v=639184612375540999 - 200 19965 text/css 1058.5338ms
2026-07-01 00:07:37.202 +05:30 [INF] Request starting HTTP/2 GET https://localhost:44341/_framework/aspnetcore-browser-refresh.js - null null
2026-07-01 00:07:37.231 +05:30 [INF] Request starting HTTP/2 GET https://localhost:44341/_vs/browserLink - null null
2026-07-01 00:07:37.234 +05:30 [INF] Request finished HTTP/2 GET https://localhost:44341/_framework/aspnetcore-browser-refresh.js - 200 16539 application/javascript; charset=utf-8 1.5547ms
2026-07-01 00:07:37.461 +05:30 [INF] Request finished HTTP/2 GET https://localhost:44341/_vs/browserLink - 200 null text/javascript; charset=UTF-8 229.5069ms
2026-07-01 00:07:41.409 +05:30 [INF] Request starting HTTP/2 POST https://localhost:44341/Admin/Login - application/x-www-form-urlencoded 217
2026-07-01 00:07:41.588 +05:30 [INF] CORS policy execution successful.
2026-07-01 00:07:41.623 +05:30 [INF] Executing endpoint 'Portfolio_Management_System.Controllers.AdminController.Login (Portfolio Management System)'
2026-07-01 00:07:41.810 +05:30 [INF] Route matched with {action = "Login", controller = "Admin"}. Executing controller action with signature System.Threading.Tasks.Task`1[Microsoft.AspNetCore.Mvc.IActionResult] Login(Portfolio_Management_System.Models.AdminLoginModel) on controller Portfolio_Management_System.Controllers.AdminController (Portfolio Management System).
2026-07-01 00:07:42.817 +05:30 [INF] Accessing expired session, Key:7a2f2861-1a3d-135e-359a-d5b3c1a23604
2026-07-01 00:07:42.859 +05:30 [INF] Executing RedirectResult, redirecting to /Admin/Dashboard.
2026-07-01 00:07:42.864 +05:30 [INF] Executed action Portfolio_Management_System.Controllers.AdminController.Login (Portfolio Management System) in 1054.0615ms
2026-07-01 00:07:42.865 +05:30 [INF] Executed endpoint 'Portfolio_Management_System.Controllers.AdminController.Login (Portfolio Management System)'
2026-07-01 00:07:42.925 +05:30 [INF] Session started; Key:7a2f2861-1a3d-135e-359a-d5b3c1a23604, Id:e86ef35c-848f-d9ec-7756-c0e582d878be
2026-07-01 00:07:42.941 +05:30 [INF] HTTP POST /Admin/Login responded 302 in 1437.7241 ms
2026-07-01 00:07:42.961 +05:30 [INF] Request finished HTTP/2 POST https://localhost:44341/Admin/Login - 302 null null 1552.8739ms
2026-07-01 00:07:42.991 +05:30 [INF] Request starting HTTP/2 GET https://localhost:44341/Admin/Dashboard - null null
2026-07-01 00:07:43.029 +05:30 [INF] Executing endpoint 'Portfolio_Management_System.Controllers.AdminController.Dashboard (Portfolio Management System)'
2026-07-01 00:07:43.136 +05:30 [INF] Route matched with {action = "Dashboard", controller = "Admin"}. Executing controller action with signature System.Threading.Tasks.Task`1[Microsoft.AspNetCore.Mvc.IActionResult] Dashboard() on controller Portfolio_Management_System.Controllers.AdminController (Portfolio Management System).
2026-07-01 00:07:46.517 +05:30 [ERR] Error getting recent messages
System.InvalidCastException: Unable to cast object of type 'System.Boolean' to type 'System.DateTime'.
   at Microsoft.Data.SqlClient.SqlDataReader.GetDateTime(Int32 i)
   at Portfolio_Management_System.DAL.DbHelper.GetRecentMessagesAsync(Int32 count) in C:\Users\ak731\Desktop\DSA\Portfolio Management System\DAL\DbHelper.cs:line 1441
2026-07-01 00:07:48.278 +05:30 [ERR] Error getting recent visitors
System.InvalidCastException: Unable to cast object of type 'System.DateTime' to type 'System.Int32'.
   at Microsoft.Data.SqlClient.SqlBuffer.get_Int32()
   at Portfolio_Management_System.DAL.DbHelper.GetRecentVisitorsAsync(Int32 count) in C:\Users\ak731\Desktop\DSA\Portfolio Management System\DAL\DbHelper.cs:line 1482
2026-07-01 00:07:50.091 +05:30 [INF] Executing ViewResult, running view Dashboard.
2026-07-01 00:07:50.975 +05:30 [INF] Executed ViewResult - view Dashboard executed in 892.1928ms.
2026-07-01 00:07:50.976 +05:30 [INF] Executed action Portfolio_Management_System.Controllers.AdminController.Dashboard (Portfolio Management System) in 7838.7077ms
2026-07-01 00:07:50.976 +05:30 [INF] Executed endpoint 'Portfolio_Management_System.Controllers.AdminController.Dashboard (Portfolio Management System)'
2026-07-01 00:07:50.976 +05:30 [INF] HTTP GET /Admin/Dashboard responded 200 in 7981.0272 ms
2026-07-01 00:07:51.009 +05:30 [INF] Request finished HTTP/2 GET https://localhost:44341/Admin/Dashboard - 200 null text/html; charset=utf-8 8018.9369ms
2026-07-01 00:07:51.177 +05:30 [INF] Request starting HTTP/2 GET https://localhost:44341/css/admin.css?v=639184612707625734 - null null
2026-07-01 00:07:51.196 +05:30 [INF] Request starting HTTP/2 GET https://localhost:44341/_framework/aspnetcore-browser-refresh.js - null null
2026-07-01 00:07:51.207 +05:30 [INF] Request finished HTTP/2 GET https://localhost:44341/_framework/aspnetcore-browser-refresh.js - 200 16539 application/javascript; charset=utf-8 10.8748ms
2026-07-01 00:07:51.208 +05:30 [INF] Request starting HTTP/2 GET https://localhost:44341/_vs/browserLink - null null
2026-07-01 00:07:51.236 +05:30 [INF] Sending file. Request path: '/css/admin.css'. Physical path: 'C:\Users\ak731\Desktop\DSA\Portfolio Management System\wwwroot\css\admin.css'
2026-07-01 00:07:51.237 +05:30 [INF] HTTP GET /css/admin.css responded 200 in 59.0042 ms
2026-07-01 00:07:51.313 +05:30 [INF] Request finished HTTP/2 GET https://localhost:44341/css/admin.css?v=639184612707625734 - 200 19965 text/css 136.7384ms
2026-07-01 00:07:51.373 +05:30 [INF] Request starting HTTP/2 GET https://localhost:44341/css/site.css - null null
2026-07-01 00:07:51.375 +05:30 [INF] The file /css/site.css was not modified
2026-07-01 00:07:51.375 +05:30 [INF] HTTP GET /css/site.css responded 304 in 1.2539 ms
2026-07-01 00:07:51.396 +05:30 [INF] Request finished HTTP/2 GET https://localhost:44341/css/site.css - 304 null text/css 22.5045ms
2026-07-01 00:07:51.489 +05:30 [INF] Request finished HTTP/2 GET https://localhost:44341/_vs/browserLink - 200 null text/javascript; charset=UTF-8 281.4598ms
2026-07-01 00:07:55.154 +05:30 [INF] Request starting HTTP/2 GET https://localhost:44341/Admin/GetRecentMessages - null null
2026-07-01 00:07:55.171 +05:30 [INF] Request starting HTTP/2 GET https://localhost:44341/Admin/GetUnreadMessagesCount - null null
2026-07-01 00:07:55.172 +05:30 [INF] Executing endpoint 'Portfolio_Management_System.Controllers.AdminController.GetUnreadMessagesCount (Portfolio Management System)'
2026-07-01 00:07:55.194 +05:30 [INF] Request starting HTTP/2 GET https://localhost:44341/Admin/GetExperienceDetails - null null
2026-07-01 00:07:55.194 +05:30 [INF] Executing endpoint 'Portfolio_Management_System.Controllers.AdminController.GetExperienceDetails (Portfolio Management System)'
2026-07-01 00:07:55.196 +05:30 [INF] Executing endpoint 'Portfolio_Management_System.Controllers.AdminController.GetRecentMessages (Portfolio Management System)'
2026-07-01 00:07:55.259 +05:30 [INF] Route matched with {action = "GetUnreadMessagesCount", controller = "Admin"}. Executing controller action with signature System.Threading.Tasks.Task`1[Microsoft.AspNetCore.Mvc.IActionResult] GetUnreadMessagesCount() on controller Portfolio_Management_System.Controllers.AdminController (Portfolio Management System).
2026-07-01 00:07:55.244 +05:30 [INF] Route matched with {action = "GetRecentMessages", controller = "Admin"}. Executing controller action with signature System.Threading.Tasks.Task`1[Microsoft.AspNetCore.Mvc.IActionResult] GetRecentMessages() on controller Portfolio_Management_System.Controllers.AdminController (Portfolio Management System).
2026-07-01 00:07:55.268 +05:30 [INF] Route matched with {action = "GetExperienceDetails", controller = "Admin"}. Executing controller action with signature System.Threading.Tasks.Task`1[Microsoft.AspNetCore.Mvc.IActionResult] GetExperienceDetails() on controller Portfolio_Management_System.Controllers.AdminController (Portfolio Management System).
2026-07-01 00:07:55.700 +05:30 [INF] Executing JsonResult, writing value of type '<>f__AnonymousType15`10[[System.Boolean, System.Private.CoreLib, Version=9.0.0.0, Culture=neutral, PublicKeyToken=7cec85d7bea7798e],[System.Int32, System.Private.CoreLib, Version=9.0.0.0, Culture=neutral, PublicKeyToken=7cec85d7bea7798e],[System.String, System.Private.CoreLib, Version=9.0.0.0, Culture=neutral, PublicKeyToken=7cec85d7bea7798e],[System.String, System.Private.CoreLib, Version=9.0.0.0, Culture=neutral, PublicKeyToken=7cec85d7bea7798e],[System.String, System.Private.CoreLib, Version=9.0.0.0, Culture=neutral, PublicKeyToken=7cec85d7bea7798e],[System.Int32, System.Private.CoreLib, Version=9.0.0.0, Culture=neutral, PublicKeyToken=7cec85d7bea7798e],[System.Int32, System.Private.CoreLib, Version=9.0.0.0, Culture=neutral, PublicKeyToken=7cec85d7bea7798e],[System.Int32, System.Private.CoreLib, Version=9.0.0.0, Culture=neutral, PublicKeyToken=7cec85d7bea7798e],[System.Int32, System.Private.CoreLib, Version=9.0.0.0, Culture=neutral, PublicKeyToken=7cec85d7bea7798e],[System.Int32, System.Private.CoreLib, Version=9.0.0.0, Culture=neutral, PublicKeyToken=7cec85d7bea7798e]]'.
2026-07-01 00:07:55.737 +05:30 [INF] Executed action Portfolio_Management_System.Controllers.AdminController.GetExperienceDetails (Portfolio Management System) in 466.7457ms
2026-07-01 00:07:55.737 +05:30 [INF] Executed endpoint 'Portfolio_Management_System.Controllers.AdminController.GetExperienceDetails (Portfolio Management System)'
2026-07-01 00:07:55.737 +05:30 [INF] HTTP GET /Admin/GetExperienceDetails responded 200 in 543.7442 ms
2026-07-01 00:07:55.739 +05:30 [INF] Request finished HTTP/2 GET https://localhost:44341/Admin/GetExperienceDetails - 200 null application/json; charset=utf-8 545.9655ms
2026-07-01 00:07:56.785 +05:30 [INF] Executing JsonResult, writing value of type 'System.Int32'.
2026-07-01 00:07:56.791 +05:30 [INF] Executed action Portfolio_Management_System.Controllers.AdminController.GetUnreadMessagesCount (Portfolio Management System) in 1520.9507ms
2026-07-01 00:07:56.792 +05:30 [INF] Executed endpoint 'Portfolio_Management_System.Controllers.AdminController.GetUnreadMessagesCount (Portfolio Management System)'
2026-07-01 00:07:56.792 +05:30 [INF] HTTP GET /Admin/GetUnreadMessagesCount responded 200 in 1620.7291 ms
2026-07-01 00:07:56.793 +05:30 [INF] Request finished HTTP/2 GET https://localhost:44341/Admin/GetUnreadMessagesCount - 200 null application/json; charset=utf-8 1621.4526ms
2026-07-01 00:07:57.685 +05:30 [INF] Executing JsonResult, writing value of type 'System.Collections.Generic.List`1[[<>f__AnonymousType18`7[[System.Int32, System.Private.CoreLib, Version=9.0.0.0, Culture=neutral, PublicKeyToken=7cec85d7bea7798e],[System.String, System.Private.CoreLib, Version=9.0.0.0, Culture=neutral, PublicKeyToken=7cec85d7bea7798e],[System.String, System.Private.CoreLib, Version=9.0.0.0, Culture=neutral, PublicKeyToken=7cec85d7bea7798e],[System.String, System.Private.CoreLib, Version=9.0.0.0, Culture=neutral, PublicKeyToken=7cec85d7bea7798e],[System.String, System.Private.CoreLib, Version=9.0.0.0, Culture=neutral, PublicKeyToken=7cec85d7bea7798e],[System.Boolean, System.Private.CoreLib, Version=9.0.0.0, Culture=neutral, PublicKeyToken=7cec85d7bea7798e],[System.DateTime, System.Private.CoreLib, Version=9.0.0.0, Culture=neutral, PublicKeyToken=7cec85d7bea7798e]], Portfolio Management System, Version=1.0.0.0, Culture=neutral, PublicKeyToken=null]]'.
2026-07-01 00:07:57.722 +05:30 [INF] Executed action Portfolio_Management_System.Controllers.AdminController.GetRecentMessages (Portfolio Management System) in 2451.6941ms
2026-07-01 00:07:57.723 +05:30 [INF] Executed endpoint 'Portfolio_Management_System.Controllers.AdminController.GetRecentMessages (Portfolio Management System)'
2026-07-01 00:07:57.723 +05:30 [INF] HTTP GET /Admin/GetRecentMessages responded 200 in 2561.3042 ms
2026-07-01 00:07:57.723 +05:30 [INF] Request finished HTTP/2 GET https://localhost:44341/Admin/GetRecentMessages - 200 null application/json; charset=utf-8 2583.9322ms
2026-07-01 00:08:06.074 +05:30 [INF] Request starting HTTP/2 GET https://localhost:44341/Admin/AutoTube/RecreateVideoAudio - null null
2026-07-01 00:08:06.093 +05:30 [INF] Executing endpoint 'Portfolio_Management_System.Controllers.AdminAutoTubeController.RecreateVideoAudio (Portfolio Management System)'
2026-07-01 00:08:06.108 +05:30 [INF] Route matched with {action = "RecreateVideoAudio", controller = "AdminAutoTube"}. Executing controller action with signature Microsoft.AspNetCore.Mvc.IActionResult RecreateVideoAudio() on controller Portfolio_Management_System.Controllers.AdminAutoTubeController (Portfolio Management System).
2026-07-01 00:08:06.425 +05:30 [INF] Executing ViewResult, running view ~/Views/Admin/RecreateVideoAudio.cshtml.
2026-07-01 00:08:06.797 +05:30 [INF] Executed ViewResult - view ~/Views/Admin/RecreateVideoAudio.cshtml executed in 375.2897ms.
2026-07-01 00:08:06.797 +05:30 [INF] Executed action Portfolio_Management_System.Controllers.AdminAutoTubeController.RecreateVideoAudio (Portfolio Management System) in 688.8498ms
2026-07-01 00:08:06.797 +05:30 [INF] Executed endpoint 'Portfolio_Management_System.Controllers.AdminAutoTubeController.RecreateVideoAudio (Portfolio Management System)'
2026-07-01 00:08:07.017 +05:30 [INF] HTTP GET /Admin/AutoTube/RecreateVideoAudio responded 200 in 706.2258 ms
2026-07-01 00:08:07.063 +05:30 [INF] Request starting HTTP/2 GET https://localhost:44341/_framework/aspnetcore-browser-refresh.js - null null
2026-07-01 00:08:07.075 +05:30 [INF] Request finished HTTP/2 GET https://localhost:44341/_framework/aspnetcore-browser-refresh.js - 200 16539 application/javascript; charset=utf-8 11.4963ms
2026-07-01 00:08:07.092 +05:30 [INF] Request starting HTTP/2 GET https://localhost:44341/css/admin.css?v=639184612867694491 - null null
2026-07-01 00:08:07.076 +05:30 [INF] Request starting HTTP/2 GET https://localhost:44341/_vs/browserLink - null null
2026-07-01 00:08:07.268 +05:30 [INF] Sending file. Request path: '/css/admin.css'. Physical path: 'C:\Users\ak731\Desktop\DSA\Portfolio Management System\wwwroot\css\admin.css'
2026-07-01 00:08:07.268 +05:30 [INF] HTTP GET /css/admin.css responded 200 in 174.7941 ms
2026-07-01 00:08:07.307 +05:30 [INF] Request finished HTTP/2 GET https://localhost:44341/Admin/AutoTube/RecreateVideoAudio - 200 null text/html; charset=utf-8 1234.2152ms
2026-07-01 00:08:07.327 +05:30 [INF] Request finished HTTP/2 GET https://localhost:44341/_vs/browserLink - 200 null text/javascript; charset=UTF-8 249.849ms
2026-07-01 00:08:07.412 +05:30 [INF] Request finished HTTP/2 GET https://localhost:44341/css/admin.css?v=639184612867694491 - 200 19965 text/css 320.4247ms
2026-07-01 00:08:08.141 +05:30 [INF] Request starting HTTP/2 GET https://localhost:44341/Admin/GetUnreadMessagesCount - null null
2026-07-01 00:08:08.142 +05:30 [INF] Executing endpoint 'Portfolio_Management_System.Controllers.AdminController.GetUnreadMessagesCount (Portfolio Management System)'
2026-07-01 00:08:08.142 +05:30 [INF] Route matched with {action = "GetUnreadMessagesCount", controller = "Admin"}. Executing controller action with signature System.Threading.Tasks.Task`1[Microsoft.AspNetCore.Mvc.IActionResult] GetUnreadMessagesCount() on controller Portfolio_Management_System.Controllers.AdminController (Portfolio Management System).
2026-07-01 00:08:08.144 +05:30 [INF] Request starting HTTP/2 GET https://localhost:44341/Admin/GetRecentMessages - null null
2026-07-01 00:08:08.153 +05:30 [INF] Executing endpoint 'Portfolio_Management_System.Controllers.AdminController.GetRecentMessages (Portfolio Management System)'
2026-07-01 00:08:08.153 +05:30 [INF] Route matched with {action = "GetRecentMessages", controller = "Admin"}. Executing controller action with signature System.Threading.Tasks.Task`1[Microsoft.AspNetCore.Mvc.IActionResult] GetRecentMessages() on controller Portfolio_Management_System.Controllers.AdminController (Portfolio Management System).
2026-07-01 00:08:08.439 +05:30 [INF] Executing JsonResult, writing value of type 'System.Collections.Generic.List`1[[<>f__AnonymousType18`7[[System.Int32, System.Private.CoreLib, Version=9.0.0.0, Culture=neutral, PublicKeyToken=7cec85d7bea7798e],[System.String, System.Private.CoreLib, Version=9.0.0.0, Culture=neutral, PublicKeyToken=7cec85d7bea7798e],[System.String, System.Private.CoreLib, Version=9.0.0.0, Culture=neutral, PublicKeyToken=7cec85d7bea7798e],[System.String, System.Private.CoreLib, Version=9.0.0.0, Culture=neutral, PublicKeyToken=7cec85d7bea7798e],[System.String, System.Private.CoreLib, Version=9.0.0.0, Culture=neutral, PublicKeyToken=7cec85d7bea7798e],[System.Boolean, System.Private.CoreLib, Version=9.0.0.0, Culture=neutral, PublicKeyToken=7cec85d7bea7798e],[System.DateTime, System.Private.CoreLib, Version=9.0.0.0, Culture=neutral, PublicKeyToken=7cec85d7bea7798e]], Portfolio Management System, Version=1.0.0.0, Culture=neutral, PublicKeyToken=null]]'.
2026-07-01 00:08:08.441 +05:30 [INF] Executed action Portfolio_Management_System.Controllers.AdminController.GetRecentMessages (Portfolio Management System) in 287.5628ms
2026-07-01 00:08:08.441 +05:30 [INF] Executed endpoint 'Portfolio_Management_System.Controllers.AdminController.GetRecentMessages (Portfolio Management System)'
2026-07-01 00:08:08.441 +05:30 [INF] HTTP GET /Admin/GetRecentMessages responded 200 in 297.0128 ms
2026-07-01 00:08:08.447 +05:30 [INF] Executing JsonResult, writing value of type 'System.Int32'.
2026-07-01 00:08:08.447 +05:30 [INF] Executed action Portfolio_Management_System.Controllers.AdminController.GetUnreadMessagesCount (Portfolio Management System) in 304.9373ms
2026-07-01 00:08:08.447 +05:30 [INF] Executed endpoint 'Portfolio_Management_System.Controllers.AdminController.GetUnreadMessagesCount (Portfolio Management System)'
2026-07-01 00:08:08.447 +05:30 [INF] HTTP GET /Admin/GetUnreadMessagesCount responded 200 in 305.7956 ms
2026-07-01 00:08:08.462 +05:30 [INF] Request finished HTTP/2 GET https://localhost:44341/Admin/GetUnreadMessagesCount - 200 null application/json; charset=utf-8 321.0511ms
2026-07-01 00:08:08.443 +05:30 [INF] Request finished HTTP/2 GET https://localhost:44341/Admin/GetRecentMessages - 200 null application/json; charset=utf-8 298.5511ms
2026-07-01 00:08:27.724 +05:30 [INF] Request starting HTTP/2 POST https://localhost:44341/Admin/AutoTube/UploadAndRecreateAudio - multipart/form-data; boundary=----WebKitFormBoundaryT3J4uoiHpzI5QAQR 1198049
2026-07-01 00:08:27.733 +05:30 [INF] CORS policy execution successful.
2026-07-01 00:08:27.739 +05:30 [INF] Executing endpoint 'Portfolio_Management_System.Controllers.AdminAutoTubeController.UploadAndRecreateAudio (Portfolio Management System)'
2026-07-01 00:08:27.773 +05:30 [INF] Route matched with {action = "UploadAndRecreateAudio", controller = "AdminAutoTube"}. Executing controller action with signature System.Threading.Tasks.Task`1[Microsoft.AspNetCore.Mvc.IActionResult] UploadAndRecreateAudio(Microsoft.AspNetCore.Http.IFormFile, System.String, System.String, Boolean) on controller Portfolio_Management_System.Controllers.AdminAutoTubeController (Portfolio Management System).
2026-07-01 00:08:34.086 +05:30 [INF] Executed DbCommand (922ms) [Parameters=[], CommandType='"Text"', CommandTimeout='30']
SELECT TOP(1) [t].[Id], [t].[Category], [t].[CompetitionScore], [t].[FetchedAt], [t].[IsSelected], [t].[Keywords], [t].[PopularityScore], [t].[SelectedAt], [t].[Source], [t].[Title], [t].[ViralityScore]
FROM [TrendTopics] AS [t]
WHERE [t].[Title] = N'Custom Video'
2026-07-01 00:08:38.087 +05:30 [INF] Request starting HTTP/2 GET https://localhost:44341/Admin/GetRecentMessages - null null
2026-07-01 00:08:38.089 +05:30 [INF] Request starting HTTP/2 GET https://localhost:44341/Admin/GetUnreadMessagesCount - null null
2026-07-01 00:08:38.090 +05:30 [INF] Executing endpoint 'Portfolio_Management_System.Controllers.AdminController.GetUnreadMessagesCount (Portfolio Management System)'
2026-07-01 00:08:38.090 +05:30 [INF] Executing endpoint 'Portfolio_Management_System.Controllers.AdminController.GetRecentMessages (Portfolio Management System)'
2026-07-01 00:08:38.090 +05:30 [INF] Route matched with {action = "GetUnreadMessagesCount", controller = "Admin"}. Executing controller action with signature System.Threading.Tasks.Task`1[Microsoft.AspNetCore.Mvc.IActionResult] GetUnreadMessagesCount() on controller Portfolio_Management_System.Controllers.AdminController (Portfolio Management System).
2026-07-01 00:08:38.091 +05:30 [INF] Route matched with {action = "GetRecentMessages", controller = "Admin"}. Executing controller action with signature System.Threading.Tasks.Task`1[Microsoft.AspNetCore.Mvc.IActionResult] GetRecentMessages() on controller Portfolio_Management_System.Controllers.AdminController (Portfolio Management System).
2026-07-01 00:08:38.145 +05:30 [INF] Executed DbCommand (1,940ms) [Parameters=[@p0='?' (Size = 500), @p1='?' (DbType = DateTime2), @p2='?' (Size = 4000), @p3='?' (Size = 1000), @p4='?' (Size = 50), @p5='?' (DbType = DateTime2), @p6='?' (DbType = DateTime2), @p7='?' (Size = 4000), @p8='?' (Size = 4000), @p9='?' (Size = 2000), @p10='?' (Size = 500), @p11='?' (Size = 500), @p12='?' (DbType = Int32), @p13='?' (DbType = DateTime2), @p14='?' (Size = 500), @p15='?' (Size = 20), @p16='?' (Size = 50)], CommandType='"Text"', CommandTimeout='30']
SET IMPLICIT_TRANSACTIONS OFF;
SET NOCOUNT ON;
INSERT INTO [Videos] ([AudioFilePath], [CreatedAt], [Description], [Hook], [PlaylistId], [PublishedAt], [ScheduledPublishAt], [ScriptJson], [Status], [Tags], [ThumbnailPath], [Title], [TrendTopicId], [UpdatedAt], [VideoFilePath], [Visibility], [YouTubeVideoId])
OUTPUT INSERTED.[Id]
VALUES (@p0, @p1, @p2, @p3, @p4, @p5, @p6, @p7, @p8, @p9, @p10, @p11, @p12, @p13, @p14, @p15, @p16);
2026-07-01 00:08:38.270 +05:30 [INF] Executing JsonResult, writing value of type '<>f__AnonymousType11`3[[System.Boolean, System.Private.CoreLib, Version=9.0.0.0, Culture=neutral, PublicKeyToken=7cec85d7bea7798e],[System.String, System.Private.CoreLib, Version=9.0.0.0, Culture=neutral, PublicKeyToken=7cec85d7bea7798e],[System.Int32, System.Private.CoreLib, Version=9.0.0.0, Culture=neutral, PublicKeyToken=7cec85d7bea7798e]]'.
2026-07-01 00:08:38.328 +05:30 [INF] Executing JsonResult, writing value of type 'System.Collections.Generic.List`1[[<>f__AnonymousType18`7[[System.Int32, System.Private.CoreLib, Version=9.0.0.0, Culture=neutral, PublicKeyToken=7cec85d7bea7798e],[System.String, System.Private.CoreLib, Version=9.0.0.0, Culture=neutral, PublicKeyToken=7cec85d7bea7798e],[System.String, System.Private.CoreLib, Version=9.0.0.0, Culture=neutral, PublicKeyToken=7cec85d7bea7798e],[System.String, System.Private.CoreLib, Version=9.0.0.0, Culture=neutral, PublicKeyToken=7cec85d7bea7798e],[System.String, System.Private.CoreLib, Version=9.0.0.0, Culture=neutral, PublicKeyToken=7cec85d7bea7798e],[System.Boolean, System.Private.CoreLib, Version=9.0.0.0, Culture=neutral, PublicKeyToken=7cec85d7bea7798e],[System.DateTime, System.Private.CoreLib, Version=9.0.0.0, Culture=neutral, PublicKeyToken=7cec85d7bea7798e]], Portfolio Management System, Version=1.0.0.0, Culture=neutral, PublicKeyToken=null]]'.
2026-07-01 00:08:38.332 +05:30 [INF] Executing JsonResult, writing value of type 'System.Int32'.
2026-07-01 00:08:38.339 +05:30 [INF] Executed action Portfolio_Management_System.Controllers.AdminController.GetRecentMessages (Portfolio Management System) in 247.7888ms
2026-07-01 00:08:38.339 +05:30 [INF] Executed endpoint 'Portfolio_Management_System.Controllers.AdminController.GetRecentMessages (Portfolio Management System)'
2026-07-01 00:08:38.341 +05:30 [INF] Executed action Portfolio_Management_System.Controllers.AdminController.GetUnreadMessagesCount (Portfolio Management System) in 250.1434ms
2026-07-01 00:08:38.341 +05:30 [INF] Executed endpoint 'Portfolio_Management_System.Controllers.AdminController.GetUnreadMessagesCount (Portfolio Management System)'
2026-07-01 00:08:38.344 +05:30 [INF] HTTP GET /Admin/GetRecentMessages responded 200 in 256.5811 ms
2026-07-01 00:08:38.348 +05:30 [INF] Request finished HTTP/2 GET https://localhost:44341/Admin/GetRecentMessages - 200 null application/json; charset=utf-8 258.9095ms
2026-07-01 00:08:38.351 +05:30 [INF] HTTP GET /Admin/GetUnreadMessagesCount responded 200 in 262.1536 ms
2026-07-01 00:08:38.351 +05:30 [INF] Request finished HTTP/2 GET https://localhost:44341/Admin/GetUnreadMessagesCount - 200 null application/json; charset=utf-8 263.0351ms
2026-07-01 00:08:38.360 +05:30 [INF] Executed action Portfolio_Management_System.Controllers.AdminAutoTubeController.UploadAndRecreateAudio (Portfolio Management System) in 10586.7213ms
2026-07-01 00:08:38.360 +05:30 [INF] Executed endpoint 'Portfolio_Management_System.Controllers.AdminAutoTubeController.UploadAndRecreateAudio (Portfolio Management System)'
2026-07-01 00:08:38.360 +05:30 [INF] HTTP POST /Admin/AutoTube/UploadAndRecreateAudio responded 200 in 10633.9883 ms
2026-07-01 00:08:38.362 +05:30 [INF] Background audio recreation task started for Video ID 8
2026-07-01 00:08:38.393 +05:30 [INF] Request finished HTTP/2 POST https://localhost:44341/Admin/AutoTube/UploadAndRecreateAudio - 200 null application/json; charset=utf-8 10670.1774ms
2026-07-01 00:08:38.419 +05:30 [INF] Start processing HTTP request POST http://localhost:8000/api/video/recreate_audio
2026-07-01 00:08:38.424 +05:30 [INF] Sending HTTP request POST http://localhost:8000/api/video/recreate_audio
2026-07-01 00:09:08.102 +05:30 [INF] Request starting HTTP/2 GET https://localhost:44341/Admin/GetRecentMessages - null null
2026-07-01 00:09:08.103 +05:30 [INF] Request starting HTTP/2 GET https://localhost:44341/Admin/GetUnreadMessagesCount - null null
2026-07-01 00:09:08.120 +05:30 [INF] Executing endpoint 'Portfolio_Management_System.Controllers.AdminController.GetUnreadMessagesCount (Portfolio Management System)'
2026-07-01 00:09:08.121 +05:30 [INF] Executing endpoint 'Portfolio_Management_System.Controllers.AdminController.GetRecentMessages (Portfolio Management System)'
2026-07-01 00:09:08.122 +05:30 [INF] Route matched with {action = "GetRecentMessages", controller = "Admin"}. Executing controller action with signature System.Threading.Tasks.Task`1[Microsoft.AspNetCore.Mvc.IActionResult] GetRecentMessages() on controller Portfolio_Management_System.Controllers.AdminController (Portfolio Management System).
2026-07-01 00:09:08.124 +05:30 [INF] Route matched with {action = "GetUnreadMessagesCount", controller = "Admin"}. Executing controller action with signature System.Threading.Tasks.Task`1[Microsoft.AspNetCore.Mvc.IActionResult] GetUnreadMessagesCount() on controller Portfolio_Management_System.Controllers.AdminController (Portfolio Management System).
2026-07-01 00:09:08.603 +05:30 [INF] Executing JsonResult, writing value of type 'System.Int32'.
2026-07-01 00:09:08.605 +05:30 [INF] Executing JsonResult, writing value of type 'System.Collections.Generic.List`1[[<>f__AnonymousType18`7[[System.Int32, System.Private.CoreLib, Version=9.0.0.0, Culture=neutral, PublicKeyToken=7cec85d7bea7798e],[System.String, System.Private.CoreLib, Version=9.0.0.0, Culture=neutral, PublicKeyToken=7cec85d7bea7798e],[System.String, System.Private.CoreLib, Version=9.0.0.0, Culture=neutral, PublicKeyToken=7cec85d7bea7798e],[System.String, System.Private.CoreLib, Version=9.0.0.0, Culture=neutral, PublicKeyToken=7cec85d7bea7798e],[System.String, System.Private.CoreLib, Version=9.0.0.0, Culture=neutral, PublicKeyToken=7cec85d7bea7798e],[System.Boolean, System.Private.CoreLib, Version=9.0.0.0, Culture=neutral, PublicKeyToken=7cec85d7bea7798e],[System.DateTime, System.Private.CoreLib, Version=9.0.0.0, Culture=neutral, PublicKeyToken=7cec85d7bea7798e]], Portfolio Management System, Version=1.0.0.0, Culture=neutral, PublicKeyToken=null]]'.
2026-07-01 00:09:08.612 +05:30 [INF] Executed action Portfolio_Management_System.Controllers.AdminController.GetUnreadMessagesCount (Portfolio Management System) in 487.7069ms
2026-07-01 00:09:08.614 +05:30 [INF] Executed action Portfolio_Management_System.Controllers.AdminController.GetRecentMessages (Portfolio Management System) in 491.9631ms
2026-07-01 00:09:08.616 +05:30 [INF] Executed endpoint 'Portfolio_Management_System.Controllers.AdminController.GetUnreadMessagesCount (Portfolio Management System)'
2026-07-01 00:09:08.618 +05:30 [INF] Executed endpoint 'Portfolio_Management_System.Controllers.AdminController.GetRecentMessages (Portfolio Management System)'
2026-07-01 00:09:08.618 +05:30 [INF] HTTP GET /Admin/GetUnreadMessagesCount responded 200 in 511.6973 ms
2026-07-01 00:09:08.618 +05:30 [INF] HTTP GET /Admin/GetRecentMessages responded 200 in 513.0513 ms
2026-07-01 00:09:08.619 +05:30 [INF] Request finished HTTP/2 GET https://localhost:44341/Admin/GetUnreadMessagesCount - 200 null application/json; charset=utf-8 520.3867ms
2026-07-01 00:09:08.620 +05:30 [INF] Request finished HTTP/2 GET https://localhost:44341/Admin/GetRecentMessages - 200 null application/json; charset=utf-8 521.2112ms
2026-07-01 00:09:30.440 +05:30 [INF] Received HTTP response headers after 52013.9993ms - 200
2026-07-01 00:09:30.446 +05:30 [INF] End processing HTTP request after 52030.6228ms - 200
2026-07-01 00:09:30.693 +05:30 [INF] Audio recreation success. Starting YouTube upload...
2026-07-01 00:09:30.748 +05:30 [INF] Start processing HTTP request POST http://localhost:8000/api/youtube/upload
2026-07-01 00:09:30.748 +05:30 [INF] Sending HTTP request POST http://localhost:8000/api/youtube/upload
2026-07-01 00:09:38.099 +05:30 [INF] Request starting HTTP/2 GET https://localhost:44341/Admin/GetUnreadMessagesCount - null null
2026-07-01 00:09:38.101 +05:30 [INF] Request starting HTTP/2 GET https://localhost:44341/Admin/GetRecentMessages - null null
2026-07-01 00:09:38.126 +05:30 [INF] Executing endpoint 'Portfolio_Management_System.Controllers.AdminController.GetRecentMessages (Portfolio Management System)'
2026-07-01 00:09:38.127 +05:30 [INF] Executing endpoint 'Portfolio_Management_System.Controllers.AdminController.GetUnreadMessagesCount (Portfolio Management System)'
2026-07-01 00:09:38.135 +05:30 [INF] Route matched with {action = "GetRecentMessages", controller = "Admin"}. Executing controller action with signature System.Threading.Tasks.Task`1[Microsoft.AspNetCore.Mvc.IActionResult] GetRecentMessages() on controller Portfolio_Management_System.Controllers.AdminController (Portfolio Management System).
2026-07-01 00:09:38.138 +05:30 [INF] Route matched with {action = "GetUnreadMessagesCount", controller = "Admin"}. Executing controller action with signature System.Threading.Tasks.Task`1[Microsoft.AspNetCore.Mvc.IActionResult] GetUnreadMessagesCount() on controller Portfolio_Management_System.Controllers.AdminController (Portfolio Management System).
2026-07-01 00:09:38.475 +05:30 [INF] Executing JsonResult, writing value of type 'System.Int32'.
2026-07-01 00:09:38.479 +05:30 [INF] Executing JsonResult, writing value of type 'System.Collections.Generic.List`1[[<>f__AnonymousType18`7[[System.Int32, System.Private.CoreLib, Version=9.0.0.0, Culture=neutral, PublicKeyToken=7cec85d7bea7798e],[System.String, System.Private.CoreLib, Version=9.0.0.0, Culture=neutral, PublicKeyToken=7cec85d7bea7798e],[System.String, System.Private.CoreLib, Version=9.0.0.0, Culture=neutral, PublicKeyToken=7cec85d7bea7798e],[System.String, System.Private.CoreLib, Version=9.0.0.0, Culture=neutral, PublicKeyToken=7cec85d7bea7798e],[System.String, System.Private.CoreLib, Version=9.0.0.0, Culture=neutral, PublicKeyToken=7cec85d7bea7798e],[System.Boolean, System.Private.CoreLib, Version=9.0.0.0, Culture=neutral, PublicKeyToken=7cec85d7bea7798e],[System.DateTime, System.Private.CoreLib, Version=9.0.0.0, Culture=neutral, PublicKeyToken=7cec85d7bea7798e]], Portfolio Management System, Version=1.0.0.0, Culture=neutral, PublicKeyToken=null]]'.
2026-07-01 00:09:38.483 +05:30 [INF] Executed action Portfolio_Management_System.Controllers.AdminController.GetUnreadMessagesCount (Portfolio Management System) in 343.5245ms
2026-07-01 00:09:38.483 +05:30 [INF] Executed endpoint 'Portfolio_Management_System.Controllers.AdminController.GetUnreadMessagesCount (Portfolio Management System)'
2026-07-01 00:09:38.487 +05:30 [INF] Executed action Portfolio_Management_System.Controllers.AdminController.GetRecentMessages (Portfolio Management System) in 347.6987ms
2026-07-01 00:09:38.487 +05:30 [INF] Executed endpoint 'Portfolio_Management_System.Controllers.AdminController.GetRecentMessages (Portfolio Management System)'
2026-07-01 00:09:38.483 +05:30 [INF] HTTP GET /Admin/GetUnreadMessagesCount responded 200 in 369.6556 ms
2026-07-01 00:09:38.488 +05:30 [INF] HTTP GET /Admin/GetRecentMessages responded 200 in 376.5551 ms
2026-07-01 00:09:38.489 +05:30 [INF] Request finished HTTP/2 GET https://localhost:44341/Admin/GetRecentMessages - 200 null application/json; charset=utf-8 388.204ms
2026-07-01 00:09:38.489 +05:30 [INF] Request finished HTTP/2 GET https://localhost:44341/Admin/GetUnreadMessagesCount - 200 null application/json; charset=utf-8 389.8894ms
2026-07-01 00:10:07.512 +05:30 [INF] Received HTTP response headers after 36764.0846ms - 200
2026-07-01 00:10:07.513 +05:30 [INF] End processing HTTP request after 36765.7161ms - 200
2026-07-01 00:10:08.085 +05:30 [INF] Request starting HTTP/2 GET https://localhost:44341/Admin/GetUnreadMessagesCount - null null
2026-07-01 00:10:08.087 +05:30 [INF] Request starting HTTP/2 GET https://localhost:44341/Admin/GetRecentMessages - null null
2026-07-01 00:10:08.087 +05:30 [INF] Executing endpoint 'Portfolio_Management_System.Controllers.AdminController.GetUnreadMessagesCount (Portfolio Management System)'
2026-07-01 00:10:08.088 +05:30 [INF] Executing endpoint 'Portfolio_Management_System.Controllers.AdminController.GetRecentMessages (Portfolio Management System)'
2026-07-01 00:10:08.088 +05:30 [INF] Route matched with {action = "GetUnreadMessagesCount", controller = "Admin"}. Executing controller action with signature System.Threading.Tasks.Task`1[Microsoft.AspNetCore.Mvc.IActionResult] GetUnreadMessagesCount() on controller Portfolio_Management_System.Controllers.AdminController (Portfolio Management System).
2026-07-01 00:10:08.088 +05:30 [INF] Route matched with {action = "GetRecentMessages", controller = "Admin"}. Executing controller action with signature System.Threading.Tasks.Task`1[Microsoft.AspNetCore.Mvc.IActionResult] GetRecentMessages() on controller Portfolio_Management_System.Controllers.AdminController (Portfolio Management System).
2026-07-01 00:10:08.480 +05:30 [INF] Executing JsonResult, writing value of type 'System.Collections.Generic.List`1[[<>f__AnonymousType18`7[[System.Int32, System.Private.CoreLib, Version=9.0.0.0, Culture=neutral, PublicKeyToken=7cec85d7bea7798e],[System.String, System.Private.CoreLib, Version=9.0.0.0, Culture=neutral, PublicKeyToken=7cec85d7bea7798e],[System.String, System.Private.CoreLib, Version=9.0.0.0, Culture=neutral, PublicKeyToken=7cec85d7bea7798e],[System.String, System.Private.CoreLib, Version=9.0.0.0, Culture=neutral, PublicKeyToken=7cec85d7bea7798e],[System.String, System.Private.CoreLib, Version=9.0.0.0, Culture=neutral, PublicKeyToken=7cec85d7bea7798e],[System.Boolean, System.Private.CoreLib, Version=9.0.0.0, Culture=neutral, PublicKeyToken=7cec85d7bea7798e],[System.DateTime, System.Private.CoreLib, Version=9.0.0.0, Culture=neutral, PublicKeyToken=7cec85d7bea7798e]], Portfolio Management System, Version=1.0.0.0, Culture=neutral, PublicKeyToken=null]]'.
2026-07-01 00:10:08.482 +05:30 [INF] Executing JsonResult, writing value of type 'System.Int32'.
2026-07-01 00:10:08.483 +05:30 [INF] Executed action Portfolio_Management_System.Controllers.AdminController.GetUnreadMessagesCount (Portfolio Management System) in 395.1678ms
2026-07-01 00:10:08.483 +05:30 [INF] Executed endpoint 'Portfolio_Management_System.Controllers.AdminController.GetUnreadMessagesCount (Portfolio Management System)'
2026-07-01 00:10:08.484 +05:30 [INF] HTTP GET /Admin/GetUnreadMessagesCount responded 200 in 397.7799 ms
2026-07-01 00:10:08.485 +05:30 [INF] Executed action Portfolio_Management_System.Controllers.AdminController.GetRecentMessages (Portfolio Management System) in 396.7844ms
2026-07-01 00:10:08.485 +05:30 [INF] Executed endpoint 'Portfolio_Management_System.Controllers.AdminController.GetRecentMessages (Portfolio Management System)'
2026-07-01 00:10:08.485 +05:30 [INF] HTTP GET /Admin/GetRecentMessages responded 200 in 397.4972 ms
2026-07-01 00:10:08.487 +05:30 [INF] Request finished HTTP/2 GET https://localhost:44341/Admin/GetRecentMessages - 200 null application/json; charset=utf-8 399.0369ms
2026-07-01 00:10:08.490 +05:30 [INF] Request finished HTTP/2 GET https://localhost:44341/Admin/GetUnreadMessagesCount - 200 null application/json; charset=utf-8 398.8865ms
2026-07-01 00:10:08.703 +05:30 [INF] Executed DbCommand (816ms) [Parameters=[@p10='?' (DbType = Int32), @p0='?' (Size = 200), @p1='?' (Precision = 10) (Scale = 4) (DbType = Decimal), @p2='?' (DbType = DateTime2), @p3='?' (DbType = Boolean), @p4='?' (Size = 2000), @p5='?' (Precision = 10) (Scale = 4) (DbType = Decimal), @p6='?' (DbType = DateTime2), @p7='?' (Size = 100), @p8='?' (Size = 500), @p9='?' (Precision = 10) (Scale = 4) (DbType = Decimal), @p28='?' (DbType = Int32), @p11='?' (Size = 500), @p12='?' (DbType = DateTime2), @p13='?' (Size = 4000), @p14='?' (Size = 1000), @p15='?' (Size = 50), @p16='?' (DbType = DateTime2), @p17='?' (DbType = DateTime2), @p18='?' (Size = 4000), @p19='?' (Size = 4000), @p20='?' (Size = 2000), @p21='?' (Size = 500), @p22='?' (Size = 500), @p23='?' (DbType = Int32), @p24='?' (DbType = DateTime2), @p25='?' (Size = 500), @p26='?' (Size = 20), @p27='?' (Size = 50)], CommandType='"Text"', CommandTimeout='30']
SET NOCOUNT ON;
UPDATE [TrendTopics] SET [Category] = @p0, [CompetitionScore] = @p1, [FetchedAt] = @p2, [IsSelected] = @p3, [Keywords] = @p4, [PopularityScore] = @p5, [SelectedAt] = @p6, [Source] = @p7, [Title] = @p8, [ViralityScore] = @p9
OUTPUT 1
WHERE [Id] = @p10;
UPDATE [Videos] SET [AudioFilePath] = @p11, [CreatedAt] = @p12, [Description] = @p13, [Hook] = @p14, [PlaylistId] = @p15, [PublishedAt] = @p16, [ScheduledPublishAt] = @p17, [ScriptJson] = @p18, [Status] = @p19, [Tags] = @p20, [ThumbnailPath] = @p21, [Title] = @p22, [TrendTopicId] = @p23, [UpdatedAt] = @p24, [VideoFilePath] = @p25, [Visibility] = @p26, [YouTubeVideoId] = @p27
OUTPUT 1
WHERE [Id] = @p28;
2026-07-01 00:10:08.935 +05:30 [INF] Recreated Video 8 uploaded to YouTube successfully!
2026-07-01 00:10:39.944 +05:30 [INF] Request starting HTTP/2 GET https://localhost:44341/Admin/GetRecentMessages - null null
2026-07-01 00:10:40.287 +05:30 [INF] Request starting HTTP/2 GET https://localhost:44341/Admin/GetUnreadMessagesCount - null null
2026-07-01 00:10:44.611 +05:30 [INF] Executing endpoint 'Portfolio_Management_System.Controllers.AdminController.GetUnreadMessagesCount (Portfolio Management System)'
2026-07-01 00:10:44.562 +05:30 [INF] Executing endpoint 'Portfolio_Management_System.Controllers.AdminController.GetRecentMessages (Portfolio Management System)'
2026-07-01 00:10:44.635 +05:30 [INF] Route matched with {action = "GetUnreadMessagesCount", controller = "Admin"}. Executing controller action with signature System.Threading.Tasks.Task`1[Microsoft.AspNetCore.Mvc.IActionResult] GetUnreadMessagesCount() on controller Portfolio_Management_System.Controllers.AdminController (Portfolio Management System).
2026-07-01 00:10:44.635 +05:30 [INF] Route matched with {action = "GetRecentMessages", controller = "Admin"}. Executing controller action with signature System.Threading.Tasks.Task`1[Microsoft.AspNetCore.Mvc.IActionResult] GetRecentMessages() on controller Portfolio_Management_System.Controllers.AdminController (Portfolio Management System).
2026-07-01 00:10:44.854 +05:30 [INF] Executing JsonResult, writing value of type 'System.Int32'.
2026-07-01 00:10:44.855 +05:30 [INF] Executed action Portfolio_Management_System.Controllers.AdminController.GetUnreadMessagesCount (Portfolio Management System) in 219.9742ms
2026-07-01 00:10:44.855 +05:30 [INF] Executed endpoint 'Portfolio_Management_System.Controllers.AdminController.GetUnreadMessagesCount (Portfolio Management System)'
2026-07-01 00:10:44.870 +05:30 [INF] Executing JsonResult, writing value of type 'System.Collections.Generic.List`1[[<>f__AnonymousType18`7[[System.Int32, System.Private.CoreLib, Version=9.0.0.0, Culture=neutral, PublicKeyToken=7cec85d7bea7798e],[System.String, System.Private.CoreLib, Version=9.0.0.0, Culture=neutral, PublicKeyToken=7cec85d7bea7798e],[System.String, System.Private.CoreLib, Version=9.0.0.0, Culture=neutral, PublicKeyToken=7cec85d7bea7798e],[System.String, System.Private.CoreLib, Version=9.0.0.0, Culture=neutral, PublicKeyToken=7cec85d7bea7798e],[System.String, System.Private.CoreLib, Version=9.0.0.0, Culture=neutral, PublicKeyToken=7cec85d7bea7798e],[System.Boolean, System.Private.CoreLib, Version=9.0.0.0, Culture=neutral, PublicKeyToken=7cec85d7bea7798e],[System.DateTime, System.Private.CoreLib, Version=9.0.0.0, Culture=neutral, PublicKeyToken=7cec85d7bea7798e]], Portfolio Management System, Version=1.0.0.0, Culture=neutral, PublicKeyToken=null]]'.
2026-07-01 00:10:44.871 +05:30 [INF] Executed action Portfolio_Management_System.Controllers.AdminController.GetRecentMessages (Portfolio Management System) in 235.91ms
2026-07-01 00:10:44.873 +05:30 [INF] Executed endpoint 'Portfolio_Management_System.Controllers.AdminController.GetRecentMessages (Portfolio Management System)'
2026-07-01 00:10:44.874 +05:30 [INF] HTTP GET /Admin/GetRecentMessages responded 200 in 4584.6729 ms
2026-07-01 00:10:44.873 +05:30 [INF] HTTP GET /Admin/GetUnreadMessagesCount responded 200 in 4584.3045 ms
2026-07-01 00:10:44.874 +05:30 [INF] Request finished HTTP/2 GET https://localhost:44341/Admin/GetUnreadMessagesCount - 200 null application/json; charset=utf-8 4587.4288ms
2026-07-01 00:10:44.883 +05:30 [INF] Request finished HTTP/2 GET https://localhost:44341/Admin/GetRecentMessages - 200 null application/json; charset=utf-8 5061.6647ms
2026-07-01 00:11:08.087 +05:30 [INF] Request starting HTTP/2 GET https://localhost:44341/Admin/GetUnreadMessagesCount - null null
2026-07-01 00:11:08.087 +05:30 [INF] Request starting HTTP/2 GET https://localhost:44341/Admin/GetRecentMessages - null null
2026-07-01 00:11:08.091 +05:30 [INF] Executing endpoint 'Portfolio_Management_System.Controllers.AdminController.GetUnreadMessagesCount (Portfolio Management System)'
2026-07-01 00:11:08.091 +05:30 [INF] Executing endpoint 'Portfolio_Management_System.Controllers.AdminController.GetRecentMessages (Portfolio Management System)'
2026-07-01 00:11:08.091 +05:30 [INF] Route matched with {action = "GetUnreadMessagesCount", controller = "Admin"}. Executing controller action with signature System.Threading.Tasks.Task`1[Microsoft.AspNetCore.Mvc.IActionResult] GetUnreadMessagesCount() on controller Portfolio_Management_System.Controllers.AdminController (Portfolio Management System).
2026-07-01 00:11:08.091 +05:30 [INF] Route matched with {action = "GetRecentMessages", controller = "Admin"}. Executing controller action with signature System.Threading.Tasks.Task`1[Microsoft.AspNetCore.Mvc.IActionResult] GetRecentMessages() on controller Portfolio_Management_System.Controllers.AdminController (Portfolio Management System).
2026-07-01 00:11:08.503 +05:30 [INF] Executing JsonResult, writing value of type 'System.Collections.Generic.List`1[[<>f__AnonymousType18`7[[System.Int32, System.Private.CoreLib, Version=9.0.0.0, Culture=neutral, PublicKeyToken=7cec85d7bea7798e],[System.String, System.Private.CoreLib, Version=9.0.0.0, Culture=neutral, PublicKeyToken=7cec85d7bea7798e],[System.String, System.Private.CoreLib, Version=9.0.0.0, Culture=neutral, PublicKeyToken=7cec85d7bea7798e],[System.String, System.Private.CoreLib, Version=9.0.0.0, Culture=neutral, PublicKeyToken=7cec85d7bea7798e],[System.String, System.Private.CoreLib, Version=9.0.0.0, Culture=neutral, PublicKeyToken=7cec85d7bea7798e],[System.Boolean, System.Private.CoreLib, Version=9.0.0.0, Culture=neutral, PublicKeyToken=7cec85d7bea7798e],[System.DateTime, System.Private.CoreLib, Version=9.0.0.0, Culture=neutral, PublicKeyToken=7cec85d7bea7798e]], Portfolio Management System, Version=1.0.0.0, Culture=neutral, PublicKeyToken=null]]'.
2026-07-01 00:11:08.503 +05:30 [INF] Executing JsonResult, writing value of type 'System.Int32'.
2026-07-01 00:11:08.504 +05:30 [INF] Executed action Portfolio_Management_System.Controllers.AdminController.GetRecentMessages (Portfolio Management System) in 412.7457ms
2026-07-01 00:11:08.505 +05:30 [INF] Executed action Portfolio_Management_System.Controllers.AdminController.GetUnreadMessagesCount (Portfolio Management System) in 412.9477ms
2026-07-01 00:11:08.505 +05:30 [INF] Executed endpoint 'Portfolio_Management_System.Controllers.AdminController.GetRecentMessages (Portfolio Management System)'
2026-07-01 00:11:08.505 +05:30 [INF] Executed endpoint 'Portfolio_Management_System.Controllers.AdminController.GetUnreadMessagesCount (Portfolio Management System)'
2026-07-01 00:11:08.505 +05:30 [INF] HTTP GET /Admin/GetRecentMessages responded 200 in 415.8095 ms
2026-07-01 00:11:08.505 +05:30 [INF] HTTP GET /Admin/GetUnreadMessagesCount responded 200 in 417.6065 ms
2026-07-01 00:11:08.506 +05:30 [INF] Request finished HTTP/2 GET https://localhost:44341/Admin/GetUnreadMessagesCount - 200 null application/json; charset=utf-8 418.6646ms
2026-07-01 00:11:08.506 +05:30 [INF] Request finished HTTP/2 GET https://localhost:44341/Admin/GetRecentMessages - 200 null application/json; charset=utf-8 418.6674ms
2026-07-01 00:11:38.081 +05:30 [INF] Request starting HTTP/2 GET https://localhost:44341/Admin/GetRecentMessages - null null
2026-07-01 00:11:38.081 +05:30 [INF] Request starting HTTP/2 GET https://localhost:44341/Admin/GetUnreadMessagesCount - null null
2026-07-01 00:11:38.094 +05:30 [INF] Executing endpoint 'Portfolio_Management_System.Controllers.AdminController.GetUnreadMessagesCount (Portfolio Management System)'
2026-07-01 00:11:38.094 +05:30 [INF] Executing endpoint 'Portfolio_Management_System.Controllers.AdminController.GetRecentMessages (Portfolio Management System)'
2026-07-01 00:11:38.095 +05:30 [INF] Route matched with {action = "GetRecentMessages", controller = "Admin"}. Executing controller action with signature System.Threading.Tasks.Task`1[Microsoft.AspNetCore.Mvc.IActionResult] GetRecentMessages() on controller Portfolio_Management_System.Controllers.AdminController (Portfolio Management System).
2026-07-01 00:11:38.096 +05:30 [INF] Route matched with {action = "GetUnreadMessagesCount", controller = "Admin"}. Executing controller action with signature System.Threading.Tasks.Task`1[Microsoft.AspNetCore.Mvc.IActionResult] GetUnreadMessagesCount() on controller Portfolio_Management_System.Controllers.AdminController (Portfolio Management System).
2026-07-01 00:11:38.506 +05:30 [INF] Executing JsonResult, writing value of type 'System.Int32'.
2026-07-01 00:11:38.507 +05:30 [INF] Executed action Portfolio_Management_System.Controllers.AdminController.GetUnreadMessagesCount (Portfolio Management System) in 410.34ms
2026-07-01 00:11:38.549 +05:30 [INF] Executed endpoint 'Portfolio_Management_System.Controllers.AdminController.GetUnreadMessagesCount (Portfolio Management System)'
2026-07-01 00:11:38.558 +05:30 [INF] HTTP GET /Admin/GetUnreadMessagesCount responded 200 in 474.8087 ms
2026-07-01 00:11:38.557 +05:30 [INF] Executing JsonResult, writing value of type 'System.Collections.Generic.List`1[[<>f__AnonymousType18`7[[System.Int32, System.Private.CoreLib, Version=9.0.0.0, Culture=neutral, PublicKeyToken=7cec85d7bea7798e],[System.String, System.Private.CoreLib, Version=9.0.0.0, Culture=neutral, PublicKeyToken=7cec85d7bea7798e],[System.String, System.Private.CoreLib, Version=9.0.0.0, Culture=neutral, PublicKeyToken=7cec85d7bea7798e],[System.String, System.Private.CoreLib, Version=9.0.0.0, Culture=neutral, PublicKeyToken=7cec85d7bea7798e],[System.String, System.Private.CoreLib, Version=9.0.0.0, Culture=neutral, PublicKeyToken=7cec85d7bea7798e],[System.Boolean, System.Private.CoreLib, Version=9.0.0.0, Culture=neutral, PublicKeyToken=7cec85d7bea7798e],[System.DateTime, System.Private.CoreLib, Version=9.0.0.0, Culture=neutral, PublicKeyToken=7cec85d7bea7798e]], Portfolio Management System, Version=1.0.0.0, Culture=neutral, PublicKeyToken=null]]'.
2026-07-01 00:11:38.562 +05:30 [INF] Request finished HTTP/2 GET https://localhost:44341/Admin/GetUnreadMessagesCount - 200 null application/json; charset=utf-8 480.7588ms
2026-07-01 00:11:38.567 +05:30 [INF] Executed action Portfolio_Management_System.Controllers.AdminController.GetRecentMessages (Portfolio Management System) in 471.8959ms
2026-07-01 00:11:38.568 +05:30 [INF] Executed endpoint 'Portfolio_Management_System.Controllers.AdminController.GetRecentMessages (Portfolio Management System)'
2026-07-01 00:11:38.568 +05:30 [INF] HTTP GET /Admin/GetRecentMessages responded 200 in 485.2691 ms
2026-07-01 00:11:38.569 +05:30 [INF] Request finished HTTP/2 GET https://localhost:44341/Admin/GetRecentMessages - 200 null application/json; charset=utf-8 487.4669ms
2026-07-01 00:12:08.101 +05:30 [INF] Request starting HTTP/2 GET https://localhost:44341/Admin/GetUnreadMessagesCount - null null
2026-07-01 00:12:08.105 +05:30 [INF] Request starting HTTP/2 GET https://localhost:44341/Admin/GetRecentMessages - null null
2026-07-01 00:12:08.118 +05:30 [INF] Executing endpoint 'Portfolio_Management_System.Controllers.AdminController.GetUnreadMessagesCount (Portfolio Management System)'
2026-07-01 00:12:08.119 +05:30 [INF] Executing endpoint 'Portfolio_Management_System.Controllers.AdminController.GetRecentMessages (Portfolio Management System)'
2026-07-01 00:12:08.119 +05:30 [INF] Route matched with {action = "GetUnreadMessagesCount", controller = "Admin"}. Executing controller action with signature System.Threading.Tasks.Task`1[Microsoft.AspNetCore.Mvc.IActionResult] GetUnreadMessagesCount() on controller Portfolio_Management_System.Controllers.AdminController (Portfolio Management System).
2026-07-01 00:12:08.119 +05:30 [INF] Route matched with {action = "GetRecentMessages", controller = "Admin"}. Executing controller action with signature System.Threading.Tasks.Task`1[Microsoft.AspNetCore.Mvc.IActionResult] GetRecentMessages() on controller Portfolio_Management_System.Controllers.AdminController (Portfolio Management System).
2026-07-01 00:12:08.416 +05:30 [INF] Executing JsonResult, writing value of type 'System.Collections.Generic.List`1[[<>f__AnonymousType18`7[[System.Int32, System.Private.CoreLib, Version=9.0.0.0, Culture=neutral, PublicKeyToken=7cec85d7bea7798e],[System.String, System.Private.CoreLib, Version=9.0.0.0, Culture=neutral, PublicKeyToken=7cec85d7bea7798e],[System.String, System.Private.CoreLib, Version=9.0.0.0, Culture=neutral, PublicKeyToken=7cec85d7bea7798e],[System.String, System.Private.CoreLib, Version=9.0.0.0, Culture=neutral, PublicKeyToken=7cec85d7bea7798e],[System.String, System.Private.CoreLib, Version=9.0.0.0, Culture=neutral, PublicKeyToken=7cec85d7bea7798e],[System.Boolean, System.Private.CoreLib, Version=9.0.0.0, Culture=neutral, PublicKeyToken=7cec85d7bea7798e],[System.DateTime, System.Private.CoreLib, Version=9.0.0.0, Culture=neutral, PublicKeyToken=7cec85d7bea7798e]], Portfolio Management System, Version=1.0.0.0, Culture=neutral, PublicKeyToken=null]]'.
2026-07-01 00:12:08.417 +05:30 [INF] Executing JsonResult, writing value of type 'System.Int32'.
2026-07-01 00:12:08.421 +05:30 [INF] Executed action Portfolio_Management_System.Controllers.AdminController.GetRecentMessages (Portfolio Management System) in 301.5654ms
2026-07-01 00:12:08.422 +05:30 [INF] Executed endpoint 'Portfolio_Management_System.Controllers.AdminController.GetRecentMessages (Portfolio Management System)'
2026-07-01 00:12:08.422 +05:30 [INF] HTTP GET /Admin/GetRecentMessages responded 200 in 313.3912 ms
2026-07-01 00:12:08.422 +05:30 [INF] Executed action Portfolio_Management_System.Controllers.AdminController.GetUnreadMessagesCount (Portfolio Management System) in 303.1531ms
2026-07-01 00:12:08.422 +05:30 [INF] Executed endpoint 'Portfolio_Management_System.Controllers.AdminController.GetUnreadMessagesCount (Portfolio Management System)'
2026-07-01 00:12:08.422 +05:30 [INF] HTTP GET /Admin/GetUnreadMessagesCount responded 200 in 317.2316 ms
2026-07-01 00:12:08.423 +05:30 [INF] Request finished HTTP/2 GET https://localhost:44341/Admin/GetRecentMessages - 200 null application/json; charset=utf-8 320.2166ms
2026-07-01 00:12:08.423 +05:30 [INF] Request finished HTTP/2 GET https://localhost:44341/Admin/GetUnreadMessagesCount - 200 null application/json; charset=utf-8 324.1696ms
2026-07-01 00:12:38.080 +05:30 [INF] Request starting HTTP/2 GET https://localhost:44341/Admin/GetUnreadMessagesCount - null null
2026-07-01 00:12:38.080 +05:30 [INF] Request starting HTTP/2 GET https://localhost:44341/Admin/GetRecentMessages - null null
2026-07-01 00:12:38.099 +05:30 [INF] Executing endpoint 'Portfolio_Management_System.Controllers.AdminController.GetRecentMessages (Portfolio Management System)'
2026-07-01 00:12:38.099 +05:30 [INF] Executing endpoint 'Portfolio_Management_System.Controllers.AdminController.GetUnreadMessagesCount (Portfolio Management System)'
2026-07-01 00:12:38.100 +05:30 [INF] Route matched with {action = "GetRecentMessages", controller = "Admin"}. Executing controller action with signature System.Threading.Tasks.Task`1[Microsoft.AspNetCore.Mvc.IActionResult] GetRecentMessages() on controller Portfolio_Management_System.Controllers.AdminController (Portfolio Management System).
2026-07-01 00:12:38.100 +05:30 [INF] Route matched with {action = "GetUnreadMessagesCount", controller = "Admin"}. Executing controller action with signature System.Threading.Tasks.Task`1[Microsoft.AspNetCore.Mvc.IActionResult] GetUnreadMessagesCount() on controller Portfolio_Management_System.Controllers.AdminController (Portfolio Management System).
2026-07-01 00:12:38.344 +05:30 [INF] Executing JsonResult, writing value of type 'System.Int32'.
2026-07-01 00:12:38.346 +05:30 [INF] Executed action Portfolio_Management_System.Controllers.AdminController.GetUnreadMessagesCount (Portfolio Management System) in 245.8607ms
2026-07-01 00:12:38.346 +05:30 [INF] Executed endpoint 'Portfolio_Management_System.Controllers.AdminController.GetUnreadMessagesCount (Portfolio Management System)'
2026-07-01 00:12:38.346 +05:30 [INF] HTTP GET /Admin/GetUnreadMessagesCount responded 200 in 265.9247 ms
2026-07-01 00:12:38.348 +05:30 [INF] Request finished HTTP/2 GET https://localhost:44341/Admin/GetUnreadMessagesCount - 200 null application/json; charset=utf-8 267.5724ms
2026-07-01 00:12:38.348 +05:30 [INF] Executing JsonResult, writing value of type 'System.Collections.Generic.List`1[[<>f__AnonymousType18`7[[System.Int32, System.Private.CoreLib, Version=9.0.0.0, Culture=neutral, PublicKeyToken=7cec85d7bea7798e],[System.String, System.Private.CoreLib, Version=9.0.0.0, Culture=neutral, PublicKeyToken=7cec85d7bea7798e],[System.String, System.Private.CoreLib, Version=9.0.0.0, Culture=neutral, PublicKeyToken=7cec85d7bea7798e],[System.String, System.Private.CoreLib, Version=9.0.0.0, Culture=neutral, PublicKeyToken=7cec85d7bea7798e],[System.String, System.Private.CoreLib, Version=9.0.0.0, Culture=neutral, PublicKeyToken=7cec85d7bea7798e],[System.Boolean, System.Private.CoreLib, Version=9.0.0.0, Culture=neutral, PublicKeyToken=7cec85d7bea7798e],[System.DateTime, System.Private.CoreLib, Version=9.0.0.0, Culture=neutral, PublicKeyToken=7cec85d7bea7798e]], Portfolio Management System, Version=1.0.0.0, Culture=neutral, PublicKeyToken=null]]'.
2026-07-01 00:12:38.351 +05:30 [INF] Executed action Portfolio_Management_System.Controllers.AdminController.GetRecentMessages (Portfolio Management System) in 250.9206ms
2026-07-01 00:12:38.351 +05:30 [INF] Executed endpoint 'Portfolio_Management_System.Controllers.AdminController.GetRecentMessages (Portfolio Management System)'
2026-07-01 00:12:38.351 +05:30 [INF] HTTP GET /Admin/GetRecentMessages responded 200 in 270.5020 ms
2026-07-01 00:12:38.352 +05:30 [INF] Request finished HTTP/2 GET https://localhost:44341/Admin/GetRecentMessages - 200 null application/json; charset=utf-8 272.1571ms
2026-07-01 00:13:08.170 +05:30 [INF] Request starting HTTP/2 GET https://localhost:44341/Admin/GetUnreadMessagesCount - null null
2026-07-01 00:13:08.171 +05:30 [INF] Request starting HTTP/2 GET https://localhost:44341/Admin/GetRecentMessages - null null
2026-07-01 00:13:08.175 +05:30 [INF] Executing endpoint 'Portfolio_Management_System.Controllers.AdminController.GetRecentMessages (Portfolio Management System)'
2026-07-01 00:13:08.176 +05:30 [INF] Executing endpoint 'Portfolio_Management_System.Controllers.AdminController.GetUnreadMessagesCount (Portfolio Management System)'
2026-07-01 00:13:08.177 +05:30 [INF] Route matched with {action = "GetRecentMessages", controller = "Admin"}. Executing controller action with signature System.Threading.Tasks.Task`1[Microsoft.AspNetCore.Mvc.IActionResult] GetRecentMessages() on controller Portfolio_Management_System.Controllers.AdminController (Portfolio Management System).
2026-07-01 00:13:08.177 +05:30 [INF] Route matched with {action = "GetUnreadMessagesCount", controller = "Admin"}. Executing controller action with signature System.Threading.Tasks.Task`1[Microsoft.AspNetCore.Mvc.IActionResult] GetUnreadMessagesCount() on controller Portfolio_Management_System.Controllers.AdminController (Portfolio Management System).
2026-07-01 00:13:08.567 +05:30 [INF] Executing JsonResult, writing value of type 'System.Int32'.
2026-07-01 00:13:08.567 +05:30 [INF] Executing JsonResult, writing value of type 'System.Collections.Generic.List`1[[<>f__AnonymousType18`7[[System.Int32, System.Private.CoreLib, Version=9.0.0.0, Culture=neutral, PublicKeyToken=7cec85d7bea7798e],[System.String, System.Private.CoreLib, Version=9.0.0.0, Culture=neutral, PublicKeyToken=7cec85d7bea7798e],[System.String, System.Private.CoreLib, Version=9.0.0.0, Culture=neutral, PublicKeyToken=7cec85d7bea7798e],[System.String, System.Private.CoreLib, Version=9.0.0.0, Culture=neutral, PublicKeyToken=7cec85d7bea7798e],[System.String, System.Private.CoreLib, Version=9.0.0.0, Culture=neutral, PublicKeyToken=7cec85d7bea7798e],[System.Boolean, System.Private.CoreLib, Version=9.0.0.0, Culture=neutral, PublicKeyToken=7cec85d7bea7798e],[System.DateTime, System.Private.CoreLib, Version=9.0.0.0, Culture=neutral, PublicKeyToken=7cec85d7bea7798e]], Portfolio Management System, Version=1.0.0.0, Culture=neutral, PublicKeyToken=null]]'.
2026-07-01 00:13:08.568 +05:30 [INF] Executed action Portfolio_Management_System.Controllers.AdminController.GetRecentMessages (Portfolio Management System) in 391.121ms
2026-07-01 00:13:08.568 +05:30 [INF] Executed action Portfolio_Management_System.Controllers.AdminController.GetUnreadMessagesCount (Portfolio Management System) in 391.0471ms
2026-07-01 00:13:08.570 +05:30 [INF] Executed endpoint 'Portfolio_Management_System.Controllers.AdminController.GetUnreadMessagesCount (Portfolio Management System)'
2026-07-01 00:13:08.570 +05:30 [INF] HTTP GET /Admin/GetUnreadMessagesCount responded 200 in 398.5306 ms
2026-07-01 00:13:08.570 +05:30 [INF] Executed endpoint 'Portfolio_Management_System.Controllers.AdminController.GetRecentMessages (Portfolio Management System)'
2026-07-01 00:13:08.570 +05:30 [INF] HTTP GET /Admin/GetRecentMessages responded 200 in 398.6355 ms
2026-07-01 00:13:08.571 +05:30 [INF] Request finished HTTP/2 GET https://localhost:44341/Admin/GetRecentMessages - 200 null application/json; charset=utf-8 400.4101ms
2026-07-01 00:13:08.570 +05:30 [INF] Request finished HTTP/2 GET https://localhost:44341/Admin/GetUnreadMessagesCount - 200 null application/json; charset=utf-8 399.8447ms
2026-07-01 00:13:38.088 +05:30 [INF] Request starting HTTP/2 GET https://localhost:44341/Admin/GetRecentMessages - null null
2026-07-01 00:13:38.090 +05:30 [INF] Request starting HTTP/2 GET https://localhost:44341/Admin/GetUnreadMessagesCount - null null
2026-07-01 00:13:38.093 +05:30 [INF] Executing endpoint 'Portfolio_Management_System.Controllers.AdminController.GetRecentMessages (Portfolio Management System)'
2026-07-01 00:13:38.094 +05:30 [INF] Executing endpoint 'Portfolio_Management_System.Controllers.AdminController.GetUnreadMessagesCount (Portfolio Management System)'
2026-07-01 00:13:38.096 +05:30 [INF] Route matched with {action = "GetRecentMessages", controller = "Admin"}. Executing controller action with signature System.Threading.Tasks.Task`1[Microsoft.AspNetCore.Mvc.IActionResult] GetRecentMessages() on controller Portfolio_Management_System.Controllers.AdminController (Portfolio Management System).
2026-07-01 00:13:38.096 +05:30 [INF] Route matched with {action = "GetUnreadMessagesCount", controller = "Admin"}. Executing controller action with signature System.Threading.Tasks.Task`1[Microsoft.AspNetCore.Mvc.IActionResult] GetUnreadMessagesCount() on controller Portfolio_Management_System.Controllers.AdminController (Portfolio Management System).
2026-07-01 00:13:40.056 +05:30 [INF] Executing JsonResult, writing value of type 'System.Int32'.
2026-07-01 00:13:40.056 +05:30 [INF] Executing JsonResult, writing value of type 'System.Collections.Generic.List`1[[<>f__AnonymousType18`7[[System.Int32, System.Private.CoreLib, Version=9.0.0.0, Culture=neutral, PublicKeyToken=7cec85d7bea7798e],[System.String, System.Private.CoreLib, Version=9.0.0.0, Culture=neutral, PublicKeyToken=7cec85d7bea7798e],[System.String, System.Private.CoreLib, Version=9.0.0.0, Culture=neutral, PublicKeyToken=7cec85d7bea7798e],[System.String, System.Private.CoreLib, Version=9.0.0.0, Culture=neutral, PublicKeyToken=7cec85d7bea7798e],[System.String, System.Private.CoreLib, Version=9.0.0.0, Culture=neutral, PublicKeyToken=7cec85d7bea7798e],[System.Boolean, System.Private.CoreLib, Version=9.0.0.0, Culture=neutral, PublicKeyToken=7cec85d7bea7798e],[System.DateTime, System.Private.CoreLib, Version=9.0.0.0, Culture=neutral, PublicKeyToken=7cec85d7bea7798e]], Portfolio Management System, Version=1.0.0.0, Culture=neutral, PublicKeyToken=null]]'.
2026-07-01 00:13:40.058 +05:30 [INF] Executed action Portfolio_Management_System.Controllers.AdminController.GetRecentMessages (Portfolio Management System) in 1961.8566ms
2026-07-01 00:13:40.058 +05:30 [INF] Executed action Portfolio_Management_System.Controllers.AdminController.GetUnreadMessagesCount (Portfolio Management System) in 1961.8543ms
2026-07-01 00:13:40.059 +05:30 [INF] Executed endpoint 'Portfolio_Management_System.Controllers.AdminController.GetRecentMessages (Portfolio Management System)'
2026-07-01 00:13:40.059 +05:30 [INF] Executed endpoint 'Portfolio_Management_System.Controllers.AdminController.GetUnreadMessagesCount (Portfolio Management System)'
2026-07-01 00:13:40.059 +05:30 [INF] HTTP GET /Admin/GetRecentMessages responded 200 in 1970.5019 ms
2026-07-01 00:13:40.060 +05:30 [INF] HTTP GET /Admin/GetUnreadMessagesCount responded 200 in 1968.9037 ms
2026-07-01 00:13:40.060 +05:30 [INF] Request finished HTTP/2 GET https://localhost:44341/Admin/GetUnreadMessagesCount - 200 null application/json; charset=utf-8 1971.3461ms
2026-07-01 00:13:40.061 +05:30 [INF] Request finished HTTP/2 GET https://localhost:44341/Admin/GetRecentMessages - 200 null application/json; charset=utf-8 1973.0657ms
2026-07-01 00:14:08.082 +05:30 [INF] Request starting HTTP/2 GET https://localhost:44341/Admin/GetUnreadMessagesCount - null null
2026-07-01 00:14:08.082 +05:30 [INF] Request starting HTTP/2 GET https://localhost:44341/Admin/GetRecentMessages - null null
2026-07-01 00:14:08.084 +05:30 [INF] Executing endpoint 'Portfolio_Management_System.Controllers.AdminController.GetRecentMessages (Portfolio Management System)'
2026-07-01 00:14:08.085 +05:30 [INF] Route matched with {action = "GetRecentMessages", controller = "Admin"}. Executing controller action with signature System.Threading.Tasks.Task`1[Microsoft.AspNetCore.Mvc.IActionResult] GetRecentMessages() on controller Portfolio_Management_System.Controllers.AdminController (Portfolio Management System).
2026-07-01 00:14:08.085 +05:30 [INF] Executing endpoint 'Portfolio_Management_System.Controllers.AdminController.GetUnreadMessagesCount (Portfolio Management System)'
2026-07-01 00:14:08.086 +05:30 [INF] Route matched with {action = "GetUnreadMessagesCount", controller = "Admin"}. Executing controller action with signature System.Threading.Tasks.Task`1[Microsoft.AspNetCore.Mvc.IActionResult] GetUnreadMessagesCount() on controller Portfolio_Management_System.Controllers.AdminController (Portfolio Management System).
2026-07-01 00:14:08.327 +05:30 [INF] Executing JsonResult, writing value of type 'System.Collections.Generic.List`1[[<>f__AnonymousType18`7[[System.Int32, System.Private.CoreLib, Version=9.0.0.0, Culture=neutral, PublicKeyToken=7cec85d7bea7798e],[System.String, System.Private.CoreLib, Version=9.0.0.0, Culture=neutral, PublicKeyToken=7cec85d7bea7798e],[System.String, System.Private.CoreLib, Version=9.0.0.0, Culture=neutral, PublicKeyToken=7cec85d7bea7798e],[System.String, System.Private.CoreLib, Version=9.0.0.0, Culture=neutral, PublicKeyToken=7cec85d7bea7798e],[System.String, System.Private.CoreLib, Version=9.0.0.0, Culture=neutral, PublicKeyToken=7cec85d7bea7798e],[System.Boolean, System.Private.CoreLib, Version=9.0.0.0, Culture=neutral, PublicKeyToken=7cec85d7bea7798e],[System.DateTime, System.Private.CoreLib, Version=9.0.0.0, Culture=neutral, PublicKeyToken=7cec85d7bea7798e]], Portfolio Management System, Version=1.0.0.0, Culture=neutral, PublicKeyToken=null]]'.
2026-07-01 00:14:08.329 +05:30 [INF] Executing JsonResult, writing value of type 'System.Int32'.
2026-07-01 00:14:08.331 +05:30 [INF] Executed action Portfolio_Management_System.Controllers.AdminController.GetRecentMessages (Portfolio Management System) in 246.644ms
2026-07-01 00:14:08.332 +05:30 [INF] Executed endpoint 'Portfolio_Management_System.Controllers.AdminController.GetRecentMessages (Portfolio Management System)'
2026-07-01 00:14:08.333 +05:30 [INF] HTTP GET /Admin/GetRecentMessages responded 200 in 249.4341 ms
2026-07-01 00:14:08.334 +05:30 [INF] Request finished HTTP/2 GET https://localhost:44341/Admin/GetRecentMessages - 200 null application/json; charset=utf-8 251.2844ms
2026-07-01 00:14:08.334 +05:30 [INF] Executed action Portfolio_Management_System.Controllers.AdminController.GetUnreadMessagesCount (Portfolio Management System) in 248.5371ms
2026-07-01 00:14:08.335 +05:30 [INF] Executed endpoint 'Portfolio_Management_System.Controllers.AdminController.GetUnreadMessagesCount (Portfolio Management System)'
2026-07-01 00:14:08.335 +05:30 [INF] HTTP GET /Admin/GetUnreadMessagesCount responded 200 in 251.8103 ms
2026-07-01 00:14:08.336 +05:30 [INF] Request finished HTTP/2 GET https://localhost:44341/Admin/GetUnreadMessagesCount - 200 null application/json; charset=utf-8 254.7004ms
2026-07-01 00:14:38.080 +05:30 [INF] Request starting HTTP/2 GET https://localhost:44341/Admin/GetUnreadMessagesCount - null null
2026-07-01 00:14:38.080 +05:30 [INF] Request starting HTTP/2 GET https://localhost:44341/Admin/GetRecentMessages - null null
2026-07-01 00:14:38.081 +05:30 [INF] Executing endpoint 'Portfolio_Management_System.Controllers.AdminController.GetRecentMessages (Portfolio Management System)'
2026-07-01 00:14:38.082 +05:30 [INF] Route matched with {action = "GetRecentMessages", controller = "Admin"}. Executing controller action with signature System.Threading.Tasks.Task`1[Microsoft.AspNetCore.Mvc.IActionResult] GetRecentMessages() on controller Portfolio_Management_System.Controllers.AdminController (Portfolio Management System).
2026-07-01 00:14:38.082 +05:30 [INF] Executing endpoint 'Portfolio_Management_System.Controllers.AdminController.GetUnreadMessagesCount (Portfolio Management System)'
2026-07-01 00:14:38.082 +05:30 [INF] Route matched with {action = "GetUnreadMessagesCount", controller = "Admin"}. Executing controller action with signature System.Threading.Tasks.Task`1[Microsoft.AspNetCore.Mvc.IActionResult] GetUnreadMessagesCount() on controller Portfolio_Management_System.Controllers.AdminController (Portfolio Management System).
2026-07-01 00:14:38.529 +05:30 [INF] Executing JsonResult, writing value of type 'System.Int32'.
2026-07-01 00:14:38.530 +05:30 [INF] Executed action Portfolio_Management_System.Controllers.AdminController.GetUnreadMessagesCount (Portfolio Management System) in 446.1576ms
2026-07-01 00:14:38.530 +05:30 [INF] Executed endpoint 'Portfolio_Management_System.Controllers.AdminController.GetUnreadMessagesCount (Portfolio Management System)'
2026-07-01 00:14:38.530 +05:30 [INF] HTTP GET /Admin/GetUnreadMessagesCount responded 200 in 449.8126 ms
2026-07-01 00:14:38.539 +05:30 [INF] Request finished HTTP/2 GET https://localhost:44341/Admin/GetUnreadMessagesCount - 200 null application/json; charset=utf-8 459.334ms
2026-07-01 00:14:38.540 +05:30 [INF] Executing JsonResult, writing value of type 'System.Collections.Generic.List`1[[<>f__AnonymousType18`7[[System.Int32, System.Private.CoreLib, Version=9.0.0.0, Culture=neutral, PublicKeyToken=7cec85d7bea7798e],[System.String, System.Private.CoreLib, Version=9.0.0.0, Culture=neutral, PublicKeyToken=7cec85d7bea7798e],[System.String, System.Private.CoreLib, Version=9.0.0.0, Culture=neutral, PublicKeyToken=7cec85d7bea7798e],[System.String, System.Private.CoreLib, Version=9.0.0.0, Culture=neutral, PublicKeyToken=7cec85d7bea7798e],[System.String, System.Private.CoreLib, Version=9.0.0.0, Culture=neutral, PublicKeyToken=7cec85d7bea7798e],[System.Boolean, System.Private.CoreLib, Version=9.0.0.0, Culture=neutral, PublicKeyToken=7cec85d7bea7798e],[System.DateTime, System.Private.CoreLib, Version=9.0.0.0, Culture=neutral, PublicKeyToken=7cec85d7bea7798e]], Portfolio Management System, Version=1.0.0.0, Culture=neutral, PublicKeyToken=null]]'.
2026-07-01 00:14:38.541 +05:30 [INF] Executed action Portfolio_Management_System.Controllers.AdminController.GetRecentMessages (Portfolio Management System) in 458.7246ms
2026-07-01 00:14:38.541 +05:30 [INF] Executed endpoint 'Portfolio_Management_System.Controllers.AdminController.GetRecentMessages (Portfolio Management System)'
2026-07-01 00:14:38.541 +05:30 [INF] HTTP GET /Admin/GetRecentMessages responded 200 in 460.3557 ms
2026-07-01 00:14:38.544 +05:30 [INF] Request finished HTTP/2 GET https://localhost:44341/Admin/GetRecentMessages - 200 null application/json; charset=utf-8 464.0688ms
2026-07-01 00:15:08.092 +05:30 [INF] Request starting HTTP/2 GET https://localhost:44341/Admin/GetRecentMessages - null null
2026-07-01 00:15:08.092 +05:30 [INF] Request starting HTTP/2 GET https://localhost:44341/Admin/GetUnreadMessagesCount - null null
2026-07-01 00:15:08.093 +05:30 [INF] Executing endpoint 'Portfolio_Management_System.Controllers.AdminController.GetUnreadMessagesCount (Portfolio Management System)'
2026-07-01 00:15:08.093 +05:30 [INF] Executing endpoint 'Portfolio_Management_System.Controllers.AdminController.GetRecentMessages (Portfolio Management System)'
2026-07-01 00:15:08.093 +05:30 [INF] Route matched with {action = "GetUnreadMessagesCount", controller = "Admin"}. Executing controller action with signature System.Threading.Tasks.Task`1[Microsoft.AspNetCore.Mvc.IActionResult] GetUnreadMessagesCount() on controller Portfolio_Management_System.Controllers.AdminController (Portfolio Management System).
2026-07-01 00:15:08.093 +05:30 [INF] Route matched with {action = "GetRecentMessages", controller = "Admin"}. Executing controller action with signature System.Threading.Tasks.Task`1[Microsoft.AspNetCore.Mvc.IActionResult] GetRecentMessages() on controller Portfolio_Management_System.Controllers.AdminController (Portfolio Management System).
2026-07-01 00:15:08.734 +05:30 [INF] Executing JsonResult, writing value of type 'System.Int32'.
2026-07-01 00:15:08.749 +05:30 [INF] Executed action Portfolio_Management_System.Controllers.AdminController.GetUnreadMessagesCount (Portfolio Management System) in 656.1484ms
2026-07-01 00:15:08.749 +05:30 [INF] Executed endpoint 'Portfolio_Management_System.Controllers.AdminController.GetUnreadMessagesCount (Portfolio Management System)'
2026-07-01 00:15:08.761 +05:30 [INF] Executing JsonResult, writing value of type 'System.Collections.Generic.List`1[[<>f__AnonymousType18`7[[System.Int32, System.Private.CoreLib, Version=9.0.0.0, Culture=neutral, PublicKeyToken=7cec85d7bea7798e],[System.String, System.Private.CoreLib, Version=9.0.0.0, Culture=neutral, PublicKeyToken=7cec85d7bea7798e],[System.String, System.Private.CoreLib, Version=9.0.0.0, Culture=neutral, PublicKeyToken=7cec85d7bea7798e],[System.String, System.Private.CoreLib, Version=9.0.0.0, Culture=neutral, PublicKeyToken=7cec85d7bea7798e],[System.String, System.Private.CoreLib, Version=9.0.0.0, Culture=neutral, PublicKeyToken=7cec85d7bea7798e],[System.Boolean, System.Private.CoreLib, Version=9.0.0.0, Culture=neutral, PublicKeyToken=7cec85d7bea7798e],[System.DateTime, System.Private.CoreLib, Version=9.0.0.0, Culture=neutral, PublicKeyToken=7cec85d7bea7798e]], Portfolio Management System, Version=1.0.0.0, Culture=neutral, PublicKeyToken=null]]'.
2026-07-01 00:15:08.761 +05:30 [INF] Executed action Portfolio_Management_System.Controllers.AdminController.GetRecentMessages (Portfolio Management System) in 668.2656ms
2026-07-01 00:15:08.761 +05:30 [INF] HTTP GET /Admin/GetUnreadMessagesCount responded 200 in 668.8994 ms
2026-07-01 00:15:08.761 +05:30 [INF] Executed endpoint 'Portfolio_Management_System.Controllers.AdminController.GetRecentMessages (Portfolio Management System)'
2026-07-01 00:15:08.762 +05:30 [INF] HTTP GET /Admin/GetRecentMessages responded 200 in 669.0903 ms
2026-07-01 00:15:08.762 +05:30 [INF] Request finished HTTP/2 GET https://localhost:44341/Admin/GetUnreadMessagesCount - 200 null application/json; charset=utf-8 669.3881ms
2026-07-01 00:15:08.762 +05:30 [INF] Request finished HTTP/2 GET https://localhost:44341/Admin/GetRecentMessages - 200 null application/json; charset=utf-8 670.0057ms
2026-07-01 00:15:38.081 +05:30 [INF] Request starting HTTP/2 GET https://localhost:44341/Admin/GetRecentMessages - null null
2026-07-01 00:15:38.081 +05:30 [INF] Request starting HTTP/2 GET https://localhost:44341/Admin/GetUnreadMessagesCount - null null
2026-07-01 00:15:38.082 +05:30 [INF] Executing endpoint 'Portfolio_Management_System.Controllers.AdminController.GetUnreadMessagesCount (Portfolio Management System)'
2026-07-01 00:15:38.082 +05:30 [INF] Executing endpoint 'Portfolio_Management_System.Controllers.AdminController.GetRecentMessages (Portfolio Management System)'
2026-07-01 00:15:38.082 +05:30 [INF] Route matched with {action = "GetUnreadMessagesCount", controller = "Admin"}. Executing controller action with signature System.Threading.Tasks.Task`1[Microsoft.AspNetCore.Mvc.IActionResult] GetUnreadMessagesCount() on controller Portfolio_Management_System.Controllers.AdminController (Portfolio Management System).
2026-07-01 00:15:38.082 +05:30 [INF] Route matched with {action = "GetRecentMessages", controller = "Admin"}. Executing controller action with signature System.Threading.Tasks.Task`1[Microsoft.AspNetCore.Mvc.IActionResult] GetRecentMessages() on controller Portfolio_Management_System.Controllers.AdminController (Portfolio Management System).
2026-07-01 00:15:38.432 +05:30 [INF] Executing JsonResult, writing value of type 'System.Int32'.
2026-07-01 00:15:38.433 +05:30 [INF] Executed action Portfolio_Management_System.Controllers.AdminController.GetUnreadMessagesCount (Portfolio Management System) in 350.4949ms
2026-07-01 00:15:38.433 +05:30 [INF] Executed endpoint 'Portfolio_Management_System.Controllers.AdminController.GetUnreadMessagesCount (Portfolio Management System)'
2026-07-01 00:15:38.434 +05:30 [INF] HTTP GET /Admin/GetUnreadMessagesCount responded 200 in 351.6605 ms
2026-07-01 00:15:38.434 +05:30 [INF] Executing JsonResult, writing value of type 'System.Collections.Generic.List`1[[<>f__AnonymousType18`7[[System.Int32, System.Private.CoreLib, Version=9.0.0.0, Culture=neutral, PublicKeyToken=7cec85d7bea7798e],[System.String, System.Private.CoreLib, Version=9.0.0.0, Culture=neutral, PublicKeyToken=7cec85d7bea7798e],[System.String, System.Private.CoreLib, Version=9.0.0.0, Culture=neutral, PublicKeyToken=7cec85d7bea7798e],[System.String, System.Private.CoreLib, Version=9.0.0.0, Culture=neutral, PublicKeyToken=7cec85d7bea7798e],[System.String, System.Private.CoreLib, Version=9.0.0.0, Culture=neutral, PublicKeyToken=7cec85d7bea7798e],[System.Boolean, System.Private.CoreLib, Version=9.0.0.0, Culture=neutral, PublicKeyToken=7cec85d7bea7798e],[System.DateTime, System.Private.CoreLib, Version=9.0.0.0, Culture=neutral, PublicKeyToken=7cec85d7bea7798e]], Portfolio Management System, Version=1.0.0.0, Culture=neutral, PublicKeyToken=null]]'.
2026-07-01 00:15:38.435 +05:30 [INF] Executed action Portfolio_Management_System.Controllers.AdminController.GetRecentMessages (Portfolio Management System) in 352.2969ms
2026-07-01 00:15:38.435 +05:30 [INF] Executed endpoint 'Portfolio_Management_System.Controllers.AdminController.GetRecentMessages (Portfolio Management System)'
2026-07-01 00:15:38.435 +05:30 [INF] HTTP GET /Admin/GetRecentMessages responded 200 in 353.2633 ms
2026-07-01 00:15:38.436 +05:30 [INF] Request finished HTTP/2 GET https://localhost:44341/Admin/GetUnreadMessagesCount - 200 null application/json; charset=utf-8 354.4466ms
2026-07-01 00:15:38.460 +05:30 [INF] Request finished HTTP/2 GET https://localhost:44341/Admin/GetRecentMessages - 200 null application/json; charset=utf-8 378.4146ms
2026-07-01 00:16:08.084 +05:30 [INF] Request starting HTTP/2 GET https://localhost:44341/Admin/GetRecentMessages - null null
2026-07-01 00:16:08.084 +05:30 [INF] Request starting HTTP/2 GET https://localhost:44341/Admin/GetUnreadMessagesCount - null null
2026-07-01 00:16:08.085 +05:30 [INF] Executing endpoint 'Portfolio_Management_System.Controllers.AdminController.GetUnreadMessagesCount (Portfolio Management System)'
2026-07-01 00:16:08.085 +05:30 [INF] Executing endpoint 'Portfolio_Management_System.Controllers.AdminController.GetRecentMessages (Portfolio Management System)'
2026-07-01 00:16:08.085 +05:30 [INF] Route matched with {action = "GetUnreadMessagesCount", controller = "Admin"}. Executing controller action with signature System.Threading.Tasks.Task`1[Microsoft.AspNetCore.Mvc.IActionResult] GetUnreadMessagesCount() on controller Portfolio_Management_System.Controllers.AdminController (Portfolio Management System).
2026-07-01 00:16:08.085 +05:30 [INF] Route matched with {action = "GetRecentMessages", controller = "Admin"}. Executing controller action with signature System.Threading.Tasks.Task`1[Microsoft.AspNetCore.Mvc.IActionResult] GetRecentMessages() on controller Portfolio_Management_System.Controllers.AdminController (Portfolio Management System).
2026-07-01 00:16:08.885 +05:30 [INF] Executing JsonResult, writing value of type 'System.Int32'.
2026-07-01 00:16:08.886 +05:30 [INF] Executed action Portfolio_Management_System.Controllers.AdminController.GetUnreadMessagesCount (Portfolio Management System) in 800.7485ms
2026-07-01 00:16:08.886 +05:30 [INF] Executed endpoint 'Portfolio_Management_System.Controllers.AdminController.GetUnreadMessagesCount (Portfolio Management System)'
2026-07-01 00:16:08.886 +05:30 [INF] HTTP GET /Admin/GetUnreadMessagesCount responded 200 in 801.7655 ms
2026-07-01 00:16:08.886 +05:30 [INF] Executing JsonResult, writing value of type 'System.Collections.Generic.List`1[[<>f__AnonymousType18`7[[System.Int32, System.Private.CoreLib, Version=9.0.0.0, Culture=neutral, PublicKeyToken=7cec85d7bea7798e],[System.String, System.Private.CoreLib, Version=9.0.0.0, Culture=neutral, PublicKeyToken=7cec85d7bea7798e],[System.String, System.Private.CoreLib, Version=9.0.0.0, Culture=neutral, PublicKeyToken=7cec85d7bea7798e],[System.String, System.Private.CoreLib, Version=9.0.0.0, Culture=neutral, PublicKeyToken=7cec85d7bea7798e],[System.String, System.Private.CoreLib, Version=9.0.0.0, Culture=neutral, PublicKeyToken=7cec85d7bea7798e],[System.Boolean, System.Private.CoreLib, Version=9.0.0.0, Culture=neutral, PublicKeyToken=7cec85d7bea7798e],[System.DateTime, System.Private.CoreLib, Version=9.0.0.0, Culture=neutral, PublicKeyToken=7cec85d7bea7798e]], Portfolio Management System, Version=1.0.0.0, Culture=neutral, PublicKeyToken=null]]'.
2026-07-01 00:16:08.888 +05:30 [INF] Request finished HTTP/2 GET https://localhost:44341/Admin/GetUnreadMessagesCount - 200 null application/json; charset=utf-8 803.8841ms
2026-07-01 00:16:08.888 +05:30 [INF] Executed action Portfolio_Management_System.Controllers.AdminController.GetRecentMessages (Portfolio Management System) in 803.3365ms
2026-07-01 00:16:08.889 +05:30 [INF] Executed endpoint 'Portfolio_Management_System.Controllers.AdminController.GetRecentMessages (Portfolio Management System)'
2026-07-01 00:16:08.890 +05:30 [INF] HTTP GET /Admin/GetRecentMessages responded 200 in 805.5901 ms
2026-07-01 00:16:08.891 +05:30 [INF] Request finished HTTP/2 GET https://localhost:44341/Admin/GetRecentMessages - 200 null application/json; charset=utf-8 806.7785ms
2026-07-01 00:16:38.091 +05:30 [INF] Request starting HTTP/2 GET https://localhost:44341/Admin/GetRecentMessages - null null
2026-07-01 00:16:38.094 +05:30 [INF] Request starting HTTP/2 GET https://localhost:44341/Admin/GetUnreadMessagesCount - null null
2026-07-01 00:16:38.094 +05:30 [INF] Executing endpoint 'Portfolio_Management_System.Controllers.AdminController.GetRecentMessages (Portfolio Management System)'
2026-07-01 00:16:38.131 +05:30 [INF] Route matched with {action = "GetRecentMessages", controller = "Admin"}. Executing controller action with signature System.Threading.Tasks.Task`1[Microsoft.AspNetCore.Mvc.IActionResult] GetRecentMessages() on controller Portfolio_Management_System.Controllers.AdminController (Portfolio Management System).
2026-07-01 00:16:38.131 +05:30 [INF] Executing endpoint 'Portfolio_Management_System.Controllers.AdminController.GetUnreadMessagesCount (Portfolio Management System)'
2026-07-01 00:16:38.162 +05:30 [INF] Route matched with {action = "GetUnreadMessagesCount", controller = "Admin"}. Executing controller action with signature System.Threading.Tasks.Task`1[Microsoft.AspNetCore.Mvc.IActionResult] GetUnreadMessagesCount() on controller Portfolio_Management_System.Controllers.AdminController (Portfolio Management System).
2026-07-01 00:16:38.642 +05:30 [INF] Executing JsonResult, writing value of type 'System.Int32'.
2026-07-01 00:16:38.642 +05:30 [INF] Executing JsonResult, writing value of type 'System.Collections.Generic.List`1[[<>f__AnonymousType18`7[[System.Int32, System.Private.CoreLib, Version=9.0.0.0, Culture=neutral, PublicKeyToken=7cec85d7bea7798e],[System.String, System.Private.CoreLib, Version=9.0.0.0, Culture=neutral, PublicKeyToken=7cec85d7bea7798e],[System.String, System.Private.CoreLib, Version=9.0.0.0, Culture=neutral, PublicKeyToken=7cec85d7bea7798e],[System.String, System.Private.CoreLib, Version=9.0.0.0, Culture=neutral, PublicKeyToken=7cec85d7bea7798e],[System.String, System.Private.CoreLib, Version=9.0.0.0, Culture=neutral, PublicKeyToken=7cec85d7bea7798e],[System.Boolean, System.Private.CoreLib, Version=9.0.0.0, Culture=neutral, PublicKeyToken=7cec85d7bea7798e],[System.DateTime, System.Private.CoreLib, Version=9.0.0.0, Culture=neutral, PublicKeyToken=7cec85d7bea7798e]], Portfolio Management System, Version=1.0.0.0, Culture=neutral, PublicKeyToken=null]]'.
2026-07-01 00:16:38.644 +05:30 [INF] Executed action Portfolio_Management_System.Controllers.AdminController.GetRecentMessages (Portfolio Management System) in 512.4259ms
2026-07-01 00:16:38.644 +05:30 [INF] Executed endpoint 'Portfolio_Management_System.Controllers.AdminController.GetRecentMessages (Portfolio Management System)'
2026-07-01 00:16:38.644 +05:30 [INF] Executed action Portfolio_Management_System.Controllers.AdminController.GetUnreadMessagesCount (Portfolio Management System) in 480.7423ms
2026-07-01 00:16:38.644 +05:30 [INF] Executed endpoint 'Portfolio_Management_System.Controllers.AdminController.GetUnreadMessagesCount (Portfolio Management System)'
2026-07-01 00:16:38.644 +05:30 [INF] HTTP GET /Admin/GetRecentMessages responded 200 in 552.8554 ms
2026-07-01 00:16:38.644 +05:30 [INF] HTTP GET /Admin/GetUnreadMessagesCount responded 200 in 548.9053 ms
2026-07-01 00:16:38.645 +05:30 [INF] Request finished HTTP/2 GET https://localhost:44341/Admin/GetRecentMessages - 200 null application/json; charset=utf-8 554.4965ms
2026-07-01 00:16:38.648 +05:30 [INF] Request finished HTTP/2 GET https://localhost:44341/Admin/GetUnreadMessagesCount - 200 null application/json; charset=utf-8 554.3701ms
2026-07-01 00:17:08.082 +05:30 [INF] Request starting HTTP/2 GET https://localhost:44341/Admin/GetRecentMessages - null null
2026-07-01 00:17:08.083 +05:30 [INF] Executing endpoint 'Portfolio_Management_System.Controllers.AdminController.GetRecentMessages (Portfolio Management System)'
2026-07-01 00:17:08.084 +05:30 [INF] Route matched with {action = "GetRecentMessages", controller = "Admin"}. Executing controller action with signature System.Threading.Tasks.Task`1[Microsoft.AspNetCore.Mvc.IActionResult] GetRecentMessages() on controller Portfolio_Management_System.Controllers.AdminController (Portfolio Management System).
2026-07-01 00:17:08.146 +05:30 [INF] Request starting HTTP/2 GET https://localhost:44341/Admin/GetUnreadMessagesCount - null null
2026-07-01 00:17:08.147 +05:30 [INF] Executing endpoint 'Portfolio_Management_System.Controllers.AdminController.GetUnreadMessagesCount (Portfolio Management System)'
2026-07-01 00:17:08.148 +05:30 [INF] Route matched with {action = "GetUnreadMessagesCount", controller = "Admin"}. Executing controller action with signature System.Threading.Tasks.Task`1[Microsoft.AspNetCore.Mvc.IActionResult] GetUnreadMessagesCount() on controller Portfolio_Management_System.Controllers.AdminController (Portfolio Management System).
2026-07-01 00:17:08.855 +05:30 [INF] Executing JsonResult, writing value of type 'System.Int32'.
2026-07-01 00:17:08.855 +05:30 [INF] Executing JsonResult, writing value of type 'System.Collections.Generic.List`1[[<>f__AnonymousType18`7[[System.Int32, System.Private.CoreLib, Version=9.0.0.0, Culture=neutral, PublicKeyToken=7cec85d7bea7798e],[System.String, System.Private.CoreLib, Version=9.0.0.0, Culture=neutral, PublicKeyToken=7cec85d7bea7798e],[System.String, System.Private.CoreLib, Version=9.0.0.0, Culture=neutral, PublicKeyToken=7cec85d7bea7798e],[System.String, System.Private.CoreLib, Version=9.0.0.0, Culture=neutral, PublicKeyToken=7cec85d7bea7798e],[System.String, System.Private.CoreLib, Version=9.0.0.0, Culture=neutral, PublicKeyToken=7cec85d7bea7798e],[System.Boolean, System.Private.CoreLib, Version=9.0.0.0, Culture=neutral, PublicKeyToken=7cec85d7bea7798e],[System.DateTime, System.Private.CoreLib, Version=9.0.0.0, Culture=neutral, PublicKeyToken=7cec85d7bea7798e]], Portfolio Management System, Version=1.0.0.0, Culture=neutral, PublicKeyToken=null]]'.
2026-07-01 00:17:08.856 +05:30 [INF] Executed action Portfolio_Management_System.Controllers.AdminController.GetRecentMessages (Portfolio Management System) in 771.956ms
2026-07-01 00:17:08.856 +05:30 [INF] Executed endpoint 'Portfolio_Management_System.Controllers.AdminController.GetRecentMessages (Portfolio Management System)'
2026-07-01 00:17:08.861 +05:30 [INF] HTTP GET /Admin/GetRecentMessages responded 200 in 774.2711 ms
2026-07-01 00:17:08.863 +05:30 [INF] Executed action Portfolio_Management_System.Controllers.AdminController.GetUnreadMessagesCount (Portfolio Management System) in 708.8933ms
2026-07-01 00:17:08.863 +05:30 [INF] Request finished HTTP/2 GET https://localhost:44341/Admin/GetRecentMessages - 200 null application/json; charset=utf-8 781.8395ms
2026-07-01 00:17:08.863 +05:30 [INF] Executed endpoint 'Portfolio_Management_System.Controllers.AdminController.GetUnreadMessagesCount (Portfolio Management System)'
2026-07-01 00:17:08.863 +05:30 [INF] HTTP GET /Admin/GetUnreadMessagesCount responded 200 in 716.2290 ms
2026-07-01 00:17:08.864 +05:30 [INF] Request finished HTTP/2 GET https://localhost:44341/Admin/GetUnreadMessagesCount - 200 null application/json; charset=utf-8 782.9387ms
2026-07-01 00:17:38.076 +05:30 [INF] Request starting HTTP/2 GET https://localhost:44341/Admin/GetUnreadMessagesCount - null null
2026-07-01 00:17:38.076 +05:30 [INF] Request starting HTTP/2 GET https://localhost:44341/Admin/GetRecentMessages - null null
2026-07-01 00:17:38.077 +05:30 [INF] Executing endpoint 'Portfolio_Management_System.Controllers.AdminController.GetUnreadMessagesCount (Portfolio Management System)'
2026-07-01 00:17:38.079 +05:30 [INF] Route matched with {action = "GetUnreadMessagesCount", controller = "Admin"}. Executing controller action with signature System.Threading.Tasks.Task`1[Microsoft.AspNetCore.Mvc.IActionResult] GetUnreadMessagesCount() on controller Portfolio_Management_System.Controllers.AdminController (Portfolio Management System).
2026-07-01 00:17:38.166 +05:30 [INF] Executing endpoint 'Portfolio_Management_System.Controllers.AdminController.GetRecentMessages (Portfolio Management System)'
2026-07-01 00:17:38.166 +05:30 [INF] Route matched with {action = "GetRecentMessages", controller = "Admin"}. Executing controller action with signature System.Threading.Tasks.Task`1[Microsoft.AspNetCore.Mvc.IActionResult] GetRecentMessages() on controller Portfolio_Management_System.Controllers.AdminController (Portfolio Management System).
2026-07-01 00:17:38.375 +05:30 [INF] Executing JsonResult, writing value of type 'System.Collections.Generic.List`1[[<>f__AnonymousType18`7[[System.Int32, System.Private.CoreLib, Version=9.0.0.0, Culture=neutral, PublicKeyToken=7cec85d7bea7798e],[System.String, System.Private.CoreLib, Version=9.0.0.0, Culture=neutral, PublicKeyToken=7cec85d7bea7798e],[System.String, System.Private.CoreLib, Version=9.0.0.0, Culture=neutral, PublicKeyToken=7cec85d7bea7798e],[System.String, System.Private.CoreLib, Version=9.0.0.0, Culture=neutral, PublicKeyToken=7cec85d7bea7798e],[System.String, System.Private.CoreLib, Version=9.0.0.0, Culture=neutral, PublicKeyToken=7cec85d7bea7798e],[System.Boolean, System.Private.CoreLib, Version=9.0.0.0, Culture=neutral, PublicKeyToken=7cec85d7bea7798e],[System.DateTime, System.Private.CoreLib, Version=9.0.0.0, Culture=neutral, PublicKeyToken=7cec85d7bea7798e]], Portfolio Management System, Version=1.0.0.0, Culture=neutral, PublicKeyToken=null]]'.
2026-07-01 00:17:38.376 +05:30 [INF] Executed action Portfolio_Management_System.Controllers.AdminController.GetRecentMessages (Portfolio Management System) in 209.5611ms
2026-07-01 00:17:38.376 +05:30 [INF] Executed endpoint 'Portfolio_Management_System.Controllers.AdminController.GetRecentMessages (Portfolio Management System)'
2026-07-01 00:17:38.377 +05:30 [INF] HTTP GET /Admin/GetRecentMessages responded 200 in 211.2210 ms
2026-07-01 00:17:38.378 +05:30 [INF] Request finished HTTP/2 GET https://localhost:44341/Admin/GetRecentMessages - 200 null application/json; charset=utf-8 301.684ms
2026-07-01 00:17:38.472 +05:30 [INF] Executing JsonResult, writing value of type 'System.Int32'.
2026-07-01 00:17:38.473 +05:30 [INF] Executed action Portfolio_Management_System.Controllers.AdminController.GetUnreadMessagesCount (Portfolio Management System) in 392.6783ms
2026-07-01 00:17:38.473 +05:30 [INF] Executed endpoint 'Portfolio_Management_System.Controllers.AdminController.GetUnreadMessagesCount (Portfolio Management System)'
2026-07-01 00:17:38.473 +05:30 [INF] HTTP GET /Admin/GetUnreadMessagesCount responded 200 in 396.5117 ms
2026-07-01 00:17:38.474 +05:30 [INF] Request finished HTTP/2 GET https://localhost:44341/Admin/GetUnreadMessagesCount - 200 null application/json; charset=utf-8 398.3707ms
2026-07-01 00:18:08.105 +05:30 [INF] Request starting HTTP/2 GET https://localhost:44341/Admin/GetUnreadMessagesCount - null null
2026-07-01 00:18:08.106 +05:30 [INF] Request starting HTTP/2 GET https://localhost:44341/Admin/GetRecentMessages - null null
2026-07-01 00:18:08.106 +05:30 [INF] Executing endpoint 'Portfolio_Management_System.Controllers.AdminController.GetUnreadMessagesCount (Portfolio Management System)'
2026-07-01 00:18:08.107 +05:30 [INF] Executing endpoint 'Portfolio_Management_System.Controllers.AdminController.GetRecentMessages (Portfolio Management System)'
2026-07-01 00:18:08.107 +05:30 [INF] Route matched with {action = "GetUnreadMessagesCount", controller = "Admin"}. Executing controller action with signature System.Threading.Tasks.Task`1[Microsoft.AspNetCore.Mvc.IActionResult] GetUnreadMessagesCount() on controller Portfolio_Management_System.Controllers.AdminController (Portfolio Management System).
2026-07-01 00:18:08.107 +05:30 [INF] Route matched with {action = "GetRecentMessages", controller = "Admin"}. Executing controller action with signature System.Threading.Tasks.Task`1[Microsoft.AspNetCore.Mvc.IActionResult] GetRecentMessages() on controller Portfolio_Management_System.Controllers.AdminController (Portfolio Management System).
2026-07-01 00:18:09.266 +05:30 [INF] Executing JsonResult, writing value of type 'System.Int32'.
2026-07-01 00:18:09.266 +05:30 [INF] Executed action Portfolio_Management_System.Controllers.AdminController.GetUnreadMessagesCount (Portfolio Management System) in 1154.2238ms
2026-07-01 00:18:09.267 +05:30 [INF] Executed endpoint 'Portfolio_Management_System.Controllers.AdminController.GetUnreadMessagesCount (Portfolio Management System)'
2026-07-01 00:18:09.267 +05:30 [INF] HTTP GET /Admin/GetUnreadMessagesCount responded 200 in 1161.0357 ms
2026-07-01 00:18:09.267 +05:30 [INF] Request finished HTTP/2 GET https://localhost:44341/Admin/GetUnreadMessagesCount - 200 null application/json; charset=utf-8 1164.1529ms
2026-07-01 00:18:10.394 +05:30 [INF] Executing JsonResult, writing value of type 'System.Collections.Generic.List`1[[<>f__AnonymousType18`7[[System.Int32, System.Private.CoreLib, Version=9.0.0.0, Culture=neutral, PublicKeyToken=7cec85d7bea7798e],[System.String, System.Private.CoreLib, Version=9.0.0.0, Culture=neutral, PublicKeyToken=7cec85d7bea7798e],[System.String, System.Private.CoreLib, Version=9.0.0.0, Culture=neutral, PublicKeyToken=7cec85d7bea7798e],[System.String, System.Private.CoreLib, Version=9.0.0.0, Culture=neutral, PublicKeyToken=7cec85d7bea7798e],[System.String, System.Private.CoreLib, Version=9.0.0.0, Culture=neutral, PublicKeyToken=7cec85d7bea7798e],[System.Boolean, System.Private.CoreLib, Version=9.0.0.0, Culture=neutral, PublicKeyToken=7cec85d7bea7798e],[System.DateTime, System.Private.CoreLib, Version=9.0.0.0, Culture=neutral, PublicKeyToken=7cec85d7bea7798e]], Portfolio Management System, Version=1.0.0.0, Culture=neutral, PublicKeyToken=null]]'.
2026-07-01 00:18:10.394 +05:30 [INF] Executed action Portfolio_Management_System.Controllers.AdminController.GetRecentMessages (Portfolio Management System) in 2287.4157ms
2026-07-01 00:18:10.394 +05:30 [INF] Executed endpoint 'Portfolio_Management_System.Controllers.AdminController.GetRecentMessages (Portfolio Management System)'
2026-07-01 00:18:10.395 +05:30 [INF] HTTP GET /Admin/GetRecentMessages responded 200 in 2288.2929 ms
2026-07-01 00:18:10.395 +05:30 [INF] Request finished HTTP/2 GET https://localhost:44341/Admin/GetRecentMessages - 200 null application/json; charset=utf-8 2288.8457ms
2026-07-01 00:18:38.075 +05:30 [INF] Request starting HTTP/2 GET https://localhost:44341/Admin/GetUnreadMessagesCount - null null
2026-07-01 00:18:38.075 +05:30 [INF] Request starting HTTP/2 GET https://localhost:44341/Admin/GetRecentMessages - null null
2026-07-01 00:18:38.076 +05:30 [INF] Executing endpoint 'Portfolio_Management_System.Controllers.AdminController.GetRecentMessages (Portfolio Management System)'
2026-07-01 00:18:38.076 +05:30 [INF] Route matched with {action = "GetRecentMessages", controller = "Admin"}. Executing controller action with signature System.Threading.Tasks.Task`1[Microsoft.AspNetCore.Mvc.IActionResult] GetRecentMessages() on controller Portfolio_Management_System.Controllers.AdminController (Portfolio Management System).
2026-07-01 00:18:38.078 +05:30 [INF] Executing endpoint 'Portfolio_Management_System.Controllers.AdminController.GetUnreadMessagesCount (Portfolio Management System)'
2026-07-01 00:18:38.081 +05:30 [INF] Route matched with {action = "GetUnreadMessagesCount", controller = "Admin"}. Executing controller action with signature System.Threading.Tasks.Task`1[Microsoft.AspNetCore.Mvc.IActionResult] GetUnreadMessagesCount() on controller Portfolio_Management_System.Controllers.AdminController (Portfolio Management System).
2026-07-01 00:18:39.572 +05:30 [INF] Executing JsonResult, writing value of type 'System.Int32'.
2026-07-01 00:18:39.574 +05:30 [INF] Executed action Portfolio_Management_System.Controllers.AdminController.GetUnreadMessagesCount (Portfolio Management System) in 1492.8445ms
2026-07-01 00:18:39.575 +05:30 [INF] Executed endpoint 'Portfolio_Management_System.Controllers.AdminController.GetUnreadMessagesCount (Portfolio Management System)'
2026-07-01 00:18:39.575 +05:30 [INF] HTTP GET /Admin/GetUnreadMessagesCount responded 200 in 1499.6876 ms
2026-07-01 00:18:39.577 +05:30 [INF] Request finished HTTP/2 GET https://localhost:44341/Admin/GetUnreadMessagesCount - 200 null application/json; charset=utf-8 1501.073ms
2026-07-01 00:18:40.424 +05:30 [INF] Executing JsonResult, writing value of type 'System.Collections.Generic.List`1[[<>f__AnonymousType18`7[[System.Int32, System.Private.CoreLib, Version=9.0.0.0, Culture=neutral, PublicKeyToken=7cec85d7bea7798e],[System.String, System.Private.CoreLib, Version=9.0.0.0, Culture=neutral, PublicKeyToken=7cec85d7bea7798e],[System.String, System.Private.CoreLib, Version=9.0.0.0, Culture=neutral, PublicKeyToken=7cec85d7bea7798e],[System.String, System.Private.CoreLib, Version=9.0.0.0, Culture=neutral, PublicKeyToken=7cec85d7bea7798e],[System.String, System.Private.CoreLib, Version=9.0.0.0, Culture=neutral, PublicKeyToken=7cec85d7bea7798e],[System.Boolean, System.Private.CoreLib, Version=9.0.0.0, Culture=neutral, PublicKeyToken=7cec85d7bea7798e],[System.DateTime, System.Private.CoreLib, Version=9.0.0.0, Culture=neutral, PublicKeyToken=7cec85d7bea7798e]], Portfolio Management System, Version=1.0.0.0, Culture=neutral, PublicKeyToken=null]]'.
2026-07-01 00:18:40.426 +05:30 [INF] Executed action Portfolio_Management_System.Controllers.AdminController.GetRecentMessages (Portfolio Management System) in 2349.3665ms
2026-07-01 00:18:40.426 +05:30 [INF] Executed endpoint 'Portfolio_Management_System.Controllers.AdminController.GetRecentMessages (Portfolio Management System)'
2026-07-01 00:18:40.426 +05:30 [INF] HTTP GET /Admin/GetRecentMessages responded 200 in 2350.9046 ms
2026-07-01 00:18:40.435 +05:30 [INF] Request finished HTTP/2 GET https://localhost:44341/Admin/GetRecentMessages - 200 null application/json; charset=utf-8 2359.5849ms
2026-07-01 00:19:08.088 +05:30 [INF] Request starting HTTP/2 GET https://localhost:44341/Admin/GetUnreadMessagesCount - null null
2026-07-01 00:19:08.088 +05:30 [INF] Request starting HTTP/2 GET https://localhost:44341/Admin/GetRecentMessages - null null
2026-07-01 00:19:08.090 +05:30 [INF] Executing endpoint 'Portfolio_Management_System.Controllers.AdminController.GetUnreadMessagesCount (Portfolio Management System)'
2026-07-01 00:19:08.091 +05:30 [INF] Route matched with {action = "GetUnreadMessagesCount", controller = "Admin"}. Executing controller action with signature System.Threading.Tasks.Task`1[Microsoft.AspNetCore.Mvc.IActionResult] GetUnreadMessagesCount() on controller Portfolio_Management_System.Controllers.AdminController (Portfolio Management System).
2026-07-01 00:19:08.091 +05:30 [INF] Executing endpoint 'Portfolio_Management_System.Controllers.AdminController.GetRecentMessages (Portfolio Management System)'
2026-07-01 00:19:08.092 +05:30 [INF] Route matched with {action = "GetRecentMessages", controller = "Admin"}. Executing controller action with signature System.Threading.Tasks.Task`1[Microsoft.AspNetCore.Mvc.IActionResult] GetRecentMessages() on controller Portfolio_Management_System.Controllers.AdminController (Portfolio Management System).
2026-07-01 00:19:08.351 +05:30 [INF] Executing JsonResult, writing value of type 'System.Int32'.
2026-07-01 00:19:08.353 +05:30 [INF] Executed action Portfolio_Management_System.Controllers.AdminController.GetUnreadMessagesCount (Portfolio Management System) in 261.9923ms
2026-07-01 00:19:08.354 +05:30 [INF] Executed endpoint 'Portfolio_Management_System.Controllers.AdminController.GetUnreadMessagesCount (Portfolio Management System)'
2026-07-01 00:19:08.354 +05:30 [INF] Executing JsonResult, writing value of type 'System.Collections.Generic.List`1[[<>f__AnonymousType18`7[[System.Int32, System.Private.CoreLib, Version=9.0.0.0, Culture=neutral, PublicKeyToken=7cec85d7bea7798e],[System.String, System.Private.CoreLib, Version=9.0.0.0, Culture=neutral, PublicKeyToken=7cec85d7bea7798e],[System.String, System.Private.CoreLib, Version=9.0.0.0, Culture=neutral, PublicKeyToken=7cec85d7bea7798e],[System.String, System.Private.CoreLib, Version=9.0.0.0, Culture=neutral, PublicKeyToken=7cec85d7bea7798e],[System.String, System.Private.CoreLib, Version=9.0.0.0, Culture=neutral, PublicKeyToken=7cec85d7bea7798e],[System.Boolean, System.Private.CoreLib, Version=9.0.0.0, Culture=neutral, PublicKeyToken=7cec85d7bea7798e],[System.DateTime, System.Private.CoreLib, Version=9.0.0.0, Culture=neutral, PublicKeyToken=7cec85d7bea7798e]], Portfolio Management System, Version=1.0.0.0, Culture=neutral, PublicKeyToken=null]]'.
2026-07-01 00:19:08.396 +05:30 [INF] Executed action Portfolio_Management_System.Controllers.AdminController.GetRecentMessages (Portfolio Management System) in 304.0641ms
2026-07-01 00:19:08.396 +05:30 [INF] HTTP GET /Admin/GetUnreadMessagesCount responded 200 in 307.5767 ms
2026-07-01 00:19:08.396 +05:30 [INF] Executed endpoint 'Portfolio_Management_System.Controllers.AdminController.GetRecentMessages (Portfolio Management System)'
2026-07-01 00:19:08.438 +05:30 [INF] Request finished HTTP/2 GET https://localhost:44341/Admin/GetUnreadMessagesCount - 200 null application/json; charset=utf-8 350.3693ms
2026-07-01 00:19:08.438 +05:30 [INF] HTTP GET /Admin/GetRecentMessages responded 200 in 318.4356 ms
2026-07-01 00:19:08.439 +05:30 [INF] Request finished HTTP/2 GET https://localhost:44341/Admin/GetRecentMessages - 200 null application/json; charset=utf-8 350.7174ms
2026-07-01 00:19:38.078 +05:30 [INF] Request starting HTTP/2 GET https://localhost:44341/Admin/GetUnreadMessagesCount - null null
2026-07-01 00:19:38.078 +05:30 [INF] Request starting HTTP/2 GET https://localhost:44341/Admin/GetRecentMessages - null null
2026-07-01 00:19:38.079 +05:30 [INF] Executing endpoint 'Portfolio_Management_System.Controllers.AdminController.GetUnreadMessagesCount (Portfolio Management System)'
2026-07-01 00:19:38.084 +05:30 [INF] Route matched with {action = "GetUnreadMessagesCount", controller = "Admin"}. Executing controller action with signature System.Threading.Tasks.Task`1[Microsoft.AspNetCore.Mvc.IActionResult] GetUnreadMessagesCount() on controller Portfolio_Management_System.Controllers.AdminController (Portfolio Management System).
2026-07-01 00:19:38.084 +05:30 [INF] Executing endpoint 'Portfolio_Management_System.Controllers.AdminController.GetRecentMessages (Portfolio Management System)'
2026-07-01 00:19:38.085 +05:30 [INF] Route matched with {action = "GetRecentMessages", controller = "Admin"}. Executing controller action with signature System.Threading.Tasks.Task`1[Microsoft.AspNetCore.Mvc.IActionResult] GetRecentMessages() on controller Portfolio_Management_System.Controllers.AdminController (Portfolio Management System).
2026-07-01 00:19:38.355 +05:30 [INF] Executing JsonResult, writing value of type 'System.Collections.Generic.List`1[[<>f__AnonymousType18`7[[System.Int32, System.Private.CoreLib, Version=9.0.0.0, Culture=neutral, PublicKeyToken=7cec85d7bea7798e],[System.String, System.Private.CoreLib, Version=9.0.0.0, Culture=neutral, PublicKeyToken=7cec85d7bea7798e],[System.String, System.Private.CoreLib, Version=9.0.0.0, Culture=neutral, PublicKeyToken=7cec85d7bea7798e],[System.String, System.Private.CoreLib, Version=9.0.0.0, Culture=neutral, PublicKeyToken=7cec85d7bea7798e],[System.String, System.Private.CoreLib, Version=9.0.0.0, Culture=neutral, PublicKeyToken=7cec85d7bea7798e],[System.Boolean, System.Private.CoreLib, Version=9.0.0.0, Culture=neutral, PublicKeyToken=7cec85d7bea7798e],[System.DateTime, System.Private.CoreLib, Version=9.0.0.0, Culture=neutral, PublicKeyToken=7cec85d7bea7798e]], Portfolio Management System, Version=1.0.0.0, Culture=neutral, PublicKeyToken=null]]'.
2026-07-01 00:19:38.356 +05:30 [INF] Executing JsonResult, writing value of type 'System.Int32'.
2026-07-01 00:19:38.357 +05:30 [INF] Executed action Portfolio_Management_System.Controllers.AdminController.GetRecentMessages (Portfolio Management System) in 271.7811ms
2026-07-01 00:19:38.359 +05:30 [INF] Executed endpoint 'Portfolio_Management_System.Controllers.AdminController.GetRecentMessages (Portfolio Management System)'
2026-07-01 00:19:38.399 +05:30 [INF] Executed action Portfolio_Management_System.Controllers.AdminController.GetUnreadMessagesCount (Portfolio Management System) in 275.0529ms
2026-07-01 00:19:38.439 +05:30 [INF] Executed endpoint 'Portfolio_Management_System.Controllers.AdminController.GetUnreadMessagesCount (Portfolio Management System)'
2026-07-01 00:19:38.399 +05:30 [INF] HTTP GET /Admin/GetRecentMessages responded 200 in 320.9671 ms
2026-07-01 00:19:38.439 +05:30 [INF] HTTP GET /Admin/GetUnreadMessagesCount responded 200 in 360.7695 ms
2026-07-01 00:19:38.445 +05:30 [INF] Request finished HTTP/2 GET https://localhost:44341/Admin/GetUnreadMessagesCount - 200 null application/json; charset=utf-8 367.4196ms
2026-07-01 00:19:38.445 +05:30 [INF] Request finished HTTP/2 GET https://localhost:44341/Admin/GetRecentMessages - 200 null application/json; charset=utf-8 367.1276ms
2026-07-01 00:20:08.074 +05:30 [INF] Request starting HTTP/2 GET https://localhost:44341/Admin/GetRecentMessages - null null
2026-07-01 00:20:08.074 +05:30 [INF] Request starting HTTP/2 GET https://localhost:44341/Admin/GetUnreadMessagesCount - null null
2026-07-01 00:20:08.075 +05:30 [INF] Executing endpoint 'Portfolio_Management_System.Controllers.AdminController.GetUnreadMessagesCount (Portfolio Management System)'
2026-07-01 00:20:08.076 +05:30 [INF] Route matched with {action = "GetUnreadMessagesCount", controller = "Admin"}. Executing controller action with signature System.Threading.Tasks.Task`1[Microsoft.AspNetCore.Mvc.IActionResult] GetUnreadMessagesCount() on controller Portfolio_Management_System.Controllers.AdminController (Portfolio Management System).
2026-07-01 00:20:08.076 +05:30 [INF] Executing endpoint 'Portfolio_Management_System.Controllers.AdminController.GetRecentMessages (Portfolio Management System)'
2026-07-01 00:20:08.077 +05:30 [INF] Route matched with {action = "GetRecentMessages", controller = "Admin"}. Executing controller action with signature System.Threading.Tasks.Task`1[Microsoft.AspNetCore.Mvc.IActionResult] GetRecentMessages() on controller Portfolio_Management_System.Controllers.AdminController (Portfolio Management System).
2026-07-01 00:20:08.563 +05:30 [INF] Executing JsonResult, writing value of type 'System.Collections.Generic.List`1[[<>f__AnonymousType18`7[[System.Int32, System.Private.CoreLib, Version=9.0.0.0, Culture=neutral, PublicKeyToken=7cec85d7bea7798e],[System.String, System.Private.CoreLib, Version=9.0.0.0, Culture=neutral, PublicKeyToken=7cec85d7bea7798e],[System.String, System.Private.CoreLib, Version=9.0.0.0, Culture=neutral, PublicKeyToken=7cec85d7bea7798e],[System.String, System.Private.CoreLib, Version=9.0.0.0, Culture=neutral, PublicKeyToken=7cec85d7bea7798e],[System.String, System.Private.CoreLib, Version=9.0.0.0, Culture=neutral, PublicKeyToken=7cec85d7bea7798e],[System.Boolean, System.Private.CoreLib, Version=9.0.0.0, Culture=neutral, PublicKeyToken=7cec85d7bea7798e],[System.DateTime, System.Private.CoreLib, Version=9.0.0.0, Culture=neutral, PublicKeyToken=7cec85d7bea7798e]], Portfolio Management System, Version=1.0.0.0, Culture=neutral, PublicKeyToken=null]]'.
2026-07-01 00:20:08.563 +05:30 [INF] Executing JsonResult, writing value of type 'System.Int32'.
2026-07-01 00:20:08.564 +05:30 [INF] Executed action Portfolio_Management_System.Controllers.AdminController.GetUnreadMessagesCount (Portfolio Management System) in 488.2774ms
2026-07-01 00:20:08.565 +05:30 [INF] Executed endpoint 'Portfolio_Management_System.Controllers.AdminController.GetUnreadMessagesCount (Portfolio Management System)'
2026-07-01 00:20:08.565 +05:30 [INF] HTTP GET /Admin/GetUnreadMessagesCount responded 200 in 490.9741 ms
2026-07-01 00:20:08.566 +05:30 [INF] Request finished HTTP/2 GET https://localhost:44341/Admin/GetUnreadMessagesCount - 200 null application/json; charset=utf-8 491.9652ms
2026-07-01 00:20:08.652 +05:30 [INF] Executed action Portfolio_Management_System.Controllers.AdminController.GetRecentMessages (Portfolio Management System) in 575.2021ms
2026-07-01 00:20:08.652 +05:30 [INF] Executed endpoint 'Portfolio_Management_System.Controllers.AdminController.GetRecentMessages (Portfolio Management System)'
2026-07-01 00:20:08.653 +05:30 [INF] HTTP GET /Admin/GetRecentMessages responded 200 in 578.7323 ms
2026-07-01 00:20:08.654 +05:30 [INF] Request finished HTTP/2 GET https://localhost:44341/Admin/GetRecentMessages - 200 null application/json; charset=utf-8 580.4325ms
2026-07-01 00:20:38.077 +05:30 [INF] Request starting HTTP/2 GET https://localhost:44341/Admin/GetUnreadMessagesCount - null null
2026-07-01 00:20:38.077 +05:30 [INF] Request starting HTTP/2 GET https://localhost:44341/Admin/GetRecentMessages - null null
2026-07-01 00:20:38.157 +05:30 [INF] Executing endpoint 'Portfolio_Management_System.Controllers.AdminController.GetUnreadMessagesCount (Portfolio Management System)'
2026-07-01 00:20:38.169 +05:30 [INF] Route matched with {action = "GetUnreadMessagesCount", controller = "Admin"}. Executing controller action with signature System.Threading.Tasks.Task`1[Microsoft.AspNetCore.Mvc.IActionResult] GetUnreadMessagesCount() on controller Portfolio_Management_System.Controllers.AdminController (Portfolio Management System).
2026-07-01 00:20:38.169 +05:30 [INF] Executing endpoint 'Portfolio_Management_System.Controllers.AdminController.GetRecentMessages (Portfolio Management System)'
2026-07-01 00:20:38.170 +05:30 [INF] Route matched with {action = "GetRecentMessages", controller = "Admin"}. Executing controller action with signature System.Threading.Tasks.Task`1[Microsoft.AspNetCore.Mvc.IActionResult] GetRecentMessages() on controller Portfolio_Management_System.Controllers.AdminController (Portfolio Management System).
2026-07-01 00:20:38.876 +05:30 [INF] Executing JsonResult, writing value of type 'System.Int32'.
2026-07-01 00:20:38.876 +05:30 [INF] Executing JsonResult, writing value of type 'System.Collections.Generic.List`1[[<>f__AnonymousType18`7[[System.Int32, System.Private.CoreLib, Version=9.0.0.0, Culture=neutral, PublicKeyToken=7cec85d7bea7798e],[System.String, System.Private.CoreLib, Version=9.0.0.0, Culture=neutral, PublicKeyToken=7cec85d7bea7798e],[System.String, System.Private.CoreLib, Version=9.0.0.0, Culture=neutral, PublicKeyToken=7cec85d7bea7798e],[System.String, System.Private.CoreLib, Version=9.0.0.0, Culture=neutral, PublicKeyToken=7cec85d7bea7798e],[System.String, System.Private.CoreLib, Version=9.0.0.0, Culture=neutral, PublicKeyToken=7cec85d7bea7798e],[System.Boolean, System.Private.CoreLib, Version=9.0.0.0, Culture=neutral, PublicKeyToken=7cec85d7bea7798e],[System.DateTime, System.Private.CoreLib, Version=9.0.0.0, Culture=neutral, PublicKeyToken=7cec85d7bea7798e]], Portfolio Management System, Version=1.0.0.0, Culture=neutral, PublicKeyToken=null]]'.
2026-07-01 00:20:38.882 +05:30 [INF] Executed action Portfolio_Management_System.Controllers.AdminController.GetUnreadMessagesCount (Portfolio Management System) in 713.2407ms
2026-07-01 00:20:38.883 +05:30 [INF] Executed endpoint 'Portfolio_Management_System.Controllers.AdminController.GetUnreadMessagesCount (Portfolio Management System)'
2026-07-01 00:20:38.883 +05:30 [INF] HTTP GET /Admin/GetUnreadMessagesCount responded 200 in 804.8802 ms
2026-07-01 00:20:38.883 +05:30 [INF] Executed action Portfolio_Management_System.Controllers.AdminController.GetRecentMessages (Portfolio Management System) in 712.743ms
2026-07-01 00:20:38.883 +05:30 [INF] Executed endpoint 'Portfolio_Management_System.Controllers.AdminController.GetRecentMessages (Portfolio Management System)'
2026-07-01 00:20:38.883 +05:30 [INF] HTTP GET /Admin/GetRecentMessages responded 200 in 805.5307 ms
2026-07-01 00:20:38.884 +05:30 [INF] Request finished HTTP/2 GET https://localhost:44341/Admin/GetUnreadMessagesCount - 200 null application/json; charset=utf-8 806.662ms
2026-07-01 00:20:38.884 +05:30 [INF] Request finished HTTP/2 GET https://localhost:44341/Admin/GetRecentMessages - 200 null application/json; charset=utf-8 807.1155ms
2026-07-01 00:21:08.093 +05:30 [INF] Request starting HTTP/2 GET https://localhost:44341/Admin/GetRecentMessages - null null
2026-07-01 00:21:08.093 +05:30 [INF] Request starting HTTP/2 GET https://localhost:44341/Admin/GetUnreadMessagesCount - null null
2026-07-01 00:21:08.094 +05:30 [INF] Executing endpoint 'Portfolio_Management_System.Controllers.AdminController.GetUnreadMessagesCount (Portfolio Management System)'
2026-07-01 00:21:08.094 +05:30 [INF] Route matched with {action = "GetUnreadMessagesCount", controller = "Admin"}. Executing controller action with signature System.Threading.Tasks.Task`1[Microsoft.AspNetCore.Mvc.IActionResult] GetUnreadMessagesCount() on controller Portfolio_Management_System.Controllers.AdminController (Portfolio Management System).
2026-07-01 00:21:08.098 +05:30 [INF] Executing endpoint 'Portfolio_Management_System.Controllers.AdminController.GetRecentMessages (Portfolio Management System)'
2026-07-01 00:21:08.098 +05:30 [INF] Route matched with {action = "GetRecentMessages", controller = "Admin"}. Executing controller action with signature System.Threading.Tasks.Task`1[Microsoft.AspNetCore.Mvc.IActionResult] GetRecentMessages() on controller Portfolio_Management_System.Controllers.AdminController (Portfolio Management System).
2026-07-01 00:21:08.877 +05:30 [INF] Executing JsonResult, writing value of type 'System.Collections.Generic.List`1[[<>f__AnonymousType18`7[[System.Int32, System.Private.CoreLib, Version=9.0.0.0, Culture=neutral, PublicKeyToken=7cec85d7bea7798e],[System.String, System.Private.CoreLib, Version=9.0.0.0, Culture=neutral, PublicKeyToken=7cec85d7bea7798e],[System.String, System.Private.CoreLib, Version=9.0.0.0, Culture=neutral, PublicKeyToken=7cec85d7bea7798e],[System.String, System.Private.CoreLib, Version=9.0.0.0, Culture=neutral, PublicKeyToken=7cec85d7bea7798e],[System.String, System.Private.CoreLib, Version=9.0.0.0, Culture=neutral, PublicKeyToken=7cec85d7bea7798e],[System.Boolean, System.Private.CoreLib, Version=9.0.0.0, Culture=neutral, PublicKeyToken=7cec85d7bea7798e],[System.DateTime, System.Private.CoreLib, Version=9.0.0.0, Culture=neutral, PublicKeyToken=7cec85d7bea7798e]], Portfolio Management System, Version=1.0.0.0, Culture=neutral, PublicKeyToken=null]]'.
2026-07-01 00:21:08.879 +05:30 [INF] Executing JsonResult, writing value of type 'System.Int32'.
2026-07-01 00:21:08.878 +05:30 [INF] Executed action Portfolio_Management_System.Controllers.AdminController.GetRecentMessages (Portfolio Management System) in 780.2194ms
2026-07-01 00:21:08.880 +05:30 [INF] Executed action Portfolio_Management_System.Controllers.AdminController.GetUnreadMessagesCount (Portfolio Management System) in 785.3623ms
2026-07-01 00:21:08.880 +05:30 [INF] Executed endpoint 'Portfolio_Management_System.Controllers.AdminController.GetUnreadMessagesCount (Portfolio Management System)'
2026-07-01 00:21:08.880 +05:30 [INF] HTTP GET /Admin/GetUnreadMessagesCount responded 200 in 787.1617 ms
2026-07-01 00:21:08.881 +05:30 [INF] Executed endpoint 'Portfolio_Management_System.Controllers.AdminController.GetRecentMessages (Portfolio Management System)'
2026-07-01 00:21:08.882 +05:30 [INF] HTTP GET /Admin/GetRecentMessages responded 200 in 788.8705 ms
2026-07-01 00:21:08.883 +05:30 [INF] Request finished HTTP/2 GET https://localhost:44341/Admin/GetRecentMessages - 200 null application/json; charset=utf-8 790.2886ms
2026-07-01 00:21:08.883 +05:30 [INF] Request finished HTTP/2 GET https://localhost:44341/Admin/GetUnreadMessagesCount - 200 null application/json; charset=utf-8 788.0217ms
2026-07-01 00:21:38.076 +05:30 [INF] Request starting HTTP/2 GET https://localhost:44341/Admin/GetUnreadMessagesCount - null null
2026-07-01 00:21:38.078 +05:30 [INF] Executing endpoint 'Portfolio_Management_System.Controllers.AdminController.GetUnreadMessagesCount (Portfolio Management System)'
2026-07-01 00:21:38.078 +05:30 [INF] Route matched with {action = "GetUnreadMessagesCount", controller = "Admin"}. Executing controller action with signature System.Threading.Tasks.Task`1[Microsoft.AspNetCore.Mvc.IActionResult] GetUnreadMessagesCount() on controller Portfolio_Management_System.Controllers.AdminController (Portfolio Management System).
2026-07-01 00:21:38.078 +05:30 [INF] Request starting HTTP/2 GET https://localhost:44341/Admin/GetRecentMessages - null null
2026-07-01 00:21:38.079 +05:30 [INF] Executing endpoint 'Portfolio_Management_System.Controllers.AdminController.GetRecentMessages (Portfolio Management System)'
2026-07-01 00:21:38.079 +05:30 [INF] Route matched with {action = "GetRecentMessages", controller = "Admin"}. Executing controller action with signature System.Threading.Tasks.Task`1[Microsoft.AspNetCore.Mvc.IActionResult] GetRecentMessages() on controller Portfolio_Management_System.Controllers.AdminController (Portfolio Management System).
2026-07-01 00:21:38.677 +05:30 [INF] Executing JsonResult, writing value of type 'System.Int32'.
2026-07-01 00:21:38.678 +05:30 [INF] Executing JsonResult, writing value of type 'System.Collections.Generic.List`1[[<>f__AnonymousType18`7[[System.Int32, System.Private.CoreLib, Version=9.0.0.0, Culture=neutral, PublicKeyToken=7cec85d7bea7798e],[System.String, System.Private.CoreLib, Version=9.0.0.0, Culture=neutral, PublicKeyToken=7cec85d7bea7798e],[System.String, System.Private.CoreLib, Version=9.0.0.0, Culture=neutral, PublicKeyToken=7cec85d7bea7798e],[System.String, System.Private.CoreLib, Version=9.0.0.0, Culture=neutral, PublicKeyToken=7cec85d7bea7798e],[System.String, System.Private.CoreLib, Version=9.0.0.0, Culture=neutral, PublicKeyToken=7cec85d7bea7798e],[System.Boolean, System.Private.CoreLib, Version=9.0.0.0, Culture=neutral, PublicKeyToken=7cec85d7bea7798e],[System.DateTime, System.Private.CoreLib, Version=9.0.0.0, Culture=neutral, PublicKeyToken=7cec85d7bea7798e]], Portfolio Management System, Version=1.0.0.0, Culture=neutral, PublicKeyToken=null]]'.
2026-07-01 00:21:38.688 +05:30 [INF] Executed action Portfolio_Management_System.Controllers.AdminController.GetUnreadMessagesCount (Portfolio Management System) in 609.6595ms
2026-07-01 00:21:38.742 +05:30 [INF] Executed endpoint 'Portfolio_Management_System.Controllers.AdminController.GetUnreadMessagesCount (Portfolio Management System)'
2026-07-01 00:21:38.742 +05:30 [INF] Executed action Portfolio_Management_System.Controllers.AdminController.GetRecentMessages (Portfolio Management System) in 662.948ms
2026-07-01 00:21:38.742 +05:30 [INF] HTTP GET /Admin/GetUnreadMessagesCount responded 200 in 665.8646 ms
2026-07-01 00:21:38.742 +05:30 [INF] Executed endpoint 'Portfolio_Management_System.Controllers.AdminController.GetRecentMessages (Portfolio Management System)'
2026-07-01 00:21:38.743 +05:30 [INF] HTTP GET /Admin/GetRecentMessages responded 200 in 664.1745 ms
2026-07-01 00:21:38.743 +05:30 [INF] Request finished HTTP/2 GET https://localhost:44341/Admin/GetRecentMessages - 200 null application/json; charset=utf-8 664.7584ms
2026-07-01 00:21:38.743 +05:30 [INF] Request finished HTTP/2 GET https://localhost:44341/Admin/GetUnreadMessagesCount - 200 null application/json; charset=utf-8 666.9802ms
2026-07-01 00:22:08.082 +05:30 [INF] Request starting HTTP/2 GET https://localhost:44341/Admin/GetUnreadMessagesCount - null null
2026-07-01 00:22:08.082 +05:30 [INF] Request starting HTTP/2 GET https://localhost:44341/Admin/GetRecentMessages - null null
2026-07-01 00:22:08.083 +05:30 [INF] Executing endpoint 'Portfolio_Management_System.Controllers.AdminController.GetUnreadMessagesCount (Portfolio Management System)'
2026-07-01 00:22:08.083 +05:30 [INF] Route matched with {action = "GetUnreadMessagesCount", controller = "Admin"}. Executing controller action with signature System.Threading.Tasks.Task`1[Microsoft.AspNetCore.Mvc.IActionResult] GetUnreadMessagesCount() on controller Portfolio_Management_System.Controllers.AdminController (Portfolio Management System).
2026-07-01 00:22:08.083 +05:30 [INF] Executing endpoint 'Portfolio_Management_System.Controllers.AdminController.GetRecentMessages (Portfolio Management System)'
2026-07-01 00:22:08.084 +05:30 [INF] Route matched with {action = "GetRecentMessages", controller = "Admin"}. Executing controller action with signature System.Threading.Tasks.Task`1[Microsoft.AspNetCore.Mvc.IActionResult] GetRecentMessages() on controller Portfolio_Management_System.Controllers.AdminController (Portfolio Management System).
2026-07-01 00:22:08.716 +05:30 [INF] Executing JsonResult, writing value of type 'System.Int32'.
2026-07-01 00:22:08.717 +05:30 [INF] Executed action Portfolio_Management_System.Controllers.AdminController.GetUnreadMessagesCount (Portfolio Management System) in 633.4207ms
2026-07-01 00:22:08.717 +05:30 [INF] Executed endpoint 'Portfolio_Management_System.Controllers.AdminController.GetUnreadMessagesCount (Portfolio Management System)'
2026-07-01 00:22:08.717 +05:30 [INF] HTTP GET /Admin/GetUnreadMessagesCount responded 200 in 635.3385 ms
2026-07-01 00:22:08.718 +05:30 [INF] Request finished HTTP/2 GET https://localhost:44341/Admin/GetUnreadMessagesCount - 200 null application/json; charset=utf-8 635.8312ms
2026-07-01 00:22:08.811 +05:30 [INF] Executing JsonResult, writing value of type 'System.Collections.Generic.List`1[[<>f__AnonymousType18`7[[System.Int32, System.Private.CoreLib, Version=9.0.0.0, Culture=neutral, PublicKeyToken=7cec85d7bea7798e],[System.String, System.Private.CoreLib, Version=9.0.0.0, Culture=neutral, PublicKeyToken=7cec85d7bea7798e],[System.String, System.Private.CoreLib, Version=9.0.0.0, Culture=neutral, PublicKeyToken=7cec85d7bea7798e],[System.String, System.Private.CoreLib, Version=9.0.0.0, Culture=neutral, PublicKeyToken=7cec85d7bea7798e],[System.String, System.Private.CoreLib, Version=9.0.0.0, Culture=neutral, PublicKeyToken=7cec85d7bea7798e],[System.Boolean, System.Private.CoreLib, Version=9.0.0.0, Culture=neutral, PublicKeyToken=7cec85d7bea7798e],[System.DateTime, System.Private.CoreLib, Version=9.0.0.0, Culture=neutral, PublicKeyToken=7cec85d7bea7798e]], Portfolio Management System, Version=1.0.0.0, Culture=neutral, PublicKeyToken=null]]'.
2026-07-01 00:22:08.812 +05:30 [INF] Executed action Portfolio_Management_System.Controllers.AdminController.GetRecentMessages (Portfolio Management System) in 727.9637ms
2026-07-01 00:22:08.812 +05:30 [INF] Executed endpoint 'Portfolio_Management_System.Controllers.AdminController.GetRecentMessages (Portfolio Management System)'
2026-07-01 00:22:08.812 +05:30 [INF] HTTP GET /Admin/GetRecentMessages responded 200 in 729.1840 ms
2026-07-01 00:22:08.812 +05:30 [INF] Request finished HTTP/2 GET https://localhost:44341/Admin/GetRecentMessages - 200 null application/json; charset=utf-8 730.5199ms
2026-07-01 00:22:38.078 +05:30 [INF] Request starting HTTP/2 GET https://localhost:44341/Admin/GetUnreadMessagesCount - null null
2026-07-01 00:22:38.078 +05:30 [INF] Request starting HTTP/2 GET https://localhost:44341/Admin/GetRecentMessages - null null
2026-07-01 00:22:38.078 +05:30 [INF] Executing endpoint 'Portfolio_Management_System.Controllers.AdminController.GetUnreadMessagesCount (Portfolio Management System)'
2026-07-01 00:22:38.078 +05:30 [INF] Executing endpoint 'Portfolio_Management_System.Controllers.AdminController.GetRecentMessages (Portfolio Management System)'
2026-07-01 00:22:38.079 +05:30 [INF] Route matched with {action = "GetUnreadMessagesCount", controller = "Admin"}. Executing controller action with signature System.Threading.Tasks.Task`1[Microsoft.AspNetCore.Mvc.IActionResult] GetUnreadMessagesCount() on controller Portfolio_Management_System.Controllers.AdminController (Portfolio Management System).
2026-07-01 00:22:38.079 +05:30 [INF] Route matched with {action = "GetRecentMessages", controller = "Admin"}. Executing controller action with signature System.Threading.Tasks.Task`1[Microsoft.AspNetCore.Mvc.IActionResult] GetRecentMessages() on controller Portfolio_Management_System.Controllers.AdminController (Portfolio Management System).
2026-07-01 00:22:38.282 +05:30 [INF] Executing JsonResult, writing value of type 'System.Collections.Generic.List`1[[<>f__AnonymousType18`7[[System.Int32, System.Private.CoreLib, Version=9.0.0.0, Culture=neutral, PublicKeyToken=7cec85d7bea7798e],[System.String, System.Private.CoreLib, Version=9.0.0.0, Culture=neutral, PublicKeyToken=7cec85d7bea7798e],[System.String, System.Private.CoreLib, Version=9.0.0.0, Culture=neutral, PublicKeyToken=7cec85d7bea7798e],[System.String, System.Private.CoreLib, Version=9.0.0.0, Culture=neutral, PublicKeyToken=7cec85d7bea7798e],[System.String, System.Private.CoreLib, Version=9.0.0.0, Culture=neutral, PublicKeyToken=7cec85d7bea7798e],[System.Boolean, System.Private.CoreLib, Version=9.0.0.0, Culture=neutral, PublicKeyToken=7cec85d7bea7798e],[System.DateTime, System.Private.CoreLib, Version=9.0.0.0, Culture=neutral, PublicKeyToken=7cec85d7bea7798e]], Portfolio Management System, Version=1.0.0.0, Culture=neutral, PublicKeyToken=null]]'.
2026-07-01 00:22:38.284 +05:30 [INF] Executing JsonResult, writing value of type 'System.Int32'.
2026-07-01 00:22:38.372 +05:30 [INF] Executed action Portfolio_Management_System.Controllers.AdminController.GetUnreadMessagesCount (Portfolio Management System) in 293.1186ms
2026-07-01 00:22:38.372 +05:30 [INF] Executed endpoint 'Portfolio_Management_System.Controllers.AdminController.GetUnreadMessagesCount (Portfolio Management System)'
2026-07-01 00:22:38.372 +05:30 [INF] Executed action Portfolio_Management_System.Controllers.AdminController.GetRecentMessages (Portfolio Management System) in 292.9244ms
2026-07-01 00:22:38.372 +05:30 [INF] Executed endpoint 'Portfolio_Management_System.Controllers.AdminController.GetRecentMessages (Portfolio Management System)'
2026-07-01 00:22:38.372 +05:30 [INF] HTTP GET /Admin/GetUnreadMessagesCount responded 200 in 294.0776 ms
2026-07-01 00:22:38.372 +05:30 [INF] HTTP GET /Admin/GetRecentMessages responded 200 in 294.0588 ms
2026-07-01 00:22:38.372 +05:30 [INF] Request finished HTTP/2 GET https://localhost:44341/Admin/GetRecentMessages - 200 null application/json; charset=utf-8 294.568ms
2026-07-01 00:22:38.372 +05:30 [INF] Request finished HTTP/2 GET https://localhost:44341/Admin/GetUnreadMessagesCount - 200 null application/json; charset=utf-8 294.6777ms
2026-07-01 00:23:08.079 +05:30 [INF] Request starting HTTP/2 GET https://localhost:44341/Admin/GetRecentMessages - null null
2026-07-01 00:23:08.079 +05:30 [INF] Request starting HTTP/2 GET https://localhost:44341/Admin/GetUnreadMessagesCount - null null
2026-07-01 00:23:08.080 +05:30 [INF] Executing endpoint 'Portfolio_Management_System.Controllers.AdminController.GetUnreadMessagesCount (Portfolio Management System)'
2026-07-01 00:23:08.080 +05:30 [INF] Route matched with {action = "GetUnreadMessagesCount", controller = "Admin"}. Executing controller action with signature System.Threading.Tasks.Task`1[Microsoft.AspNetCore.Mvc.IActionResult] GetUnreadMessagesCount() on controller Portfolio_Management_System.Controllers.AdminController (Portfolio Management System).
2026-07-01 00:23:08.081 +05:30 [INF] Executing endpoint 'Portfolio_Management_System.Controllers.AdminController.GetRecentMessages (Portfolio Management System)'
2026-07-01 00:23:08.081 +05:30 [INF] Route matched with {action = "GetRecentMessages", controller = "Admin"}. Executing controller action with signature System.Threading.Tasks.Task`1[Microsoft.AspNetCore.Mvc.IActionResult] GetRecentMessages() on controller Portfolio_Management_System.Controllers.AdminController (Portfolio Management System).
2026-07-01 00:23:08.481 +05:30 [INF] Executing JsonResult, writing value of type 'System.Collections.Generic.List`1[[<>f__AnonymousType18`7[[System.Int32, System.Private.CoreLib, Version=9.0.0.0, Culture=neutral, PublicKeyToken=7cec85d7bea7798e],[System.String, System.Private.CoreLib, Version=9.0.0.0, Culture=neutral, PublicKeyToken=7cec85d7bea7798e],[System.String, System.Private.CoreLib, Version=9.0.0.0, Culture=neutral, PublicKeyToken=7cec85d7bea7798e],[System.String, System.Private.CoreLib, Version=9.0.0.0, Culture=neutral, PublicKeyToken=7cec85d7bea7798e],[System.String, System.Private.CoreLib, Version=9.0.0.0, Culture=neutral, PublicKeyToken=7cec85d7bea7798e],[System.Boolean, System.Private.CoreLib, Version=9.0.0.0, Culture=neutral, PublicKeyToken=7cec85d7bea7798e],[System.DateTime, System.Private.CoreLib, Version=9.0.0.0, Culture=neutral, PublicKeyToken=7cec85d7bea7798e]], Portfolio Management System, Version=1.0.0.0, Culture=neutral, PublicKeyToken=null]]'.
2026-07-01 00:23:08.482 +05:30 [INF] Executing JsonResult, writing value of type 'System.Int32'.
2026-07-01 00:23:08.487 +05:30 [INF] Executed action Portfolio_Management_System.Controllers.AdminController.GetRecentMessages (Portfolio Management System) in 406.0392ms
2026-07-01 00:23:08.488 +05:30 [INF] Executed endpoint 'Portfolio_Management_System.Controllers.AdminController.GetRecentMessages (Portfolio Management System)'
2026-07-01 00:23:08.488 +05:30 [INF] HTTP GET /Admin/GetRecentMessages responded 200 in 408.5407 ms
2026-07-01 00:23:08.488 +05:30 [INF] Request finished HTTP/2 GET https://localhost:44341/Admin/GetRecentMessages - 200 null application/json; charset=utf-8 409.2418ms
2026-07-01 00:23:08.488 +05:30 [INF] Executed action Portfolio_Management_System.Controllers.AdminController.GetUnreadMessagesCount (Portfolio Management System) in 408.3566ms
2026-07-01 00:23:08.500 +05:30 [INF] Executed endpoint 'Portfolio_Management_System.Controllers.AdminController.GetUnreadMessagesCount (Portfolio Management System)'
2026-07-01 00:23:08.508 +05:30 [INF] HTTP GET /Admin/GetUnreadMessagesCount responded 200 in 428.9638 ms
2026-07-01 00:23:08.509 +05:30 [INF] Request finished HTTP/2 GET https://localhost:44341/Admin/GetUnreadMessagesCount - 200 null application/json; charset=utf-8 429.8527ms
2026-07-01 00:23:38.082 +05:30 [INF] Request starting HTTP/2 GET https://localhost:44341/Admin/GetUnreadMessagesCount - null null
2026-07-01 00:23:38.082 +05:30 [INF] Request starting HTTP/2 GET https://localhost:44341/Admin/GetRecentMessages - null null
2026-07-01 00:23:38.082 +05:30 [INF] Executing endpoint 'Portfolio_Management_System.Controllers.AdminController.GetRecentMessages (Portfolio Management System)'
2026-07-01 00:23:38.083 +05:30 [INF] Route matched with {action = "GetRecentMessages", controller = "Admin"}. Executing controller action with signature System.Threading.Tasks.Task`1[Microsoft.AspNetCore.Mvc.IActionResult] GetRecentMessages() on controller Portfolio_Management_System.Controllers.AdminController (Portfolio Management System).
2026-07-01 00:23:38.083 +05:30 [INF] Executing endpoint 'Portfolio_Management_System.Controllers.AdminController.GetUnreadMessagesCount (Portfolio Management System)'
2026-07-01 00:23:38.083 +05:30 [INF] Route matched with {action = "GetUnreadMessagesCount", controller = "Admin"}. Executing controller action with signature System.Threading.Tasks.Task`1[Microsoft.AspNetCore.Mvc.IActionResult] GetUnreadMessagesCount() on controller Portfolio_Management_System.Controllers.AdminController (Portfolio Management System).
2026-07-01 00:23:39.610 +05:30 [INF] Executing JsonResult, writing value of type 'System.Collections.Generic.List`1[[<>f__AnonymousType18`7[[System.Int32, System.Private.CoreLib, Version=9.0.0.0, Culture=neutral, PublicKeyToken=7cec85d7bea7798e],[System.String, System.Private.CoreLib, Version=9.0.0.0, Culture=neutral, PublicKeyToken=7cec85d7bea7798e],[System.String, System.Private.CoreLib, Version=9.0.0.0, Culture=neutral, PublicKeyToken=7cec85d7bea7798e],[System.String, System.Private.CoreLib, Version=9.0.0.0, Culture=neutral, PublicKeyToken=7cec85d7bea7798e],[System.String, System.Private.CoreLib, Version=9.0.0.0, Culture=neutral, PublicKeyToken=7cec85d7bea7798e],[System.Boolean, System.Private.CoreLib, Version=9.0.0.0, Culture=neutral, PublicKeyToken=7cec85d7bea7798e],[System.DateTime, System.Private.CoreLib, Version=9.0.0.0, Culture=neutral, PublicKeyToken=7cec85d7bea7798e]], Portfolio Management System, Version=1.0.0.0, Culture=neutral, PublicKeyToken=null]]'.
2026-07-01 00:23:39.612 +05:30 [INF] Executing JsonResult, writing value of type 'System.Int32'.
2026-07-01 00:23:39.612 +05:30 [INF] Executed action Portfolio_Management_System.Controllers.AdminController.GetRecentMessages (Portfolio Management System) in 1529.5584ms
2026-07-01 00:23:39.612 +05:30 [INF] Executed endpoint 'Portfolio_Management_System.Controllers.AdminController.GetRecentMessages (Portfolio Management System)'
2026-07-01 00:23:39.612 +05:30 [INF] Executed action Portfolio_Management_System.Controllers.AdminController.GetUnreadMessagesCount (Portfolio Management System) in 1529.3012ms
2026-07-01 00:23:39.612 +05:30 [INF] Executed endpoint 'Portfolio_Management_System.Controllers.AdminController.GetUnreadMessagesCount (Portfolio Management System)'
2026-07-01 00:23:39.613 +05:30 [INF] HTTP GET /Admin/GetUnreadMessagesCount responded 200 in 1530.4833 ms
2026-07-01 00:23:39.613 +05:30 [INF] HTTP GET /Admin/GetRecentMessages responded 200 in 1530.4339 ms
2026-07-01 00:23:39.613 +05:30 [INF] Request finished HTTP/2 GET https://localhost:44341/Admin/GetUnreadMessagesCount - 200 null application/json; charset=utf-8 1531.0953ms
2026-07-01 00:23:39.615 +05:30 [INF] Request finished HTTP/2 GET https://localhost:44341/Admin/GetRecentMessages - 200 null application/json; charset=utf-8 1533.6691ms
2026-07-01 00:24:08.077 +05:30 [INF] Request starting HTTP/2 GET https://localhost:44341/Admin/GetUnreadMessagesCount - null null
2026-07-01 00:24:08.077 +05:30 [INF] Request starting HTTP/2 GET https://localhost:44341/Admin/GetRecentMessages - null null
2026-07-01 00:24:08.078 +05:30 [INF] Executing endpoint 'Portfolio_Management_System.Controllers.AdminController.GetRecentMessages (Portfolio Management System)'
2026-07-01 00:24:08.078 +05:30 [INF] Executing endpoint 'Portfolio_Management_System.Controllers.AdminController.GetUnreadMessagesCount (Portfolio Management System)'
2026-07-01 00:24:08.078 +05:30 [INF] Route matched with {action = "GetRecentMessages", controller = "Admin"}. Executing controller action with signature System.Threading.Tasks.Task`1[Microsoft.AspNetCore.Mvc.IActionResult] GetRecentMessages() on controller Portfolio_Management_System.Controllers.AdminController (Portfolio Management System).
2026-07-01 00:24:08.078 +05:30 [INF] Route matched with {action = "GetUnreadMessagesCount", controller = "Admin"}. Executing controller action with signature System.Threading.Tasks.Task`1[Microsoft.AspNetCore.Mvc.IActionResult] GetUnreadMessagesCount() on controller Portfolio_Management_System.Controllers.AdminController (Portfolio Management System).
2026-07-01 00:24:08.345 +05:30 [INF] Executing JsonResult, writing value of type 'System.Collections.Generic.List`1[[<>f__AnonymousType18`7[[System.Int32, System.Private.CoreLib, Version=9.0.0.0, Culture=neutral, PublicKeyToken=7cec85d7bea7798e],[System.String, System.Private.CoreLib, Version=9.0.0.0, Culture=neutral, PublicKeyToken=7cec85d7bea7798e],[System.String, System.Private.CoreLib, Version=9.0.0.0, Culture=neutral, PublicKeyToken=7cec85d7bea7798e],[System.String, System.Private.CoreLib, Version=9.0.0.0, Culture=neutral, PublicKeyToken=7cec85d7bea7798e],[System.String, System.Private.CoreLib, Version=9.0.0.0, Culture=neutral, PublicKeyToken=7cec85d7bea7798e],[System.Boolean, System.Private.CoreLib, Version=9.0.0.0, Culture=neutral, PublicKeyToken=7cec85d7bea7798e],[System.DateTime, System.Private.CoreLib, Version=9.0.0.0, Culture=neutral, PublicKeyToken=7cec85d7bea7798e]], Portfolio Management System, Version=1.0.0.0, Culture=neutral, PublicKeyToken=null]]'.
2026-07-01 00:24:08.346 +05:30 [INF] Executed action Portfolio_Management_System.Controllers.AdminController.GetRecentMessages (Portfolio Management System) in 267.7012ms
2026-07-01 00:24:08.346 +05:30 [INF] Executed endpoint 'Portfolio_Management_System.Controllers.AdminController.GetRecentMessages (Portfolio Management System)'
2026-07-01 00:24:08.346 +05:30 [INF] Executing JsonResult, writing value of type 'System.Int32'.
2026-07-01 00:24:08.346 +05:30 [INF] HTTP GET /Admin/GetRecentMessages responded 200 in 268.9131 ms
2026-07-01 00:24:08.402 +05:30 [INF] Executed action Portfolio_Management_System.Controllers.AdminController.GetUnreadMessagesCount (Portfolio Management System) in 324.0889ms
2026-07-01 00:24:08.402 +05:30 [INF] Request finished HTTP/2 GET https://localhost:44341/Admin/GetRecentMessages - 200 null application/json; charset=utf-8 325.5025ms
2026-07-01 00:24:08.402 +05:30 [INF] Executed endpoint 'Portfolio_Management_System.Controllers.AdminController.GetUnreadMessagesCount (Portfolio Management System)'
2026-07-01 00:24:08.403 +05:30 [INF] HTTP GET /Admin/GetUnreadMessagesCount responded 200 in 325.3401 ms
2026-07-01 00:24:08.403 +05:30 [INF] Request finished HTTP/2 GET https://localhost:44341/Admin/GetUnreadMessagesCount - 200 null application/json; charset=utf-8 325.9183ms
2026-07-01 00:24:38.090 +05:30 [INF] Request starting HTTP/2 GET https://localhost:44341/Admin/GetUnreadMessagesCount - null null
2026-07-01 00:24:38.091 +05:30 [INF] Executing endpoint 'Portfolio_Management_System.Controllers.AdminController.GetUnreadMessagesCount (Portfolio Management System)'
2026-07-01 00:24:38.091 +05:30 [INF] Route matched with {action = "GetUnreadMessagesCount", controller = "Admin"}. Executing controller action with signature System.Threading.Tasks.Task`1[Microsoft.AspNetCore.Mvc.IActionResult] GetUnreadMessagesCount() on controller Portfolio_Management_System.Controllers.AdminController (Portfolio Management System).
2026-07-01 00:24:38.093 +05:30 [INF] Request starting HTTP/2 GET https://localhost:44341/Admin/GetRecentMessages - null null
2026-07-01 00:24:38.094 +05:30 [INF] Executing endpoint 'Portfolio_Management_System.Controllers.AdminController.GetRecentMessages (Portfolio Management System)'
2026-07-01 00:24:38.094 +05:30 [INF] Route matched with {action = "GetRecentMessages", controller = "Admin"}. Executing controller action with signature System.Threading.Tasks.Task`1[Microsoft.AspNetCore.Mvc.IActionResult] GetRecentMessages() on controller Portfolio_Management_System.Controllers.AdminController (Portfolio Management System).
2026-07-01 00:24:38.494 +05:30 [INF] Executing JsonResult, writing value of type 'System.Int32'.
2026-07-01 00:24:38.494 +05:30 [INF] Executing JsonResult, writing value of type 'System.Collections.Generic.List`1[[<>f__AnonymousType18`7[[System.Int32, System.Private.CoreLib, Version=9.0.0.0, Culture=neutral, PublicKeyToken=7cec85d7bea7798e],[System.String, System.Private.CoreLib, Version=9.0.0.0, Culture=neutral, PublicKeyToken=7cec85d7bea7798e],[System.String, System.Private.CoreLib, Version=9.0.0.0, Culture=neutral, PublicKeyToken=7cec85d7bea7798e],[System.String, System.Private.CoreLib, Version=9.0.0.0, Culture=neutral, PublicKeyToken=7cec85d7bea7798e],[System.String, System.Private.CoreLib, Version=9.0.0.0, Culture=neutral, PublicKeyToken=7cec85d7bea7798e],[System.Boolean, System.Private.CoreLib, Version=9.0.0.0, Culture=neutral, PublicKeyToken=7cec85d7bea7798e],[System.DateTime, System.Private.CoreLib, Version=9.0.0.0, Culture=neutral, PublicKeyToken=7cec85d7bea7798e]], Portfolio Management System, Version=1.0.0.0, Culture=neutral, PublicKeyToken=null]]'.
2026-07-01 00:24:38.494 +05:30 [INF] Executed action Portfolio_Management_System.Controllers.AdminController.GetUnreadMessagesCount (Portfolio Management System) in 403.0915ms
2026-07-01 00:24:38.494 +05:30 [INF] Executed endpoint 'Portfolio_Management_System.Controllers.AdminController.GetUnreadMessagesCount (Portfolio Management System)'
2026-07-01 00:24:38.494 +05:30 [INF] Executed action Portfolio_Management_System.Controllers.AdminController.GetRecentMessages (Portfolio Management System) in 400.5282ms
2026-07-01 00:24:38.495 +05:30 [INF] Executed endpoint 'Portfolio_Management_System.Controllers.AdminController.GetRecentMessages (Portfolio Management System)'
2026-07-01 00:24:38.495 +05:30 [INF] HTTP GET /Admin/GetUnreadMessagesCount responded 200 in 404.1809 ms
2026-07-01 00:24:38.495 +05:30 [INF] HTTP GET /Admin/GetRecentMessages responded 200 in 401.3627 ms
2026-07-01 00:24:38.495 +05:30 [INF] Request finished HTTP/2 GET https://localhost:44341/Admin/GetRecentMessages - 200 null application/json; charset=utf-8 402.0005ms
2026-07-01 00:24:38.498 +05:30 [INF] Request finished HTTP/2 GET https://localhost:44341/Admin/GetUnreadMessagesCount - 200 null application/json; charset=utf-8 407.7597ms
2026-07-01 00:25:08.076 +05:30 [INF] Request starting HTTP/2 GET https://localhost:44341/Admin/GetUnreadMessagesCount - null null
2026-07-01 00:25:08.076 +05:30 [INF] Request starting HTTP/2 GET https://localhost:44341/Admin/GetRecentMessages - null null
2026-07-01 00:25:08.076 +05:30 [INF] Executing endpoint 'Portfolio_Management_System.Controllers.AdminController.GetUnreadMessagesCount (Portfolio Management System)'
2026-07-01 00:25:08.076 +05:30 [INF] Executing endpoint 'Portfolio_Management_System.Controllers.AdminController.GetRecentMessages (Portfolio Management System)'
2026-07-01 00:25:08.076 +05:30 [INF] Route matched with {action = "GetRecentMessages", controller = "Admin"}. Executing controller action with signature System.Threading.Tasks.Task`1[Microsoft.AspNetCore.Mvc.IActionResult] GetRecentMessages() on controller Portfolio_Management_System.Controllers.AdminController (Portfolio Management System).
2026-07-01 00:25:08.077 +05:30 [INF] Route matched with {action = "GetUnreadMessagesCount", controller = "Admin"}. Executing controller action with signature System.Threading.Tasks.Task`1[Microsoft.AspNetCore.Mvc.IActionResult] GetUnreadMessagesCount() on controller Portfolio_Management_System.Controllers.AdminController (Portfolio Management System).
2026-07-01 00:25:08.395 +05:30 [INF] Executing JsonResult, writing value of type 'System.Int32'.
2026-07-01 00:25:08.396 +05:30 [INF] Executed action Portfolio_Management_System.Controllers.AdminController.GetUnreadMessagesCount (Portfolio Management System) in 318.455ms
2026-07-01 00:25:08.396 +05:30 [INF] Executed endpoint 'Portfolio_Management_System.Controllers.AdminController.GetUnreadMessagesCount (Portfolio Management System)'
2026-07-01 00:25:08.396 +05:30 [INF] HTTP GET /Admin/GetUnreadMessagesCount responded 200 in 319.8870 ms
2026-07-01 00:25:08.397 +05:30 [INF] Request finished HTTP/2 GET https://localhost:44341/Admin/GetUnreadMessagesCount - 200 null application/json; charset=utf-8 320.7186ms
2026-07-01 00:25:08.397 +05:30 [INF] Executing JsonResult, writing value of type 'System.Collections.Generic.List`1[[<>f__AnonymousType18`7[[System.Int32, System.Private.CoreLib, Version=9.0.0.0, Culture=neutral, PublicKeyToken=7cec85d7bea7798e],[System.String, System.Private.CoreLib, Version=9.0.0.0, Culture=neutral, PublicKeyToken=7cec85d7bea7798e],[System.String, System.Private.CoreLib, Version=9.0.0.0, Culture=neutral, PublicKeyToken=7cec85d7bea7798e],[System.String, System.Private.CoreLib, Version=9.0.0.0, Culture=neutral, PublicKeyToken=7cec85d7bea7798e],[System.String, System.Private.CoreLib, Version=9.0.0.0, Culture=neutral, PublicKeyToken=7cec85d7bea7798e],[System.Boolean, System.Private.CoreLib, Version=9.0.0.0, Culture=neutral, PublicKeyToken=7cec85d7bea7798e],[System.DateTime, System.Private.CoreLib, Version=9.0.0.0, Culture=neutral, PublicKeyToken=7cec85d7bea7798e]], Portfolio Management System, Version=1.0.0.0, Culture=neutral, PublicKeyToken=null]]'.
2026-07-01 00:25:08.406 +05:30 [INF] Executed action Portfolio_Management_System.Controllers.AdminController.GetRecentMessages (Portfolio Management System) in 329.7152ms
2026-07-01 00:25:08.406 +05:30 [INF] Executed endpoint 'Portfolio_Management_System.Controllers.AdminController.GetRecentMessages (Portfolio Management System)'
2026-07-01 00:25:08.407 +05:30 [INF] HTTP GET /Admin/GetRecentMessages responded 200 in 330.4916 ms
2026-07-01 00:25:08.407 +05:30 [INF] Request finished HTTP/2 GET https://localhost:44341/Admin/GetRecentMessages - 200 null application/json; charset=utf-8 331.0164ms
2026-07-01 00:25:38.072 +05:30 [INF] Request starting HTTP/2 GET https://localhost:44341/Admin/GetUnreadMessagesCount - null null
2026-07-01 00:25:38.072 +05:30 [INF] Executing endpoint 'Portfolio_Management_System.Controllers.AdminController.GetUnreadMessagesCount (Portfolio Management System)'
2026-07-01 00:25:38.072 +05:30 [INF] Route matched with {action = "GetUnreadMessagesCount", controller = "Admin"}. Executing controller action with signature System.Threading.Tasks.Task`1[Microsoft.AspNetCore.Mvc.IActionResult] GetUnreadMessagesCount() on controller Portfolio_Management_System.Controllers.AdminController (Portfolio Management System).
2026-07-01 00:25:38.073 +05:30 [INF] Request starting HTTP/2 GET https://localhost:44341/Admin/GetRecentMessages - null null
2026-07-01 00:25:38.078 +05:30 [INF] Executing endpoint 'Portfolio_Management_System.Controllers.AdminController.GetRecentMessages (Portfolio Management System)'
2026-07-01 00:25:38.082 +05:30 [INF] Route matched with {action = "GetRecentMessages", controller = "Admin"}. Executing controller action with signature System.Threading.Tasks.Task`1[Microsoft.AspNetCore.Mvc.IActionResult] GetRecentMessages() on controller Portfolio_Management_System.Controllers.AdminController (Portfolio Management System).
2026-07-01 00:25:38.404 +05:30 [INF] Executing JsonResult, writing value of type 'System.Int32'.
2026-07-01 00:25:38.405 +05:30 [INF] Executed action Portfolio_Management_System.Controllers.AdminController.GetUnreadMessagesCount (Portfolio Management System) in 332.5692ms
2026-07-01 00:25:38.407 +05:30 [INF] Executed endpoint 'Portfolio_Management_System.Controllers.AdminController.GetUnreadMessagesCount (Portfolio Management System)'
2026-07-01 00:25:38.416 +05:30 [INF] Executing JsonResult, writing value of type 'System.Collections.Generic.List`1[[<>f__AnonymousType18`7[[System.Int32, System.Private.CoreLib, Version=9.0.0.0, Culture=neutral, PublicKeyToken=7cec85d7bea7798e],[System.String, System.Private.CoreLib, Version=9.0.0.0, Culture=neutral, PublicKeyToken=7cec85d7bea7798e],[System.String, System.Private.CoreLib, Version=9.0.0.0, Culture=neutral, PublicKeyToken=7cec85d7bea7798e],[System.String, System.Private.CoreLib, Version=9.0.0.0, Culture=neutral, PublicKeyToken=7cec85d7bea7798e],[System.String, System.Private.CoreLib, Version=9.0.0.0, Culture=neutral, PublicKeyToken=7cec85d7bea7798e],[System.Boolean, System.Private.CoreLib, Version=9.0.0.0, Culture=neutral, PublicKeyToken=7cec85d7bea7798e],[System.DateTime, System.Private.CoreLib, Version=9.0.0.0, Culture=neutral, PublicKeyToken=7cec85d7bea7798e]], Portfolio Management System, Version=1.0.0.0, Culture=neutral, PublicKeyToken=null]]'.
2026-07-01 00:25:38.416 +05:30 [INF] HTTP GET /Admin/GetUnreadMessagesCount responded 200 in 344.2924 ms
2026-07-01 00:25:38.425 +05:30 [INF] Executed action Portfolio_Management_System.Controllers.AdminController.GetRecentMessages (Portfolio Management System) in 342.0957ms
2026-07-01 00:25:38.425 +05:30 [INF] Request finished HTTP/2 GET https://localhost:44341/Admin/GetUnreadMessagesCount - 200 null application/json; charset=utf-8 352.9442ms
2026-07-01 00:25:38.425 +05:30 [INF] Executed endpoint 'Portfolio_Management_System.Controllers.AdminController.GetRecentMessages (Portfolio Management System)'
2026-07-01 00:25:38.425 +05:30 [INF] HTTP GET /Admin/GetRecentMessages responded 200 in 352.1604 ms
2026-07-01 00:25:38.426 +05:30 [INF] Request finished HTTP/2 GET https://localhost:44341/Admin/GetRecentMessages - 200 null application/json; charset=utf-8 352.7361ms
2026-07-01 00:26:08.078 +05:30 [INF] Request starting HTTP/2 GET https://localhost:44341/Admin/GetUnreadMessagesCount - null null
2026-07-01 00:26:08.079 +05:30 [INF] Executing endpoint 'Portfolio_Management_System.Controllers.AdminController.GetUnreadMessagesCount (Portfolio Management System)'
2026-07-01 00:26:08.079 +05:30 [INF] Route matched with {action = "GetUnreadMessagesCount", controller = "Admin"}. Executing controller action with signature System.Threading.Tasks.Task`1[Microsoft.AspNetCore.Mvc.IActionResult] GetUnreadMessagesCount() on controller Portfolio_Management_System.Controllers.AdminController (Portfolio Management System).
2026-07-01 00:26:08.094 +05:30 [INF] Request starting HTTP/2 GET https://localhost:44341/Admin/GetRecentMessages - null null
2026-07-01 00:26:08.102 +05:30 [INF] Executing endpoint 'Portfolio_Management_System.Controllers.AdminController.GetRecentMessages (Portfolio Management System)'
2026-07-01 00:26:08.102 +05:30 [INF] Route matched with {action = "GetRecentMessages", controller = "Admin"}. Executing controller action with signature System.Threading.Tasks.Task`1[Microsoft.AspNetCore.Mvc.IActionResult] GetRecentMessages() on controller Portfolio_Management_System.Controllers.AdminController (Portfolio Management System).
2026-07-01 00:26:08.516 +05:30 [INF] Executing JsonResult, writing value of type 'System.Int32'.
2026-07-01 00:26:08.518 +05:30 [INF] Executed action Portfolio_Management_System.Controllers.AdminController.GetUnreadMessagesCount (Portfolio Management System) in 438.4421ms
2026-07-01 00:26:08.520 +05:30 [INF] Executed endpoint 'Portfolio_Management_System.Controllers.AdminController.GetUnreadMessagesCount (Portfolio Management System)'
2026-07-01 00:26:08.520 +05:30 [INF] HTTP GET /Admin/GetUnreadMessagesCount responded 200 in 441.2371 ms
2026-07-01 00:26:08.522 +05:30 [INF] Request finished HTTP/2 GET https://localhost:44341/Admin/GetUnreadMessagesCount - 200 null application/json; charset=utf-8 443.2806ms
2026-07-01 00:26:09.730 +05:30 [INF] Executing JsonResult, writing value of type 'System.Collections.Generic.List`1[[<>f__AnonymousType18`7[[System.Int32, System.Private.CoreLib, Version=9.0.0.0, Culture=neutral, PublicKeyToken=7cec85d7bea7798e],[System.String, System.Private.CoreLib, Version=9.0.0.0, Culture=neutral, PublicKeyToken=7cec85d7bea7798e],[System.String, System.Private.CoreLib, Version=9.0.0.0, Culture=neutral, PublicKeyToken=7cec85d7bea7798e],[System.String, System.Private.CoreLib, Version=9.0.0.0, Culture=neutral, PublicKeyToken=7cec85d7bea7798e],[System.String, System.Private.CoreLib, Version=9.0.0.0, Culture=neutral, PublicKeyToken=7cec85d7bea7798e],[System.Boolean, System.Private.CoreLib, Version=9.0.0.0, Culture=neutral, PublicKeyToken=7cec85d7bea7798e],[System.DateTime, System.Private.CoreLib, Version=9.0.0.0, Culture=neutral, PublicKeyToken=7cec85d7bea7798e]], Portfolio Management System, Version=1.0.0.0, Culture=neutral, PublicKeyToken=null]]'.
2026-07-01 00:26:09.731 +05:30 [INF] Executed action Portfolio_Management_System.Controllers.AdminController.GetRecentMessages (Portfolio Management System) in 1628.9232ms
2026-07-01 00:26:09.733 +05:30 [INF] Executed endpoint 'Portfolio_Management_System.Controllers.AdminController.GetRecentMessages (Portfolio Management System)'
2026-07-01 00:26:09.736 +05:30 [INF] HTTP GET /Admin/GetRecentMessages responded 200 in 1633.9483 ms
2026-07-01 00:26:09.737 +05:30 [INF] Request finished HTTP/2 GET https://localhost:44341/Admin/GetRecentMessages - 200 null application/json; charset=utf-8 1642.8528ms
2026-07-01 00:26:38.084 +05:30 [INF] Request starting HTTP/2 GET https://localhost:44341/Admin/GetRecentMessages - null null
2026-07-01 00:26:38.084 +05:30 [INF] Request starting HTTP/2 GET https://localhost:44341/Admin/GetUnreadMessagesCount - null null
2026-07-01 00:26:38.085 +05:30 [INF] Executing endpoint 'Portfolio_Management_System.Controllers.AdminController.GetUnreadMessagesCount (Portfolio Management System)'
2026-07-01 00:26:38.085 +05:30 [INF] Executing endpoint 'Portfolio_Management_System.Controllers.AdminController.GetRecentMessages (Portfolio Management System)'
2026-07-01 00:26:38.086 +05:30 [INF] Route matched with {action = "GetRecentMessages", controller = "Admin"}. Executing controller action with signature System.Threading.Tasks.Task`1[Microsoft.AspNetCore.Mvc.IActionResult] GetRecentMessages() on controller Portfolio_Management_System.Controllers.AdminController (Portfolio Management System).
2026-07-01 00:26:38.085 +05:30 [INF] Route matched with {action = "GetUnreadMessagesCount", controller = "Admin"}. Executing controller action with signature System.Threading.Tasks.Task`1[Microsoft.AspNetCore.Mvc.IActionResult] GetUnreadMessagesCount() on controller Portfolio_Management_System.Controllers.AdminController (Portfolio Management System).
2026-07-01 00:26:39.107 +05:30 [INF] Executing JsonResult, writing value of type 'System.Int32'.
2026-07-01 00:26:39.108 +05:30 [INF] Executed action Portfolio_Management_System.Controllers.AdminController.GetUnreadMessagesCount (Portfolio Management System) in 1022.4181ms
2026-07-01 00:26:39.108 +05:30 [INF] Executed endpoint 'Portfolio_Management_System.Controllers.AdminController.GetUnreadMessagesCount (Portfolio Management System)'
2026-07-01 00:26:39.109 +05:30 [INF] HTTP GET /Admin/GetUnreadMessagesCount responded 200 in 1023.9941 ms
2026-07-01 00:26:39.109 +05:30 [INF] Request finished HTTP/2 GET https://localhost:44341/Admin/GetUnreadMessagesCount - 200 null application/json; charset=utf-8 1024.8733ms
2026-07-01 00:26:39.109 +05:30 [INF] Executing JsonResult, writing value of type 'System.Collections.Generic.List`1[[<>f__AnonymousType18`7[[System.Int32, System.Private.CoreLib, Version=9.0.0.0, Culture=neutral, PublicKeyToken=7cec85d7bea7798e],[System.String, System.Private.CoreLib, Version=9.0.0.0, Culture=neutral, PublicKeyToken=7cec85d7bea7798e],[System.String, System.Private.CoreLib, Version=9.0.0.0, Culture=neutral, PublicKeyToken=7cec85d7bea7798e],[System.String, System.Private.CoreLib, Version=9.0.0.0, Culture=neutral, PublicKeyToken=7cec85d7bea7798e],[System.String, System.Private.CoreLib, Version=9.0.0.0, Culture=neutral, PublicKeyToken=7cec85d7bea7798e],[System.Boolean, System.Private.CoreLib, Version=9.0.0.0, Culture=neutral, PublicKeyToken=7cec85d7bea7798e],[System.DateTime, System.Private.CoreLib, Version=9.0.0.0, Culture=neutral, PublicKeyToken=7cec85d7bea7798e]], Portfolio Management System, Version=1.0.0.0, Culture=neutral, PublicKeyToken=null]]'.
2026-07-01 00:26:39.111 +05:30 [INF] Executed action Portfolio_Management_System.Controllers.AdminController.GetRecentMessages (Portfolio Management System) in 1025.8051ms
2026-07-01 00:26:39.112 +05:30 [INF] Executed endpoint 'Portfolio_Management_System.Controllers.AdminController.GetRecentMessages (Portfolio Management System)'
2026-07-01 00:26:39.112 +05:30 [INF] HTTP GET /Admin/GetRecentMessages responded 200 in 1027.1288 ms
2026-07-01 00:26:39.113 +05:30 [INF] Request finished HTTP/2 GET https://localhost:44341/Admin/GetRecentMessages - 200 null application/json; charset=utf-8 1028.5072ms
2026-07-01 00:27:08.089 +05:30 [INF] Request starting HTTP/2 GET https://localhost:44341/Admin/GetUnreadMessagesCount - null null
2026-07-01 00:27:08.090 +05:30 [INF] Executing endpoint 'Portfolio_Management_System.Controllers.AdminController.GetUnreadMessagesCount (Portfolio Management System)'
2026-07-01 00:27:08.091 +05:30 [INF] Route matched with {action = "GetUnreadMessagesCount", controller = "Admin"}. Executing controller action with signature System.Threading.Tasks.Task`1[Microsoft.AspNetCore.Mvc.IActionResult] GetUnreadMessagesCount() on controller Portfolio_Management_System.Controllers.AdminController (Portfolio Management System).
2026-07-01 00:27:08.095 +05:30 [INF] Request starting HTTP/2 GET https://localhost:44341/Admin/GetRecentMessages - null null
2026-07-01 00:27:08.099 +05:30 [INF] Executing endpoint 'Portfolio_Management_System.Controllers.AdminController.GetRecentMessages (Portfolio Management System)'
2026-07-01 00:27:08.099 +05:30 [INF] Route matched with {action = "GetRecentMessages", controller = "Admin"}. Executing controller action with signature System.Threading.Tasks.Task`1[Microsoft.AspNetCore.Mvc.IActionResult] GetRecentMessages() on controller Portfolio_Management_System.Controllers.AdminController (Portfolio Management System).
2026-07-01 00:27:08.611 +05:30 [INF] Executing JsonResult, writing value of type 'System.Int32'.
2026-07-01 00:27:08.612 +05:30 [INF] Executed action Portfolio_Management_System.Controllers.AdminController.GetUnreadMessagesCount (Portfolio Management System) in 520.739ms
2026-07-01 00:27:08.612 +05:30 [INF] Executed endpoint 'Portfolio_Management_System.Controllers.AdminController.GetUnreadMessagesCount (Portfolio Management System)'
2026-07-01 00:27:08.612 +05:30 [INF] HTTP GET /Admin/GetUnreadMessagesCount responded 200 in 522.9159 ms
2026-07-01 00:27:08.616 +05:30 [INF] Request finished HTTP/2 GET https://localhost:44341/Admin/GetUnreadMessagesCount - 200 null application/json; charset=utf-8 526.6084ms
2026-07-01 00:27:19.732 +05:30 [ERR] Error getting messages
Microsoft.Data.SqlClient.SqlException (0x80131904): A transport-level error has occurred when receiving results from the server. (provider: Session Provider, error: 19 - Physical connection is not usable)
   at Microsoft.Data.SqlClient.SqlCommand.EndExecuteReaderAsync(IAsyncResult asyncResult)
   at System.Threading.Tasks.TaskFactory`1.FromAsyncCoreLogic(IAsyncResult iar, Func`2 endFunction, Action`1 endAction, Task`1 promise, Boolean requiresSynchronization)
--- End of stack trace from previous location ---
   at Portfolio_Management_System.DAL.DbHelper.GetAllMessagesAsync() in C:\Users\ak731\Desktop\DSA\Portfolio Management System\DAL\DbHelper.cs:line 579
ClientConnectionId:b6a08497-2080-4139-8da9-c0361ec5fcda
Error Number:-1,State:0,Class:20
2026-07-01 00:27:19.809 +05:30 [INF] Executing JsonResult, writing value of type 'System.Collections.Generic.List`1[[<>f__AnonymousType18`7[[System.Int32, System.Private.CoreLib, Version=9.0.0.0, Culture=neutral, PublicKeyToken=7cec85d7bea7798e],[System.String, System.Private.CoreLib, Version=9.0.0.0, Culture=neutral, PublicKeyToken=7cec85d7bea7798e],[System.String, System.Private.CoreLib, Version=9.0.0.0, Culture=neutral, PublicKeyToken=7cec85d7bea7798e],[System.String, System.Private.CoreLib, Version=9.0.0.0, Culture=neutral, PublicKeyToken=7cec85d7bea7798e],[System.String, System.Private.CoreLib, Version=9.0.0.0, Culture=neutral, PublicKeyToken=7cec85d7bea7798e],[System.Boolean, System.Private.CoreLib, Version=9.0.0.0, Culture=neutral, PublicKeyToken=7cec85d7bea7798e],[System.DateTime, System.Private.CoreLib, Version=9.0.0.0, Culture=neutral, PublicKeyToken=7cec85d7bea7798e]], Portfolio Management System, Version=1.0.0.0, Culture=neutral, PublicKeyToken=null]]'.
2026-07-01 00:27:19.809 +05:30 [INF] Executed action Portfolio_Management_System.Controllers.AdminController.GetRecentMessages (Portfolio Management System) in 11709.8671ms
2026-07-01 00:27:19.809 +05:30 [INF] Executed endpoint 'Portfolio_Management_System.Controllers.AdminController.GetRecentMessages (Portfolio Management System)'
2026-07-01 00:27:19.810 +05:30 [INF] HTTP GET /Admin/GetRecentMessages responded 200 in 11712.1082 ms
2026-07-01 00:27:19.810 +05:30 [INF] Request finished HTTP/2 GET https://localhost:44341/Admin/GetRecentMessages - 200 null application/json; charset=utf-8 11722.0386ms
2026-07-01 00:27:38.222 +05:30 [INF] Request starting HTTP/2 GET https://localhost:44341/Admin/GetRecentMessages - null null
2026-07-01 00:27:38.222 +05:30 [INF] Request starting HTTP/2 GET https://localhost:44341/Admin/GetUnreadMessagesCount - null null
2026-07-01 00:27:38.223 +05:30 [INF] Executing endpoint 'Portfolio_Management_System.Controllers.AdminController.GetUnreadMessagesCount (Portfolio Management System)'
2026-07-01 00:27:38.223 +05:30 [INF] Route matched with {action = "GetUnreadMessagesCount", controller = "Admin"}. Executing controller action with signature System.Threading.Tasks.Task`1[Microsoft.AspNetCore.Mvc.IActionResult] GetUnreadMessagesCount() on controller Portfolio_Management_System.Controllers.AdminController (Portfolio Management System).
2026-07-01 00:27:38.223 +05:30 [INF] Executing endpoint 'Portfolio_Management_System.Controllers.AdminController.GetRecentMessages (Portfolio Management System)'
2026-07-01 00:27:38.225 +05:30 [INF] Route matched with {action = "GetRecentMessages", controller = "Admin"}. Executing controller action with signature System.Threading.Tasks.Task`1[Microsoft.AspNetCore.Mvc.IActionResult] GetRecentMessages() on controller Portfolio_Management_System.Controllers.AdminController (Portfolio Management System).
2026-07-01 00:27:49.038 +05:30 [ERR] Error getting messages
Microsoft.Data.SqlClient.SqlException (0x80131904): A transport-level error has occurred when receiving results from the server. (provider: Session Provider, error: 19 - Physical connection is not usable)
   at Microsoft.Data.SqlClient.SqlCommand.EndExecuteReaderAsync(IAsyncResult asyncResult)
   at System.Threading.Tasks.TaskFactory`1.FromAsyncCoreLogic(IAsyncResult iar, Func`2 endFunction, Action`1 endAction, Task`1 promise, Boolean requiresSynchronization)
--- End of stack trace from previous location ---
   at Portfolio_Management_System.DAL.DbHelper.GetAllMessagesAsync() in C:\Users\ak731\Desktop\DSA\Portfolio Management System\DAL\DbHelper.cs:line 579
ClientConnectionId:bc89030c-8ba9-4e52-92bd-f0744191af4a
Error Number:-1,State:0,Class:20
2026-07-01 00:27:49.043 +05:30 [INF] Executing JsonResult, writing value of type 'System.Int32'.
2026-07-01 00:27:49.044 +05:30 [INF] Executed action Portfolio_Management_System.Controllers.AdminController.GetUnreadMessagesCount (Portfolio Management System) in 10820.3962ms
2026-07-01 00:27:49.044 +05:30 [INF] Executed endpoint 'Portfolio_Management_System.Controllers.AdminController.GetUnreadMessagesCount (Portfolio Management System)'
2026-07-01 00:27:49.044 +05:30 [INF] HTTP GET /Admin/GetUnreadMessagesCount responded 200 in 10821.5913 ms
2026-07-01 00:27:49.045 +05:30 [INF] Request finished HTTP/2 GET https://localhost:44341/Admin/GetUnreadMessagesCount - 200 null application/json; charset=utf-8 10822.955ms
2026-07-01 00:27:53.272 +05:30 [ERR] Error getting messages
Microsoft.Data.SqlClient.SqlException (0x80131904): A network-related or instance-specific error occurred while establishing a connection to SQL Server. The server was not found or was not accessible. Verify that the instance name is correct and that SQL Server is configured to allow remote connections. (provider: Named Pipes Provider, error: 40 - Could not open a connection to SQL Server)
 ---> System.ComponentModel.Win32Exception (53): The network path was not found.
   at Microsoft.Data.SqlClient.SqlInternalConnection.OnError(SqlException exception, Boolean breakConnection, Action`1 wrapCloseInAction)
   at Microsoft.Data.SqlClient.TdsParser.ThrowExceptionAndWarning(TdsParserStateObject stateObj, SqlCommand command, Boolean callerHasConnectionLock, Boolean asyncClose)
   at Microsoft.Data.SqlClient.TdsParser.Connect(ServerInfo serverInfo, SqlInternalConnectionTds connHandler, TimeoutTimer timeout, SqlConnectionString connectionOptions, Boolean withFailover)
   at Microsoft.Data.SqlClient.SqlInternalConnectionTds.AttemptOneLogin(ServerInfo serverInfo, String newPassword, SecureString newSecurePassword, TimeoutTimer timeout, Boolean withFailover)
   at Microsoft.Data.SqlClient.SqlInternalConnectionTds.LoginNoFailover(ServerInfo serverInfo, String newPassword, SecureString newSecurePassword, Boolean redirectedUserInstance, SqlConnectionString connectionOptions, SqlCredential credential, TimeoutTimer timeout)
   at Microsoft.Data.SqlClient.SqlInternalConnectionTds.OpenLoginEnlist(TimeoutTimer timeout, SqlConnectionString connectionOptions, SqlCredential credential, String newPassword, SecureString newSecurePassword, Boolean redirectedUserInstance)
   at Microsoft.Data.SqlClient.SqlInternalConnectionTds..ctor(DbConnectionPoolIdentity identity, SqlConnectionString connectionOptions, SqlCredential credential, Object providerInfo, String newPassword, SecureString newSecurePassword, Boolean redirectedUserInstance, SqlConnectionString userConnectionOptions, SessionData reconnectSessionData, Boolean applyTransientFaultHandling, String accessToken, IDbConnectionPool pool, Func`3 accessTokenCallback)
   at Microsoft.Data.SqlClient.SqlConnectionFactory.CreateConnection(DbConnectionOptions options, DbConnectionPoolKey poolKey, DbConnectionPoolGroupProviderInfo poolGroupProviderInfo, IDbConnectionPool pool, DbConnection owningConnection, DbConnectionOptions userOptions)
   at Microsoft.Data.ProviderBase.DbConnectionFactory.CreatePooledConnection(IDbConnectionPool pool, DbConnection owningObject, DbConnectionOptions options, DbConnectionPoolKey poolKey, DbConnectionOptions userOptions)
   at Microsoft.Data.SqlClient.ConnectionPool.WaitHandleDbConnectionPool.CreateObject(DbConnection owningObject, DbConnectionOptions userOptions, DbConnectionInternal oldConnection)
   at Microsoft.Data.SqlClient.ConnectionPool.WaitHandleDbConnectionPool.UserCreateRequest(DbConnection owningObject, DbConnectionOptions userOptions, DbConnectionInternal oldConnection)
   at Microsoft.Data.SqlClient.ConnectionPool.WaitHandleDbConnectionPool.TryGetConnection(DbConnection owningObject, UInt32 waitForMultipleObjectsTimeout, Boolean allowCreate, Boolean onlyOneCheckConnection, DbConnectionOptions userOptions, DbConnectionInternal& connection)
   at Microsoft.Data.SqlClient.ConnectionPool.WaitHandleDbConnectionPool.WaitForPendingOpen()
--- End of stack trace from previous location ---
   at Portfolio_Management_System.DAL.DbHelper.GetAllMessagesAsync() in C:\Users\ak731\Desktop\DSA\Portfolio Management System\DAL\DbHelper.cs:line 578
ClientConnectionId:00000000-0000-0000-0000-000000000000
Error Number:53,State:0,Class:20
2026-07-01 00:27:53.290 +05:30 [INF] Executing JsonResult, writing value of type 'System.Collections.Generic.List`1[[<>f__AnonymousType18`7[[System.Int32, System.Private.CoreLib, Version=9.0.0.0, Culture=neutral, PublicKeyToken=7cec85d7bea7798e],[System.String, System.Private.CoreLib, Version=9.0.0.0, Culture=neutral, PublicKeyToken=7cec85d7bea7798e],[System.String, System.Private.CoreLib, Version=9.0.0.0, Culture=neutral, PublicKeyToken=7cec85d7bea7798e],[System.String, System.Private.CoreLib, Version=9.0.0.0, Culture=neutral, PublicKeyToken=7cec85d7bea7798e],[System.String, System.Private.CoreLib, Version=9.0.0.0, Culture=neutral, PublicKeyToken=7cec85d7bea7798e],[System.Boolean, System.Private.CoreLib, Version=9.0.0.0, Culture=neutral, PublicKeyToken=7cec85d7bea7798e],[System.DateTime, System.Private.CoreLib, Version=9.0.0.0, Culture=neutral, PublicKeyToken=7cec85d7bea7798e]], Portfolio Management System, Version=1.0.0.0, Culture=neutral, PublicKeyToken=null]]'.
2026-07-01 00:27:53.291 +05:30 [INF] Executed action Portfolio_Management_System.Controllers.AdminController.GetRecentMessages (Portfolio Management System) in 15064.6511ms
2026-07-01 00:27:53.291 +05:30 [INF] Executed endpoint 'Portfolio_Management_System.Controllers.AdminController.GetRecentMessages (Portfolio Management System)'
2026-07-01 00:27:53.291 +05:30 [INF] HTTP GET /Admin/GetRecentMessages responded 200 in 15068.4546 ms
2026-07-01 00:27:53.294 +05:30 [INF] Request finished HTTP/2 GET https://localhost:44341/Admin/GetRecentMessages - 200 null application/json; charset=utf-8 15071.1183ms
2026-07-01 00:28:08.084 +05:30 [INF] Request starting HTTP/2 GET https://localhost:44341/Admin/GetUnreadMessagesCount - null null
2026-07-01 00:28:08.085 +05:30 [INF] Executing endpoint 'Portfolio_Management_System.Controllers.AdminController.GetUnreadMessagesCount (Portfolio Management System)'
2026-07-01 00:28:08.085 +05:30 [INF] Route matched with {action = "GetUnreadMessagesCount", controller = "Admin"}. Executing controller action with signature System.Threading.Tasks.Task`1[Microsoft.AspNetCore.Mvc.IActionResult] GetUnreadMessagesCount() on controller Portfolio_Management_System.Controllers.AdminController (Portfolio Management System).
2026-07-01 00:28:08.086 +05:30 [INF] Request starting HTTP/2 GET https://localhost:44341/Admin/GetRecentMessages - null null
2026-07-01 00:28:08.087 +05:30 [INF] Executing endpoint 'Portfolio_Management_System.Controllers.AdminController.GetRecentMessages (Portfolio Management System)'
2026-07-01 00:28:08.087 +05:30 [INF] Route matched with {action = "GetRecentMessages", controller = "Admin"}. Executing controller action with signature System.Threading.Tasks.Task`1[Microsoft.AspNetCore.Mvc.IActionResult] GetRecentMessages() on controller Portfolio_Management_System.Controllers.AdminController (Portfolio Management System).
2026-07-01 00:28:23.015 +05:30 [ERR] Error getting messages
Microsoft.Data.SqlClient.SqlException (0x80131904): A network-related or instance-specific error occurred while establishing a connection to SQL Server. The server was not found or was not accessible. Verify that the instance name is correct and that SQL Server is configured to allow remote connections. (provider: Named Pipes Provider, error: 40 - Could not open a connection to SQL Server)
 ---> System.ComponentModel.Win32Exception (53): The network path was not found.
   at Microsoft.Data.SqlClient.SqlInternalConnection.OnError(SqlException exception, Boolean breakConnection, Action`1 wrapCloseInAction)
   at Microsoft.Data.SqlClient.TdsParser.ThrowExceptionAndWarning(TdsParserStateObject stateObj, SqlCommand command, Boolean callerHasConnectionLock, Boolean asyncClose)
   at Microsoft.Data.SqlClient.TdsParser.Connect(ServerInfo serverInfo, SqlInternalConnectionTds connHandler, TimeoutTimer timeout, SqlConnectionString connectionOptions, Boolean withFailover)
   at Microsoft.Data.SqlClient.SqlInternalConnectionTds.AttemptOneLogin(ServerInfo serverInfo, String newPassword, SecureString newSecurePassword, TimeoutTimer timeout, Boolean withFailover)
   at Microsoft.Data.SqlClient.SqlInternalConnectionTds.LoginNoFailover(ServerInfo serverInfo, String newPassword, SecureString newSecurePassword, Boolean redirectedUserInstance, SqlConnectionString connectionOptions, SqlCredential credential, TimeoutTimer timeout)
   at Microsoft.Data.SqlClient.SqlInternalConnectionTds.OpenLoginEnlist(TimeoutTimer timeout, SqlConnectionString connectionOptions, SqlCredential credential, String newPassword, SecureString newSecurePassword, Boolean redirectedUserInstance)
   at Microsoft.Data.SqlClient.SqlInternalConnectionTds..ctor(DbConnectionPoolIdentity identity, SqlConnectionString connectionOptions, SqlCredential credential, Object providerInfo, String newPassword, SecureString newSecurePassword, Boolean redirectedUserInstance, SqlConnectionString userConnectionOptions, SessionData reconnectSessionData, Boolean applyTransientFaultHandling, String accessToken, IDbConnectionPool pool, Func`3 accessTokenCallback)
   at Microsoft.Data.SqlClient.SqlConnectionFactory.CreateConnection(DbConnectionOptions options, DbConnectionPoolKey poolKey, DbConnectionPoolGroupProviderInfo poolGroupProviderInfo, IDbConnectionPool pool, DbConnection owningConnection, DbConnectionOptions userOptions)
   at Microsoft.Data.ProviderBase.DbConnectionFactory.CreatePooledConnection(IDbConnectionPool pool, DbConnection owningObject, DbConnectionOptions options, DbConnectionPoolKey poolKey, DbConnectionOptions userOptions)
   at Microsoft.Data.SqlClient.ConnectionPool.WaitHandleDbConnectionPool.CreateObject(DbConnection owningObject, DbConnectionOptions userOptions, DbConnectionInternal oldConnection)
   at Microsoft.Data.SqlClient.ConnectionPool.WaitHandleDbConnectionPool.UserCreateRequest(DbConnection owningObject, DbConnectionOptions userOptions, DbConnectionInternal oldConnection)
   at Microsoft.Data.SqlClient.ConnectionPool.WaitHandleDbConnectionPool.TryGetConnection(DbConnection owningObject, UInt32 waitForMultipleObjectsTimeout, Boolean allowCreate, Boolean onlyOneCheckConnection, DbConnectionOptions userOptions, DbConnectionInternal& connection)
   at Microsoft.Data.SqlClient.ConnectionPool.WaitHandleDbConnectionPool.WaitForPendingOpen()
--- End of stack trace from previous location ---
   at Portfolio_Management_System.DAL.DbHelper.GetAllMessagesAsync() in C:\Users\ak731\Desktop\DSA\Portfolio Management System\DAL\DbHelper.cs:line 578
ClientConnectionId:00000000-0000-0000-0000-000000000000
Error Number:53,State:0,Class:20
2026-07-01 00:28:23.020 +05:30 [INF] Executing JsonResult, writing value of type 'System.Int32'.
2026-07-01 00:28:23.021 +05:30 [INF] Executed action Portfolio_Management_System.Controllers.AdminController.GetUnreadMessagesCount (Portfolio Management System) in 14936.0215ms
2026-07-01 00:28:23.022 +05:30 [INF] Executed endpoint 'Portfolio_Management_System.Controllers.AdminController.GetUnreadMessagesCount (Portfolio Management System)'
2026-07-01 00:28:23.022 +05:30 [INF] HTTP GET /Admin/GetUnreadMessagesCount responded 200 in 14937.3281 ms
2026-07-01 00:28:23.023 +05:30 [INF] Request finished HTTP/2 GET https://localhost:44341/Admin/GetUnreadMessagesCount - 200 null application/json; charset=utf-8 14938.643ms
2026-07-01 00:28:23.173 +05:30 [ERR] Error getting messages
Microsoft.Data.SqlClient.SqlException (0x80131904): A network-related or instance-specific error occurred while establishing a connection to SQL Server. The server was not found or was not accessible. Verify that the instance name is correct and that SQL Server is configured to allow remote connections. (provider: Named Pipes Provider, error: 40 - Could not open a connection to SQL Server)
 ---> System.ComponentModel.Win32Exception (53): The network path was not found.
   at Microsoft.Data.SqlClient.ConnectionPool.WaitHandleDbConnectionPool.TryGetConnection(DbConnection owningObject, UInt32 waitForMultipleObjectsTimeout, Boolean allowCreate, Boolean onlyOneCheckConnection, DbConnectionOptions userOptions, DbConnectionInternal& connection)
   at Microsoft.Data.SqlClient.ConnectionPool.WaitHandleDbConnectionPool.WaitForPendingOpen()
--- End of stack trace from previous location ---
   at Portfolio_Management_System.DAL.DbHelper.GetAllMessagesAsync() in C:\Users\ak731\Desktop\DSA\Portfolio Management System\DAL\DbHelper.cs:line 578
ClientConnectionId:00000000-0000-0000-0000-000000000000
Error Number:53,State:0,Class:20
2026-07-01 00:28:23.176 +05:30 [INF] Executing JsonResult, writing value of type 'System.Collections.Generic.List`1[[<>f__AnonymousType18`7[[System.Int32, System.Private.CoreLib, Version=9.0.0.0, Culture=neutral, PublicKeyToken=7cec85d7bea7798e],[System.String, System.Private.CoreLib, Version=9.0.0.0, Culture=neutral, PublicKeyToken=7cec85d7bea7798e],[System.String, System.Private.CoreLib, Version=9.0.0.0, Culture=neutral, PublicKeyToken=7cec85d7bea7798e],[System.String, System.Private.CoreLib, Version=9.0.0.0, Culture=neutral, PublicKeyToken=7cec85d7bea7798e],[System.String, System.Private.CoreLib, Version=9.0.0.0, Culture=neutral, PublicKeyToken=7cec85d7bea7798e],[System.Boolean, System.Private.CoreLib, Version=9.0.0.0, Culture=neutral, PublicKeyToken=7cec85d7bea7798e],[System.DateTime, System.Private.CoreLib, Version=9.0.0.0, Culture=neutral, PublicKeyToken=7cec85d7bea7798e]], Portfolio Management System, Version=1.0.0.0, Culture=neutral, PublicKeyToken=null]]'.
2026-07-01 00:28:23.177 +05:30 [INF] Executed action Portfolio_Management_System.Controllers.AdminController.GetRecentMessages (Portfolio Management System) in 15089.3019ms
2026-07-01 00:28:23.177 +05:30 [INF] Executed endpoint 'Portfolio_Management_System.Controllers.AdminController.GetRecentMessages (Portfolio Management System)'
2026-07-01 00:28:23.177 +05:30 [INF] HTTP GET /Admin/GetRecentMessages responded 200 in 15090.1962 ms
2026-07-01 00:28:23.178 +05:30 [INF] Request finished HTTP/2 GET https://localhost:44341/Admin/GetRecentMessages - 200 null application/json; charset=utf-8 15091.6567ms
2026-07-01 00:28:38.087 +05:30 [INF] Request starting HTTP/2 GET https://localhost:44341/Admin/GetUnreadMessagesCount - null null
2026-07-01 00:28:38.087 +05:30 [INF] Executing endpoint 'Portfolio_Management_System.Controllers.AdminController.GetUnreadMessagesCount (Portfolio Management System)'
2026-07-01 00:28:38.088 +05:30 [INF] Route matched with {action = "GetUnreadMessagesCount", controller = "Admin"}. Executing controller action with signature System.Threading.Tasks.Task`1[Microsoft.AspNetCore.Mvc.IActionResult] GetUnreadMessagesCount() on controller Portfolio_Management_System.Controllers.AdminController (Portfolio Management System).
2026-07-01 00:28:38.176 +05:30 [INF] Request starting HTTP/2 GET https://localhost:44341/Admin/GetRecentMessages - null null
2026-07-01 00:28:38.176 +05:30 [INF] Executing endpoint 'Portfolio_Management_System.Controllers.AdminController.GetRecentMessages (Portfolio Management System)'
2026-07-01 00:28:38.178 +05:30 [INF] Route matched with {action = "GetRecentMessages", controller = "Admin"}. Executing controller action with signature System.Threading.Tasks.Task`1[Microsoft.AspNetCore.Mvc.IActionResult] GetRecentMessages() on controller Portfolio_Management_System.Controllers.AdminController (Portfolio Management System).
2026-07-01 00:28:53.151 +05:30 [ERR] Error getting messages
Microsoft.Data.SqlClient.SqlException (0x80131904): A network-related or instance-specific error occurred while establishing a connection to SQL Server. The server was not found or was not accessible. Verify that the instance name is correct and that SQL Server is configured to allow remote connections. (provider: Named Pipes Provider, error: 40 - Could not open a connection to SQL Server)
 ---> System.ComponentModel.Win32Exception (53): The network path was not found.
   at Microsoft.Data.SqlClient.SqlInternalConnection.OnError(SqlException exception, Boolean breakConnection, Action`1 wrapCloseInAction)
   at Microsoft.Data.SqlClient.TdsParser.ThrowExceptionAndWarning(TdsParserStateObject stateObj, SqlCommand command, Boolean callerHasConnectionLock, Boolean asyncClose)
   at Microsoft.Data.SqlClient.TdsParser.Connect(ServerInfo serverInfo, SqlInternalConnectionTds connHandler, TimeoutTimer timeout, SqlConnectionString connectionOptions, Boolean withFailover)
   at Microsoft.Data.SqlClient.SqlInternalConnectionTds.AttemptOneLogin(ServerInfo serverInfo, String newPassword, SecureString newSecurePassword, TimeoutTimer timeout, Boolean withFailover)
   at Microsoft.Data.SqlClient.SqlInternalConnectionTds.LoginNoFailover(ServerInfo serverInfo, String newPassword, SecureString newSecurePassword, Boolean redirectedUserInstance, SqlConnectionString connectionOptions, SqlCredential credential, TimeoutTimer timeout)
   at Microsoft.Data.SqlClient.SqlInternalConnectionTds.OpenLoginEnlist(TimeoutTimer timeout, SqlConnectionString connectionOptions, SqlCredential credential, String newPassword, SecureString newSecurePassword, Boolean redirectedUserInstance)
   at Microsoft.Data.SqlClient.SqlInternalConnectionTds..ctor(DbConnectionPoolIdentity identity, SqlConnectionString connectionOptions, SqlCredential credential, Object providerInfo, String newPassword, SecureString newSecurePassword, Boolean redirectedUserInstance, SqlConnectionString userConnectionOptions, SessionData reconnectSessionData, Boolean applyTransientFaultHandling, String accessToken, IDbConnectionPool pool, Func`3 accessTokenCallback)
   at Microsoft.Data.SqlClient.SqlConnectionFactory.CreateConnection(DbConnectionOptions options, DbConnectionPoolKey poolKey, DbConnectionPoolGroupProviderInfo poolGroupProviderInfo, IDbConnectionPool pool, DbConnection owningConnection, DbConnectionOptions userOptions)
   at Microsoft.Data.ProviderBase.DbConnectionFactory.CreatePooledConnection(IDbConnectionPool pool, DbConnection owningObject, DbConnectionOptions options, DbConnectionPoolKey poolKey, DbConnectionOptions userOptions)
   at Microsoft.Data.SqlClient.ConnectionPool.WaitHandleDbConnectionPool.CreateObject(DbConnection owningObject, DbConnectionOptions userOptions, DbConnectionInternal oldConnection)
   at Microsoft.Data.SqlClient.ConnectionPool.WaitHandleDbConnectionPool.UserCreateRequest(DbConnection owningObject, DbConnectionOptions userOptions, DbConnectionInternal oldConnection)
   at Microsoft.Data.SqlClient.ConnectionPool.WaitHandleDbConnectionPool.TryGetConnection(DbConnection owningObject, UInt32 waitForMultipleObjectsTimeout, Boolean allowCreate, Boolean onlyOneCheckConnection, DbConnectionOptions userOptions, DbConnectionInternal& connection)
   at Microsoft.Data.SqlClient.ConnectionPool.WaitHandleDbConnectionPool.WaitForPendingOpen()
--- End of stack trace from previous location ---
   at Portfolio_Management_System.DAL.DbHelper.GetAllMessagesAsync() in C:\Users\ak731\Desktop\DSA\Portfolio Management System\DAL\DbHelper.cs:line 578
ClientConnectionId:00000000-0000-0000-0000-000000000000
Error Number:53,State:0,Class:20
2026-07-01 00:28:53.224 +05:30 [ERR] Error getting messages
Microsoft.Data.SqlClient.SqlException (0x80131904): A network-related or instance-specific error occurred while establishing a connection to SQL Server. The server was not found or was not accessible. Verify that the instance name is correct and that SQL Server is configured to allow remote connections. (provider: Named Pipes Provider, error: 40 - Could not open a connection to SQL Server)
 ---> System.ComponentModel.Win32Exception (53): The network path was not found.
   at Microsoft.Data.SqlClient.ConnectionPool.WaitHandleDbConnectionPool.TryGetConnection(DbConnection owningObject, UInt32 waitForMultipleObjectsTimeout, Boolean allowCreate, Boolean onlyOneCheckConnection, DbConnectionOptions userOptions, DbConnectionInternal& connection)
   at Microsoft.Data.SqlClient.ConnectionPool.WaitHandleDbConnectionPool.WaitForPendingOpen()
--- End of stack trace from previous location ---
   at Portfolio_Management_System.DAL.DbHelper.GetAllMessagesAsync() in C:\Users\ak731\Desktop\DSA\Portfolio Management System\DAL\DbHelper.cs:line 578
ClientConnectionId:00000000-0000-0000-0000-000000000000
Error Number:53,State:0,Class:20
2026-07-01 00:28:53.230 +05:30 [INF] Executing JsonResult, writing value of type 'System.Int32'.
2026-07-01 00:28:53.231 +05:30 [INF] Executing JsonResult, writing value of type 'System.Collections.Generic.List`1[[<>f__AnonymousType18`7[[System.Int32, System.Private.CoreLib, Version=9.0.0.0, Culture=neutral, PublicKeyToken=7cec85d7bea7798e],[System.String, System.Private.CoreLib, Version=9.0.0.0, Culture=neutral, PublicKeyToken=7cec85d7bea7798e],[System.String, System.Private.CoreLib, Version=9.0.0.0, Culture=neutral, PublicKeyToken=7cec85d7bea7798e],[System.String, System.Private.CoreLib, Version=9.0.0.0, Culture=neutral, PublicKeyToken=7cec85d7bea7798e],[System.String, System.Private.CoreLib, Version=9.0.0.0, Culture=neutral, PublicKeyToken=7cec85d7bea7798e],[System.Boolean, System.Private.CoreLib, Version=9.0.0.0, Culture=neutral, PublicKeyToken=7cec85d7bea7798e],[System.DateTime, System.Private.CoreLib, Version=9.0.0.0, Culture=neutral, PublicKeyToken=7cec85d7bea7798e]], Portfolio Management System, Version=1.0.0.0, Culture=neutral, PublicKeyToken=null]]'.
2026-07-01 00:28:53.231 +05:30 [INF] Executed action Portfolio_Management_System.Controllers.AdminController.GetUnreadMessagesCount (Portfolio Management System) in 15143.6503ms
2026-07-01 00:28:53.231 +05:30 [INF] Executed action Portfolio_Management_System.Controllers.AdminController.GetRecentMessages (Portfolio Management System) in 15053.6573ms
2026-07-01 00:28:53.232 +05:30 [INF] Executed endpoint 'Portfolio_Management_System.Controllers.AdminController.GetRecentMessages (Portfolio Management System)'
2026-07-01 00:28:53.232 +05:30 [INF] HTTP GET /Admin/GetRecentMessages responded 200 in 15055.9078 ms
2026-07-01 00:28:53.231 +05:30 [INF] Executed endpoint 'Portfolio_Management_System.Controllers.AdminController.GetUnreadMessagesCount (Portfolio Management System)'
2026-07-01 00:28:53.233 +05:30 [INF] HTTP GET /Admin/GetUnreadMessagesCount responded 200 in 15146.0853 ms
2026-07-01 00:28:53.233 +05:30 [INF] Request finished HTTP/2 GET https://localhost:44341/Admin/GetUnreadMessagesCount - 200 null application/json; charset=utf-8 15146.7931ms
2026-07-01 00:28:53.232 +05:30 [INF] Request finished HTTP/2 GET https://localhost:44341/Admin/GetRecentMessages - 200 null application/json; charset=utf-8 15056.4198ms
2026-07-01 00:29:08.088 +05:30 [INF] Request starting HTTP/2 GET https://localhost:44341/Admin/GetUnreadMessagesCount - null null
2026-07-01 00:29:08.088 +05:30 [INF] Request starting HTTP/2 GET https://localhost:44341/Admin/GetRecentMessages - null null
2026-07-01 00:29:08.088 +05:30 [INF] Executing endpoint 'Portfolio_Management_System.Controllers.AdminController.GetRecentMessages (Portfolio Management System)'
2026-07-01 00:29:08.089 +05:30 [INF] Executing endpoint 'Portfolio_Management_System.Controllers.AdminController.GetUnreadMessagesCount (Portfolio Management System)'
2026-07-01 00:29:08.089 +05:30 [INF] Route matched with {action = "GetRecentMessages", controller = "Admin"}. Executing controller action with signature System.Threading.Tasks.Task`1[Microsoft.AspNetCore.Mvc.IActionResult] GetRecentMessages() on controller Portfolio_Management_System.Controllers.AdminController (Portfolio Management System).
2026-07-01 00:29:08.089 +05:30 [INF] Route matched with {action = "GetUnreadMessagesCount", controller = "Admin"}. Executing controller action with signature System.Threading.Tasks.Task`1[Microsoft.AspNetCore.Mvc.IActionResult] GetUnreadMessagesCount() on controller Portfolio_Management_System.Controllers.AdminController (Portfolio Management System).
2026-07-01 00:29:23.013 +05:30 [ERR] Error getting messages
Microsoft.Data.SqlClient.SqlException (0x80131904): A network-related or instance-specific error occurred while establishing a connection to SQL Server. The server was not found or was not accessible. Verify that the instance name is correct and that SQL Server is configured to allow remote connections. (provider: Named Pipes Provider, error: 40 - Could not open a connection to SQL Server)
 ---> System.ComponentModel.Win32Exception (53): The network path was not found.
   at Microsoft.Data.SqlClient.TdsParser.ThrowExceptionAndWarning(TdsParserStateObject stateObj, SqlCommand command, Boolean callerHasConnectionLock, Boolean asyncClose)
   at Microsoft.Data.SqlClient.TdsParser.Connect(ServerInfo serverInfo, SqlInternalConnectionTds connHandler, TimeoutTimer timeout, SqlConnectionString connectionOptions, Boolean withFailover)
   at Microsoft.Data.SqlClient.SqlInternalConnectionTds.AttemptOneLogin(ServerInfo serverInfo, String newPassword, SecureString newSecurePassword, TimeoutTimer timeout, Boolean withFailover)
   at Microsoft.Data.SqlClient.SqlInternalConnectionTds.LoginNoFailover(ServerInfo serverInfo, String newPassword, SecureString newSecurePassword, Boolean redirectedUserInstance, SqlConnectionString connectionOptions, SqlCredential credential, TimeoutTimer timeout)
   at Microsoft.Data.SqlClient.SqlInternalConnectionTds.OpenLoginEnlist(TimeoutTimer timeout, SqlConnectionString connectionOptions, SqlCredential credential, String newPassword, SecureString newSecurePassword, Boolean redirectedUserInstance)
   at Microsoft.Data.SqlClient.SqlInternalConnectionTds..ctor(DbConnectionPoolIdentity identity, SqlConnectionString connectionOptions, SqlCredential credential, Object providerInfo, String newPassword, SecureString newSecurePassword, Boolean redirectedUserInstance, SqlConnectionString userConnectionOptions, SessionData reconnectSessionData, Boolean applyTransientFaultHandling, String accessToken, IDbConnectionPool pool, Func`3 accessTokenCallback)
   at Microsoft.Data.SqlClient.SqlConnectionFactory.CreateConnection(DbConnectionOptions options, DbConnectionPoolKey poolKey, DbConnectionPoolGroupProviderInfo poolGroupProviderInfo, IDbConnectionPool pool, DbConnection owningConnection, DbConnectionOptions userOptions)
   at Microsoft.Data.ProviderBase.DbConnectionFactory.CreatePooledConnection(IDbConnectionPool pool, DbConnection owningObject, DbConnectionOptions options, DbConnectionPoolKey poolKey, DbConnectionOptions userOptions)
   at Microsoft.Data.SqlClient.ConnectionPool.WaitHandleDbConnectionPool.CreateObject(DbConnection owningObject, DbConnectionOptions userOptions, DbConnectionInternal oldConnection)
   at Microsoft.Data.SqlClient.ConnectionPool.WaitHandleDbConnectionPool.UserCreateRequest(DbConnection owningObject, DbConnectionOptions userOptions, DbConnectionInternal oldConnection)
   at Microsoft.Data.SqlClient.ConnectionPool.WaitHandleDbConnectionPool.TryGetConnection(DbConnection owningObject, UInt32 waitForMultipleObjectsTimeout, Boolean allowCreate, Boolean onlyOneCheckConnection, DbConnectionOptions userOptions, DbConnectionInternal& connection)
   at Microsoft.Data.SqlClient.ConnectionPool.WaitHandleDbConnectionPool.WaitForPendingOpen()
--- End of stack trace from previous location ---
   at Portfolio_Management_System.DAL.DbHelper.GetAllMessagesAsync() in C:\Users\ak731\Desktop\DSA\Portfolio Management System\DAL\DbHelper.cs:line 578
ClientConnectionId:00000000-0000-0000-0000-000000000000
Error Number:53,State:0,Class:20
2026-07-01 00:29:23.065 +05:30 [ERR] Error getting messages
Microsoft.Data.SqlClient.SqlException (0x80131904): A network-related or instance-specific error occurred while establishing a connection to SQL Server. The server was not found or was not accessible. Verify that the instance name is correct and that SQL Server is configured to allow remote connections. (provider: Named Pipes Provider, error: 40 - Could not open a connection to SQL Server)
 ---> System.ComponentModel.Win32Exception (53): The network path was not found.
   at Microsoft.Data.SqlClient.ConnectionPool.WaitHandleDbConnectionPool.TryGetConnection(DbConnection owningObject, UInt32 waitForMultipleObjectsTimeout, Boolean allowCreate, Boolean onlyOneCheckConnection, DbConnectionOptions userOptions, DbConnectionInternal& connection)
   at Microsoft.Data.SqlClient.ConnectionPool.WaitHandleDbConnectionPool.WaitForPendingOpen()
--- End of stack trace from previous location ---
   at Portfolio_Management_System.DAL.DbHelper.GetAllMessagesAsync() in C:\Users\ak731\Desktop\DSA\Portfolio Management System\DAL\DbHelper.cs:line 578
ClientConnectionId:00000000-0000-0000-0000-000000000000
Error Number:53,State:0,Class:20
2026-07-01 00:29:23.071 +05:30 [INF] Executing JsonResult, writing value of type 'System.Collections.Generic.List`1[[<>f__AnonymousType18`7[[System.Int32, System.Private.CoreLib, Version=9.0.0.0, Culture=neutral, PublicKeyToken=7cec85d7bea7798e],[System.String, System.Private.CoreLib, Version=9.0.0.0, Culture=neutral, PublicKeyToken=7cec85d7bea7798e],[System.String, System.Private.CoreLib, Version=9.0.0.0, Culture=neutral, PublicKeyToken=7cec85d7bea7798e],[System.String, System.Private.CoreLib, Version=9.0.0.0, Culture=neutral, PublicKeyToken=7cec85d7bea7798e],[System.String, System.Private.CoreLib, Version=9.0.0.0, Culture=neutral, PublicKeyToken=7cec85d7bea7798e],[System.Boolean, System.Private.CoreLib, Version=9.0.0.0, Culture=neutral, PublicKeyToken=7cec85d7bea7798e],[System.DateTime, System.Private.CoreLib, Version=9.0.0.0, Culture=neutral, PublicKeyToken=7cec85d7bea7798e]], Portfolio Management System, Version=1.0.0.0, Culture=neutral, PublicKeyToken=null]]'.
2026-07-01 00:29:23.072 +05:30 [INF] Executing JsonResult, writing value of type 'System.Int32'.
2026-07-01 00:29:23.072 +05:30 [INF] Executed action Portfolio_Management_System.Controllers.AdminController.GetUnreadMessagesCount (Portfolio Management System) in 14976.7053ms
2026-07-01 00:29:23.072 +05:30 [INF] Executed action Portfolio_Management_System.Controllers.AdminController.GetRecentMessages (Portfolio Management System) in 14983.4293ms
2026-07-01 00:29:23.072 +05:30 [INF] Executed endpoint 'Portfolio_Management_System.Controllers.AdminController.GetUnreadMessagesCount (Portfolio Management System)'
2026-07-01 00:29:23.072 +05:30 [INF] Executed endpoint 'Portfolio_Management_System.Controllers.AdminController.GetRecentMessages (Portfolio Management System)'
2026-07-01 00:29:23.072 +05:30 [INF] HTTP GET /Admin/GetRecentMessages responded 200 in 14984.3213 ms
2026-07-01 00:29:23.072 +05:30 [INF] HTTP GET /Admin/GetUnreadMessagesCount responded 200 in 14984.0990 ms
2026-07-01 00:29:23.073 +05:30 [INF] Request finished HTTP/2 GET https://localhost:44341/Admin/GetUnreadMessagesCount - 200 null application/json; charset=utf-8 14985.0152ms
2026-07-01 00:29:23.073 +05:30 [INF] Request finished HTTP/2 GET https://localhost:44341/Admin/GetRecentMessages - 200 null application/json; charset=utf-8 14984.9376ms
2026-07-01 00:29:38.078 +05:30 [INF] Request starting HTTP/2 GET https://localhost:44341/Admin/GetRecentMessages - null null
2026-07-01 00:29:38.078 +05:30 [INF] Request starting HTTP/2 GET https://localhost:44341/Admin/GetUnreadMessagesCount - null null
2026-07-01 00:29:38.078 +05:30 [INF] Executing endpoint 'Portfolio_Management_System.Controllers.AdminController.GetUnreadMessagesCount (Portfolio Management System)'
2026-07-01 00:29:38.078 +05:30 [INF] Executing endpoint 'Portfolio_Management_System.Controllers.AdminController.GetRecentMessages (Portfolio Management System)'
2026-07-01 00:29:38.079 +05:30 [INF] Route matched with {action = "GetRecentMessages", controller = "Admin"}. Executing controller action with signature System.Threading.Tasks.Task`1[Microsoft.AspNetCore.Mvc.IActionResult] GetRecentMessages() on controller Portfolio_Management_System.Controllers.AdminController (Portfolio Management System).
2026-07-01 00:29:38.079 +05:30 [INF] Route matched with {action = "GetUnreadMessagesCount", controller = "Admin"}. Executing controller action with signature System.Threading.Tasks.Task`1[Microsoft.AspNetCore.Mvc.IActionResult] GetUnreadMessagesCount() on controller Portfolio_Management_System.Controllers.AdminController (Portfolio Management System).
2026-07-01 00:29:53.099 +05:30 [ERR] Error getting messages
Microsoft.Data.SqlClient.SqlException (0x80131904): A network-related or instance-specific error occurred while establishing a connection to SQL Server. The server was not found or was not accessible. Verify that the instance name is correct and that SQL Server is configured to allow remote connections. (provider: Named Pipes Provider, error: 40 - Could not open a connection to SQL Server)
 ---> System.ComponentModel.Win32Exception (53): The network path was not found.
   at Microsoft.Data.SqlClient.ConnectionPool.WaitHandleDbConnectionPool.TryGetConnection(DbConnection owningObject, UInt32 waitForMultipleObjectsTimeout, Boolean allowCreate, Boolean onlyOneCheckConnection, DbConnectionOptions userOptions, DbConnectionInternal& connection)
   at Microsoft.Data.SqlClient.ConnectionPool.WaitHandleDbConnectionPool.WaitForPendingOpen()
--- End of stack trace from previous location ---
   at Portfolio_Management_System.DAL.DbHelper.GetAllMessagesAsync() in C:\Users\ak731\Desktop\DSA\Portfolio Management System\DAL\DbHelper.cs:line 578
ClientConnectionId:00000000-0000-0000-0000-000000000000
Error Number:53,State:0,Class:20
2026-07-01 00:29:53.102 +05:30 [INF] Executing JsonResult, writing value of type 'System.Int32'.
2026-07-01 00:29:52.996 +05:30 [ERR] Error getting messages
Microsoft.Data.SqlClient.SqlException (0x80131904): A network-related or instance-specific error occurred while establishing a connection to SQL Server. The server was not found or was not accessible. Verify that the instance name is correct and that SQL Server is configured to allow remote connections. (provider: Named Pipes Provider, error: 40 - Could not open a connection to SQL Server)
 ---> System.ComponentModel.Win32Exception (53): The network path was not found.
   at Microsoft.Data.SqlClient.TdsParser.ThrowExceptionAndWarning(TdsParserStateObject stateObj, SqlCommand command, Boolean callerHasConnectionLock, Boolean asyncClose)
   at Microsoft.Data.SqlClient.TdsParser.Connect(ServerInfo serverInfo, SqlInternalConnectionTds connHandler, TimeoutTimer timeout, SqlConnectionString connectionOptions, Boolean withFailover)
   at Microsoft.Data.SqlClient.SqlInternalConnectionTds.AttemptOneLogin(ServerInfo serverInfo, String newPassword, SecureString newSecurePassword, TimeoutTimer timeout, Boolean withFailover)
   at Microsoft.Data.SqlClient.SqlInternalConnectionTds.LoginNoFailover(ServerInfo serverInfo, String newPassword, SecureString newSecurePassword, Boolean redirectedUserInstance, SqlConnectionString connectionOptions, SqlCredential credential, TimeoutTimer timeout)
   at Microsoft.Data.SqlClient.SqlInternalConnectionTds.OpenLoginEnlist(TimeoutTimer timeout, SqlConnectionString connectionOptions, SqlCredential credential, String newPassword, SecureString newSecurePassword, Boolean redirectedUserInstance)
   at Microsoft.Data.SqlClient.SqlInternalConnectionTds..ctor(DbConnectionPoolIdentity identity, SqlConnectionString connectionOptions, SqlCredential credential, Object providerInfo, String newPassword, SecureString newSecurePassword, Boolean redirectedUserInstance, SqlConnectionString userConnectionOptions, SessionData reconnectSessionData, Boolean applyTransientFaultHandling, String accessToken, IDbConnectionPool pool, Func`3 accessTokenCallback)
   at Microsoft.Data.SqlClient.SqlConnectionFactory.CreateConnection(DbConnectionOptions options, DbConnectionPoolKey poolKey, DbConnectionPoolGroupProviderInfo poolGroupProviderInfo, IDbConnectionPool pool, DbConnection owningConnection, DbConnectionOptions userOptions)
   at Microsoft.Data.ProviderBase.DbConnectionFactory.CreatePooledConnection(IDbConnectionPool pool, DbConnection owningObject, DbConnectionOptions options, DbConnectionPoolKey poolKey, DbConnectionOptions userOptions)
   at Microsoft.Data.SqlClient.ConnectionPool.WaitHandleDbConnectionPool.CreateObject(DbConnection owningObject, DbConnectionOptions userOptions, DbConnectionInternal oldConnection)
   at Microsoft.Data.SqlClient.ConnectionPool.WaitHandleDbConnectionPool.UserCreateRequest(DbConnection owningObject, DbConnectionOptions userOptions, DbConnectionInternal oldConnection)
   at Microsoft.Data.SqlClient.ConnectionPool.WaitHandleDbConnectionPool.TryGetConnection(DbConnection owningObject, UInt32 waitForMultipleObjectsTimeout, Boolean allowCreate, Boolean onlyOneCheckConnection, DbConnectionOptions userOptions, DbConnectionInternal& connection)
   at Microsoft.Data.SqlClient.ConnectionPool.WaitHandleDbConnectionPool.WaitForPendingOpen()
--- End of stack trace from previous location ---
   at Portfolio_Management_System.DAL.DbHelper.GetAllMessagesAsync() in C:\Users\ak731\Desktop\DSA\Portfolio Management System\DAL\DbHelper.cs:line 578
ClientConnectionId:00000000-0000-0000-0000-000000000000
Error Number:53,State:0,Class:20
2026-07-01 00:29:53.102 +05:30 [INF] Executed action Portfolio_Management_System.Controllers.AdminController.GetUnreadMessagesCount (Portfolio Management System) in 15023.0395ms
2026-07-01 00:29:53.109 +05:30 [INF] Executed endpoint 'Portfolio_Management_System.Controllers.AdminController.GetUnreadMessagesCount (Portfolio Management System)'
2026-07-01 00:29:53.110 +05:30 [INF] HTTP GET /Admin/GetUnreadMessagesCount responded 200 in 15031.8249 ms
2026-07-01 00:29:53.110 +05:30 [INF] Executing JsonResult, writing value of type 'System.Collections.Generic.List`1[[<>f__AnonymousType18`7[[System.Int32, System.Private.CoreLib, Version=9.0.0.0, Culture=neutral, PublicKeyToken=7cec85d7bea7798e],[System.String, System.Private.CoreLib, Version=9.0.0.0, Culture=neutral, PublicKeyToken=7cec85d7bea7798e],[System.String, System.Private.CoreLib, Version=9.0.0.0, Culture=neutral, PublicKeyToken=7cec85d7bea7798e],[System.String, System.Private.CoreLib, Version=9.0.0.0, Culture=neutral, PublicKeyToken=7cec85d7bea7798e],[System.String, System.Private.CoreLib, Version=9.0.0.0, Culture=neutral, PublicKeyToken=7cec85d7bea7798e],[System.Boolean, System.Private.CoreLib, Version=9.0.0.0, Culture=neutral, PublicKeyToken=7cec85d7bea7798e],[System.DateTime, System.Private.CoreLib, Version=9.0.0.0, Culture=neutral, PublicKeyToken=7cec85d7bea7798e]], Portfolio Management System, Version=1.0.0.0, Culture=neutral, PublicKeyToken=null]]'.
2026-07-01 00:29:53.110 +05:30 [INF] Request finished HTTP/2 GET https://localhost:44341/Admin/GetUnreadMessagesCount - 200 null application/json; charset=utf-8 15032.4328ms
2026-07-01 00:29:53.111 +05:30 [INF] Executed action Portfolio_Management_System.Controllers.AdminController.GetRecentMessages (Portfolio Management System) in 15031.6419ms
2026-07-01 00:29:53.111 +05:30 [INF] Executed endpoint 'Portfolio_Management_System.Controllers.AdminController.GetRecentMessages (Portfolio Management System)'
2026-07-01 00:29:53.111 +05:30 [INF] HTTP GET /Admin/GetRecentMessages responded 200 in 15032.9782 ms
2026-07-01 00:29:53.111 +05:30 [INF] Request finished HTTP/2 GET https://localhost:44341/Admin/GetRecentMessages - 200 null application/json; charset=utf-8 15034.094ms
2026-07-01 00:30:08.079 +05:30 [INF] Request starting HTTP/2 GET https://localhost:44341/Admin/GetRecentMessages - null null
2026-07-01 00:30:08.079 +05:30 [INF] Request starting HTTP/2 GET https://localhost:44341/Admin/GetUnreadMessagesCount - null null
2026-07-01 00:30:08.079 +05:30 [INF] Executing endpoint 'Portfolio_Management_System.Controllers.AdminController.GetUnreadMessagesCount (Portfolio Management System)'
2026-07-01 00:30:08.079 +05:30 [INF] Executing endpoint 'Portfolio_Management_System.Controllers.AdminController.GetRecentMessages (Portfolio Management System)'
2026-07-01 00:30:08.080 +05:30 [INF] Route matched with {action = "GetUnreadMessagesCount", controller = "Admin"}. Executing controller action with signature System.Threading.Tasks.Task`1[Microsoft.AspNetCore.Mvc.IActionResult] GetUnreadMessagesCount() on controller Portfolio_Management_System.Controllers.AdminController (Portfolio Management System).
2026-07-01 00:30:08.080 +05:30 [INF] Route matched with {action = "GetRecentMessages", controller = "Admin"}. Executing controller action with signature System.Threading.Tasks.Task`1[Microsoft.AspNetCore.Mvc.IActionResult] GetRecentMessages() on controller Portfolio_Management_System.Controllers.AdminController (Portfolio Management System).
2026-07-01 00:30:23.210 +05:30 [ERR] Error getting messages
Microsoft.Data.SqlClient.SqlException (0x80131904): A network-related or instance-specific error occurred while establishing a connection to SQL Server. The server was not found or was not accessible. Verify that the instance name is correct and that SQL Server is configured to allow remote connections. (provider: Named Pipes Provider, error: 40 - Could not open a connection to SQL Server)
 ---> System.ComponentModel.Win32Exception (53): The network path was not found.
   at Microsoft.Data.SqlClient.ConnectionPool.WaitHandleDbConnectionPool.TryGetConnection(DbConnection owningObject, UInt32 waitForMultipleObjectsTimeout, Boolean allowCreate, Boolean onlyOneCheckConnection, DbConnectionOptions userOptions, DbConnectionInternal& connection)
   at Microsoft.Data.SqlClient.ConnectionPool.WaitHandleDbConnectionPool.WaitForPendingOpen()
--- End of stack trace from previous location ---
   at Portfolio_Management_System.DAL.DbHelper.GetAllMessagesAsync() in C:\Users\ak731\Desktop\DSA\Portfolio Management System\DAL\DbHelper.cs:line 578
ClientConnectionId:00000000-0000-0000-0000-000000000000
Error Number:53,State:0,Class:20
2026-07-01 00:30:23.116 +05:30 [ERR] Error getting messages
Microsoft.Data.SqlClient.SqlException (0x80131904): A network-related or instance-specific error occurred while establishing a connection to SQL Server. The server was not found or was not accessible. Verify that the instance name is correct and that SQL Server is configured to allow remote connections. (provider: Named Pipes Provider, error: 40 - Could not open a connection to SQL Server)
 ---> System.ComponentModel.Win32Exception (53): The network path was not found.
   at Microsoft.Data.SqlClient.TdsParser.ThrowExceptionAndWarning(TdsParserStateObject stateObj, SqlCommand command, Boolean callerHasConnectionLock, Boolean asyncClose)
   at Microsoft.Data.SqlClient.TdsParser.Connect(ServerInfo serverInfo, SqlInternalConnectionTds connHandler, TimeoutTimer timeout, SqlConnectionString connectionOptions, Boolean withFailover)
   at Microsoft.Data.SqlClient.SqlInternalConnectionTds.AttemptOneLogin(ServerInfo serverInfo, String newPassword, SecureString newSecurePassword, TimeoutTimer timeout, Boolean withFailover)
   at Microsoft.Data.SqlClient.SqlInternalConnectionTds.LoginNoFailover(ServerInfo serverInfo, String newPassword, SecureString newSecurePassword, Boolean redirectedUserInstance, SqlConnectionString connectionOptions, SqlCredential credential, TimeoutTimer timeout)
   at Microsoft.Data.SqlClient.SqlInternalConnectionTds.OpenLoginEnlist(TimeoutTimer timeout, SqlConnectionString connectionOptions, SqlCredential credential, String newPassword, SecureString newSecurePassword, Boolean redirectedUserInstance)
   at Microsoft.Data.SqlClient.SqlInternalConnectionTds..ctor(DbConnectionPoolIdentity identity, SqlConnectionString connectionOptions, SqlCredential credential, Object providerInfo, String newPassword, SecureString newSecurePassword, Boolean redirectedUserInstance, SqlConnectionString userConnectionOptions, SessionData reconnectSessionData, Boolean applyTransientFaultHandling, String accessToken, IDbConnectionPool pool, Func`3 accessTokenCallback)
   at Microsoft.Data.SqlClient.SqlConnectionFactory.CreateConnection(DbConnectionOptions options, DbConnectionPoolKey poolKey, DbConnectionPoolGroupProviderInfo poolGroupProviderInfo, IDbConnectionPool pool, DbConnection owningConnection, DbConnectionOptions userOptions)
   at Microsoft.Data.ProviderBase.DbConnectionFactory.CreatePooledConnection(IDbConnectionPool pool, DbConnection owningObject, DbConnectionOptions options, DbConnectionPoolKey poolKey, DbConnectionOptions userOptions)
   at Microsoft.Data.SqlClient.ConnectionPool.WaitHandleDbConnectionPool.CreateObject(DbConnection owningObject, DbConnectionOptions userOptions, DbConnectionInternal oldConnection)
   at Microsoft.Data.SqlClient.ConnectionPool.WaitHandleDbConnectionPool.UserCreateRequest(DbConnection owningObject, DbConnectionOptions userOptions, DbConnectionInternal oldConnection)
   at Microsoft.Data.SqlClient.ConnectionPool.WaitHandleDbConnectionPool.TryGetConnection(DbConnection owningObject, UInt32 waitForMultipleObjectsTimeout, Boolean allowCreate, Boolean onlyOneCheckConnection, DbConnectionOptions userOptions, DbConnectionInternal& connection)
   at Microsoft.Data.SqlClient.ConnectionPool.WaitHandleDbConnectionPool.WaitForPendingOpen()
--- End of stack trace from previous location ---
   at Portfolio_Management_System.DAL.DbHelper.GetAllMessagesAsync() in C:\Users\ak731\Desktop\DSA\Portfolio Management System\DAL\DbHelper.cs:line 578
ClientConnectionId:00000000-0000-0000-0000-000000000000
Error Number:53,State:0,Class:20
2026-07-01 00:30:23.212 +05:30 [INF] Executing JsonResult, writing value of type 'System.Collections.Generic.List`1[[<>f__AnonymousType18`7[[System.Int32, System.Private.CoreLib, Version=9.0.0.0, Culture=neutral, PublicKeyToken=7cec85d7bea7798e],[System.String, System.Private.CoreLib, Version=9.0.0.0, Culture=neutral, PublicKeyToken=7cec85d7bea7798e],[System.String, System.Private.CoreLib, Version=9.0.0.0, Culture=neutral, PublicKeyToken=7cec85d7bea7798e],[System.String, System.Private.CoreLib, Version=9.0.0.0, Culture=neutral, PublicKeyToken=7cec85d7bea7798e],[System.String, System.Private.CoreLib, Version=9.0.0.0, Culture=neutral, PublicKeyToken=7cec85d7bea7798e],[System.Boolean, System.Private.CoreLib, Version=9.0.0.0, Culture=neutral, PublicKeyToken=7cec85d7bea7798e],[System.DateTime, System.Private.CoreLib, Version=9.0.0.0, Culture=neutral, PublicKeyToken=7cec85d7bea7798e]], Portfolio Management System, Version=1.0.0.0, Culture=neutral, PublicKeyToken=null]]'.
2026-07-01 00:30:23.214 +05:30 [INF] Executing JsonResult, writing value of type 'System.Int32'.
2026-07-01 00:30:23.214 +05:30 [INF] Executed action Portfolio_Management_System.Controllers.AdminController.GetUnreadMessagesCount (Portfolio Management System) in 15134.6186ms
2026-07-01 00:30:23.214 +05:30 [INF] Executed action Portfolio_Management_System.Controllers.AdminController.GetRecentMessages (Portfolio Management System) in 15134.4213ms
2026-07-01 00:30:23.215 +05:30 [INF] Executed endpoint 'Portfolio_Management_System.Controllers.AdminController.GetUnreadMessagesCount (Portfolio Management System)'
2026-07-01 00:30:23.215 +05:30 [INF] Executed endpoint 'Portfolio_Management_System.Controllers.AdminController.GetRecentMessages (Portfolio Management System)'
2026-07-01 00:30:23.215 +05:30 [INF] HTTP GET /Admin/GetUnreadMessagesCount responded 200 in 15135.4583 ms
2026-07-01 00:30:23.215 +05:30 [INF] HTTP GET /Admin/GetRecentMessages responded 200 in 15135.5263 ms
2026-07-01 00:30:23.215 +05:30 [INF] Request finished HTTP/2 GET https://localhost:44341/Admin/GetUnreadMessagesCount - 200 null application/json; charset=utf-8 15135.9408ms
2026-07-01 00:30:23.215 +05:30 [INF] Request finished HTTP/2 GET https://localhost:44341/Admin/GetRecentMessages - 200 null application/json; charset=utf-8 15135.8972ms
2026-07-01 00:30:38.082 +05:30 [INF] Request starting HTTP/2 GET https://localhost:44341/Admin/GetUnreadMessagesCount - null null
2026-07-01 00:30:38.082 +05:30 [INF] Executing endpoint 'Portfolio_Management_System.Controllers.AdminController.GetUnreadMessagesCount (Portfolio Management System)'
2026-07-01 00:30:38.082 +05:30 [INF] Route matched with {action = "GetUnreadMessagesCount", controller = "Admin"}. Executing controller action with signature System.Threading.Tasks.Task`1[Microsoft.AspNetCore.Mvc.IActionResult] GetUnreadMessagesCount() on controller Portfolio_Management_System.Controllers.AdminController (Portfolio Management System).
2026-07-01 00:30:38.083 +05:30 [INF] Request starting HTTP/2 GET https://localhost:44341/Admin/GetRecentMessages - null null
2026-07-01 00:30:38.085 +05:30 [INF] Executing endpoint 'Portfolio_Management_System.Controllers.AdminController.GetRecentMessages (Portfolio Management System)'
2026-07-01 00:30:38.085 +05:30 [INF] Route matched with {action = "GetRecentMessages", controller = "Admin"}. Executing controller action with signature System.Threading.Tasks.Task`1[Microsoft.AspNetCore.Mvc.IActionResult] GetRecentMessages() on controller Portfolio_Management_System.Controllers.AdminController (Portfolio Management System).
2026-07-01 00:30:52.910 +05:30 [ERR] Error getting messages
Microsoft.Data.SqlClient.SqlException (0x80131904): A network-related or instance-specific error occurred while establishing a connection to SQL Server. The server was not found or was not accessible. Verify that the instance name is correct and that SQL Server is configured to allow remote connections. (provider: Named Pipes Provider, error: 40 - Could not open a connection to SQL Server)
 ---> System.ComponentModel.Win32Exception (53): The network path was not found.
   at Microsoft.Data.SqlClient.TdsParser.ThrowExceptionAndWarning(TdsParserStateObject stateObj, SqlCommand command, Boolean callerHasConnectionLock, Boolean asyncClose)
   at Microsoft.Data.SqlClient.TdsParser.Connect(ServerInfo serverInfo, SqlInternalConnectionTds connHandler, TimeoutTimer timeout, SqlConnectionString connectionOptions, Boolean withFailover)
   at Microsoft.Data.SqlClient.SqlInternalConnectionTds.AttemptOneLogin(ServerInfo serverInfo, String newPassword, SecureString newSecurePassword, TimeoutTimer timeout, Boolean withFailover)
   at Microsoft.Data.SqlClient.SqlInternalConnectionTds.LoginNoFailover(ServerInfo serverInfo, String newPassword, SecureString newSecurePassword, Boolean redirectedUserInstance, SqlConnectionString connectionOptions, SqlCredential credential, TimeoutTimer timeout)
   at Microsoft.Data.SqlClient.SqlInternalConnectionTds.OpenLoginEnlist(TimeoutTimer timeout, SqlConnectionString connectionOptions, SqlCredential credential, String newPassword, SecureString newSecurePassword, Boolean redirectedUserInstance)
   at Microsoft.Data.SqlClient.SqlInternalConnectionTds..ctor(DbConnectionPoolIdentity identity, SqlConnectionString connectionOptions, SqlCredential credential, Object providerInfo, String newPassword, SecureString newSecurePassword, Boolean redirectedUserInstance, SqlConnectionString userConnectionOptions, SessionData reconnectSessionData, Boolean applyTransientFaultHandling, String accessToken, IDbConnectionPool pool, Func`3 accessTokenCallback)
   at Microsoft.Data.SqlClient.SqlConnectionFactory.CreateConnection(DbConnectionOptions options, DbConnectionPoolKey poolKey, DbConnectionPoolGroupProviderInfo poolGroupProviderInfo, IDbConnectionPool pool, DbConnection owningConnection, DbConnectionOptions userOptions)
   at Microsoft.Data.ProviderBase.DbConnectionFactory.CreatePooledConnection(IDbConnectionPool pool, DbConnection owningObject, DbConnectionOptions options, DbConnectionPoolKey poolKey, DbConnectionOptions userOptions)
   at Microsoft.Data.SqlClient.ConnectionPool.WaitHandleDbConnectionPool.CreateObject(DbConnection owningObject, DbConnectionOptions userOptions, DbConnectionInternal oldConnection)
   at Microsoft.Data.SqlClient.ConnectionPool.WaitHandleDbConnectionPool.UserCreateRequest(DbConnection owningObject, DbConnectionOptions userOptions, DbConnectionInternal oldConnection)
   at Microsoft.Data.SqlClient.ConnectionPool.WaitHandleDbConnectionPool.TryGetConnection(DbConnection owningObject, UInt32 waitForMultipleObjectsTimeout, Boolean allowCreate, Boolean onlyOneCheckConnection, DbConnectionOptions userOptions, DbConnectionInternal& connection)
   at Microsoft.Data.SqlClient.ConnectionPool.WaitHandleDbConnectionPool.WaitForPendingOpen()
--- End of stack trace from previous location ---
   at Portfolio_Management_System.DAL.DbHelper.GetAllMessagesAsync() in C:\Users\ak731\Desktop\DSA\Portfolio Management System\DAL\DbHelper.cs:line 578
ClientConnectionId:00000000-0000-0000-0000-000000000000
Error Number:53,State:0,Class:20
2026-07-01 00:30:53.015 +05:30 [ERR] Error getting messages
Microsoft.Data.SqlClient.SqlException (0x80131904): A network-related or instance-specific error occurred while establishing a connection to SQL Server. The server was not found or was not accessible. Verify that the instance name is correct and that SQL Server is configured to allow remote connections. (provider: Named Pipes Provider, error: 40 - Could not open a connection to SQL Server)
 ---> System.ComponentModel.Win32Exception (53): The network path was not found.
   at Microsoft.Data.SqlClient.ConnectionPool.WaitHandleDbConnectionPool.TryGetConnection(DbConnection owningObject, UInt32 waitForMultipleObjectsTimeout, Boolean allowCreate, Boolean onlyOneCheckConnection, DbConnectionOptions userOptions, DbConnectionInternal& connection)
   at Microsoft.Data.SqlClient.ConnectionPool.WaitHandleDbConnectionPool.WaitForPendingOpen()
--- End of stack trace from previous location ---
   at Portfolio_Management_System.DAL.DbHelper.GetAllMessagesAsync() in C:\Users\ak731\Desktop\DSA\Portfolio Management System\DAL\DbHelper.cs:line 578
ClientConnectionId:00000000-0000-0000-0000-000000000000
Error Number:53,State:0,Class:20
2026-07-01 00:30:53.020 +05:30 [INF] Executing JsonResult, writing value of type 'System.Int32'.
2026-07-01 00:30:53.021 +05:30 [INF] Executing JsonResult, writing value of type 'System.Collections.Generic.List`1[[<>f__AnonymousType18`7[[System.Int32, System.Private.CoreLib, Version=9.0.0.0, Culture=neutral, PublicKeyToken=7cec85d7bea7798e],[System.String, System.Private.CoreLib, Version=9.0.0.0, Culture=neutral, PublicKeyToken=7cec85d7bea7798e],[System.String, System.Private.CoreLib, Version=9.0.0.0, Culture=neutral, PublicKeyToken=7cec85d7bea7798e],[System.String, System.Private.CoreLib, Version=9.0.0.0, Culture=neutral, PublicKeyToken=7cec85d7bea7798e],[System.String, System.Private.CoreLib, Version=9.0.0.0, Culture=neutral, PublicKeyToken=7cec85d7bea7798e],[System.Boolean, System.Private.CoreLib, Version=9.0.0.0, Culture=neutral, PublicKeyToken=7cec85d7bea7798e],[System.DateTime, System.Private.CoreLib, Version=9.0.0.0, Culture=neutral, PublicKeyToken=7cec85d7bea7798e]], Portfolio Management System, Version=1.0.0.0, Culture=neutral, PublicKeyToken=null]]'.
2026-07-01 00:30:53.021 +05:30 [INF] Executed action Portfolio_Management_System.Controllers.AdminController.GetRecentMessages (Portfolio Management System) in 14935.815ms
2026-07-01 00:30:53.021 +05:30 [INF] Executed endpoint 'Portfolio_Management_System.Controllers.AdminController.GetRecentMessages (Portfolio Management System)'
2026-07-01 00:30:53.021 +05:30 [INF] Executed action Portfolio_Management_System.Controllers.AdminController.GetUnreadMessagesCount (Portfolio Management System) in 14939.1951ms
2026-07-01 00:30:53.022 +05:30 [INF] Executed endpoint 'Portfolio_Management_System.Controllers.AdminController.GetUnreadMessagesCount (Portfolio Management System)'
2026-07-01 00:30:53.022 +05:30 [INF] HTTP GET /Admin/GetUnreadMessagesCount responded 200 in 14939.8260 ms
2026-07-01 00:30:53.022 +05:30 [INF] Request finished HTTP/2 GET https://localhost:44341/Admin/GetUnreadMessagesCount - 200 null application/json; charset=utf-8 14940.3257ms
2026-07-01 00:30:53.026 +05:30 [INF] HTTP GET /Admin/GetRecentMessages responded 200 in 14937.3364 ms
2026-07-01 00:30:53.027 +05:30 [INF] Request finished HTTP/2 GET https://localhost:44341/Admin/GetRecentMessages - 200 null application/json; charset=utf-8 14943.5864ms
2026-07-01 00:31:08.082 +05:30 [INF] Request starting HTTP/2 GET https://localhost:44341/Admin/GetUnreadMessagesCount - null null
2026-07-01 00:31:08.082 +05:30 [INF] Request starting HTTP/2 GET https://localhost:44341/Admin/GetRecentMessages - null null
2026-07-01 00:31:08.082 +05:30 [INF] Executing endpoint 'Portfolio_Management_System.Controllers.AdminController.GetUnreadMessagesCount (Portfolio Management System)'
2026-07-01 00:31:08.082 +05:30 [INF] Executing endpoint 'Portfolio_Management_System.Controllers.AdminController.GetRecentMessages (Portfolio Management System)'
2026-07-01 00:31:08.083 +05:30 [INF] Route matched with {action = "GetRecentMessages", controller = "Admin"}. Executing controller action with signature System.Threading.Tasks.Task`1[Microsoft.AspNetCore.Mvc.IActionResult] GetRecentMessages() on controller Portfolio_Management_System.Controllers.AdminController (Portfolio Management System).
2026-07-01 00:31:08.084 +05:30 [INF] Route matched with {action = "GetUnreadMessagesCount", controller = "Admin"}. Executing controller action with signature System.Threading.Tasks.Task`1[Microsoft.AspNetCore.Mvc.IActionResult] GetUnreadMessagesCount() on controller Portfolio_Management_System.Controllers.AdminController (Portfolio Management System).
2026-07-01 00:31:23.128 +05:30 [ERR] Error getting messages
Microsoft.Data.SqlClient.SqlException (0x80131904): A network-related or instance-specific error occurred while establishing a connection to SQL Server. The server was not found or was not accessible. Verify that the instance name is correct and that SQL Server is configured to allow remote connections. (provider: Named Pipes Provider, error: 40 - Could not open a connection to SQL Server)
 ---> System.ComponentModel.Win32Exception (53): The network path was not found.
   at Microsoft.Data.SqlClient.ConnectionPool.WaitHandleDbConnectionPool.TryGetConnection(DbConnection owningObject, UInt32 waitForMultipleObjectsTimeout, Boolean allowCreate, Boolean onlyOneCheckConnection, DbConnectionOptions userOptions, DbConnectionInternal& connection)
   at Microsoft.Data.SqlClient.ConnectionPool.WaitHandleDbConnectionPool.WaitForPendingOpen()
--- End of stack trace from previous location ---
   at Portfolio_Management_System.DAL.DbHelper.GetAllMessagesAsync() in C:\Users\ak731\Desktop\DSA\Portfolio Management System\DAL\DbHelper.cs:line 578
ClientConnectionId:00000000-0000-0000-0000-000000000000
Error Number:53,State:0,Class:20
2026-07-01 00:31:23.051 +05:30 [ERR] Error getting messages
Microsoft.Data.SqlClient.SqlException (0x80131904): A network-related or instance-specific error occurred while establishing a connection to SQL Server. The server was not found or was not accessible. Verify that the instance name is correct and that SQL Server is configured to allow remote connections. (provider: Named Pipes Provider, error: 40 - Could not open a connection to SQL Server)
 ---> System.ComponentModel.Win32Exception (53): The network path was not found.
   at Microsoft.Data.SqlClient.TdsParser.ThrowExceptionAndWarning(TdsParserStateObject stateObj, SqlCommand command, Boolean callerHasConnectionLock, Boolean asyncClose)
   at Microsoft.Data.SqlClient.TdsParser.Connect(ServerInfo serverInfo, SqlInternalConnectionTds connHandler, TimeoutTimer timeout, SqlConnectionString connectionOptions, Boolean withFailover)
   at Microsoft.Data.SqlClient.SqlInternalConnectionTds.AttemptOneLogin(ServerInfo serverInfo, String newPassword, SecureString newSecurePassword, TimeoutTimer timeout, Boolean withFailover)
   at Microsoft.Data.SqlClient.SqlInternalConnectionTds.LoginNoFailover(ServerInfo serverInfo, String newPassword, SecureString newSecurePassword, Boolean redirectedUserInstance, SqlConnectionString connectionOptions, SqlCredential credential, TimeoutTimer timeout)
   at Microsoft.Data.SqlClient.SqlInternalConnectionTds.OpenLoginEnlist(TimeoutTimer timeout, SqlConnectionString connectionOptions, SqlCredential credential, String newPassword, SecureString newSecurePassword, Boolean redirectedUserInstance)
   at Microsoft.Data.SqlClient.SqlInternalConnectionTds..ctor(DbConnectionPoolIdentity identity, SqlConnectionString connectionOptions, SqlCredential credential, Object providerInfo, String newPassword, SecureString newSecurePassword, Boolean redirectedUserInstance, SqlConnectionString userConnectionOptions, SessionData reconnectSessionData, Boolean applyTransientFaultHandling, String accessToken, IDbConnectionPool pool, Func`3 accessTokenCallback)
   at Microsoft.Data.SqlClient.SqlConnectionFactory.CreateConnection(DbConnectionOptions options, DbConnectionPoolKey poolKey, DbConnectionPoolGroupProviderInfo poolGroupProviderInfo, IDbConnectionPool pool, DbConnection owningConnection, DbConnectionOptions userOptions)
   at Microsoft.Data.ProviderBase.DbConnectionFactory.CreatePooledConnection(IDbConnectionPool pool, DbConnection owningObject, DbConnectionOptions options, DbConnectionPoolKey poolKey, DbConnectionOptions userOptions)
   at Microsoft.Data.SqlClient.ConnectionPool.WaitHandleDbConnectionPool.CreateObject(DbConnection owningObject, DbConnectionOptions userOptions, DbConnectionInternal oldConnection)
   at Microsoft.Data.SqlClient.ConnectionPool.WaitHandleDbConnectionPool.UserCreateRequest(DbConnection owningObject, DbConnectionOptions userOptions, DbConnectionInternal oldConnection)
   at Microsoft.Data.SqlClient.ConnectionPool.WaitHandleDbConnectionPool.TryGetConnection(DbConnection owningObject, UInt32 waitForMultipleObjectsTimeout, Boolean allowCreate, Boolean onlyOneCheckConnection, DbConnectionOptions userOptions, DbConnectionInternal& connection)
   at Microsoft.Data.SqlClient.ConnectionPool.WaitHandleDbConnectionPool.WaitForPendingOpen()
--- End of stack trace from previous location ---
   at Portfolio_Management_System.DAL.DbHelper.GetAllMessagesAsync() in C:\Users\ak731\Desktop\DSA\Portfolio Management System\DAL\DbHelper.cs:line 578
ClientConnectionId:00000000-0000-0000-0000-000000000000
Error Number:53,State:0,Class:20
2026-07-01 00:31:23.130 +05:30 [INF] Executing JsonResult, writing value of type 'System.Int32'.
2026-07-01 00:31:23.132 +05:30 [INF] Executing JsonResult, writing value of type 'System.Collections.Generic.List`1[[<>f__AnonymousType18`7[[System.Int32, System.Private.CoreLib, Version=9.0.0.0, Culture=neutral, PublicKeyToken=7cec85d7bea7798e],[System.String, System.Private.CoreLib, Version=9.0.0.0, Culture=neutral, PublicKeyToken=7cec85d7bea7798e],[System.String, System.Private.CoreLib, Version=9.0.0.0, Culture=neutral, PublicKeyToken=7cec85d7bea7798e],[System.String, System.Private.CoreLib, Version=9.0.0.0, Culture=neutral, PublicKeyToken=7cec85d7bea7798e],[System.String, System.Private.CoreLib, Version=9.0.0.0, Culture=neutral, PublicKeyToken=7cec85d7bea7798e],[System.Boolean, System.Private.CoreLib, Version=9.0.0.0, Culture=neutral, PublicKeyToken=7cec85d7bea7798e],[System.DateTime, System.Private.CoreLib, Version=9.0.0.0, Culture=neutral, PublicKeyToken=7cec85d7bea7798e]], Portfolio Management System, Version=1.0.0.0, Culture=neutral, PublicKeyToken=null]]'.
2026-07-01 00:31:23.132 +05:30 [INF] Executed action Portfolio_Management_System.Controllers.AdminController.GetUnreadMessagesCount (Portfolio Management System) in 15047.7311ms
2026-07-01 00:31:23.132 +05:30 [INF] Executed action Portfolio_Management_System.Controllers.AdminController.GetRecentMessages (Portfolio Management System) in 15048.9131ms
2026-07-01 00:31:23.132 +05:30 [INF] Executed endpoint 'Portfolio_Management_System.Controllers.AdminController.GetRecentMessages (Portfolio Management System)'
2026-07-01 00:31:23.132 +05:30 [INF] Executed endpoint 'Portfolio_Management_System.Controllers.AdminController.GetUnreadMessagesCount (Portfolio Management System)'
2026-07-01 00:31:23.132 +05:30 [INF] HTTP GET /Admin/GetRecentMessages responded 200 in 15049.9371 ms
2026-07-01 00:31:23.132 +05:30 [INF] HTTP GET /Admin/GetUnreadMessagesCount responded 200 in 15049.9561 ms
2026-07-01 00:31:23.132 +05:30 [INF] Request finished HTTP/2 GET https://localhost:44341/Admin/GetRecentMessages - 200 null application/json; charset=utf-8 15050.3511ms
2026-07-01 00:31:23.132 +05:30 [INF] Request finished HTTP/2 GET https://localhost:44341/Admin/GetUnreadMessagesCount - 200 null application/json; charset=utf-8 15050.4319ms
2026-07-01 00:31:38.076 +05:30 [INF] Request starting HTTP/2 GET https://localhost:44341/Admin/GetUnreadMessagesCount - null null
2026-07-01 00:31:38.077 +05:30 [INF] Request starting HTTP/2 GET https://localhost:44341/Admin/GetRecentMessages - null null
2026-07-01 00:31:38.077 +05:30 [INF] Executing endpoint 'Portfolio_Management_System.Controllers.AdminController.GetUnreadMessagesCount (Portfolio Management System)'
2026-07-01 00:31:38.077 +05:30 [INF] Route matched with {action = "GetUnreadMessagesCount", controller = "Admin"}. Executing controller action with signature System.Threading.Tasks.Task`1[Microsoft.AspNetCore.Mvc.IActionResult] GetUnreadMessagesCount() on controller Portfolio_Management_System.Controllers.AdminController (Portfolio Management System).
2026-07-01 00:31:38.077 +05:30 [INF] Executing endpoint 'Portfolio_Management_System.Controllers.AdminController.GetRecentMessages (Portfolio Management System)'
2026-07-01 00:31:38.077 +05:30 [INF] Route matched with {action = "GetRecentMessages", controller = "Admin"}. Executing controller action with signature System.Threading.Tasks.Task`1[Microsoft.AspNetCore.Mvc.IActionResult] GetRecentMessages() on controller Portfolio_Management_System.Controllers.AdminController (Portfolio Management System).
2026-07-01 00:31:53.071 +05:30 [ERR] Error getting messages
Microsoft.Data.SqlClient.SqlException (0x80131904): A network-related or instance-specific error occurred while establishing a connection to SQL Server. The server was not found or was not accessible. Verify that the instance name is correct and that SQL Server is configured to allow remote connections. (provider: Named Pipes Provider, error: 40 - Could not open a connection to SQL Server)
 ---> System.ComponentModel.Win32Exception (53): The network path was not found.
   at Microsoft.Data.SqlClient.ConnectionPool.WaitHandleDbConnectionPool.TryGetConnection(DbConnection owningObject, UInt32 waitForMultipleObjectsTimeout, Boolean allowCreate, Boolean onlyOneCheckConnection, DbConnectionOptions userOptions, DbConnectionInternal& connection)
   at Microsoft.Data.SqlClient.ConnectionPool.WaitHandleDbConnectionPool.WaitForPendingOpen()
--- End of stack trace from previous location ---
   at Portfolio_Management_System.DAL.DbHelper.GetAllMessagesAsync() in C:\Users\ak731\Desktop\DSA\Portfolio Management System\DAL\DbHelper.cs:line 578
ClientConnectionId:00000000-0000-0000-0000-000000000000
Error Number:53,State:0,Class:20
2026-07-01 00:31:53.071 +05:30 [ERR] Error getting messages
Microsoft.Data.SqlClient.SqlException (0x80131904): A network-related or instance-specific error occurred while establishing a connection to SQL Server. The server was not found or was not accessible. Verify that the instance name is correct and that SQL Server is configured to allow remote connections. (provider: Named Pipes Provider, error: 40 - Could not open a connection to SQL Server)
 ---> System.ComponentModel.Win32Exception (53): The network path was not found.
   at Microsoft.Data.SqlClient.TdsParser.ThrowExceptionAndWarning(TdsParserStateObject stateObj, SqlCommand command, Boolean callerHasConnectionLock, Boolean asyncClose)
   at Microsoft.Data.SqlClient.TdsParser.Connect(ServerInfo serverInfo, SqlInternalConnectionTds connHandler, TimeoutTimer timeout, SqlConnectionString connectionOptions, Boolean withFailover)
   at Microsoft.Data.SqlClient.SqlInternalConnectionTds.AttemptOneLogin(ServerInfo serverInfo, String newPassword, SecureString newSecurePassword, TimeoutTimer timeout, Boolean withFailover)
   at Microsoft.Data.SqlClient.SqlInternalConnectionTds.LoginNoFailover(ServerInfo serverInfo, String newPassword, SecureString newSecurePassword, Boolean redirectedUserInstance, SqlConnectionString connectionOptions, SqlCredential credential, TimeoutTimer timeout)
   at Microsoft.Data.SqlClient.SqlInternalConnectionTds.OpenLoginEnlist(TimeoutTimer timeout, SqlConnectionString connectionOptions, SqlCredential credential, String newPassword, SecureString newSecurePassword, Boolean redirectedUserInstance)
   at Microsoft.Data.SqlClient.SqlInternalConnectionTds..ctor(DbConnectionPoolIdentity identity, SqlConnectionString connectionOptions, SqlCredential credential, Object providerInfo, String newPassword, SecureString newSecurePassword, Boolean redirectedUserInstance, SqlConnectionString userConnectionOptions, SessionData reconnectSessionData, Boolean applyTransientFaultHandling, String accessToken, IDbConnectionPool pool, Func`3 accessTokenCallback)
   at Microsoft.Data.SqlClient.SqlConnectionFactory.CreateConnection(DbConnectionOptions options, DbConnectionPoolKey poolKey, DbConnectionPoolGroupProviderInfo poolGroupProviderInfo, IDbConnectionPool pool, DbConnection owningConnection, DbConnectionOptions userOptions)
   at Microsoft.Data.ProviderBase.DbConnectionFactory.CreatePooledConnection(IDbConnectionPool pool, DbConnection owningObject, DbConnectionOptions options, DbConnectionPoolKey poolKey, DbConnectionOptions userOptions)
   at Microsoft.Data.SqlClient.ConnectionPool.WaitHandleDbConnectionPool.CreateObject(DbConnection owningObject, DbConnectionOptions userOptions, DbConnectionInternal oldConnection)
   at Microsoft.Data.SqlClient.ConnectionPool.WaitHandleDbConnectionPool.UserCreateRequest(DbConnection owningObject, DbConnectionOptions userOptions, DbConnectionInternal oldConnection)
   at Microsoft.Data.SqlClient.ConnectionPool.WaitHandleDbConnectionPool.TryGetConnection(DbConnection owningObject, UInt32 waitForMultipleObjectsTimeout, Boolean allowCreate, Boolean onlyOneCheckConnection, DbConnectionOptions userOptions, DbConnectionInternal& connection)
   at Microsoft.Data.SqlClient.ConnectionPool.WaitHandleDbConnectionPool.WaitForPendingOpen()
--- End of stack trace from previous location ---
   at Portfolio_Management_System.DAL.DbHelper.GetAllMessagesAsync() in C:\Users\ak731\Desktop\DSA\Portfolio Management System\DAL\DbHelper.cs:line 578
ClientConnectionId:00000000-0000-0000-0000-000000000000
Error Number:53,State:0,Class:20
2026-07-01 00:31:53.074 +05:30 [INF] Executing JsonResult, writing value of type 'System.Int32'.
2026-07-01 00:31:53.082 +05:30 [INF] Executing JsonResult, writing value of type 'System.Collections.Generic.List`1[[<>f__AnonymousType18`7[[System.Int32, System.Private.CoreLib, Version=9.0.0.0, Culture=neutral, PublicKeyToken=7cec85d7bea7798e],[System.String, System.Private.CoreLib, Version=9.0.0.0, Culture=neutral, PublicKeyToken=7cec85d7bea7798e],[System.String, System.Private.CoreLib, Version=9.0.0.0, Culture=neutral, PublicKeyToken=7cec85d7bea7798e],[System.String, System.Private.CoreLib, Version=9.0.0.0, Culture=neutral, PublicKeyToken=7cec85d7bea7798e],[System.String, System.Private.CoreLib, Version=9.0.0.0, Culture=neutral, PublicKeyToken=7cec85d7bea7798e],[System.Boolean, System.Private.CoreLib, Version=9.0.0.0, Culture=neutral, PublicKeyToken=7cec85d7bea7798e],[System.DateTime, System.Private.CoreLib, Version=9.0.0.0, Culture=neutral, PublicKeyToken=7cec85d7bea7798e]], Portfolio Management System, Version=1.0.0.0, Culture=neutral, PublicKeyToken=null]]'.
2026-07-01 00:31:53.087 +05:30 [INF] Executed action Portfolio_Management_System.Controllers.AdminController.GetRecentMessages (Portfolio Management System) in 15009.6458ms
2026-07-01 00:31:53.087 +05:30 [INF] Executed action Portfolio_Management_System.Controllers.AdminController.GetUnreadMessagesCount (Portfolio Management System) in 15009.7063ms
2026-07-01 00:31:53.087 +05:30 [INF] Executed endpoint 'Portfolio_Management_System.Controllers.AdminController.GetRecentMessages (Portfolio Management System)'
2026-07-01 00:31:53.087 +05:30 [INF] Executed endpoint 'Portfolio_Management_System.Controllers.AdminController.GetUnreadMessagesCount (Portfolio Management System)'
2026-07-01 00:31:53.087 +05:30 [INF] HTTP GET /Admin/GetRecentMessages responded 200 in 15010.0717 ms
2026-07-01 00:31:53.088 +05:30 [INF] HTTP GET /Admin/GetUnreadMessagesCount responded 200 in 15011.4334 ms
2026-07-01 00:31:53.088 +05:30 [INF] Request finished HTTP/2 GET https://localhost:44341/Admin/GetUnreadMessagesCount - 200 null application/json; charset=utf-8 15011.8745ms
2026-07-01 00:31:53.088 +05:30 [INF] Request finished HTTP/2 GET https://localhost:44341/Admin/GetRecentMessages - 200 null application/json; charset=utf-8 15011.5021ms
2026-07-01 00:32:08.085 +05:30 [INF] Request starting HTTP/2 GET https://localhost:44341/Admin/GetUnreadMessagesCount - null null
2026-07-01 00:32:08.085 +05:30 [INF] Request starting HTTP/2 GET https://localhost:44341/Admin/GetRecentMessages - null null
2026-07-01 00:32:08.085 +05:30 [INF] Executing endpoint 'Portfolio_Management_System.Controllers.AdminController.GetRecentMessages (Portfolio Management System)'
2026-07-01 00:32:08.085 +05:30 [INF] Executing endpoint 'Portfolio_Management_System.Controllers.AdminController.GetUnreadMessagesCount (Portfolio Management System)'
2026-07-01 00:32:08.085 +05:30 [INF] Route matched with {action = "GetRecentMessages", controller = "Admin"}. Executing controller action with signature System.Threading.Tasks.Task`1[Microsoft.AspNetCore.Mvc.IActionResult] GetRecentMessages() on controller Portfolio_Management_System.Controllers.AdminController (Portfolio Management System).
2026-07-01 00:32:08.085 +05:30 [INF] Route matched with {action = "GetUnreadMessagesCount", controller = "Admin"}. Executing controller action with signature System.Threading.Tasks.Task`1[Microsoft.AspNetCore.Mvc.IActionResult] GetUnreadMessagesCount() on controller Portfolio_Management_System.Controllers.AdminController (Portfolio Management System).
2026-07-01 00:32:22.999 +05:30 [ERR] Error getting messages
Microsoft.Data.SqlClient.SqlException (0x80131904): A network-related or instance-specific error occurred while establishing a connection to SQL Server. The server was not found or was not accessible. Verify that the instance name is correct and that SQL Server is configured to allow remote connections. (provider: Named Pipes Provider, error: 40 - Could not open a connection to SQL Server)
 ---> System.ComponentModel.Win32Exception (53): The network path was not found.
   at Microsoft.Data.SqlClient.TdsParser.ThrowExceptionAndWarning(TdsParserStateObject stateObj, SqlCommand command, Boolean callerHasConnectionLock, Boolean asyncClose)
   at Microsoft.Data.SqlClient.TdsParser.Connect(ServerInfo serverInfo, SqlInternalConnectionTds connHandler, TimeoutTimer timeout, SqlConnectionString connectionOptions, Boolean withFailover)
   at Microsoft.Data.SqlClient.SqlInternalConnectionTds.AttemptOneLogin(ServerInfo serverInfo, String newPassword, SecureString newSecurePassword, TimeoutTimer timeout, Boolean withFailover)
   at Microsoft.Data.SqlClient.SqlInternalConnectionTds.LoginNoFailover(ServerInfo serverInfo, String newPassword, SecureString newSecurePassword, Boolean redirectedUserInstance, SqlConnectionString connectionOptions, SqlCredential credential, TimeoutTimer timeout)
   at Microsoft.Data.SqlClient.SqlInternalConnectionTds.OpenLoginEnlist(TimeoutTimer timeout, SqlConnectionString connectionOptions, SqlCredential credential, String newPassword, SecureString newSecurePassword, Boolean redirectedUserInstance)
   at Microsoft.Data.SqlClient.SqlInternalConnectionTds..ctor(DbConnectionPoolIdentity identity, SqlConnectionString connectionOptions, SqlCredential credential, Object providerInfo, String newPassword, SecureString newSecurePassword, Boolean redirectedUserInstance, SqlConnectionString userConnectionOptions, SessionData reconnectSessionData, Boolean applyTransientFaultHandling, String accessToken, IDbConnectionPool pool, Func`3 accessTokenCallback)
   at Microsoft.Data.SqlClient.SqlConnectionFactory.CreateConnection(DbConnectionOptions options, DbConnectionPoolKey poolKey, DbConnectionPoolGroupProviderInfo poolGroupProviderInfo, IDbConnectionPool pool, DbConnection owningConnection, DbConnectionOptions userOptions)
   at Microsoft.Data.ProviderBase.DbConnectionFactory.CreatePooledConnection(IDbConnectionPool pool, DbConnection owningObject, DbConnectionOptions options, DbConnectionPoolKey poolKey, DbConnectionOptions userOptions)
   at Microsoft.Data.SqlClient.ConnectionPool.WaitHandleDbConnectionPool.CreateObject(DbConnection owningObject, DbConnectionOptions userOptions, DbConnectionInternal oldConnection)
   at Microsoft.Data.SqlClient.ConnectionPool.WaitHandleDbConnectionPool.UserCreateRequest(DbConnection owningObject, DbConnectionOptions userOptions, DbConnectionInternal oldConnection)
   at Microsoft.Data.SqlClient.ConnectionPool.WaitHandleDbConnectionPool.TryGetConnection(DbConnection owningObject, UInt32 waitForMultipleObjectsTimeout, Boolean allowCreate, Boolean onlyOneCheckConnection, DbConnectionOptions userOptions, DbConnectionInternal& connection)
   at Microsoft.Data.SqlClient.ConnectionPool.WaitHandleDbConnectionPool.WaitForPendingOpen()
--- End of stack trace from previous location ---
   at Portfolio_Management_System.DAL.DbHelper.GetAllMessagesAsync() in C:\Users\ak731\Desktop\DSA\Portfolio Management System\DAL\DbHelper.cs:line 578
ClientConnectionId:00000000-0000-0000-0000-000000000000
Error Number:53,State:0,Class:20
2026-07-01 00:32:23.116 +05:30 [ERR] Error getting messages
Microsoft.Data.SqlClient.SqlException (0x80131904): A network-related or instance-specific error occurred while establishing a connection to SQL Server. The server was not found or was not accessible. Verify that the instance name is correct and that SQL Server is configured to allow remote connections. (provider: Named Pipes Provider, error: 40 - Could not open a connection to SQL Server)
 ---> System.ComponentModel.Win32Exception (53): The network path was not found.
   at Microsoft.Data.SqlClient.ConnectionPool.WaitHandleDbConnectionPool.TryGetConnection(DbConnection owningObject, UInt32 waitForMultipleObjectsTimeout, Boolean allowCreate, Boolean onlyOneCheckConnection, DbConnectionOptions userOptions, DbConnectionInternal& connection)
   at Microsoft.Data.SqlClient.ConnectionPool.WaitHandleDbConnectionPool.WaitForPendingOpen()
--- End of stack trace from previous location ---
   at Portfolio_Management_System.DAL.DbHelper.GetAllMessagesAsync() in C:\Users\ak731\Desktop\DSA\Portfolio Management System\DAL\DbHelper.cs:line 578
ClientConnectionId:00000000-0000-0000-0000-000000000000
Error Number:53,State:0,Class:20
2026-07-01 00:32:23.125 +05:30 [INF] Executing JsonResult, writing value of type 'System.Int32'.
2026-07-01 00:32:23.126 +05:30 [INF] Executed action Portfolio_Management_System.Controllers.AdminController.GetUnreadMessagesCount (Portfolio Management System) in 15040.2566ms
2026-07-01 00:32:23.126 +05:30 [INF] Executed endpoint 'Portfolio_Management_System.Controllers.AdminController.GetUnreadMessagesCount (Portfolio Management System)'
2026-07-01 00:32:23.126 +05:30 [INF] HTTP GET /Admin/GetUnreadMessagesCount responded 200 in 15040.9908 ms
2026-07-01 00:32:23.126 +05:30 [INF] Request finished HTTP/2 GET https://localhost:44341/Admin/GetUnreadMessagesCount - 200 null application/json; charset=utf-8 15041.6262ms
2026-07-01 00:32:23.125 +05:30 [INF] Executing JsonResult, writing value of type 'System.Collections.Generic.List`1[[<>f__AnonymousType18`7[[System.Int32, System.Private.CoreLib, Version=9.0.0.0, Culture=neutral, PublicKeyToken=7cec85d7bea7798e],[System.String, System.Private.CoreLib, Version=9.0.0.0, Culture=neutral, PublicKeyToken=7cec85d7bea7798e],[System.String, System.Private.CoreLib, Version=9.0.0.0, Culture=neutral, PublicKeyToken=7cec85d7bea7798e],[System.String, System.Private.CoreLib, Version=9.0.0.0, Culture=neutral, PublicKeyToken=7cec85d7bea7798e],[System.String, System.Private.CoreLib, Version=9.0.0.0, Culture=neutral, PublicKeyToken=7cec85d7bea7798e],[System.Boolean, System.Private.CoreLib, Version=9.0.0.0, Culture=neutral, PublicKeyToken=7cec85d7bea7798e],[System.DateTime, System.Private.CoreLib, Version=9.0.0.0, Culture=neutral, PublicKeyToken=7cec85d7bea7798e]], Portfolio Management System, Version=1.0.0.0, Culture=neutral, PublicKeyToken=null]]'.
2026-07-01 00:32:23.130 +05:30 [INF] Executed action Portfolio_Management_System.Controllers.AdminController.GetRecentMessages (Portfolio Management System) in 15045.0798ms
2026-07-01 00:32:23.130 +05:30 [INF] Executed endpoint 'Portfolio_Management_System.Controllers.AdminController.GetRecentMessages (Portfolio Management System)'
2026-07-01 00:32:23.131 +05:30 [INF] HTTP GET /Admin/GetRecentMessages responded 200 in 15045.7552 ms
2026-07-01 00:32:23.131 +05:30 [INF] Request finished HTTP/2 GET https://localhost:44341/Admin/GetRecentMessages - 200 null application/json; charset=utf-8 15046.308ms
2026-07-01 00:32:38.081 +05:30 [INF] Request starting HTTP/2 GET https://localhost:44341/Admin/GetUnreadMessagesCount - null null
2026-07-01 00:32:38.081 +05:30 [INF] Request starting HTTP/2 GET https://localhost:44341/Admin/GetRecentMessages - null null
2026-07-01 00:32:38.081 +05:30 [INF] Executing endpoint 'Portfolio_Management_System.Controllers.AdminController.GetRecentMessages (Portfolio Management System)'
2026-07-01 00:32:38.081 +05:30 [INF] Route matched with {action = "GetRecentMessages", controller = "Admin"}. Executing controller action with signature System.Threading.Tasks.Task`1[Microsoft.AspNetCore.Mvc.IActionResult] GetRecentMessages() on controller Portfolio_Management_System.Controllers.AdminController (Portfolio Management System).
2026-07-01 00:32:38.081 +05:30 [INF] Executing endpoint 'Portfolio_Management_System.Controllers.AdminController.GetUnreadMessagesCount (Portfolio Management System)'
2026-07-01 00:32:38.081 +05:30 [INF] Route matched with {action = "GetUnreadMessagesCount", controller = "Admin"}. Executing controller action with signature System.Threading.Tasks.Task`1[Microsoft.AspNetCore.Mvc.IActionResult] GetUnreadMessagesCount() on controller Portfolio_Management_System.Controllers.AdminController (Portfolio Management System).
2026-07-01 00:32:53.116 +05:30 [ERR] Error getting messages
Microsoft.Data.SqlClient.SqlException (0x80131904): A network-related or instance-specific error occurred while establishing a connection to SQL Server. The server was not found or was not accessible. Verify that the instance name is correct and that SQL Server is configured to allow remote connections. (provider: Named Pipes Provider, error: 40 - Could not open a connection to SQL Server)
 ---> System.ComponentModel.Win32Exception (53): The network path was not found.
   at Microsoft.Data.SqlClient.ConnectionPool.WaitHandleDbConnectionPool.TryGetConnection(DbConnection owningObject, UInt32 waitForMultipleObjectsTimeout, Boolean allowCreate, Boolean onlyOneCheckConnection, DbConnectionOptions userOptions, DbConnectionInternal& connection)
   at Microsoft.Data.SqlClient.ConnectionPool.WaitHandleDbConnectionPool.WaitForPendingOpen()
--- End of stack trace from previous location ---
   at Portfolio_Management_System.DAL.DbHelper.GetAllMessagesAsync() in C:\Users\ak731\Desktop\DSA\Portfolio Management System\DAL\DbHelper.cs:line 578
ClientConnectionId:00000000-0000-0000-0000-000000000000
Error Number:53,State:0,Class:20
2026-07-01 00:32:53.049 +05:30 [ERR] Error getting messages
Microsoft.Data.SqlClient.SqlException (0x80131904): A network-related or instance-specific error occurred while establishing a connection to SQL Server. The server was not found or was not accessible. Verify that the instance name is correct and that SQL Server is configured to allow remote connections. (provider: Named Pipes Provider, error: 40 - Could not open a connection to SQL Server)
 ---> System.ComponentModel.Win32Exception (53): The network path was not found.
   at Microsoft.Data.SqlClient.TdsParser.ThrowExceptionAndWarning(TdsParserStateObject stateObj, SqlCommand command, Boolean callerHasConnectionLock, Boolean asyncClose)
   at Microsoft.Data.SqlClient.TdsParser.Connect(ServerInfo serverInfo, SqlInternalConnectionTds connHandler, TimeoutTimer timeout, SqlConnectionString connectionOptions, Boolean withFailover)
   at Microsoft.Data.SqlClient.SqlInternalConnectionTds.AttemptOneLogin(ServerInfo serverInfo, String newPassword, SecureString newSecurePassword, TimeoutTimer timeout, Boolean withFailover)
   at Microsoft.Data.SqlClient.SqlInternalConnectionTds.LoginNoFailover(ServerInfo serverInfo, String newPassword, SecureString newSecurePassword, Boolean redirectedUserInstance, SqlConnectionString connectionOptions, SqlCredential credential, TimeoutTimer timeout)
   at Microsoft.Data.SqlClient.SqlInternalConnectionTds.OpenLoginEnlist(TimeoutTimer timeout, SqlConnectionString connectionOptions, SqlCredential credential, String newPassword, SecureString newSecurePassword, Boolean redirectedUserInstance)
   at Microsoft.Data.SqlClient.SqlInternalConnectionTds..ctor(DbConnectionPoolIdentity identity, SqlConnectionString connectionOptions, SqlCredential credential, Object providerInfo, String newPassword, SecureString newSecurePassword, Boolean redirectedUserInstance, SqlConnectionString userConnectionOptions, SessionData reconnectSessionData, Boolean applyTransientFaultHandling, String accessToken, IDbConnectionPool pool, Func`3 accessTokenCallback)
   at Microsoft.Data.SqlClient.SqlConnectionFactory.CreateConnection(DbConnectionOptions options, DbConnectionPoolKey poolKey, DbConnectionPoolGroupProviderInfo poolGroupProviderInfo, IDbConnectionPool pool, DbConnection owningConnection, DbConnectionOptions userOptions)
   at Microsoft.Data.ProviderBase.DbConnectionFactory.CreatePooledConnection(IDbConnectionPool pool, DbConnection owningObject, DbConnectionOptions options, DbConnectionPoolKey poolKey, DbConnectionOptions userOptions)
   at Microsoft.Data.SqlClient.ConnectionPool.WaitHandleDbConnectionPool.CreateObject(DbConnection owningObject, DbConnectionOptions userOptions, DbConnectionInternal oldConnection)
   at Microsoft.Data.SqlClient.ConnectionPool.WaitHandleDbConnectionPool.UserCreateRequest(DbConnection owningObject, DbConnectionOptions userOptions, DbConnectionInternal oldConnection)
   at Microsoft.Data.SqlClient.ConnectionPool.WaitHandleDbConnectionPool.TryGetConnection(DbConnection owningObject, UInt32 waitForMultipleObjectsTimeout, Boolean allowCreate, Boolean onlyOneCheckConnection, DbConnectionOptions userOptions, DbConnectionInternal& connection)
   at Microsoft.Data.SqlClient.ConnectionPool.WaitHandleDbConnectionPool.WaitForPendingOpen()
--- End of stack trace from previous location ---
   at Portfolio_Management_System.DAL.DbHelper.GetAllMessagesAsync() in C:\Users\ak731\Desktop\DSA\Portfolio Management System\DAL\DbHelper.cs:line 578
ClientConnectionId:00000000-0000-0000-0000-000000000000
Error Number:53,State:0,Class:20
2026-07-01 00:32:53.128 +05:30 [INF] Executing JsonResult, writing value of type 'System.Int32'.
2026-07-01 00:32:53.130 +05:30 [INF] Executing JsonResult, writing value of type 'System.Collections.Generic.List`1[[<>f__AnonymousType18`7[[System.Int32, System.Private.CoreLib, Version=9.0.0.0, Culture=neutral, PublicKeyToken=7cec85d7bea7798e],[System.String, System.Private.CoreLib, Version=9.0.0.0, Culture=neutral, PublicKeyToken=7cec85d7bea7798e],[System.String, System.Private.CoreLib, Version=9.0.0.0, Culture=neutral, PublicKeyToken=7cec85d7bea7798e],[System.String, System.Private.CoreLib, Version=9.0.0.0, Culture=neutral, PublicKeyToken=7cec85d7bea7798e],[System.String, System.Private.CoreLib, Version=9.0.0.0, Culture=neutral, PublicKeyToken=7cec85d7bea7798e],[System.Boolean, System.Private.CoreLib, Version=9.0.0.0, Culture=neutral, PublicKeyToken=7cec85d7bea7798e],[System.DateTime, System.Private.CoreLib, Version=9.0.0.0, Culture=neutral, PublicKeyToken=7cec85d7bea7798e]], Portfolio Management System, Version=1.0.0.0, Culture=neutral, PublicKeyToken=null]]'.
2026-07-01 00:32:53.130 +05:30 [INF] Executed action Portfolio_Management_System.Controllers.AdminController.GetUnreadMessagesCount (Portfolio Management System) in 15048.122ms
2026-07-01 00:32:53.130 +05:30 [INF] Executed endpoint 'Portfolio_Management_System.Controllers.AdminController.GetUnreadMessagesCount (Portfolio Management System)'
2026-07-01 00:32:53.130 +05:30 [INF] Executed action Portfolio_Management_System.Controllers.AdminController.GetRecentMessages (Portfolio Management System) in 15048.4239ms
2026-07-01 00:32:53.130 +05:30 [INF] HTTP GET /Admin/GetUnreadMessagesCount responded 200 in 15048.8963 ms
2026-07-01 00:32:53.130 +05:30 [INF] Executed endpoint 'Portfolio_Management_System.Controllers.AdminController.GetRecentMessages (Portfolio Management System)'
2026-07-01 00:32:53.130 +05:30 [INF] HTTP GET /Admin/GetRecentMessages responded 200 in 15049.0296 ms
2026-07-01 00:32:53.130 +05:30 [INF] Request finished HTTP/2 GET https://localhost:44341/Admin/GetUnreadMessagesCount - 200 null application/json; charset=utf-8 15049.2915ms
2026-07-01 00:32:53.130 +05:30 [INF] Request finished HTTP/2 GET https://localhost:44341/Admin/GetRecentMessages - 200 null application/json; charset=utf-8 15049.4504ms
2026-07-01 00:33:08.083 +05:30 [INF] Request starting HTTP/2 GET https://localhost:44341/Admin/GetUnreadMessagesCount - null null
2026-07-01 00:33:08.083 +05:30 [INF] Request starting HTTP/2 GET https://localhost:44341/Admin/GetRecentMessages - null null
2026-07-01 00:33:08.083 +05:30 [INF] Executing endpoint 'Portfolio_Management_System.Controllers.AdminController.GetRecentMessages (Portfolio Management System)'
2026-07-01 00:33:08.083 +05:30 [INF] Route matched with {action = "GetRecentMessages", controller = "Admin"}. Executing controller action with signature System.Threading.Tasks.Task`1[Microsoft.AspNetCore.Mvc.IActionResult] GetRecentMessages() on controller Portfolio_Management_System.Controllers.AdminController (Portfolio Management System).
2026-07-01 00:33:08.083 +05:30 [INF] Executing endpoint 'Portfolio_Management_System.Controllers.AdminController.GetUnreadMessagesCount (Portfolio Management System)'
2026-07-01 00:33:08.084 +05:30 [INF] Route matched with {action = "GetUnreadMessagesCount", controller = "Admin"}. Executing controller action with signature System.Threading.Tasks.Task`1[Microsoft.AspNetCore.Mvc.IActionResult] GetUnreadMessagesCount() on controller Portfolio_Management_System.Controllers.AdminController (Portfolio Management System).
2026-07-01 00:33:23.255 +05:30 [ERR] Error getting messages
Microsoft.Data.SqlClient.SqlException (0x80131904): A network-related or instance-specific error occurred while establishing a connection to SQL Server. The server was not found or was not accessible. Verify that the instance name is correct and that SQL Server is configured to allow remote connections. (provider: Named Pipes Provider, error: 40 - Could not open a connection to SQL Server)
 ---> System.ComponentModel.Win32Exception (53): The network path was not found.
   at Microsoft.Data.SqlClient.ConnectionPool.WaitHandleDbConnectionPool.TryGetConnection(DbConnection owningObject, UInt32 waitForMultipleObjectsTimeout, Boolean allowCreate, Boolean onlyOneCheckConnection, DbConnectionOptions userOptions, DbConnectionInternal& connection)
   at Microsoft.Data.SqlClient.ConnectionPool.WaitHandleDbConnectionPool.WaitForPendingOpen()
--- End of stack trace from previous location ---
   at Portfolio_Management_System.DAL.DbHelper.GetAllMessagesAsync() in C:\Users\ak731\Desktop\DSA\Portfolio Management System\DAL\DbHelper.cs:line 578
ClientConnectionId:00000000-0000-0000-0000-000000000000
Error Number:53,State:0,Class:20
2026-07-01 00:33:23.176 +05:30 [ERR] Error getting messages
Microsoft.Data.SqlClient.SqlException (0x80131904): A network-related or instance-specific error occurred while establishing a connection to SQL Server. The server was not found or was not accessible. Verify that the instance name is correct and that SQL Server is configured to allow remote connections. (provider: Named Pipes Provider, error: 40 - Could not open a connection to SQL Server)
 ---> System.ComponentModel.Win32Exception (53): The network path was not found.
   at Microsoft.Data.SqlClient.TdsParser.ThrowExceptionAndWarning(TdsParserStateObject stateObj, SqlCommand command, Boolean callerHasConnectionLock, Boolean asyncClose)
   at Microsoft.Data.SqlClient.TdsParser.Connect(ServerInfo serverInfo, SqlInternalConnectionTds connHandler, TimeoutTimer timeout, SqlConnectionString connectionOptions, Boolean withFailover)
   at Microsoft.Data.SqlClient.SqlInternalConnectionTds.AttemptOneLogin(ServerInfo serverInfo, String newPassword, SecureString newSecurePassword, TimeoutTimer timeout, Boolean withFailover)
   at Microsoft.Data.SqlClient.SqlInternalConnectionTds.LoginNoFailover(ServerInfo serverInfo, String newPassword, SecureString newSecurePassword, Boolean redirectedUserInstance, SqlConnectionString connectionOptions, SqlCredential credential, TimeoutTimer timeout)
   at Microsoft.Data.SqlClient.SqlInternalConnectionTds.OpenLoginEnlist(TimeoutTimer timeout, SqlConnectionString connectionOptions, SqlCredential credential, String newPassword, SecureString newSecurePassword, Boolean redirectedUserInstance)
   at Microsoft.Data.SqlClient.SqlInternalConnectionTds..ctor(DbConnectionPoolIdentity identity, SqlConnectionString connectionOptions, SqlCredential credential, Object providerInfo, String newPassword, SecureString newSecurePassword, Boolean redirectedUserInstance, SqlConnectionString userConnectionOptions, SessionData reconnectSessionData, Boolean applyTransientFaultHandling, String accessToken, IDbConnectionPool pool, Func`3 accessTokenCallback)
   at Microsoft.Data.SqlClient.SqlConnectionFactory.CreateConnection(DbConnectionOptions options, DbConnectionPoolKey poolKey, DbConnectionPoolGroupProviderInfo poolGroupProviderInfo, IDbConnectionPool pool, DbConnection owningConnection, DbConnectionOptions userOptions)
   at Microsoft.Data.ProviderBase.DbConnectionFactory.CreatePooledConnection(IDbConnectionPool pool, DbConnection owningObject, DbConnectionOptions options, DbConnectionPoolKey poolKey, DbConnectionOptions userOptions)
   at Microsoft.Data.SqlClient.ConnectionPool.WaitHandleDbConnectionPool.CreateObject(DbConnection owningObject, DbConnectionOptions userOptions, DbConnectionInternal oldConnection)
   at Microsoft.Data.SqlClient.ConnectionPool.WaitHandleDbConnectionPool.UserCreateRequest(DbConnection owningObject, DbConnectionOptions userOptions, DbConnectionInternal oldConnection)
   at Microsoft.Data.SqlClient.ConnectionPool.WaitHandleDbConnectionPool.TryGetConnection(DbConnection owningObject, UInt32 waitForMultipleObjectsTimeout, Boolean allowCreate, Boolean onlyOneCheckConnection, DbConnectionOptions userOptions, DbConnectionInternal& connection)
   at Microsoft.Data.SqlClient.ConnectionPool.WaitHandleDbConnectionPool.WaitForPendingOpen()
--- End of stack trace from previous location ---
   at Portfolio_Management_System.DAL.DbHelper.GetAllMessagesAsync() in C:\Users\ak731\Desktop\DSA\Portfolio Management System\DAL\DbHelper.cs:line 578
ClientConnectionId:00000000-0000-0000-0000-000000000000
Error Number:53,State:0,Class:20
2026-07-01 00:33:23.261 +05:30 [INF] Executing JsonResult, writing value of type 'System.Collections.Generic.List`1[[<>f__AnonymousType18`7[[System.Int32, System.Private.CoreLib, Version=9.0.0.0, Culture=neutral, PublicKeyToken=7cec85d7bea7798e],[System.String, System.Private.CoreLib, Version=9.0.0.0, Culture=neutral, PublicKeyToken=7cec85d7bea7798e],[System.String, System.Private.CoreLib, Version=9.0.0.0, Culture=neutral, PublicKeyToken=7cec85d7bea7798e],[System.String, System.Private.CoreLib, Version=9.0.0.0, Culture=neutral, PublicKeyToken=7cec85d7bea7798e],[System.String, System.Private.CoreLib, Version=9.0.0.0, Culture=neutral, PublicKeyToken=7cec85d7bea7798e],[System.Boolean, System.Private.CoreLib, Version=9.0.0.0, Culture=neutral, PublicKeyToken=7cec85d7bea7798e],[System.DateTime, System.Private.CoreLib, Version=9.0.0.0, Culture=neutral, PublicKeyToken=7cec85d7bea7798e]], Portfolio Management System, Version=1.0.0.0, Culture=neutral, PublicKeyToken=null]]'.
2026-07-01 00:33:23.257 +05:30 [INF] Executing JsonResult, writing value of type 'System.Int32'.
2026-07-01 00:33:23.261 +05:30 [INF] Executed action Portfolio_Management_System.Controllers.AdminController.GetRecentMessages (Portfolio Management System) in 15177.6972ms
2026-07-01 00:33:23.261 +05:30 [INF] Executed action Portfolio_Management_System.Controllers.AdminController.GetUnreadMessagesCount (Portfolio Management System) in 15177.2214ms
2026-07-01 00:33:23.261 +05:30 [INF] Executed endpoint 'Portfolio_Management_System.Controllers.AdminController.GetRecentMessages (Portfolio Management System)'
2026-07-01 00:33:23.261 +05:30 [INF] Executed endpoint 'Portfolio_Management_System.Controllers.AdminController.GetUnreadMessagesCount (Portfolio Management System)'
2026-07-01 00:33:23.261 +05:30 [INF] HTTP GET /Admin/GetUnreadMessagesCount responded 200 in 15178.2963 ms
2026-07-01 00:33:23.261 +05:30 [INF] HTTP GET /Admin/GetRecentMessages responded 200 in 15178.2484 ms
2026-07-01 00:33:23.261 +05:30 [INF] Request finished HTTP/2 GET https://localhost:44341/Admin/GetUnreadMessagesCount - 200 null application/json; charset=utf-8 15178.6999ms
2026-07-01 00:33:23.261 +05:30 [INF] Request finished HTTP/2 GET https://localhost:44341/Admin/GetRecentMessages - 200 null application/json; charset=utf-8 15178.7074ms
2026-07-01 00:33:38.080 +05:30 [INF] Request starting HTTP/2 GET https://localhost:44341/Admin/GetRecentMessages - null null
2026-07-01 00:33:38.080 +05:30 [INF] Request starting HTTP/2 GET https://localhost:44341/Admin/GetUnreadMessagesCount - null null
2026-07-01 00:33:38.080 +05:30 [INF] Executing endpoint 'Portfolio_Management_System.Controllers.AdminController.GetUnreadMessagesCount (Portfolio Management System)'
2026-07-01 00:33:38.080 +05:30 [INF] Executing endpoint 'Portfolio_Management_System.Controllers.AdminController.GetRecentMessages (Portfolio Management System)'
2026-07-01 00:33:38.080 +05:30 [INF] Route matched with {action = "GetUnreadMessagesCount", controller = "Admin"}. Executing controller action with signature System.Threading.Tasks.Task`1[Microsoft.AspNetCore.Mvc.IActionResult] GetUnreadMessagesCount() on controller Portfolio_Management_System.Controllers.AdminController (Portfolio Management System).
2026-07-01 00:33:38.081 +05:30 [INF] Route matched with {action = "GetRecentMessages", controller = "Admin"}. Executing controller action with signature System.Threading.Tasks.Task`1[Microsoft.AspNetCore.Mvc.IActionResult] GetRecentMessages() on controller Portfolio_Management_System.Controllers.AdminController (Portfolio Management System).
2026-07-01 00:33:53.083 +05:30 [ERR] Error getting messages
Microsoft.Data.SqlClient.SqlException (0x80131904): A network-related or instance-specific error occurred while establishing a connection to SQL Server. The server was not found or was not accessible. Verify that the instance name is correct and that SQL Server is configured to allow remote connections. (provider: Named Pipes Provider, error: 40 - Could not open a connection to SQL Server)
 ---> System.ComponentModel.Win32Exception (53): The network path was not found.
   at Microsoft.Data.SqlClient.TdsParser.ThrowExceptionAndWarning(TdsParserStateObject stateObj, SqlCommand command, Boolean callerHasConnectionLock, Boolean asyncClose)
   at Microsoft.Data.SqlClient.TdsParser.Connect(ServerInfo serverInfo, SqlInternalConnectionTds connHandler, TimeoutTimer timeout, SqlConnectionString connectionOptions, Boolean withFailover)
   at Microsoft.Data.SqlClient.SqlInternalConnectionTds.AttemptOneLogin(ServerInfo serverInfo, String newPassword, SecureString newSecurePassword, TimeoutTimer timeout, Boolean withFailover)
   at Microsoft.Data.SqlClient.SqlInternalConnectionTds.LoginNoFailover(ServerInfo serverInfo, String newPassword, SecureString newSecurePassword, Boolean redirectedUserInstance, SqlConnectionString connectionOptions, SqlCredential credential, TimeoutTimer timeout)
   at Microsoft.Data.SqlClient.SqlInternalConnectionTds.OpenLoginEnlist(TimeoutTimer timeout, SqlConnectionString connectionOptions, SqlCredential credential, String newPassword, SecureString newSecurePassword, Boolean redirectedUserInstance)
   at Microsoft.Data.SqlClient.SqlInternalConnectionTds..ctor(DbConnectionPoolIdentity identity, SqlConnectionString connectionOptions, SqlCredential credential, Object providerInfo, String newPassword, SecureString newSecurePassword, Boolean redirectedUserInstance, SqlConnectionString userConnectionOptions, SessionData reconnectSessionData, Boolean applyTransientFaultHandling, String accessToken, IDbConnectionPool pool, Func`3 accessTokenCallback)
   at Microsoft.Data.SqlClient.SqlConnectionFactory.CreateConnection(DbConnectionOptions options, DbConnectionPoolKey poolKey, DbConnectionPoolGroupProviderInfo poolGroupProviderInfo, IDbConnectionPool pool, DbConnection owningConnection, DbConnectionOptions userOptions)
   at Microsoft.Data.ProviderBase.DbConnectionFactory.CreatePooledConnection(IDbConnectionPool pool, DbConnection owningObject, DbConnectionOptions options, DbConnectionPoolKey poolKey, DbConnectionOptions userOptions)
   at Microsoft.Data.SqlClient.ConnectionPool.WaitHandleDbConnectionPool.CreateObject(DbConnection owningObject, DbConnectionOptions userOptions, DbConnectionInternal oldConnection)
   at Microsoft.Data.SqlClient.ConnectionPool.WaitHandleDbConnectionPool.UserCreateRequest(DbConnection owningObject, DbConnectionOptions userOptions, DbConnectionInternal oldConnection)
   at Microsoft.Data.SqlClient.ConnectionPool.WaitHandleDbConnectionPool.TryGetConnection(DbConnection owningObject, UInt32 waitForMultipleObjectsTimeout, Boolean allowCreate, Boolean onlyOneCheckConnection, DbConnectionOptions userOptions, DbConnectionInternal& connection)
   at Microsoft.Data.SqlClient.ConnectionPool.WaitHandleDbConnectionPool.WaitForPendingOpen()
--- End of stack trace from previous location ---
   at Portfolio_Management_System.DAL.DbHelper.GetAllMessagesAsync() in C:\Users\ak731\Desktop\DSA\Portfolio Management System\DAL\DbHelper.cs:line 578
ClientConnectionId:00000000-0000-0000-0000-000000000000
Error Number:53,State:0,Class:20
2026-07-01 00:33:53.148 +05:30 [ERR] Error getting messages
Microsoft.Data.SqlClient.SqlException (0x80131904): A network-related or instance-specific error occurred while establishing a connection to SQL Server. The server was not found or was not accessible. Verify that the instance name is correct and that SQL Server is configured to allow remote connections. (provider: Named Pipes Provider, error: 40 - Could not open a connection to SQL Server)
 ---> System.ComponentModel.Win32Exception (53): The network path was not found.
   at Microsoft.Data.SqlClient.ConnectionPool.WaitHandleDbConnectionPool.TryGetConnection(DbConnection owningObject, UInt32 waitForMultipleObjectsTimeout, Boolean allowCreate, Boolean onlyOneCheckConnection, DbConnectionOptions userOptions, DbConnectionInternal& connection)
   at Microsoft.Data.SqlClient.ConnectionPool.WaitHandleDbConnectionPool.WaitForPendingOpen()
--- End of stack trace from previous location ---
   at Portfolio_Management_System.DAL.DbHelper.GetAllMessagesAsync() in C:\Users\ak731\Desktop\DSA\Portfolio Management System\DAL\DbHelper.cs:line 578
ClientConnectionId:00000000-0000-0000-0000-000000000000
Error Number:53,State:0,Class:20
2026-07-01 00:33:53.153 +05:30 [INF] Executing JsonResult, writing value of type 'System.Collections.Generic.List`1[[<>f__AnonymousType18`7[[System.Int32, System.Private.CoreLib, Version=9.0.0.0, Culture=neutral, PublicKeyToken=7cec85d7bea7798e],[System.String, System.Private.CoreLib, Version=9.0.0.0, Culture=neutral, PublicKeyToken=7cec85d7bea7798e],[System.String, System.Private.CoreLib, Version=9.0.0.0, Culture=neutral, PublicKeyToken=7cec85d7bea7798e],[System.String, System.Private.CoreLib, Version=9.0.0.0, Culture=neutral, PublicKeyToken=7cec85d7bea7798e],[System.String, System.Private.CoreLib, Version=9.0.0.0, Culture=neutral, PublicKeyToken=7cec85d7bea7798e],[System.Boolean, System.Private.CoreLib, Version=9.0.0.0, Culture=neutral, PublicKeyToken=7cec85d7bea7798e],[System.DateTime, System.Private.CoreLib, Version=9.0.0.0, Culture=neutral, PublicKeyToken=7cec85d7bea7798e]], Portfolio Management System, Version=1.0.0.0, Culture=neutral, PublicKeyToken=null]]'.
2026-07-01 00:33:53.152 +05:30 [INF] Executing JsonResult, writing value of type 'System.Int32'.
2026-07-01 00:33:53.153 +05:30 [INF] Executed action Portfolio_Management_System.Controllers.AdminController.GetRecentMessages (Portfolio Management System) in 15071.8825ms
2026-07-01 00:33:53.153 +05:30 [INF] Executed action Portfolio_Management_System.Controllers.AdminController.GetUnreadMessagesCount (Portfolio Management System) in 15072.5935ms
2026-07-01 00:33:53.153 +05:30 [INF] Executed endpoint 'Portfolio_Management_System.Controllers.AdminController.GetRecentMessages (Portfolio Management System)'
2026-07-01 00:33:53.153 +05:30 [INF] Executed endpoint 'Portfolio_Management_System.Controllers.AdminController.GetUnreadMessagesCount (Portfolio Management System)'
2026-07-01 00:33:53.153 +05:30 [INF] HTTP GET /Admin/GetRecentMessages responded 200 in 15073.5225 ms
2026-07-01 00:33:53.154 +05:30 [INF] HTTP GET /Admin/GetUnreadMessagesCount responded 200 in 15073.7227 ms
2026-07-01 00:33:53.154 +05:30 [INF] Request finished HTTP/2 GET https://localhost:44341/Admin/GetRecentMessages - 200 null application/json; charset=utf-8 15074.0425ms
2026-07-01 00:33:53.154 +05:30 [INF] Request finished HTTP/2 GET https://localhost:44341/Admin/GetUnreadMessagesCount - 200 null application/json; charset=utf-8 15074.23ms
2026-07-01 00:34:08.104 +05:30 [INF] Request starting HTTP/2 GET https://localhost:44341/Admin/GetUnreadMessagesCount - null null
2026-07-01 00:34:08.104 +05:30 [INF] Executing endpoint 'Portfolio_Management_System.Controllers.AdminController.GetUnreadMessagesCount (Portfolio Management System)'
2026-07-01 00:34:08.104 +05:30 [INF] Route matched with {action = "GetUnreadMessagesCount", controller = "Admin"}. Executing controller action with signature System.Threading.Tasks.Task`1[Microsoft.AspNetCore.Mvc.IActionResult] GetUnreadMessagesCount() on controller Portfolio_Management_System.Controllers.AdminController (Portfolio Management System).
2026-07-01 00:34:08.105 +05:30 [INF] Request starting HTTP/2 GET https://localhost:44341/Admin/GetRecentMessages - null null
2026-07-01 00:34:08.108 +05:30 [INF] Executing endpoint 'Portfolio_Management_System.Controllers.AdminController.GetRecentMessages (Portfolio Management System)'
2026-07-01 00:34:08.108 +05:30 [INF] Route matched with {action = "GetRecentMessages", controller = "Admin"}. Executing controller action with signature System.Threading.Tasks.Task`1[Microsoft.AspNetCore.Mvc.IActionResult] GetRecentMessages() on controller Portfolio_Management_System.Controllers.AdminController (Portfolio Management System).
2026-07-01 00:34:22.977 +05:30 [ERR] Error getting messages
Microsoft.Data.SqlClient.SqlException (0x80131904): A network-related or instance-specific error occurred while establishing a connection to SQL Server. The server was not found or was not accessible. Verify that the instance name is correct and that SQL Server is configured to allow remote connections. (provider: Named Pipes Provider, error: 40 - Could not open a connection to SQL Server)
 ---> System.ComponentModel.Win32Exception (53): The network path was not found.
   at Microsoft.Data.SqlClient.TdsParser.ThrowExceptionAndWarning(TdsParserStateObject stateObj, SqlCommand command, Boolean callerHasConnectionLock, Boolean asyncClose)
   at Microsoft.Data.SqlClient.TdsParser.Connect(ServerInfo serverInfo, SqlInternalConnectionTds connHandler, TimeoutTimer timeout, SqlConnectionString connectionOptions, Boolean withFailover)
   at Microsoft.Data.SqlClient.SqlInternalConnectionTds.AttemptOneLogin(ServerInfo serverInfo, String newPassword, SecureString newSecurePassword, TimeoutTimer timeout, Boolean withFailover)
   at Microsoft.Data.SqlClient.SqlInternalConnectionTds.LoginNoFailover(ServerInfo serverInfo, String newPassword, SecureString newSecurePassword, Boolean redirectedUserInstance, SqlConnectionString connectionOptions, SqlCredential credential, TimeoutTimer timeout)
   at Microsoft.Data.SqlClient.SqlInternalConnectionTds.OpenLoginEnlist(TimeoutTimer timeout, SqlConnectionString connectionOptions, SqlCredential credential, String newPassword, SecureString newSecurePassword, Boolean redirectedUserInstance)
   at Microsoft.Data.SqlClient.SqlInternalConnectionTds..ctor(DbConnectionPoolIdentity identity, SqlConnectionString connectionOptions, SqlCredential credential, Object providerInfo, String newPassword, SecureString newSecurePassword, Boolean redirectedUserInstance, SqlConnectionString userConnectionOptions, SessionData reconnectSessionData, Boolean applyTransientFaultHandling, String accessToken, IDbConnectionPool pool, Func`3 accessTokenCallback)
   at Microsoft.Data.SqlClient.SqlConnectionFactory.CreateConnection(DbConnectionOptions options, DbConnectionPoolKey poolKey, DbConnectionPoolGroupProviderInfo poolGroupProviderInfo, IDbConnectionPool pool, DbConnection owningConnection, DbConnectionOptions userOptions)
   at Microsoft.Data.ProviderBase.DbConnectionFactory.CreatePooledConnection(IDbConnectionPool pool, DbConnection owningObject, DbConnectionOptions options, DbConnectionPoolKey poolKey, DbConnectionOptions userOptions)
   at Microsoft.Data.SqlClient.ConnectionPool.WaitHandleDbConnectionPool.CreateObject(DbConnection owningObject, DbConnectionOptions userOptions, DbConnectionInternal oldConnection)
   at Microsoft.Data.SqlClient.ConnectionPool.WaitHandleDbConnectionPool.UserCreateRequest(DbConnection owningObject, DbConnectionOptions userOptions, DbConnectionInternal oldConnection)
   at Microsoft.Data.SqlClient.ConnectionPool.WaitHandleDbConnectionPool.TryGetConnection(DbConnection owningObject, UInt32 waitForMultipleObjectsTimeout, Boolean allowCreate, Boolean onlyOneCheckConnection, DbConnectionOptions userOptions, DbConnectionInternal& connection)
   at Microsoft.Data.SqlClient.ConnectionPool.WaitHandleDbConnectionPool.WaitForPendingOpen()
--- End of stack trace from previous location ---
   at Portfolio_Management_System.DAL.DbHelper.GetAllMessagesAsync() in C:\Users\ak731\Desktop\DSA\Portfolio Management System\DAL\DbHelper.cs:line 578
ClientConnectionId:00000000-0000-0000-0000-000000000000
Error Number:53,State:0,Class:20
2026-07-01 00:34:23.038 +05:30 [ERR] Error getting messages
Microsoft.Data.SqlClient.SqlException (0x80131904): A network-related or instance-specific error occurred while establishing a connection to SQL Server. The server was not found or was not accessible. Verify that the instance name is correct and that SQL Server is configured to allow remote connections. (provider: Named Pipes Provider, error: 40 - Could not open a connection to SQL Server)
 ---> System.ComponentModel.Win32Exception (53): The network path was not found.
   at Microsoft.Data.SqlClient.ConnectionPool.WaitHandleDbConnectionPool.TryGetConnection(DbConnection owningObject, UInt32 waitForMultipleObjectsTimeout, Boolean allowCreate, Boolean onlyOneCheckConnection, DbConnectionOptions userOptions, DbConnectionInternal& connection)
   at Microsoft.Data.SqlClient.ConnectionPool.WaitHandleDbConnectionPool.WaitForPendingOpen()
--- End of stack trace from previous location ---
   at Portfolio_Management_System.DAL.DbHelper.GetAllMessagesAsync() in C:\Users\ak731\Desktop\DSA\Portfolio Management System\DAL\DbHelper.cs:line 578
ClientConnectionId:00000000-0000-0000-0000-000000000000
Error Number:53,State:0,Class:20
2026-07-01 00:34:23.044 +05:30 [INF] Executing JsonResult, writing value of type 'System.Int32'.
2026-07-01 00:34:23.045 +05:30 [INF] Executing JsonResult, writing value of type 'System.Collections.Generic.List`1[[<>f__AnonymousType18`7[[System.Int32, System.Private.CoreLib, Version=9.0.0.0, Culture=neutral, PublicKeyToken=7cec85d7bea7798e],[System.String, System.Private.CoreLib, Version=9.0.0.0, Culture=neutral, PublicKeyToken=7cec85d7bea7798e],[System.String, System.Private.CoreLib, Version=9.0.0.0, Culture=neutral, PublicKeyToken=7cec85d7bea7798e],[System.String, System.Private.CoreLib, Version=9.0.0.0, Culture=neutral, PublicKeyToken=7cec85d7bea7798e],[System.String, System.Private.CoreLib, Version=9.0.0.0, Culture=neutral, PublicKeyToken=7cec85d7bea7798e],[System.Boolean, System.Private.CoreLib, Version=9.0.0.0, Culture=neutral, PublicKeyToken=7cec85d7bea7798e],[System.DateTime, System.Private.CoreLib, Version=9.0.0.0, Culture=neutral, PublicKeyToken=7cec85d7bea7798e]], Portfolio Management System, Version=1.0.0.0, Culture=neutral, PublicKeyToken=null]]'.
2026-07-01 00:34:23.045 +05:30 [INF] Executed action Portfolio_Management_System.Controllers.AdminController.GetRecentMessages (Portfolio Management System) in 14936.4262ms
2026-07-01 00:34:23.045 +05:30 [INF] Executed endpoint 'Portfolio_Management_System.Controllers.AdminController.GetRecentMessages (Portfolio Management System)'
2026-07-01 00:34:23.045 +05:30 [INF] HTTP GET /Admin/GetRecentMessages responded 200 in 14937.0016 ms
2026-07-01 00:34:23.045 +05:30 [INF] Request finished HTTP/2 GET https://localhost:44341/Admin/GetRecentMessages - 200 null application/json; charset=utf-8 14939.8917ms
2026-07-01 00:34:23.046 +05:30 [INF] Executed action Portfolio_Management_System.Controllers.AdminController.GetUnreadMessagesCount (Portfolio Management System) in 14940.9441ms
2026-07-01 00:34:23.046 +05:30 [INF] Executed endpoint 'Portfolio_Management_System.Controllers.AdminController.GetUnreadMessagesCount (Portfolio Management System)'
2026-07-01 00:34:23.046 +05:30 [INF] HTTP GET /Admin/GetUnreadMessagesCount responded 200 in 14941.7859 ms
2026-07-01 00:34:23.046 +05:30 [INF] Request finished HTTP/2 GET https://localhost:44341/Admin/GetUnreadMessagesCount - 200 null application/json; charset=utf-8 14942.7281ms
2026-07-01 00:34:38.086 +05:30 [INF] Request starting HTTP/2 GET https://localhost:44341/Admin/GetUnreadMessagesCount - null null
2026-07-01 00:34:38.086 +05:30 [INF] Request starting HTTP/2 GET https://localhost:44341/Admin/GetRecentMessages - null null
2026-07-01 00:34:38.086 +05:30 [INF] Executing endpoint 'Portfolio_Management_System.Controllers.AdminController.GetRecentMessages (Portfolio Management System)'
2026-07-01 00:34:38.086 +05:30 [INF] Executing endpoint 'Portfolio_Management_System.Controllers.AdminController.GetUnreadMessagesCount (Portfolio Management System)'
2026-07-01 00:34:38.086 +05:30 [INF] Route matched with {action = "GetRecentMessages", controller = "Admin"}. Executing controller action with signature System.Threading.Tasks.Task`1[Microsoft.AspNetCore.Mvc.IActionResult] GetRecentMessages() on controller Portfolio_Management_System.Controllers.AdminController (Portfolio Management System).
2026-07-01 00:34:38.086 +05:30 [INF] Route matched with {action = "GetUnreadMessagesCount", controller = "Admin"}. Executing controller action with signature System.Threading.Tasks.Task`1[Microsoft.AspNetCore.Mvc.IActionResult] GetUnreadMessagesCount() on controller Portfolio_Management_System.Controllers.AdminController (Portfolio Management System).
2026-07-01 00:34:55.565 +05:30 [ERR] Error getting messages
Microsoft.Data.SqlClient.SqlException (0x80131904): Connection Timeout Expired.  The timeout period elapsed during the post-login phase.  The connection could have timed out while waiting for server to complete the login process and respond; Or it could have timed out while attempting to create multiple active connections.  The duration spent while attempting to connect to this server was - [Pre-Login] initialization=13804; handshake=696; [Login] initialization=3; authentication=77; [Post-Login] complete=1076; 
 ---> System.ComponentModel.Win32Exception (258): The wait operation timed out.
   at Microsoft.Data.SqlClient.ConnectionPool.WaitHandleDbConnectionPool.TryGetConnection(DbConnection owningObject, UInt32 waitForMultipleObjectsTimeout, Boolean allowCreate, Boolean onlyOneCheckConnection, DbConnectionOptions userOptions, DbConnectionInternal& connection)
   at Microsoft.Data.SqlClient.ConnectionPool.WaitHandleDbConnectionPool.WaitForPendingOpen()
--- End of stack trace from previous location ---
   at Portfolio_Management_System.DAL.DbHelper.GetAllMessagesAsync() in C:\Users\ak731\Desktop\DSA\Portfolio Management System\DAL\DbHelper.cs:line 578
ClientConnectionId:7a06b769-9366-4842-8567-3481c3ea9ec9
Error Number:-2,State:0,Class:11
2026-07-01 00:34:55.568 +05:30 [INF] Executing JsonResult, writing value of type 'System.Int32'.
2026-07-01 00:34:55.569 +05:30 [INF] Executed action Portfolio_Management_System.Controllers.AdminController.GetUnreadMessagesCount (Portfolio Management System) in 17482.482ms
2026-07-01 00:34:55.461 +05:30 [ERR] Error getting messages
Microsoft.Data.SqlClient.SqlException (0x80131904): Connection Timeout Expired.  The timeout period elapsed during the post-login phase.  The connection could have timed out while waiting for server to complete the login process and respond; Or it could have timed out while attempting to create multiple active connections.  The duration spent while attempting to connect to this server was - [Pre-Login] initialization=13804; handshake=696; [Login] initialization=3; authentication=77; [Post-Login] complete=1076; 
 ---> System.ComponentModel.Win32Exception (258): The wait operation timed out.
   at Microsoft.Data.SqlClient.TdsParser.ThrowExceptionAndWarning(TdsParserStateObject stateObj, SqlCommand command, Boolean callerHasConnectionLock, Boolean asyncClose)
   at Microsoft.Data.SqlClient.TdsParserStateObject.ThrowExceptionAndWarning(Boolean callerHasConnectionLock, Boolean asyncClose)
   at Microsoft.Data.SqlClient.TdsParserStateObject.ReadSniError(TdsParserStateObject stateObj, UInt32 error)
   at Microsoft.Data.SqlClient.TdsParserStateObject.ReadSniSyncOverAsync()
   at Microsoft.Data.SqlClient.TdsParserStateObject.TryReadNetworkPacket()
   at Microsoft.Data.SqlClient.TdsParserStateObject.TryPrepareBuffer()
   at Microsoft.Data.SqlClient.TdsParser.TryRun(RunBehavior runBehavior, SqlCommand cmdHandler, SqlDataReader dataStream, BulkCopySimpleResultSet bulkCopyHandler, TdsParserStateObject stateObj, Boolean& dataReady)
   at Microsoft.Data.SqlClient.TdsParser.Run(RunBehavior runBehavior, SqlCommand cmdHandler, SqlDataReader dataStream, BulkCopySimpleResultSet bulkCopyHandler, TdsParserStateObject stateObj)
   at Microsoft.Data.SqlClient.SqlInternalConnectionTds.CompleteLogin(Boolean enlistOK)
   at Microsoft.Data.SqlClient.SqlInternalConnectionTds.AttemptOneLogin(ServerInfo serverInfo, String newPassword, SecureString newSecurePassword, TimeoutTimer timeout, Boolean withFailover)
   at Microsoft.Data.SqlClient.SqlInternalConnectionTds.LoginNoFailover(ServerInfo serverInfo, String newPassword, SecureString newSecurePassword, Boolean redirectedUserInstance, SqlConnectionString connectionOptions, SqlCredential credential, TimeoutTimer timeout)
   at Microsoft.Data.SqlClient.SqlInternalConnectionTds.OpenLoginEnlist(TimeoutTimer timeout, SqlConnectionString connectionOptions, SqlCredential credential, String newPassword, SecureString newSecurePassword, Boolean redirectedUserInstance)
   at Microsoft.Data.SqlClient.SqlInternalConnectionTds..ctor(DbConnectionPoolIdentity identity, SqlConnectionString connectionOptions, SqlCredential credential, Object providerInfo, String newPassword, SecureString newSecurePassword, Boolean redirectedUserInstance, SqlConnectionString userConnectionOptions, SessionData reconnectSessionData, Boolean applyTransientFaultHandling, String accessToken, IDbConnectionPool pool, Func`3 accessTokenCallback)
   at Microsoft.Data.SqlClient.SqlConnectionFactory.CreateConnection(DbConnectionOptions options, DbConnectionPoolKey poolKey, DbConnectionPoolGroupProviderInfo poolGroupProviderInfo, IDbConnectionPool pool, DbConnection owningConnection, DbConnectionOptions userOptions)
   at Microsoft.Data.ProviderBase.DbConnectionFactory.CreatePooledConnection(IDbConnectionPool pool, DbConnection owningObject, DbConnectionOptions options, DbConnectionPoolKey poolKey, DbConnectionOptions userOptions)
   at Microsoft.Data.SqlClient.ConnectionPool.WaitHandleDbConnectionPool.CreateObject(DbConnection owningObject, DbConnectionOptions userOptions, DbConnectionInternal oldConnection)
   at Microsoft.Data.SqlClient.ConnectionPool.WaitHandleDbConnectionPool.UserCreateRequest(DbConnection owningObject, DbConnectionOptions userOptions, DbConnectionInternal oldConnection)
   at Microsoft.Data.SqlClient.ConnectionPool.WaitHandleDbConnectionPool.TryGetConnection(DbConnection owningObject, UInt32 waitForMultipleObjectsTimeout, Boolean allowCreate, Boolean onlyOneCheckConnection, DbConnectionOptions userOptions, DbConnectionInternal& connection)
   at Microsoft.Data.SqlClient.ConnectionPool.WaitHandleDbConnectionPool.WaitForPendingOpen()
--- End of stack trace from previous location ---
   at Portfolio_Management_System.DAL.DbHelper.GetAllMessagesAsync() in C:\Users\ak731\Desktop\DSA\Portfolio Management System\DAL\DbHelper.cs:line 578
ClientConnectionId:7a06b769-9366-4842-8567-3481c3ea9ec9
Error Number:-2,State:0,Class:11
2026-07-01 00:34:55.577 +05:30 [INF] Executing JsonResult, writing value of type 'System.Collections.Generic.List`1[[<>f__AnonymousType18`7[[System.Int32, System.Private.CoreLib, Version=9.0.0.0, Culture=neutral, PublicKeyToken=7cec85d7bea7798e],[System.String, System.Private.CoreLib, Version=9.0.0.0, Culture=neutral, PublicKeyToken=7cec85d7bea7798e],[System.String, System.Private.CoreLib, Version=9.0.0.0, Culture=neutral, PublicKeyToken=7cec85d7bea7798e],[System.String, System.Private.CoreLib, Version=9.0.0.0, Culture=neutral, PublicKeyToken=7cec85d7bea7798e],[System.String, System.Private.CoreLib, Version=9.0.0.0, Culture=neutral, PublicKeyToken=7cec85d7bea7798e],[System.Boolean, System.Private.CoreLib, Version=9.0.0.0, Culture=neutral, PublicKeyToken=7cec85d7bea7798e],[System.DateTime, System.Private.CoreLib, Version=9.0.0.0, Culture=neutral, PublicKeyToken=7cec85d7bea7798e]], Portfolio Management System, Version=1.0.0.0, Culture=neutral, PublicKeyToken=null]]'.
2026-07-01 00:34:55.577 +05:30 [INF] Executed action Portfolio_Management_System.Controllers.AdminController.GetRecentMessages (Portfolio Management System) in 17490.5847ms
2026-07-01 00:34:55.577 +05:30 [INF] Executed endpoint 'Portfolio_Management_System.Controllers.AdminController.GetRecentMessages (Portfolio Management System)'
2026-07-01 00:34:55.577 +05:30 [INF] HTTP GET /Admin/GetRecentMessages responded 200 in 17491.1483 ms
2026-07-01 00:34:55.577 +05:30 [INF] Request finished HTTP/2 GET https://localhost:44341/Admin/GetRecentMessages - 200 null application/json; charset=utf-8 17491.5458ms
2026-07-01 00:34:55.569 +05:30 [INF] Executed endpoint 'Portfolio_Management_System.Controllers.AdminController.GetUnreadMessagesCount (Portfolio Management System)'
2026-07-01 00:34:55.583 +05:30 [INF] HTTP GET /Admin/GetUnreadMessagesCount responded 200 in 17496.9362 ms
2026-07-01 00:34:55.583 +05:30 [INF] Request finished HTTP/2 GET https://localhost:44341/Admin/GetUnreadMessagesCount - 200 null application/json; charset=utf-8 17497.4319ms
2026-07-01 00:35:08.134 +05:30 [INF] Request starting HTTP/2 GET https://localhost:44341/Admin/GetUnreadMessagesCount - null null
2026-07-01 00:35:08.135 +05:30 [INF] Request starting HTTP/2 GET https://localhost:44341/Admin/GetRecentMessages - null null
2026-07-01 00:35:08.135 +05:30 [INF] Executing endpoint 'Portfolio_Management_System.Controllers.AdminController.GetUnreadMessagesCount (Portfolio Management System)'
2026-07-01 00:35:08.135 +05:30 [INF] Route matched with {action = "GetUnreadMessagesCount", controller = "Admin"}. Executing controller action with signature System.Threading.Tasks.Task`1[Microsoft.AspNetCore.Mvc.IActionResult] GetUnreadMessagesCount() on controller Portfolio_Management_System.Controllers.AdminController (Portfolio Management System).
2026-07-01 00:35:08.135 +05:30 [INF] Executing endpoint 'Portfolio_Management_System.Controllers.AdminController.GetRecentMessages (Portfolio Management System)'
2026-07-01 00:35:08.135 +05:30 [INF] Route matched with {action = "GetRecentMessages", controller = "Admin"}. Executing controller action with signature System.Threading.Tasks.Task`1[Microsoft.AspNetCore.Mvc.IActionResult] GetRecentMessages() on controller Portfolio_Management_System.Controllers.AdminController (Portfolio Management System).
2026-07-01 00:35:15.224 +05:30 [INF] Executing JsonResult, writing value of type 'System.Collections.Generic.List`1[[<>f__AnonymousType18`7[[System.Int32, System.Private.CoreLib, Version=9.0.0.0, Culture=neutral, PublicKeyToken=7cec85d7bea7798e],[System.String, System.Private.CoreLib, Version=9.0.0.0, Culture=neutral, PublicKeyToken=7cec85d7bea7798e],[System.String, System.Private.CoreLib, Version=9.0.0.0, Culture=neutral, PublicKeyToken=7cec85d7bea7798e],[System.String, System.Private.CoreLib, Version=9.0.0.0, Culture=neutral, PublicKeyToken=7cec85d7bea7798e],[System.String, System.Private.CoreLib, Version=9.0.0.0, Culture=neutral, PublicKeyToken=7cec85d7bea7798e],[System.Boolean, System.Private.CoreLib, Version=9.0.0.0, Culture=neutral, PublicKeyToken=7cec85d7bea7798e],[System.DateTime, System.Private.CoreLib, Version=9.0.0.0, Culture=neutral, PublicKeyToken=7cec85d7bea7798e]], Portfolio Management System, Version=1.0.0.0, Culture=neutral, PublicKeyToken=null]]'.
2026-07-01 00:35:15.228 +05:30 [INF] Executed action Portfolio_Management_System.Controllers.AdminController.GetRecentMessages (Portfolio Management System) in 7092.6278ms
2026-07-01 00:35:15.228 +05:30 [INF] Executed endpoint 'Portfolio_Management_System.Controllers.AdminController.GetRecentMessages (Portfolio Management System)'
2026-07-01 00:35:15.228 +05:30 [INF] HTTP GET /Admin/GetRecentMessages responded 200 in 7093.5988 ms
2026-07-01 00:35:15.229 +05:30 [INF] Request finished HTTP/2 GET https://localhost:44341/Admin/GetRecentMessages - 200 null application/json; charset=utf-8 7094.156ms
2026-07-01 00:35:16.103 +05:30 [INF] Executing JsonResult, writing value of type 'System.Int32'.
2026-07-01 00:35:16.107 +05:30 [INF] Executed action Portfolio_Management_System.Controllers.AdminController.GetUnreadMessagesCount (Portfolio Management System) in 7972.1059ms
2026-07-01 00:35:16.107 +05:30 [INF] Executed endpoint 'Portfolio_Management_System.Controllers.AdminController.GetUnreadMessagesCount (Portfolio Management System)'
2026-07-01 00:35:16.107 +05:30 [INF] HTTP GET /Admin/GetUnreadMessagesCount responded 200 in 7972.9475 ms
2026-07-01 00:35:16.108 +05:30 [INF] Request finished HTTP/2 GET https://localhost:44341/Admin/GetUnreadMessagesCount - 200 null application/json; charset=utf-8 7973.4353ms
2026-07-01 00:35:38.173 +05:30 [INF] Request starting HTTP/2 GET https://localhost:44341/Admin/GetUnreadMessagesCount - null null
2026-07-01 00:35:38.173 +05:30 [INF] Request starting HTTP/2 GET https://localhost:44341/Admin/GetRecentMessages - null null
2026-07-01 00:35:38.173 +05:30 [INF] Executing endpoint 'Portfolio_Management_System.Controllers.AdminController.GetUnreadMessagesCount (Portfolio Management System)'
2026-07-01 00:35:38.173 +05:30 [INF] Executing endpoint 'Portfolio_Management_System.Controllers.AdminController.GetRecentMessages (Portfolio Management System)'
2026-07-01 00:35:38.174 +05:30 [INF] Route matched with {action = "GetRecentMessages", controller = "Admin"}. Executing controller action with signature System.Threading.Tasks.Task`1[Microsoft.AspNetCore.Mvc.IActionResult] GetRecentMessages() on controller Portfolio_Management_System.Controllers.AdminController (Portfolio Management System).
2026-07-01 00:35:38.174 +05:30 [INF] Route matched with {action = "GetUnreadMessagesCount", controller = "Admin"}. Executing controller action with signature System.Threading.Tasks.Task`1[Microsoft.AspNetCore.Mvc.IActionResult] GetUnreadMessagesCount() on controller Portfolio_Management_System.Controllers.AdminController (Portfolio Management System).
2026-07-01 00:35:42.048 +05:30 [INF] Executing JsonResult, writing value of type 'System.Collections.Generic.List`1[[<>f__AnonymousType18`7[[System.Int32, System.Private.CoreLib, Version=9.0.0.0, Culture=neutral, PublicKeyToken=7cec85d7bea7798e],[System.String, System.Private.CoreLib, Version=9.0.0.0, Culture=neutral, PublicKeyToken=7cec85d7bea7798e],[System.String, System.Private.CoreLib, Version=9.0.0.0, Culture=neutral, PublicKeyToken=7cec85d7bea7798e],[System.String, System.Private.CoreLib, Version=9.0.0.0, Culture=neutral, PublicKeyToken=7cec85d7bea7798e],[System.String, System.Private.CoreLib, Version=9.0.0.0, Culture=neutral, PublicKeyToken=7cec85d7bea7798e],[System.Boolean, System.Private.CoreLib, Version=9.0.0.0, Culture=neutral, PublicKeyToken=7cec85d7bea7798e],[System.DateTime, System.Private.CoreLib, Version=9.0.0.0, Culture=neutral, PublicKeyToken=7cec85d7bea7798e]], Portfolio Management System, Version=1.0.0.0, Culture=neutral, PublicKeyToken=null]]'.
2026-07-01 00:35:42.139 +05:30 [INF] Executed action Portfolio_Management_System.Controllers.AdminController.GetRecentMessages (Portfolio Management System) in 3965.6145ms
2026-07-01 00:35:42.140 +05:30 [INF] Executed endpoint 'Portfolio_Management_System.Controllers.AdminController.GetRecentMessages (Portfolio Management System)'
2026-07-01 00:35:42.140 +05:30 [INF] HTTP GET /Admin/GetRecentMessages responded 200 in 3966.7028 ms
2026-07-01 00:35:42.140 +05:30 [INF] Request finished HTTP/2 GET https://localhost:44341/Admin/GetRecentMessages - 200 null application/json; charset=utf-8 3967.3734ms
2026-07-01 00:35:44.697 +05:30 [INF] Executing JsonResult, writing value of type 'System.Int32'.
2026-07-01 00:35:44.698 +05:30 [INF] Executed action Portfolio_Management_System.Controllers.AdminController.GetUnreadMessagesCount (Portfolio Management System) in 6523.6839ms
2026-07-01 00:35:44.698 +05:30 [INF] Executed endpoint 'Portfolio_Management_System.Controllers.AdminController.GetUnreadMessagesCount (Portfolio Management System)'
2026-07-01 00:35:44.699 +05:30 [INF] HTTP GET /Admin/GetUnreadMessagesCount responded 200 in 6525.6636 ms
2026-07-01 00:35:44.699 +05:30 [INF] Request finished HTTP/2 GET https://localhost:44341/Admin/GetUnreadMessagesCount - 200 null application/json; charset=utf-8 6526.5614ms
2026-07-01 00:36:08.086 +05:30 [INF] Request starting HTTP/2 GET https://localhost:44341/Admin/GetUnreadMessagesCount - null null
2026-07-01 00:36:08.087 +05:30 [INF] Executing endpoint 'Portfolio_Management_System.Controllers.AdminController.GetUnreadMessagesCount (Portfolio Management System)'
2026-07-01 00:36:08.087 +05:30 [INF] Request starting HTTP/2 GET https://localhost:44341/Admin/GetRecentMessages - null null
2026-07-01 00:36:08.087 +05:30 [INF] Executing endpoint 'Portfolio_Management_System.Controllers.AdminController.GetRecentMessages (Portfolio Management System)'
2026-07-01 00:36:08.087 +05:30 [INF] Route matched with {action = "GetUnreadMessagesCount", controller = "Admin"}. Executing controller action with signature System.Threading.Tasks.Task`1[Microsoft.AspNetCore.Mvc.IActionResult] GetUnreadMessagesCount() on controller Portfolio_Management_System.Controllers.AdminController (Portfolio Management System).
2026-07-01 00:36:08.087 +05:30 [INF] Route matched with {action = "GetRecentMessages", controller = "Admin"}. Executing controller action with signature System.Threading.Tasks.Task`1[Microsoft.AspNetCore.Mvc.IActionResult] GetRecentMessages() on controller Portfolio_Management_System.Controllers.AdminController (Portfolio Management System).
2026-07-01 00:36:22.382 +05:30 [ERR] Error getting messages
Microsoft.Data.SqlClient.SqlException (0x80131904): A network-related or instance-specific error occurred while establishing a connection to SQL Server. The server was not found or was not accessible. Verify that the instance name is correct and that SQL Server is configured to allow remote connections. (provider: Named Pipes Provider, error: 40 - Could not open a connection to SQL Server)
 ---> System.ComponentModel.Win32Exception (53): The network path was not found.
   at Microsoft.Data.SqlClient.ConnectionPool.WaitHandleDbConnectionPool.TryGetConnection(DbConnection owningObject, UInt32 waitForMultipleObjectsTimeout, Boolean allowCreate, Boolean onlyOneCheckConnection, DbConnectionOptions userOptions, DbConnectionInternal& connection)
   at Microsoft.Data.SqlClient.ConnectionPool.WaitHandleDbConnectionPool.WaitForPendingOpen()
--- End of stack trace from previous location ---
   at Portfolio_Management_System.DAL.DbHelper.GetAllMessagesAsync() in C:\Users\ak731\Desktop\DSA\Portfolio Management System\DAL\DbHelper.cs:line 578
ClientConnectionId:00000000-0000-0000-0000-000000000000
Error Number:53,State:0,Class:20
2026-07-01 00:36:22.352 +05:30 [ERR] Error getting messages
Microsoft.Data.SqlClient.SqlException (0x80131904): A network-related or instance-specific error occurred while establishing a connection to SQL Server. The server was not found or was not accessible. Verify that the instance name is correct and that SQL Server is configured to allow remote connections. (provider: Named Pipes Provider, error: 40 - Could not open a connection to SQL Server)
 ---> System.ComponentModel.Win32Exception (53): The network path was not found.
   at Microsoft.Data.SqlClient.TdsParser.ThrowExceptionAndWarning(TdsParserStateObject stateObj, SqlCommand command, Boolean callerHasConnectionLock, Boolean asyncClose)
   at Microsoft.Data.SqlClient.TdsParser.Connect(ServerInfo serverInfo, SqlInternalConnectionTds connHandler, TimeoutTimer timeout, SqlConnectionString connectionOptions, Boolean withFailover)
   at Microsoft.Data.SqlClient.SqlInternalConnectionTds.AttemptOneLogin(ServerInfo serverInfo, String newPassword, SecureString newSecurePassword, TimeoutTimer timeout, Boolean withFailover)
   at Microsoft.Data.SqlClient.SqlInternalConnectionTds.LoginNoFailover(ServerInfo serverInfo, String newPassword, SecureString newSecurePassword, Boolean redirectedUserInstance, SqlConnectionString connectionOptions, SqlCredential credential, TimeoutTimer timeout)
   at Microsoft.Data.SqlClient.SqlInternalConnectionTds.OpenLoginEnlist(TimeoutTimer timeout, SqlConnectionString connectionOptions, SqlCredential credential, String newPassword, SecureString newSecurePassword, Boolean redirectedUserInstance)
   at Microsoft.Data.SqlClient.SqlInternalConnectionTds..ctor(DbConnectionPoolIdentity identity, SqlConnectionString connectionOptions, SqlCredential credential, Object providerInfo, String newPassword, SecureString newSecurePassword, Boolean redirectedUserInstance, SqlConnectionString userConnectionOptions, SessionData reconnectSessionData, Boolean applyTransientFaultHandling, String accessToken, IDbConnectionPool pool, Func`3 accessTokenCallback)
   at Microsoft.Data.SqlClient.SqlConnectionFactory.CreateConnection(DbConnectionOptions options, DbConnectionPoolKey poolKey, DbConnectionPoolGroupProviderInfo poolGroupProviderInfo, IDbConnectionPool pool, DbConnection owningConnection, DbConnectionOptions userOptions)
   at Microsoft.Data.ProviderBase.DbConnectionFactory.CreatePooledConnection(IDbConnectionPool pool, DbConnection owningObject, DbConnectionOptions options, DbConnectionPoolKey poolKey, DbConnectionOptions userOptions)
   at Microsoft.Data.SqlClient.ConnectionPool.WaitHandleDbConnectionPool.CreateObject(DbConnection owningObject, DbConnectionOptions userOptions, DbConnectionInternal oldConnection)
   at Microsoft.Data.SqlClient.ConnectionPool.WaitHandleDbConnectionPool.UserCreateRequest(DbConnection owningObject, DbConnectionOptions userOptions, DbConnectionInternal oldConnection)
   at Microsoft.Data.SqlClient.ConnectionPool.WaitHandleDbConnectionPool.TryGetConnection(DbConnection owningObject, UInt32 waitForMultipleObjectsTimeout, Boolean allowCreate, Boolean onlyOneCheckConnection, DbConnectionOptions userOptions, DbConnectionInternal& connection)
   at Microsoft.Data.SqlClient.ConnectionPool.WaitHandleDbConnectionPool.WaitForPendingOpen()
--- End of stack trace from previous location ---
   at Portfolio_Management_System.DAL.DbHelper.GetAllMessagesAsync() in C:\Users\ak731\Desktop\DSA\Portfolio Management System\DAL\DbHelper.cs:line 578
ClientConnectionId:00000000-0000-0000-0000-000000000000
Error Number:53,State:0,Class:20
2026-07-01 00:36:22.383 +05:30 [INF] Executing JsonResult, writing value of type 'System.Int32'.
2026-07-01 00:36:22.387 +05:30 [INF] Executing JsonResult, writing value of type 'System.Collections.Generic.List`1[[<>f__AnonymousType18`7[[System.Int32, System.Private.CoreLib, Version=9.0.0.0, Culture=neutral, PublicKeyToken=7cec85d7bea7798e],[System.String, System.Private.CoreLib, Version=9.0.0.0, Culture=neutral, PublicKeyToken=7cec85d7bea7798e],[System.String, System.Private.CoreLib, Version=9.0.0.0, Culture=neutral, PublicKeyToken=7cec85d7bea7798e],[System.String, System.Private.CoreLib, Version=9.0.0.0, Culture=neutral, PublicKeyToken=7cec85d7bea7798e],[System.String, System.Private.CoreLib, Version=9.0.0.0, Culture=neutral, PublicKeyToken=7cec85d7bea7798e],[System.Boolean, System.Private.CoreLib, Version=9.0.0.0, Culture=neutral, PublicKeyToken=7cec85d7bea7798e],[System.DateTime, System.Private.CoreLib, Version=9.0.0.0, Culture=neutral, PublicKeyToken=7cec85d7bea7798e]], Portfolio Management System, Version=1.0.0.0, Culture=neutral, PublicKeyToken=null]]'.
2026-07-01 00:36:22.387 +05:30 [INF] Executed action Portfolio_Management_System.Controllers.AdminController.GetUnreadMessagesCount (Portfolio Management System) in 14299.8161ms
2026-07-01 00:36:22.387 +05:30 [INF] Executed endpoint 'Portfolio_Management_System.Controllers.AdminController.GetUnreadMessagesCount (Portfolio Management System)'
2026-07-01 00:36:22.387 +05:30 [INF] Executed action Portfolio_Management_System.Controllers.AdminController.GetRecentMessages (Portfolio Management System) in 14300.039ms
2026-07-01 00:36:22.387 +05:30 [INF] HTTP GET /Admin/GetUnreadMessagesCount responded 200 in 14301.0833 ms
2026-07-01 00:36:22.387 +05:30 [INF] Executed endpoint 'Portfolio_Management_System.Controllers.AdminController.GetRecentMessages (Portfolio Management System)'
2026-07-01 00:36:22.388 +05:30 [INF] Request finished HTTP/2 GET https://localhost:44341/Admin/GetUnreadMessagesCount - 200 null application/json; charset=utf-8 14302.06ms
2026-07-01 00:36:22.389 +05:30 [INF] HTTP GET /Admin/GetRecentMessages responded 200 in 14302.1875 ms
2026-07-01 00:36:22.401 +05:30 [INF] Request finished HTTP/2 GET https://localhost:44341/Admin/GetRecentMessages - 200 null application/json; charset=utf-8 14314.0833ms
2026-07-01 00:36:38.128 +05:30 [INF] Request starting HTTP/2 GET https://localhost:44341/Admin/GetRecentMessages - null null
2026-07-01 00:36:38.130 +05:30 [INF] Executing endpoint 'Portfolio_Management_System.Controllers.AdminController.GetRecentMessages (Portfolio Management System)'
2026-07-01 00:36:38.130 +05:30 [INF] Route matched with {action = "GetRecentMessages", controller = "Admin"}. Executing controller action with signature System.Threading.Tasks.Task`1[Microsoft.AspNetCore.Mvc.IActionResult] GetRecentMessages() on controller Portfolio_Management_System.Controllers.AdminController (Portfolio Management System).
2026-07-01 00:36:38.131 +05:30 [INF] Request starting HTTP/2 GET https://localhost:44341/Admin/GetUnreadMessagesCount - null null
2026-07-01 00:36:38.131 +05:30 [INF] Executing endpoint 'Portfolio_Management_System.Controllers.AdminController.GetUnreadMessagesCount (Portfolio Management System)'
2026-07-01 00:36:38.131 +05:30 [INF] Route matched with {action = "GetUnreadMessagesCount", controller = "Admin"}. Executing controller action with signature System.Threading.Tasks.Task`1[Microsoft.AspNetCore.Mvc.IActionResult] GetUnreadMessagesCount() on controller Portfolio_Management_System.Controllers.AdminController (Portfolio Management System).
2026-07-01 00:36:53.208 +05:30 [ERR] Error getting messages
Microsoft.Data.SqlClient.SqlException (0x80131904): A network-related or instance-specific error occurred while establishing a connection to SQL Server. The server was not found or was not accessible. Verify that the instance name is correct and that SQL Server is configured to allow remote connections. (provider: Named Pipes Provider, error: 40 - Could not open a connection to SQL Server)
 ---> System.ComponentModel.Win32Exception (53): The network path was not found.
   at Microsoft.Data.SqlClient.ConnectionPool.WaitHandleDbConnectionPool.TryGetConnection(DbConnection owningObject, UInt32 waitForMultipleObjectsTimeout, Boolean allowCreate, Boolean onlyOneCheckConnection, DbConnectionOptions userOptions, DbConnectionInternal& connection)
   at Microsoft.Data.SqlClient.ConnectionPool.WaitHandleDbConnectionPool.WaitForPendingOpen()
--- End of stack trace from previous location ---
   at Portfolio_Management_System.DAL.DbHelper.GetAllMessagesAsync() in C:\Users\ak731\Desktop\DSA\Portfolio Management System\DAL\DbHelper.cs:line 578
ClientConnectionId:00000000-0000-0000-0000-000000000000
Error Number:53,State:0,Class:20
2026-07-01 00:36:53.039 +05:30 [ERR] Error getting messages
Microsoft.Data.SqlClient.SqlException (0x80131904): A network-related or instance-specific error occurred while establishing a connection to SQL Server. The server was not found or was not accessible. Verify that the instance name is correct and that SQL Server is configured to allow remote connections. (provider: Named Pipes Provider, error: 40 - Could not open a connection to SQL Server)
 ---> System.ComponentModel.Win32Exception (53): The network path was not found.
   at Microsoft.Data.SqlClient.TdsParser.ThrowExceptionAndWarning(TdsParserStateObject stateObj, SqlCommand command, Boolean callerHasConnectionLock, Boolean asyncClose)
   at Microsoft.Data.SqlClient.TdsParser.Connect(ServerInfo serverInfo, SqlInternalConnectionTds connHandler, TimeoutTimer timeout, SqlConnectionString connectionOptions, Boolean withFailover)
   at Microsoft.Data.SqlClient.SqlInternalConnectionTds.AttemptOneLogin(ServerInfo serverInfo, String newPassword, SecureString newSecurePassword, TimeoutTimer timeout, Boolean withFailover)
   at Microsoft.Data.SqlClient.SqlInternalConnectionTds.LoginNoFailover(ServerInfo serverInfo, String newPassword, SecureString newSecurePassword, Boolean redirectedUserInstance, SqlConnectionString connectionOptions, SqlCredential credential, TimeoutTimer timeout)
   at Microsoft.Data.SqlClient.SqlInternalConnectionTds.OpenLoginEnlist(TimeoutTimer timeout, SqlConnectionString connectionOptions, SqlCredential credential, String newPassword, SecureString newSecurePassword, Boolean redirectedUserInstance)
   at Microsoft.Data.SqlClient.SqlInternalConnectionTds..ctor(DbConnectionPoolIdentity identity, SqlConnectionString connectionOptions, SqlCredential credential, Object providerInfo, String newPassword, SecureString newSecurePassword, Boolean redirectedUserInstance, SqlConnectionString userConnectionOptions, SessionData reconnectSessionData, Boolean applyTransientFaultHandling, String accessToken, IDbConnectionPool pool, Func`3 accessTokenCallback)
   at Microsoft.Data.SqlClient.SqlConnectionFactory.CreateConnection(DbConnectionOptions options, DbConnectionPoolKey poolKey, DbConnectionPoolGroupProviderInfo poolGroupProviderInfo, IDbConnectionPool pool, DbConnection owningConnection, DbConnectionOptions userOptions)
   at Microsoft.Data.ProviderBase.DbConnectionFactory.CreatePooledConnection(IDbConnectionPool pool, DbConnection owningObject, DbConnectionOptions options, DbConnectionPoolKey poolKey, DbConnectionOptions userOptions)
   at Microsoft.Data.SqlClient.ConnectionPool.WaitHandleDbConnectionPool.CreateObject(DbConnection owningObject, DbConnectionOptions userOptions, DbConnectionInternal oldConnection)
   at Microsoft.Data.SqlClient.ConnectionPool.WaitHandleDbConnectionPool.UserCreateRequest(DbConnection owningObject, DbConnectionOptions userOptions, DbConnectionInternal oldConnection)
   at Microsoft.Data.SqlClient.ConnectionPool.WaitHandleDbConnectionPool.TryGetConnection(DbConnection owningObject, UInt32 waitForMultipleObjectsTimeout, Boolean allowCreate, Boolean onlyOneCheckConnection, DbConnectionOptions userOptions, DbConnectionInternal& connection)
   at Microsoft.Data.SqlClient.ConnectionPool.WaitHandleDbConnectionPool.WaitForPendingOpen()
--- End of stack trace from previous location ---
   at Portfolio_Management_System.DAL.DbHelper.GetAllMessagesAsync() in C:\Users\ak731\Desktop\DSA\Portfolio Management System\DAL\DbHelper.cs:line 578
ClientConnectionId:00000000-0000-0000-0000-000000000000
Error Number:53,State:0,Class:20
2026-07-01 00:36:53.215 +05:30 [INF] Executing JsonResult, writing value of type 'System.Int32'.
2026-07-01 00:36:53.217 +05:30 [INF] Executed action Portfolio_Management_System.Controllers.AdminController.GetUnreadMessagesCount (Portfolio Management System) in 15085.455ms
2026-07-01 00:36:53.217 +05:30 [INF] Executed endpoint 'Portfolio_Management_System.Controllers.AdminController.GetUnreadMessagesCount (Portfolio Management System)'
2026-07-01 00:36:53.217 +05:30 [INF] HTTP GET /Admin/GetUnreadMessagesCount responded 200 in 15086.3519 ms
2026-07-01 00:36:53.218 +05:30 [INF] Executing JsonResult, writing value of type 'System.Collections.Generic.List`1[[<>f__AnonymousType18`7[[System.Int32, System.Private.CoreLib, Version=9.0.0.0, Culture=neutral, PublicKeyToken=7cec85d7bea7798e],[System.String, System.Private.CoreLib, Version=9.0.0.0, Culture=neutral, PublicKeyToken=7cec85d7bea7798e],[System.String, System.Private.CoreLib, Version=9.0.0.0, Culture=neutral, PublicKeyToken=7cec85d7bea7798e],[System.String, System.Private.CoreLib, Version=9.0.0.0, Culture=neutral, PublicKeyToken=7cec85d7bea7798e],[System.String, System.Private.CoreLib, Version=9.0.0.0, Culture=neutral, PublicKeyToken=7cec85d7bea7798e],[System.Boolean, System.Private.CoreLib, Version=9.0.0.0, Culture=neutral, PublicKeyToken=7cec85d7bea7798e],[System.DateTime, System.Private.CoreLib, Version=9.0.0.0, Culture=neutral, PublicKeyToken=7cec85d7bea7798e]], Portfolio Management System, Version=1.0.0.0, Culture=neutral, PublicKeyToken=null]]'.
2026-07-01 00:36:53.219 +05:30 [INF] Executed action Portfolio_Management_System.Controllers.AdminController.GetRecentMessages (Portfolio Management System) in 15088.5941ms
2026-07-01 00:36:53.219 +05:30 [INF] Executed endpoint 'Portfolio_Management_System.Controllers.AdminController.GetRecentMessages (Portfolio Management System)'
2026-07-01 00:36:53.219 +05:30 [INF] HTTP GET /Admin/GetRecentMessages responded 200 in 15090.7538 ms
2026-07-01 00:36:53.220 +05:30 [INF] Request finished HTTP/2 GET https://localhost:44341/Admin/GetRecentMessages - 200 null application/json; charset=utf-8 15091.4676ms
2026-07-01 00:36:53.220 +05:30 [INF] Request finished HTTP/2 GET https://localhost:44341/Admin/GetUnreadMessagesCount - 200 null application/json; charset=utf-8 15089.7148ms
2026-07-01 00:37:08.077 +05:30 [INF] Request starting HTTP/2 GET https://localhost:44341/Admin/GetUnreadMessagesCount - null null
2026-07-01 00:37:08.077 +05:30 [INF] Executing endpoint 'Portfolio_Management_System.Controllers.AdminController.GetUnreadMessagesCount (Portfolio Management System)'
2026-07-01 00:37:08.080 +05:30 [INF] Route matched with {action = "GetUnreadMessagesCount", controller = "Admin"}. Executing controller action with signature System.Threading.Tasks.Task`1[Microsoft.AspNetCore.Mvc.IActionResult] GetUnreadMessagesCount() on controller Portfolio_Management_System.Controllers.AdminController (Portfolio Management System).
2026-07-01 00:37:08.169 +05:30 [INF] Request starting HTTP/2 GET https://localhost:44341/Admin/GetRecentMessages - null null
2026-07-01 00:37:08.169 +05:30 [INF] Executing endpoint 'Portfolio_Management_System.Controllers.AdminController.GetRecentMessages (Portfolio Management System)'
2026-07-01 00:37:08.170 +05:30 [INF] Route matched with {action = "GetRecentMessages", controller = "Admin"}. Executing controller action with signature System.Threading.Tasks.Task`1[Microsoft.AspNetCore.Mvc.IActionResult] GetRecentMessages() on controller Portfolio_Management_System.Controllers.AdminController (Portfolio Management System).
2026-07-01 00:37:22.960 +05:30 [ERR] Error getting messages
Microsoft.Data.SqlClient.SqlException (0x80131904): A network-related or instance-specific error occurred while establishing a connection to SQL Server. The server was not found or was not accessible. Verify that the instance name is correct and that SQL Server is configured to allow remote connections. (provider: Named Pipes Provider, error: 40 - Could not open a connection to SQL Server)
 ---> System.ComponentModel.Win32Exception (53): The network path was not found.
   at Microsoft.Data.SqlClient.ConnectionPool.WaitHandleDbConnectionPool.TryGetConnection(DbConnection owningObject, UInt32 waitForMultipleObjectsTimeout, Boolean allowCreate, Boolean onlyOneCheckConnection, DbConnectionOptions userOptions, DbConnectionInternal& connection)
   at Microsoft.Data.SqlClient.ConnectionPool.WaitHandleDbConnectionPool.WaitForPendingOpen()
--- End of stack trace from previous location ---
   at Portfolio_Management_System.DAL.DbHelper.GetAllMessagesAsync() in C:\Users\ak731\Desktop\DSA\Portfolio Management System\DAL\DbHelper.cs:line 578
ClientConnectionId:00000000-0000-0000-0000-000000000000
Error Number:53,State:0,Class:20
2026-07-01 00:37:22.893 +05:30 [ERR] Error getting messages
Microsoft.Data.SqlClient.SqlException (0x80131904): A network-related or instance-specific error occurred while establishing a connection to SQL Server. The server was not found or was not accessible. Verify that the instance name is correct and that SQL Server is configured to allow remote connections. (provider: Named Pipes Provider, error: 40 - Could not open a connection to SQL Server)
 ---> System.ComponentModel.Win32Exception (53): The network path was not found.
   at Microsoft.Data.SqlClient.TdsParser.ThrowExceptionAndWarning(TdsParserStateObject stateObj, SqlCommand command, Boolean callerHasConnectionLock, Boolean asyncClose)
   at Microsoft.Data.SqlClient.TdsParser.Connect(ServerInfo serverInfo, SqlInternalConnectionTds connHandler, TimeoutTimer timeout, SqlConnectionString connectionOptions, Boolean withFailover)
   at Microsoft.Data.SqlClient.SqlInternalConnectionTds.AttemptOneLogin(ServerInfo serverInfo, String newPassword, SecureString newSecurePassword, TimeoutTimer timeout, Boolean withFailover)
   at Microsoft.Data.SqlClient.SqlInternalConnectionTds.LoginNoFailover(ServerInfo serverInfo, String newPassword, SecureString newSecurePassword, Boolean redirectedUserInstance, SqlConnectionString connectionOptions, SqlCredential credential, TimeoutTimer timeout)
   at Microsoft.Data.SqlClient.SqlInternalConnectionTds.OpenLoginEnlist(TimeoutTimer timeout, SqlConnectionString connectionOptions, SqlCredential credential, String newPassword, SecureString newSecurePassword, Boolean redirectedUserInstance)
   at Microsoft.Data.SqlClient.SqlInternalConnectionTds..ctor(DbConnectionPoolIdentity identity, SqlConnectionString connectionOptions, SqlCredential credential, Object providerInfo, String newPassword, SecureString newSecurePassword, Boolean redirectedUserInstance, SqlConnectionString userConnectionOptions, SessionData reconnectSessionData, Boolean applyTransientFaultHandling, String accessToken, IDbConnectionPool pool, Func`3 accessTokenCallback)
   at Microsoft.Data.SqlClient.SqlConnectionFactory.CreateConnection(DbConnectionOptions options, DbConnectionPoolKey poolKey, DbConnectionPoolGroupProviderInfo poolGroupProviderInfo, IDbConnectionPool pool, DbConnection owningConnection, DbConnectionOptions userOptions)
   at Microsoft.Data.ProviderBase.DbConnectionFactory.CreatePooledConnection(IDbConnectionPool pool, DbConnection owningObject, DbConnectionOptions options, DbConnectionPoolKey poolKey, DbConnectionOptions userOptions)
   at Microsoft.Data.SqlClient.ConnectionPool.WaitHandleDbConnectionPool.CreateObject(DbConnection owningObject, DbConnectionOptions userOptions, DbConnectionInternal oldConnection)
   at Microsoft.Data.SqlClient.ConnectionPool.WaitHandleDbConnectionPool.UserCreateRequest(DbConnection owningObject, DbConnectionOptions userOptions, DbConnectionInternal oldConnection)
   at Microsoft.Data.SqlClient.ConnectionPool.WaitHandleDbConnectionPool.TryGetConnection(DbConnection owningObject, UInt32 waitForMultipleObjectsTimeout, Boolean allowCreate, Boolean onlyOneCheckConnection, DbConnectionOptions userOptions, DbConnectionInternal& connection)
   at Microsoft.Data.SqlClient.ConnectionPool.WaitHandleDbConnectionPool.WaitForPendingOpen()
--- End of stack trace from previous location ---
   at Portfolio_Management_System.DAL.DbHelper.GetAllMessagesAsync() in C:\Users\ak731\Desktop\DSA\Portfolio Management System\DAL\DbHelper.cs:line 578
ClientConnectionId:00000000-0000-0000-0000-000000000000
Error Number:53,State:0,Class:20
2026-07-01 00:37:22.968 +05:30 [INF] Executing JsonResult, writing value of type 'System.Int32'.
2026-07-01 00:37:23.054 +05:30 [INF] Executing JsonResult, writing value of type 'System.Collections.Generic.List`1[[<>f__AnonymousType18`7[[System.Int32, System.Private.CoreLib, Version=9.0.0.0, Culture=neutral, PublicKeyToken=7cec85d7bea7798e],[System.String, System.Private.CoreLib, Version=9.0.0.0, Culture=neutral, PublicKeyToken=7cec85d7bea7798e],[System.String, System.Private.CoreLib, Version=9.0.0.0, Culture=neutral, PublicKeyToken=7cec85d7bea7798e],[System.String, System.Private.CoreLib, Version=9.0.0.0, Culture=neutral, PublicKeyToken=7cec85d7bea7798e],[System.String, System.Private.CoreLib, Version=9.0.0.0, Culture=neutral, PublicKeyToken=7cec85d7bea7798e],[System.Boolean, System.Private.CoreLib, Version=9.0.0.0, Culture=neutral, PublicKeyToken=7cec85d7bea7798e],[System.DateTime, System.Private.CoreLib, Version=9.0.0.0, Culture=neutral, PublicKeyToken=7cec85d7bea7798e]], Portfolio Management System, Version=1.0.0.0, Culture=neutral, PublicKeyToken=null]]'.
2026-07-01 00:37:23.054 +05:30 [INF] Executed action Portfolio_Management_System.Controllers.AdminController.GetRecentMessages (Portfolio Management System) in 14884.363ms
2026-07-01 00:37:23.054 +05:30 [INF] Executed endpoint 'Portfolio_Management_System.Controllers.AdminController.GetRecentMessages (Portfolio Management System)'
2026-07-01 00:37:23.055 +05:30 [INF] HTTP GET /Admin/GetRecentMessages responded 200 in 14885.6624 ms
2026-07-01 00:37:23.055 +05:30 [INF] Executed action Portfolio_Management_System.Controllers.AdminController.GetUnreadMessagesCount (Portfolio Management System) in 14974.6224ms
2026-07-01 00:37:23.055 +05:30 [INF] Executed endpoint 'Portfolio_Management_System.Controllers.AdminController.GetUnreadMessagesCount (Portfolio Management System)'
2026-07-01 00:37:23.055 +05:30 [INF] Request finished HTTP/2 GET https://localhost:44341/Admin/GetRecentMessages - 200 null application/json; charset=utf-8 14886.2318ms
2026-07-01 00:37:23.055 +05:30 [INF] HTTP GET /Admin/GetUnreadMessagesCount responded 200 in 14977.7823 ms
2026-07-01 00:37:23.055 +05:30 [INF] Request finished HTTP/2 GET https://localhost:44341/Admin/GetUnreadMessagesCount - 200 null application/json; charset=utf-8 14978.2444ms
2026-07-01 00:37:38.079 +05:30 [INF] Request starting HTTP/2 GET https://localhost:44341/Admin/GetUnreadMessagesCount - null null
2026-07-01 00:37:38.079 +05:30 [INF] Request starting HTTP/2 GET https://localhost:44341/Admin/GetRecentMessages - null null
2026-07-01 00:37:38.080 +05:30 [INF] Executing endpoint 'Portfolio_Management_System.Controllers.AdminController.GetRecentMessages (Portfolio Management System)'
2026-07-01 00:37:38.080 +05:30 [INF] Route matched with {action = "GetRecentMessages", controller = "Admin"}. Executing controller action with signature System.Threading.Tasks.Task`1[Microsoft.AspNetCore.Mvc.IActionResult] GetRecentMessages() on controller Portfolio_Management_System.Controllers.AdminController (Portfolio Management System).
2026-07-01 00:37:38.121 +05:30 [INF] Executing endpoint 'Portfolio_Management_System.Controllers.AdminController.GetUnreadMessagesCount (Portfolio Management System)'
2026-07-01 00:37:38.121 +05:30 [INF] Route matched with {action = "GetUnreadMessagesCount", controller = "Admin"}. Executing controller action with signature System.Threading.Tasks.Task`1[Microsoft.AspNetCore.Mvc.IActionResult] GetUnreadMessagesCount() on controller Portfolio_Management_System.Controllers.AdminController (Portfolio Management System).
2026-07-01 00:37:53.019 +05:30 [ERR] Error getting messages
Microsoft.Data.SqlClient.SqlException (0x80131904): A network-related or instance-specific error occurred while establishing a connection to SQL Server. The server was not found or was not accessible. Verify that the instance name is correct and that SQL Server is configured to allow remote connections. (provider: Named Pipes Provider, error: 40 - Could not open a connection to SQL Server)
 ---> System.ComponentModel.Win32Exception (53): The network path was not found.
   at Microsoft.Data.SqlClient.TdsParser.ThrowExceptionAndWarning(TdsParserStateObject stateObj, SqlCommand command, Boolean callerHasConnectionLock, Boolean asyncClose)
   at Microsoft.Data.SqlClient.TdsParser.Connect(ServerInfo serverInfo, SqlInternalConnectionTds connHandler, TimeoutTimer timeout, SqlConnectionString connectionOptions, Boolean withFailover)
   at Microsoft.Data.SqlClient.SqlInternalConnectionTds.AttemptOneLogin(ServerInfo serverInfo, String newPassword, SecureString newSecurePassword, TimeoutTimer timeout, Boolean withFailover)
   at Microsoft.Data.SqlClient.SqlInternalConnectionTds.LoginNoFailover(ServerInfo serverInfo, String newPassword, SecureString newSecurePassword, Boolean redirectedUserInstance, SqlConnectionString connectionOptions, SqlCredential credential, TimeoutTimer timeout)
   at Microsoft.Data.SqlClient.SqlInternalConnectionTds.OpenLoginEnlist(TimeoutTimer timeout, SqlConnectionString connectionOptions, SqlCredential credential, String newPassword, SecureString newSecurePassword, Boolean redirectedUserInstance)
   at Microsoft.Data.SqlClient.SqlInternalConnectionTds..ctor(DbConnectionPoolIdentity identity, SqlConnectionString connectionOptions, SqlCredential credential, Object providerInfo, String newPassword, SecureString newSecurePassword, Boolean redirectedUserInstance, SqlConnectionString userConnectionOptions, SessionData reconnectSessionData, Boolean applyTransientFaultHandling, String accessToken, IDbConnectionPool pool, Func`3 accessTokenCallback)
   at Microsoft.Data.SqlClient.SqlConnectionFactory.CreateConnection(DbConnectionOptions options, DbConnectionPoolKey poolKey, DbConnectionPoolGroupProviderInfo poolGroupProviderInfo, IDbConnectionPool pool, DbConnection owningConnection, DbConnectionOptions userOptions)
   at Microsoft.Data.ProviderBase.DbConnectionFactory.CreatePooledConnection(IDbConnectionPool pool, DbConnection owningObject, DbConnectionOptions options, DbConnectionPoolKey poolKey, DbConnectionOptions userOptions)
   at Microsoft.Data.SqlClient.ConnectionPool.WaitHandleDbConnectionPool.CreateObject(DbConnection owningObject, DbConnectionOptions userOptions, DbConnectionInternal oldConnection)
   at Microsoft.Data.SqlClient.ConnectionPool.WaitHandleDbConnectionPool.UserCreateRequest(DbConnection owningObject, DbConnectionOptions userOptions, DbConnectionInternal oldConnection)
   at Microsoft.Data.SqlClient.ConnectionPool.WaitHandleDbConnectionPool.TryGetConnection(DbConnection owningObject, UInt32 waitForMultipleObjectsTimeout, Boolean allowCreate, Boolean onlyOneCheckConnection, DbConnectionOptions userOptions, DbConnectionInternal& connection)
   at Microsoft.Data.SqlClient.ConnectionPool.WaitHandleDbConnectionPool.WaitForPendingOpen()
--- End of stack trace from previous location ---
   at Portfolio_Management_System.DAL.DbHelper.GetAllMessagesAsync() in C:\Users\ak731\Desktop\DSA\Portfolio Management System\DAL\DbHelper.cs:line 578
ClientConnectionId:00000000-0000-0000-0000-000000000000
Error Number:53,State:0,Class:20
2026-07-01 00:37:53.137 +05:30 [ERR] Error getting messages
Microsoft.Data.SqlClient.SqlException (0x80131904): A network-related or instance-specific error occurred while establishing a connection to SQL Server. The server was not found or was not accessible. Verify that the instance name is correct and that SQL Server is configured to allow remote connections. (provider: Named Pipes Provider, error: 40 - Could not open a connection to SQL Server)
 ---> System.ComponentModel.Win32Exception (53): The network path was not found.
   at Microsoft.Data.SqlClient.ConnectionPool.WaitHandleDbConnectionPool.TryGetConnection(DbConnection owningObject, UInt32 waitForMultipleObjectsTimeout, Boolean allowCreate, Boolean onlyOneCheckConnection, DbConnectionOptions userOptions, DbConnectionInternal& connection)
   at Microsoft.Data.SqlClient.ConnectionPool.WaitHandleDbConnectionPool.WaitForPendingOpen()
--- End of stack trace from previous location ---
   at Portfolio_Management_System.DAL.DbHelper.GetAllMessagesAsync() in C:\Users\ak731\Desktop\DSA\Portfolio Management System\DAL\DbHelper.cs:line 578
ClientConnectionId:00000000-0000-0000-0000-000000000000
Error Number:53,State:0,Class:20
2026-07-01 00:37:53.151 +05:30 [INF] Executing JsonResult, writing value of type 'System.Collections.Generic.List`1[[<>f__AnonymousType18`7[[System.Int32, System.Private.CoreLib, Version=9.0.0.0, Culture=neutral, PublicKeyToken=7cec85d7bea7798e],[System.String, System.Private.CoreLib, Version=9.0.0.0, Culture=neutral, PublicKeyToken=7cec85d7bea7798e],[System.String, System.Private.CoreLib, Version=9.0.0.0, Culture=neutral, PublicKeyToken=7cec85d7bea7798e],[System.String, System.Private.CoreLib, Version=9.0.0.0, Culture=neutral, PublicKeyToken=7cec85d7bea7798e],[System.String, System.Private.CoreLib, Version=9.0.0.0, Culture=neutral, PublicKeyToken=7cec85d7bea7798e],[System.Boolean, System.Private.CoreLib, Version=9.0.0.0, Culture=neutral, PublicKeyToken=7cec85d7bea7798e],[System.DateTime, System.Private.CoreLib, Version=9.0.0.0, Culture=neutral, PublicKeyToken=7cec85d7bea7798e]], Portfolio Management System, Version=1.0.0.0, Culture=neutral, PublicKeyToken=null]]'.
2026-07-01 00:37:53.153 +05:30 [INF] Executing JsonResult, writing value of type 'System.Int32'.
2026-07-01 00:37:53.153 +05:30 [INF] Executed action Portfolio_Management_System.Controllers.AdminController.GetRecentMessages (Portfolio Management System) in 15072.4534ms
2026-07-01 00:37:53.153 +05:30 [INF] Executed endpoint 'Portfolio_Management_System.Controllers.AdminController.GetRecentMessages (Portfolio Management System)'
2026-07-01 00:37:53.153 +05:30 [INF] HTTP GET /Admin/GetRecentMessages responded 200 in 15073.5107 ms
2026-07-01 00:37:53.153 +05:30 [INF] Request finished HTTP/2 GET https://localhost:44341/Admin/GetRecentMessages - 200 null application/json; charset=utf-8 15073.918ms
2026-07-01 00:37:53.153 +05:30 [INF] Executed action Portfolio_Management_System.Controllers.AdminController.GetUnreadMessagesCount (Portfolio Management System) in 15032.0999ms
2026-07-01 00:37:53.154 +05:30 [INF] Executed endpoint 'Portfolio_Management_System.Controllers.AdminController.GetUnreadMessagesCount (Portfolio Management System)'
2026-07-01 00:37:53.154 +05:30 [INF] HTTP GET /Admin/GetUnreadMessagesCount responded 200 in 15074.3153 ms
2026-07-01 00:37:53.154 +05:30 [INF] Request finished HTTP/2 GET https://localhost:44341/Admin/GetUnreadMessagesCount - 200 null application/json; charset=utf-8 15075.5473ms
2026-07-01 00:38:08.113 +05:30 [INF] Request starting HTTP/2 GET https://localhost:44341/Admin/GetUnreadMessagesCount - null null
2026-07-01 00:38:08.113 +05:30 [INF] Request starting HTTP/2 GET https://localhost:44341/Admin/GetRecentMessages - null null
2026-07-01 00:38:08.114 +05:30 [INF] Executing endpoint 'Portfolio_Management_System.Controllers.AdminController.GetUnreadMessagesCount (Portfolio Management System)'
2026-07-01 00:38:08.114 +05:30 [INF] Executing endpoint 'Portfolio_Management_System.Controllers.AdminController.GetRecentMessages (Portfolio Management System)'
2026-07-01 00:38:08.114 +05:30 [INF] Route matched with {action = "GetRecentMessages", controller = "Admin"}. Executing controller action with signature System.Threading.Tasks.Task`1[Microsoft.AspNetCore.Mvc.IActionResult] GetRecentMessages() on controller Portfolio_Management_System.Controllers.AdminController (Portfolio Management System).
2026-07-01 00:38:08.114 +05:30 [INF] Route matched with {action = "GetUnreadMessagesCount", controller = "Admin"}. Executing controller action with signature System.Threading.Tasks.Task`1[Microsoft.AspNetCore.Mvc.IActionResult] GetUnreadMessagesCount() on controller Portfolio_Management_System.Controllers.AdminController (Portfolio Management System).
2026-07-01 00:38:23.068 +05:30 [ERR] Error getting messages
Microsoft.Data.SqlClient.SqlException (0x80131904): A network-related or instance-specific error occurred while establishing a connection to SQL Server. The server was not found or was not accessible. Verify that the instance name is correct and that SQL Server is configured to allow remote connections. (provider: Named Pipes Provider, error: 40 - Could not open a connection to SQL Server)
 ---> System.ComponentModel.Win32Exception (53): The network path was not found.
   at Microsoft.Data.SqlClient.TdsParser.ThrowExceptionAndWarning(TdsParserStateObject stateObj, SqlCommand command, Boolean callerHasConnectionLock, Boolean asyncClose)
   at Microsoft.Data.SqlClient.TdsParser.Connect(ServerInfo serverInfo, SqlInternalConnectionTds connHandler, TimeoutTimer timeout, SqlConnectionString connectionOptions, Boolean withFailover)
   at Microsoft.Data.SqlClient.SqlInternalConnectionTds.AttemptOneLogin(ServerInfo serverInfo, String newPassword, SecureString newSecurePassword, TimeoutTimer timeout, Boolean withFailover)
   at Microsoft.Data.SqlClient.SqlInternalConnectionTds.LoginNoFailover(ServerInfo serverInfo, String newPassword, SecureString newSecurePassword, Boolean redirectedUserInstance, SqlConnectionString connectionOptions, SqlCredential credential, TimeoutTimer timeout)
   at Microsoft.Data.SqlClient.SqlInternalConnectionTds.OpenLoginEnlist(TimeoutTimer timeout, SqlConnectionString connectionOptions, SqlCredential credential, String newPassword, SecureString newSecurePassword, Boolean redirectedUserInstance)
   at Microsoft.Data.SqlClient.SqlInternalConnectionTds..ctor(DbConnectionPoolIdentity identity, SqlConnectionString connectionOptions, SqlCredential credential, Object providerInfo, String newPassword, SecureString newSecurePassword, Boolean redirectedUserInstance, SqlConnectionString userConnectionOptions, SessionData reconnectSessionData, Boolean applyTransientFaultHandling, String accessToken, IDbConnectionPool pool, Func`3 accessTokenCallback)
   at Microsoft.Data.SqlClient.SqlConnectionFactory.CreateConnection(DbConnectionOptions options, DbConnectionPoolKey poolKey, DbConnectionPoolGroupProviderInfo poolGroupProviderInfo, IDbConnectionPool pool, DbConnection owningConnection, DbConnectionOptions userOptions)
   at Microsoft.Data.ProviderBase.DbConnectionFactory.CreatePooledConnection(IDbConnectionPool pool, DbConnection owningObject, DbConnectionOptions options, DbConnectionPoolKey poolKey, DbConnectionOptions userOptions)
   at Microsoft.Data.SqlClient.ConnectionPool.WaitHandleDbConnectionPool.CreateObject(DbConnection owningObject, DbConnectionOptions userOptions, DbConnectionInternal oldConnection)
   at Microsoft.Data.SqlClient.ConnectionPool.WaitHandleDbConnectionPool.UserCreateRequest(DbConnection owningObject, DbConnectionOptions userOptions, DbConnectionInternal oldConnection)
   at Microsoft.Data.SqlClient.ConnectionPool.WaitHandleDbConnectionPool.TryGetConnection(DbConnection owningObject, UInt32 waitForMultipleObjectsTimeout, Boolean allowCreate, Boolean onlyOneCheckConnection, DbConnectionOptions userOptions, DbConnectionInternal& connection)
   at Microsoft.Data.SqlClient.ConnectionPool.WaitHandleDbConnectionPool.WaitForPendingOpen()
--- End of stack trace from previous location ---
   at Portfolio_Management_System.DAL.DbHelper.GetAllMessagesAsync() in C:\Users\ak731\Desktop\DSA\Portfolio Management System\DAL\DbHelper.cs:line 578
ClientConnectionId:00000000-0000-0000-0000-000000000000
Error Number:53,State:0,Class:20
2026-07-01 00:38:23.069 +05:30 [ERR] Error getting messages
Microsoft.Data.SqlClient.SqlException (0x80131904): A network-related or instance-specific error occurred while establishing a connection to SQL Server. The server was not found or was not accessible. Verify that the instance name is correct and that SQL Server is configured to allow remote connections. (provider: Named Pipes Provider, error: 40 - Could not open a connection to SQL Server)
 ---> System.ComponentModel.Win32Exception (53): The network path was not found.
   at Microsoft.Data.SqlClient.ConnectionPool.WaitHandleDbConnectionPool.TryGetConnection(DbConnection owningObject, UInt32 waitForMultipleObjectsTimeout, Boolean allowCreate, Boolean onlyOneCheckConnection, DbConnectionOptions userOptions, DbConnectionInternal& connection)
   at Microsoft.Data.SqlClient.ConnectionPool.WaitHandleDbConnectionPool.WaitForPendingOpen()
--- End of stack trace from previous location ---
   at Portfolio_Management_System.DAL.DbHelper.GetAllMessagesAsync() in C:\Users\ak731\Desktop\DSA\Portfolio Management System\DAL\DbHelper.cs:line 578
ClientConnectionId:00000000-0000-0000-0000-000000000000
Error Number:53,State:0,Class:20
2026-07-01 00:38:23.071 +05:30 [INF] Executing JsonResult, writing value of type 'System.Int32'.
2026-07-01 00:38:23.072 +05:30 [INF] Executing JsonResult, writing value of type 'System.Collections.Generic.List`1[[<>f__AnonymousType18`7[[System.Int32, System.Private.CoreLib, Version=9.0.0.0, Culture=neutral, PublicKeyToken=7cec85d7bea7798e],[System.String, System.Private.CoreLib, Version=9.0.0.0, Culture=neutral, PublicKeyToken=7cec85d7bea7798e],[System.String, System.Private.CoreLib, Version=9.0.0.0, Culture=neutral, PublicKeyToken=7cec85d7bea7798e],[System.String, System.Private.CoreLib, Version=9.0.0.0, Culture=neutral, PublicKeyToken=7cec85d7bea7798e],[System.String, System.Private.CoreLib, Version=9.0.0.0, Culture=neutral, PublicKeyToken=7cec85d7bea7798e],[System.Boolean, System.Private.CoreLib, Version=9.0.0.0, Culture=neutral, PublicKeyToken=7cec85d7bea7798e],[System.DateTime, System.Private.CoreLib, Version=9.0.0.0, Culture=neutral, PublicKeyToken=7cec85d7bea7798e]], Portfolio Management System, Version=1.0.0.0, Culture=neutral, PublicKeyToken=null]]'.
2026-07-01 00:38:23.072 +05:30 [INF] Executed action Portfolio_Management_System.Controllers.AdminController.GetRecentMessages (Portfolio Management System) in 14958.06ms
2026-07-01 00:38:23.072 +05:30 [INF] Executed endpoint 'Portfolio_Management_System.Controllers.AdminController.GetRecentMessages (Portfolio Management System)'
2026-07-01 00:38:23.072 +05:30 [INF] Executed action Portfolio_Management_System.Controllers.AdminController.GetUnreadMessagesCount (Portfolio Management System) in 14958.2809ms
2026-07-01 00:38:23.073 +05:30 [INF] Executed endpoint 'Portfolio_Management_System.Controllers.AdminController.GetUnreadMessagesCount (Portfolio Management System)'
2026-07-01 00:38:23.073 +05:30 [INF] HTTP GET /Admin/GetRecentMessages responded 200 in 14958.9485 ms
2026-07-01 00:38:23.073 +05:30 [INF] Request finished HTTP/2 GET https://localhost:44341/Admin/GetRecentMessages - 200 null application/json; charset=utf-8 14959.9173ms
2026-07-01 00:38:23.073 +05:30 [INF] HTTP GET /Admin/GetUnreadMessagesCount responded 200 in 14959.2919 ms
2026-07-01 00:38:23.082 +05:30 [INF] Request finished HTTP/2 GET https://localhost:44341/Admin/GetUnreadMessagesCount - 200 null application/json; charset=utf-8 14969.1468ms
2026-07-01 00:38:38.654 +05:30 [INF] Request starting HTTP/2 GET https://localhost:44341/Admin/GetRecentMessages - null null
2026-07-01 00:38:38.654 +05:30 [INF] Request starting HTTP/2 GET https://localhost:44341/Admin/GetUnreadMessagesCount - null null
2026-07-01 00:38:38.655 +05:30 [INF] Executing endpoint 'Portfolio_Management_System.Controllers.AdminController.GetUnreadMessagesCount (Portfolio Management System)'
2026-07-01 00:38:38.655 +05:30 [INF] Executing endpoint 'Portfolio_Management_System.Controllers.AdminController.GetRecentMessages (Portfolio Management System)'
2026-07-01 00:38:38.655 +05:30 [INF] Route matched with {action = "GetRecentMessages", controller = "Admin"}. Executing controller action with signature System.Threading.Tasks.Task`1[Microsoft.AspNetCore.Mvc.IActionResult] GetRecentMessages() on controller Portfolio_Management_System.Controllers.AdminController (Portfolio Management System).
2026-07-01 00:38:38.655 +05:30 [INF] Route matched with {action = "GetUnreadMessagesCount", controller = "Admin"}. Executing controller action with signature System.Threading.Tasks.Task`1[Microsoft.AspNetCore.Mvc.IActionResult] GetUnreadMessagesCount() on controller Portfolio_Management_System.Controllers.AdminController (Portfolio Management System).
2026-07-01 00:38:43.548 +05:30 [INF] Executing JsonResult, writing value of type 'System.Int32'.
2026-07-01 00:38:43.549 +05:30 [INF] Executed action Portfolio_Management_System.Controllers.AdminController.GetUnreadMessagesCount (Portfolio Management System) in 4893.3498ms
2026-07-01 00:38:43.549 +05:30 [INF] Executed endpoint 'Portfolio_Management_System.Controllers.AdminController.GetUnreadMessagesCount (Portfolio Management System)'
2026-07-01 00:38:43.549 +05:30 [INF] HTTP GET /Admin/GetUnreadMessagesCount responded 200 in 4894.0624 ms
2026-07-01 00:38:43.549 +05:30 [INF] Request finished HTTP/2 GET https://localhost:44341/Admin/GetUnreadMessagesCount - 200 null application/json; charset=utf-8 4894.4572ms
2026-07-01 00:38:44.317 +05:30 [INF] Executing JsonResult, writing value of type 'System.Collections.Generic.List`1[[<>f__AnonymousType18`7[[System.Int32, System.Private.CoreLib, Version=9.0.0.0, Culture=neutral, PublicKeyToken=7cec85d7bea7798e],[System.String, System.Private.CoreLib, Version=9.0.0.0, Culture=neutral, PublicKeyToken=7cec85d7bea7798e],[System.String, System.Private.CoreLib, Version=9.0.0.0, Culture=neutral, PublicKeyToken=7cec85d7bea7798e],[System.String, System.Private.CoreLib, Version=9.0.0.0, Culture=neutral, PublicKeyToken=7cec85d7bea7798e],[System.String, System.Private.CoreLib, Version=9.0.0.0, Culture=neutral, PublicKeyToken=7cec85d7bea7798e],[System.Boolean, System.Private.CoreLib, Version=9.0.0.0, Culture=neutral, PublicKeyToken=7cec85d7bea7798e],[System.DateTime, System.Private.CoreLib, Version=9.0.0.0, Culture=neutral, PublicKeyToken=7cec85d7bea7798e]], Portfolio Management System, Version=1.0.0.0, Culture=neutral, PublicKeyToken=null]]'.
2026-07-01 00:38:44.318 +05:30 [INF] Executed action Portfolio_Management_System.Controllers.AdminController.GetRecentMessages (Portfolio Management System) in 5663.0593ms
2026-07-01 00:38:44.318 +05:30 [INF] Executed endpoint 'Portfolio_Management_System.Controllers.AdminController.GetRecentMessages (Portfolio Management System)'
2026-07-01 00:38:44.318 +05:30 [INF] HTTP GET /Admin/GetRecentMessages responded 200 in 5663.6351 ms
2026-07-01 00:38:44.318 +05:30 [INF] Request finished HTTP/2 GET https://localhost:44341/Admin/GetRecentMessages - 200 null application/json; charset=utf-8 5664.005ms
2026-07-01 00:39:08.088 +05:30 [INF] Request starting HTTP/2 GET https://localhost:44341/Admin/GetUnreadMessagesCount - null null
2026-07-01 00:39:08.088 +05:30 [INF] Request starting HTTP/2 GET https://localhost:44341/Admin/GetRecentMessages - null null
2026-07-01 00:39:08.089 +05:30 [INF] Executing endpoint 'Portfolio_Management_System.Controllers.AdminController.GetUnreadMessagesCount (Portfolio Management System)'
2026-07-01 00:39:08.089 +05:30 [INF] Route matched with {action = "GetUnreadMessagesCount", controller = "Admin"}. Executing controller action with signature System.Threading.Tasks.Task`1[Microsoft.AspNetCore.Mvc.IActionResult] GetUnreadMessagesCount() on controller Portfolio_Management_System.Controllers.AdminController (Portfolio Management System).
2026-07-01 00:39:08.089 +05:30 [INF] Executing endpoint 'Portfolio_Management_System.Controllers.AdminController.GetRecentMessages (Portfolio Management System)'
2026-07-01 00:39:08.090 +05:30 [INF] Route matched with {action = "GetRecentMessages", controller = "Admin"}. Executing controller action with signature System.Threading.Tasks.Task`1[Microsoft.AspNetCore.Mvc.IActionResult] GetRecentMessages() on controller Portfolio_Management_System.Controllers.AdminController (Portfolio Management System).
2026-07-01 00:39:11.782 +05:30 [INF] Executing JsonResult, writing value of type 'System.Int32'.
2026-07-01 00:39:11.783 +05:30 [INF] Executed action Portfolio_Management_System.Controllers.AdminController.GetUnreadMessagesCount (Portfolio Management System) in 3693.7214ms
2026-07-01 00:39:11.783 +05:30 [INF] Executed endpoint 'Portfolio_Management_System.Controllers.AdminController.GetUnreadMessagesCount (Portfolio Management System)'
2026-07-01 00:39:11.784 +05:30 [INF] HTTP GET /Admin/GetUnreadMessagesCount responded 200 in 3695.5155 ms
2026-07-01 00:39:11.784 +05:30 [INF] Request finished HTTP/2 GET https://localhost:44341/Admin/GetUnreadMessagesCount - 200 null application/json; charset=utf-8 3696.1006ms
2026-07-01 00:39:13.521 +05:30 [INF] Executing JsonResult, writing value of type 'System.Collections.Generic.List`1[[<>f__AnonymousType18`7[[System.Int32, System.Private.CoreLib, Version=9.0.0.0, Culture=neutral, PublicKeyToken=7cec85d7bea7798e],[System.String, System.Private.CoreLib, Version=9.0.0.0, Culture=neutral, PublicKeyToken=7cec85d7bea7798e],[System.String, System.Private.CoreLib, Version=9.0.0.0, Culture=neutral, PublicKeyToken=7cec85d7bea7798e],[System.String, System.Private.CoreLib, Version=9.0.0.0, Culture=neutral, PublicKeyToken=7cec85d7bea7798e],[System.String, System.Private.CoreLib, Version=9.0.0.0, Culture=neutral, PublicKeyToken=7cec85d7bea7798e],[System.Boolean, System.Private.CoreLib, Version=9.0.0.0, Culture=neutral, PublicKeyToken=7cec85d7bea7798e],[System.DateTime, System.Private.CoreLib, Version=9.0.0.0, Culture=neutral, PublicKeyToken=7cec85d7bea7798e]], Portfolio Management System, Version=1.0.0.0, Culture=neutral, PublicKeyToken=null]]'.
2026-07-01 00:39:13.522 +05:30 [INF] Executed action Portfolio_Management_System.Controllers.AdminController.GetRecentMessages (Portfolio Management System) in 5431.5327ms
2026-07-01 00:39:13.523 +05:30 [INF] Executed endpoint 'Portfolio_Management_System.Controllers.AdminController.GetRecentMessages (Portfolio Management System)'
2026-07-01 00:39:13.523 +05:30 [INF] HTTP GET /Admin/GetRecentMessages responded 200 in 5434.1591 ms
2026-07-01 00:39:13.525 +05:30 [INF] Request finished HTTP/2 GET https://localhost:44341/Admin/GetRecentMessages - 200 null application/json; charset=utf-8 5436.9552ms
2026-07-01 00:39:38.080 +05:30 [INF] Request starting HTTP/2 GET https://localhost:44341/Admin/GetRecentMessages - null null
2026-07-01 00:39:38.080 +05:30 [INF] Request starting HTTP/2 GET https://localhost:44341/Admin/GetUnreadMessagesCount - null null
2026-07-01 00:39:38.081 +05:30 [INF] Executing endpoint 'Portfolio_Management_System.Controllers.AdminController.GetUnreadMessagesCount (Portfolio Management System)'
2026-07-01 00:39:38.081 +05:30 [INF] Route matched with {action = "GetUnreadMessagesCount", controller = "Admin"}. Executing controller action with signature System.Threading.Tasks.Task`1[Microsoft.AspNetCore.Mvc.IActionResult] GetUnreadMessagesCount() on controller Portfolio_Management_System.Controllers.AdminController (Portfolio Management System).
2026-07-01 00:39:38.081 +05:30 [INF] Executing endpoint 'Portfolio_Management_System.Controllers.AdminController.GetRecentMessages (Portfolio Management System)'
2026-07-01 00:39:38.081 +05:30 [INF] Route matched with {action = "GetRecentMessages", controller = "Admin"}. Executing controller action with signature System.Threading.Tasks.Task`1[Microsoft.AspNetCore.Mvc.IActionResult] GetRecentMessages() on controller Portfolio_Management_System.Controllers.AdminController (Portfolio Management System).
2026-07-01 00:39:41.448 +05:30 [INF] Executing JsonResult, writing value of type 'System.Int32'.
2026-07-01 00:39:41.450 +05:30 [INF] Executed action Portfolio_Management_System.Controllers.AdminController.GetUnreadMessagesCount (Portfolio Management System) in 3368.5976ms
2026-07-01 00:39:41.451 +05:30 [INF] Executed endpoint 'Portfolio_Management_System.Controllers.AdminController.GetUnreadMessagesCount (Portfolio Management System)'
2026-07-01 00:39:41.452 +05:30 [INF] HTTP GET /Admin/GetUnreadMessagesCount responded 200 in 3370.9889 ms
2026-07-01 00:39:41.452 +05:30 [INF] Request finished HTTP/2 GET https://localhost:44341/Admin/GetUnreadMessagesCount - 200 null application/json; charset=utf-8 3372.3183ms
2026-07-01 00:39:42.811 +05:30 [INF] Executing JsonResult, writing value of type 'System.Collections.Generic.List`1[[<>f__AnonymousType18`7[[System.Int32, System.Private.CoreLib, Version=9.0.0.0, Culture=neutral, PublicKeyToken=7cec85d7bea7798e],[System.String, System.Private.CoreLib, Version=9.0.0.0, Culture=neutral, PublicKeyToken=7cec85d7bea7798e],[System.String, System.Private.CoreLib, Version=9.0.0.0, Culture=neutral, PublicKeyToken=7cec85d7bea7798e],[System.String, System.Private.CoreLib, Version=9.0.0.0, Culture=neutral, PublicKeyToken=7cec85d7bea7798e],[System.String, System.Private.CoreLib, Version=9.0.0.0, Culture=neutral, PublicKeyToken=7cec85d7bea7798e],[System.Boolean, System.Private.CoreLib, Version=9.0.0.0, Culture=neutral, PublicKeyToken=7cec85d7bea7798e],[System.DateTime, System.Private.CoreLib, Version=9.0.0.0, Culture=neutral, PublicKeyToken=7cec85d7bea7798e]], Portfolio Management System, Version=1.0.0.0, Culture=neutral, PublicKeyToken=null]]'.
2026-07-01 00:39:42.812 +05:30 [INF] Executed action Portfolio_Management_System.Controllers.AdminController.GetRecentMessages (Portfolio Management System) in 4730.6336ms
2026-07-01 00:39:42.812 +05:30 [INF] Executed endpoint 'Portfolio_Management_System.Controllers.AdminController.GetRecentMessages (Portfolio Management System)'
2026-07-01 00:39:42.812 +05:30 [INF] HTTP GET /Admin/GetRecentMessages responded 200 in 4731.9648 ms
2026-07-01 00:39:42.813 +05:30 [INF] Request finished HTTP/2 GET https://localhost:44341/Admin/GetRecentMessages - 200 null application/json; charset=utf-8 4732.541ms
2026-07-01 00:40:08.082 +05:30 [INF] Request starting HTTP/2 GET https://localhost:44341/Admin/GetUnreadMessagesCount - null null
2026-07-01 00:40:08.083 +05:30 [INF] Executing endpoint 'Portfolio_Management_System.Controllers.AdminController.GetUnreadMessagesCount (Portfolio Management System)'
2026-07-01 00:40:08.083 +05:30 [INF] Route matched with {action = "GetUnreadMessagesCount", controller = "Admin"}. Executing controller action with signature System.Threading.Tasks.Task`1[Microsoft.AspNetCore.Mvc.IActionResult] GetUnreadMessagesCount() on controller Portfolio_Management_System.Controllers.AdminController (Portfolio Management System).
2026-07-01 00:40:08.083 +05:30 [INF] Request starting HTTP/2 GET https://localhost:44341/Admin/GetRecentMessages - null null
2026-07-01 00:40:08.083 +05:30 [INF] Executing endpoint 'Portfolio_Management_System.Controllers.AdminController.GetRecentMessages (Portfolio Management System)'
2026-07-01 00:40:08.084 +05:30 [INF] Route matched with {action = "GetRecentMessages", controller = "Admin"}. Executing controller action with signature System.Threading.Tasks.Task`1[Microsoft.AspNetCore.Mvc.IActionResult] GetRecentMessages() on controller Portfolio_Management_System.Controllers.AdminController (Portfolio Management System).
2026-07-01 00:40:10.954 +05:30 [INF] Executing JsonResult, writing value of type 'System.Int32'.
2026-07-01 00:40:10.955 +05:30 [INF] Executed action Portfolio_Management_System.Controllers.AdminController.GetUnreadMessagesCount (Portfolio Management System) in 2871.8455ms
2026-07-01 00:40:10.955 +05:30 [INF] Executed endpoint 'Portfolio_Management_System.Controllers.AdminController.GetUnreadMessagesCount (Portfolio Management System)'
2026-07-01 00:40:10.960 +05:30 [INF] HTTP GET /Admin/GetUnreadMessagesCount responded 200 in 2872.6392 ms
2026-07-01 00:40:10.961 +05:30 [INF] Request finished HTTP/2 GET https://localhost:44341/Admin/GetUnreadMessagesCount - 200 null application/json; charset=utf-8 2878.9105ms
2026-07-01 00:40:12.786 +05:30 [INF] Executing JsonResult, writing value of type 'System.Collections.Generic.List`1[[<>f__AnonymousType18`7[[System.Int32, System.Private.CoreLib, Version=9.0.0.0, Culture=neutral, PublicKeyToken=7cec85d7bea7798e],[System.String, System.Private.CoreLib, Version=9.0.0.0, Culture=neutral, PublicKeyToken=7cec85d7bea7798e],[System.String, System.Private.CoreLib, Version=9.0.0.0, Culture=neutral, PublicKeyToken=7cec85d7bea7798e],[System.String, System.Private.CoreLib, Version=9.0.0.0, Culture=neutral, PublicKeyToken=7cec85d7bea7798e],[System.String, System.Private.CoreLib, Version=9.0.0.0, Culture=neutral, PublicKeyToken=7cec85d7bea7798e],[System.Boolean, System.Private.CoreLib, Version=9.0.0.0, Culture=neutral, PublicKeyToken=7cec85d7bea7798e],[System.DateTime, System.Private.CoreLib, Version=9.0.0.0, Culture=neutral, PublicKeyToken=7cec85d7bea7798e]], Portfolio Management System, Version=1.0.0.0, Culture=neutral, PublicKeyToken=null]]'.
2026-07-01 00:40:12.786 +05:30 [INF] Executed action Portfolio_Management_System.Controllers.AdminController.GetRecentMessages (Portfolio Management System) in 4701.5899ms
2026-07-01 00:40:12.786 +05:30 [INF] Executed endpoint 'Portfolio_Management_System.Controllers.AdminController.GetRecentMessages (Portfolio Management System)'
2026-07-01 00:40:12.787 +05:30 [INF] HTTP GET /Admin/GetRecentMessages responded 200 in 4703.4060 ms
2026-07-01 00:40:12.787 +05:30 [INF] Request finished HTTP/2 GET https://localhost:44341/Admin/GetRecentMessages - 200 null application/json; charset=utf-8 4703.8662ms
2026-07-01 00:40:38.140 +05:30 [INF] Request starting HTTP/2 GET https://localhost:44341/Admin/GetUnreadMessagesCount - null null
2026-07-01 00:40:38.140 +05:30 [INF] Request starting HTTP/2 GET https://localhost:44341/Admin/GetRecentMessages - null null
2026-07-01 00:40:38.141 +05:30 [INF] Executing endpoint 'Portfolio_Management_System.Controllers.AdminController.GetRecentMessages (Portfolio Management System)'
2026-07-01 00:40:38.141 +05:30 [INF] Route matched with {action = "GetRecentMessages", controller = "Admin"}. Executing controller action with signature System.Threading.Tasks.Task`1[Microsoft.AspNetCore.Mvc.IActionResult] GetRecentMessages() on controller Portfolio_Management_System.Controllers.AdminController (Portfolio Management System).
2026-07-01 00:40:38.142 +05:30 [INF] Executing endpoint 'Portfolio_Management_System.Controllers.AdminController.GetUnreadMessagesCount (Portfolio Management System)'
2026-07-01 00:40:38.143 +05:30 [INF] Route matched with {action = "GetUnreadMessagesCount", controller = "Admin"}. Executing controller action with signature System.Threading.Tasks.Task`1[Microsoft.AspNetCore.Mvc.IActionResult] GetUnreadMessagesCount() on controller Portfolio_Management_System.Controllers.AdminController (Portfolio Management System).
2026-07-01 00:40:40.141 +05:30 [INF] Executing JsonResult, writing value of type 'System.Collections.Generic.List`1[[<>f__AnonymousType18`7[[System.Int32, System.Private.CoreLib, Version=9.0.0.0, Culture=neutral, PublicKeyToken=7cec85d7bea7798e],[System.String, System.Private.CoreLib, Version=9.0.0.0, Culture=neutral, PublicKeyToken=7cec85d7bea7798e],[System.String, System.Private.CoreLib, Version=9.0.0.0, Culture=neutral, PublicKeyToken=7cec85d7bea7798e],[System.String, System.Private.CoreLib, Version=9.0.0.0, Culture=neutral, PublicKeyToken=7cec85d7bea7798e],[System.String, System.Private.CoreLib, Version=9.0.0.0, Culture=neutral, PublicKeyToken=7cec85d7bea7798e],[System.Boolean, System.Private.CoreLib, Version=9.0.0.0, Culture=neutral, PublicKeyToken=7cec85d7bea7798e],[System.DateTime, System.Private.CoreLib, Version=9.0.0.0, Culture=neutral, PublicKeyToken=7cec85d7bea7798e]], Portfolio Management System, Version=1.0.0.0, Culture=neutral, PublicKeyToken=null]]'.
2026-07-01 00:40:40.143 +05:30 [INF] Executed action Portfolio_Management_System.Controllers.AdminController.GetRecentMessages (Portfolio Management System) in 2001.7158ms
2026-07-01 00:40:40.144 +05:30 [INF] Executed endpoint 'Portfolio_Management_System.Controllers.AdminController.GetRecentMessages (Portfolio Management System)'
2026-07-01 00:40:40.144 +05:30 [INF] HTTP GET /Admin/GetRecentMessages responded 200 in 2003.3723 ms
2026-07-01 00:40:40.144 +05:30 [INF] Request finished HTTP/2 GET https://localhost:44341/Admin/GetRecentMessages - 200 null application/json; charset=utf-8 2004.341ms
2026-07-01 00:40:42.290 +05:30 [INF] Executing JsonResult, writing value of type 'System.Int32'.
2026-07-01 00:40:42.292 +05:30 [INF] Executed action Portfolio_Management_System.Controllers.AdminController.GetUnreadMessagesCount (Portfolio Management System) in 4148.6441ms
2026-07-01 00:40:42.293 +05:30 [INF] Executed endpoint 'Portfolio_Management_System.Controllers.AdminController.GetUnreadMessagesCount (Portfolio Management System)'
2026-07-01 00:40:42.294 +05:30 [INF] HTTP GET /Admin/GetUnreadMessagesCount responded 200 in 4152.3341 ms
2026-07-01 00:40:42.294 +05:30 [INF] Request finished HTTP/2 GET https://localhost:44341/Admin/GetUnreadMessagesCount - 200 null application/json; charset=utf-8 4154.3981ms
2026-07-01 00:41:08.084 +05:30 [INF] Request starting HTTP/2 GET https://localhost:44341/Admin/GetUnreadMessagesCount - null null
2026-07-01 00:41:08.084 +05:30 [INF] Request starting HTTP/2 GET https://localhost:44341/Admin/GetRecentMessages - null null
2026-07-01 00:41:08.085 +05:30 [INF] Executing endpoint 'Portfolio_Management_System.Controllers.AdminController.GetRecentMessages (Portfolio Management System)'
2026-07-01 00:41:08.085 +05:30 [INF] Executing endpoint 'Portfolio_Management_System.Controllers.AdminController.GetUnreadMessagesCount (Portfolio Management System)'
2026-07-01 00:41:08.085 +05:30 [INF] Route matched with {action = "GetUnreadMessagesCount", controller = "Admin"}. Executing controller action with signature System.Threading.Tasks.Task`1[Microsoft.AspNetCore.Mvc.IActionResult] GetUnreadMessagesCount() on controller Portfolio_Management_System.Controllers.AdminController (Portfolio Management System).
2026-07-01 00:41:08.085 +05:30 [INF] Route matched with {action = "GetRecentMessages", controller = "Admin"}. Executing controller action with signature System.Threading.Tasks.Task`1[Microsoft.AspNetCore.Mvc.IActionResult] GetRecentMessages() on controller Portfolio_Management_System.Controllers.AdminController (Portfolio Management System).
2026-07-01 00:41:08.406 +05:30 [INF] Executing JsonResult, writing value of type 'System.Int32'.
2026-07-01 00:41:08.406 +05:30 [INF] Executing JsonResult, writing value of type 'System.Collections.Generic.List`1[[<>f__AnonymousType18`7[[System.Int32, System.Private.CoreLib, Version=9.0.0.0, Culture=neutral, PublicKeyToken=7cec85d7bea7798e],[System.String, System.Private.CoreLib, Version=9.0.0.0, Culture=neutral, PublicKeyToken=7cec85d7bea7798e],[System.String, System.Private.CoreLib, Version=9.0.0.0, Culture=neutral, PublicKeyToken=7cec85d7bea7798e],[System.String, System.Private.CoreLib, Version=9.0.0.0, Culture=neutral, PublicKeyToken=7cec85d7bea7798e],[System.String, System.Private.CoreLib, Version=9.0.0.0, Culture=neutral, PublicKeyToken=7cec85d7bea7798e],[System.Boolean, System.Private.CoreLib, Version=9.0.0.0, Culture=neutral, PublicKeyToken=7cec85d7bea7798e],[System.DateTime, System.Private.CoreLib, Version=9.0.0.0, Culture=neutral, PublicKeyToken=7cec85d7bea7798e]], Portfolio Management System, Version=1.0.0.0, Culture=neutral, PublicKeyToken=null]]'.
2026-07-01 00:41:08.407 +05:30 [INF] Executed action Portfolio_Management_System.Controllers.AdminController.GetUnreadMessagesCount (Portfolio Management System) in 321.5235ms
2026-07-01 00:41:08.407 +05:30 [INF] Executed action Portfolio_Management_System.Controllers.AdminController.GetRecentMessages (Portfolio Management System) in 321.4872ms
2026-07-01 00:41:08.407 +05:30 [INF] Executed endpoint 'Portfolio_Management_System.Controllers.AdminController.GetUnreadMessagesCount (Portfolio Management System)'
2026-07-01 00:41:08.407 +05:30 [INF] HTTP GET /Admin/GetUnreadMessagesCount responded 200 in 322.3802 ms
2026-07-01 00:41:08.407 +05:30 [INF] Request finished HTTP/2 GET https://localhost:44341/Admin/GetUnreadMessagesCount - 200 null application/json; charset=utf-8 322.9236ms
2026-07-01 00:41:08.407 +05:30 [INF] Executed endpoint 'Portfolio_Management_System.Controllers.AdminController.GetRecentMessages (Portfolio Management System)'
2026-07-01 00:41:08.407 +05:30 [INF] HTTP GET /Admin/GetRecentMessages responded 200 in 322.8615 ms
2026-07-01 00:41:08.408 +05:30 [INF] Request finished HTTP/2 GET https://localhost:44341/Admin/GetRecentMessages - 200 null application/json; charset=utf-8 323.3644ms
2026-07-01 00:41:38.081 +05:30 [INF] Request starting HTTP/2 GET https://localhost:44341/Admin/GetUnreadMessagesCount - null null
2026-07-01 00:41:38.081 +05:30 [INF] Executing endpoint 'Portfolio_Management_System.Controllers.AdminController.GetUnreadMessagesCount (Portfolio Management System)'
2026-07-01 00:41:38.081 +05:30 [INF] Route matched with {action = "GetUnreadMessagesCount", controller = "Admin"}. Executing controller action with signature System.Threading.Tasks.Task`1[Microsoft.AspNetCore.Mvc.IActionResult] GetUnreadMessagesCount() on controller Portfolio_Management_System.Controllers.AdminController (Portfolio Management System).
2026-07-01 00:41:38.093 +05:30 [INF] Request starting HTTP/2 GET https://localhost:44341/Admin/GetRecentMessages - null null
2026-07-01 00:41:38.128 +05:30 [INF] Executing endpoint 'Portfolio_Management_System.Controllers.AdminController.GetRecentMessages (Portfolio Management System)'
2026-07-01 00:41:38.128 +05:30 [INF] Route matched with {action = "GetRecentMessages", controller = "Admin"}. Executing controller action with signature System.Threading.Tasks.Task`1[Microsoft.AspNetCore.Mvc.IActionResult] GetRecentMessages() on controller Portfolio_Management_System.Controllers.AdminController (Portfolio Management System).
2026-07-01 00:41:38.405 +05:30 [INF] Executing JsonResult, writing value of type 'System.Int32'.
2026-07-01 00:41:38.406 +05:30 [INF] Executed action Portfolio_Management_System.Controllers.AdminController.GetUnreadMessagesCount (Portfolio Management System) in 324.4422ms
2026-07-01 00:41:38.406 +05:30 [INF] Executed endpoint 'Portfolio_Management_System.Controllers.AdminController.GetUnreadMessagesCount (Portfolio Management System)'
2026-07-01 00:41:38.406 +05:30 [INF] HTTP GET /Admin/GetUnreadMessagesCount responded 200 in 325.0983 ms
2026-07-01 00:41:38.406 +05:30 [INF] Request finished HTTP/2 GET https://localhost:44341/Admin/GetUnreadMessagesCount - 200 null application/json; charset=utf-8 325.7333ms
2026-07-01 00:41:39.324 +05:30 [INF] Executing JsonResult, writing value of type 'System.Collections.Generic.List`1[[<>f__AnonymousType18`7[[System.Int32, System.Private.CoreLib, Version=9.0.0.0, Culture=neutral, PublicKeyToken=7cec85d7bea7798e],[System.String, System.Private.CoreLib, Version=9.0.0.0, Culture=neutral, PublicKeyToken=7cec85d7bea7798e],[System.String, System.Private.CoreLib, Version=9.0.0.0, Culture=neutral, PublicKeyToken=7cec85d7bea7798e],[System.String, System.Private.CoreLib, Version=9.0.0.0, Culture=neutral, PublicKeyToken=7cec85d7bea7798e],[System.String, System.Private.CoreLib, Version=9.0.0.0, Culture=neutral, PublicKeyToken=7cec85d7bea7798e],[System.Boolean, System.Private.CoreLib, Version=9.0.0.0, Culture=neutral, PublicKeyToken=7cec85d7bea7798e],[System.DateTime, System.Private.CoreLib, Version=9.0.0.0, Culture=neutral, PublicKeyToken=7cec85d7bea7798e]], Portfolio Management System, Version=1.0.0.0, Culture=neutral, PublicKeyToken=null]]'.
2026-07-01 00:41:39.324 +05:30 [INF] Executed action Portfolio_Management_System.Controllers.AdminController.GetRecentMessages (Portfolio Management System) in 1195.9008ms
2026-07-01 00:41:39.325 +05:30 [INF] Executed endpoint 'Portfolio_Management_System.Controllers.AdminController.GetRecentMessages (Portfolio Management System)'
2026-07-01 00:41:39.325 +05:30 [INF] HTTP GET /Admin/GetRecentMessages responded 200 in 1196.8944 ms
2026-07-01 00:41:39.325 +05:30 [INF] Request finished HTTP/2 GET https://localhost:44341/Admin/GetRecentMessages - 200 null application/json; charset=utf-8 1232.6751ms
2026-07-01 00:42:08.084 +05:30 [INF] Request starting HTTP/2 GET https://localhost:44341/Admin/GetUnreadMessagesCount - null null
2026-07-01 00:42:08.086 +05:30 [INF] Executing endpoint 'Portfolio_Management_System.Controllers.AdminController.GetUnreadMessagesCount (Portfolio Management System)'
2026-07-01 00:42:08.086 +05:30 [INF] Route matched with {action = "GetUnreadMessagesCount", controller = "Admin"}. Executing controller action with signature System.Threading.Tasks.Task`1[Microsoft.AspNetCore.Mvc.IActionResult] GetUnreadMessagesCount() on controller Portfolio_Management_System.Controllers.AdminController (Portfolio Management System).
2026-07-01 00:42:08.129 +05:30 [INF] Request starting HTTP/2 GET https://localhost:44341/Admin/GetRecentMessages - null null
2026-07-01 00:42:08.156 +05:30 [INF] Executing endpoint 'Portfolio_Management_System.Controllers.AdminController.GetRecentMessages (Portfolio Management System)'
2026-07-01 00:42:08.157 +05:30 [INF] Route matched with {action = "GetRecentMessages", controller = "Admin"}. Executing controller action with signature System.Threading.Tasks.Task`1[Microsoft.AspNetCore.Mvc.IActionResult] GetRecentMessages() on controller Portfolio_Management_System.Controllers.AdminController (Portfolio Management System).
2026-07-01 00:42:08.964 +05:30 [INF] Executing JsonResult, writing value of type 'System.Collections.Generic.List`1[[<>f__AnonymousType18`7[[System.Int32, System.Private.CoreLib, Version=9.0.0.0, Culture=neutral, PublicKeyToken=7cec85d7bea7798e],[System.String, System.Private.CoreLib, Version=9.0.0.0, Culture=neutral, PublicKeyToken=7cec85d7bea7798e],[System.String, System.Private.CoreLib, Version=9.0.0.0, Culture=neutral, PublicKeyToken=7cec85d7bea7798e],[System.String, System.Private.CoreLib, Version=9.0.0.0, Culture=neutral, PublicKeyToken=7cec85d7bea7798e],[System.String, System.Private.CoreLib, Version=9.0.0.0, Culture=neutral, PublicKeyToken=7cec85d7bea7798e],[System.Boolean, System.Private.CoreLib, Version=9.0.0.0, Culture=neutral, PublicKeyToken=7cec85d7bea7798e],[System.DateTime, System.Private.CoreLib, Version=9.0.0.0, Culture=neutral, PublicKeyToken=7cec85d7bea7798e]], Portfolio Management System, Version=1.0.0.0, Culture=neutral, PublicKeyToken=null]]'.
2026-07-01 00:42:08.965 +05:30 [INF] Executed action Portfolio_Management_System.Controllers.AdminController.GetRecentMessages (Portfolio Management System) in 808.6042ms
2026-07-01 00:42:08.966 +05:30 [INF] Executed endpoint 'Portfolio_Management_System.Controllers.AdminController.GetRecentMessages (Portfolio Management System)'
2026-07-01 00:42:08.967 +05:30 [INF] HTTP GET /Admin/GetRecentMessages responded 200 in 837.8187 ms
2026-07-01 00:42:08.968 +05:30 [INF] Request finished HTTP/2 GET https://localhost:44341/Admin/GetRecentMessages - 200 null application/json; charset=utf-8 838.9798ms
2026-07-01 00:42:09.039 +05:30 [INF] Executing JsonResult, writing value of type 'System.Int32'.
2026-07-01 00:42:09.041 +05:30 [INF] Executed action Portfolio_Management_System.Controllers.AdminController.GetUnreadMessagesCount (Portfolio Management System) in 954.0398ms
2026-07-01 00:42:09.041 +05:30 [INF] Executed endpoint 'Portfolio_Management_System.Controllers.AdminController.GetUnreadMessagesCount (Portfolio Management System)'
2026-07-01 00:42:09.041 +05:30 [INF] HTTP GET /Admin/GetUnreadMessagesCount responded 200 in 955.2014 ms
2026-07-01 00:42:09.043 +05:30 [INF] Request finished HTTP/2 GET https://localhost:44341/Admin/GetUnreadMessagesCount - 200 null application/json; charset=utf-8 958.2637ms
2026-07-01 00:42:38.087 +05:30 [INF] Request starting HTTP/2 GET https://localhost:44341/Admin/GetUnreadMessagesCount - null null
2026-07-01 00:42:38.087 +05:30 [INF] Request starting HTTP/2 GET https://localhost:44341/Admin/GetRecentMessages - null null
2026-07-01 00:42:38.088 +05:30 [INF] Executing endpoint 'Portfolio_Management_System.Controllers.AdminController.GetRecentMessages (Portfolio Management System)'
2026-07-01 00:42:38.088 +05:30 [INF] Executing endpoint 'Portfolio_Management_System.Controllers.AdminController.GetUnreadMessagesCount (Portfolio Management System)'
2026-07-01 00:42:38.088 +05:30 [INF] Route matched with {action = "GetRecentMessages", controller = "Admin"}. Executing controller action with signature System.Threading.Tasks.Task`1[Microsoft.AspNetCore.Mvc.IActionResult] GetRecentMessages() on controller Portfolio_Management_System.Controllers.AdminController (Portfolio Management System).
2026-07-01 00:42:38.088 +05:30 [INF] Route matched with {action = "GetUnreadMessagesCount", controller = "Admin"}. Executing controller action with signature System.Threading.Tasks.Task`1[Microsoft.AspNetCore.Mvc.IActionResult] GetUnreadMessagesCount() on controller Portfolio_Management_System.Controllers.AdminController (Portfolio Management System).
2026-07-01 00:42:39.046 +05:30 [INF] Executing JsonResult, writing value of type 'System.Collections.Generic.List`1[[<>f__AnonymousType18`7[[System.Int32, System.Private.CoreLib, Version=9.0.0.0, Culture=neutral, PublicKeyToken=7cec85d7bea7798e],[System.String, System.Private.CoreLib, Version=9.0.0.0, Culture=neutral, PublicKeyToken=7cec85d7bea7798e],[System.String, System.Private.CoreLib, Version=9.0.0.0, Culture=neutral, PublicKeyToken=7cec85d7bea7798e],[System.String, System.Private.CoreLib, Version=9.0.0.0, Culture=neutral, PublicKeyToken=7cec85d7bea7798e],[System.String, System.Private.CoreLib, Version=9.0.0.0, Culture=neutral, PublicKeyToken=7cec85d7bea7798e],[System.Boolean, System.Private.CoreLib, Version=9.0.0.0, Culture=neutral, PublicKeyToken=7cec85d7bea7798e],[System.DateTime, System.Private.CoreLib, Version=9.0.0.0, Culture=neutral, PublicKeyToken=7cec85d7bea7798e]], Portfolio Management System, Version=1.0.0.0, Culture=neutral, PublicKeyToken=null]]'.
2026-07-01 00:42:39.047 +05:30 [INF] Executed action Portfolio_Management_System.Controllers.AdminController.GetRecentMessages (Portfolio Management System) in 958.6016ms
2026-07-01 00:42:39.047 +05:30 [INF] Executed endpoint 'Portfolio_Management_System.Controllers.AdminController.GetRecentMessages (Portfolio Management System)'
2026-07-01 00:42:39.047 +05:30 [INF] HTTP GET /Admin/GetRecentMessages responded 200 in 959.8919 ms
2026-07-01 00:42:39.048 +05:30 [INF] Request finished HTTP/2 GET https://localhost:44341/Admin/GetRecentMessages - 200 null application/json; charset=utf-8 960.5057ms
2026-07-01 00:42:39.537 +05:30 [INF] Executing JsonResult, writing value of type 'System.Int32'.
2026-07-01 00:42:39.539 +05:30 [INF] Executed action Portfolio_Management_System.Controllers.AdminController.GetUnreadMessagesCount (Portfolio Management System) in 1451.2261ms
2026-07-01 00:42:39.540 +05:30 [INF] Executed endpoint 'Portfolio_Management_System.Controllers.AdminController.GetUnreadMessagesCount (Portfolio Management System)'
2026-07-01 00:42:39.540 +05:30 [INF] HTTP GET /Admin/GetUnreadMessagesCount responded 200 in 1452.7263 ms
2026-07-01 00:42:39.541 +05:30 [INF] Request finished HTTP/2 GET https://localhost:44341/Admin/GetUnreadMessagesCount - 200 null application/json; charset=utf-8 1454.0535ms
2026-07-01 00:43:08.081 +05:30 [INF] Request starting HTTP/2 GET https://localhost:44341/Admin/GetUnreadMessagesCount - null null
2026-07-01 00:43:08.081 +05:30 [INF] Request starting HTTP/2 GET https://localhost:44341/Admin/GetRecentMessages - null null
2026-07-01 00:43:08.082 +05:30 [INF] Executing endpoint 'Portfolio_Management_System.Controllers.AdminController.GetRecentMessages (Portfolio Management System)'
2026-07-01 00:43:08.082 +05:30 [INF] Executing endpoint 'Portfolio_Management_System.Controllers.AdminController.GetUnreadMessagesCount (Portfolio Management System)'
2026-07-01 00:43:08.082 +05:30 [INF] Route matched with {action = "GetRecentMessages", controller = "Admin"}. Executing controller action with signature System.Threading.Tasks.Task`1[Microsoft.AspNetCore.Mvc.IActionResult] GetRecentMessages() on controller Portfolio_Management_System.Controllers.AdminController (Portfolio Management System).
2026-07-01 00:43:08.083 +05:30 [INF] Route matched with {action = "GetUnreadMessagesCount", controller = "Admin"}. Executing controller action with signature System.Threading.Tasks.Task`1[Microsoft.AspNetCore.Mvc.IActionResult] GetUnreadMessagesCount() on controller Portfolio_Management_System.Controllers.AdminController (Portfolio Management System).
2026-07-01 00:43:08.495 +05:30 [INF] Executing JsonResult, writing value of type 'System.Int32'.
2026-07-01 00:43:08.497 +05:30 [INF] Executed action Portfolio_Management_System.Controllers.AdminController.GetUnreadMessagesCount (Portfolio Management System) in 413.8964ms
2026-07-01 00:43:08.497 +05:30 [INF] Executed endpoint 'Portfolio_Management_System.Controllers.AdminController.GetUnreadMessagesCount (Portfolio Management System)'
2026-07-01 00:43:08.497 +05:30 [INF] HTTP GET /Admin/GetUnreadMessagesCount responded 200 in 415.1524 ms
2026-07-01 00:43:08.497 +05:30 [INF] Request finished HTTP/2 GET https://localhost:44341/Admin/GetUnreadMessagesCount - 200 null application/json; charset=utf-8 415.9587ms
2026-07-01 00:43:08.497 +05:30 [INF] Executing JsonResult, writing value of type 'System.Collections.Generic.List`1[[<>f__AnonymousType18`7[[System.Int32, System.Private.CoreLib, Version=9.0.0.0, Culture=neutral, PublicKeyToken=7cec85d7bea7798e],[System.String, System.Private.CoreLib, Version=9.0.0.0, Culture=neutral, PublicKeyToken=7cec85d7bea7798e],[System.String, System.Private.CoreLib, Version=9.0.0.0, Culture=neutral, PublicKeyToken=7cec85d7bea7798e],[System.String, System.Private.CoreLib, Version=9.0.0.0, Culture=neutral, PublicKeyToken=7cec85d7bea7798e],[System.String, System.Private.CoreLib, Version=9.0.0.0, Culture=neutral, PublicKeyToken=7cec85d7bea7798e],[System.Boolean, System.Private.CoreLib, Version=9.0.0.0, Culture=neutral, PublicKeyToken=7cec85d7bea7798e],[System.DateTime, System.Private.CoreLib, Version=9.0.0.0, Culture=neutral, PublicKeyToken=7cec85d7bea7798e]], Portfolio Management System, Version=1.0.0.0, Culture=neutral, PublicKeyToken=null]]'.
2026-07-01 00:43:08.498 +05:30 [INF] Executed action Portfolio_Management_System.Controllers.AdminController.GetRecentMessages (Portfolio Management System) in 415.3781ms
2026-07-01 00:43:08.498 +05:30 [INF] Executed endpoint 'Portfolio_Management_System.Controllers.AdminController.GetRecentMessages (Portfolio Management System)'
2026-07-01 00:43:08.498 +05:30 [INF] HTTP GET /Admin/GetRecentMessages responded 200 in 416.5501 ms
2026-07-01 00:43:08.510 +05:30 [INF] Request finished HTTP/2 GET https://localhost:44341/Admin/GetRecentMessages - 200 null application/json; charset=utf-8 428.5033ms
2026-07-01 00:43:38.342 +05:30 [INF] Request starting HTTP/2 GET https://localhost:44341/Admin/GetUnreadMessagesCount - null null
2026-07-01 00:43:38.342 +05:30 [INF] Executing endpoint 'Portfolio_Management_System.Controllers.AdminController.GetUnreadMessagesCount (Portfolio Management System)'
2026-07-01 00:43:38.343 +05:30 [INF] Route matched with {action = "GetUnreadMessagesCount", controller = "Admin"}. Executing controller action with signature System.Threading.Tasks.Task`1[Microsoft.AspNetCore.Mvc.IActionResult] GetUnreadMessagesCount() on controller Portfolio_Management_System.Controllers.AdminController (Portfolio Management System).
2026-07-01 00:43:38.443 +05:30 [INF] Request starting HTTP/2 GET https://localhost:44341/Admin/GetRecentMessages - null null
2026-07-01 00:43:38.457 +05:30 [INF] Executing endpoint 'Portfolio_Management_System.Controllers.AdminController.GetRecentMessages (Portfolio Management System)'
2026-07-01 00:43:38.457 +05:30 [INF] Route matched with {action = "GetRecentMessages", controller = "Admin"}. Executing controller action with signature System.Threading.Tasks.Task`1[Microsoft.AspNetCore.Mvc.IActionResult] GetRecentMessages() on controller Portfolio_Management_System.Controllers.AdminController (Portfolio Management System).
2026-07-01 00:43:39.979 +05:30 [INF] Executing JsonResult, writing value of type 'System.Int32'.
2026-07-01 00:43:39.987 +05:30 [INF] Executed action Portfolio_Management_System.Controllers.AdminController.GetUnreadMessagesCount (Portfolio Management System) in 1644.0738ms
2026-07-01 00:43:39.987 +05:30 [INF] Executed endpoint 'Portfolio_Management_System.Controllers.AdminController.GetUnreadMessagesCount (Portfolio Management System)'
2026-07-01 00:43:39.987 +05:30 [INF] HTTP GET /Admin/GetUnreadMessagesCount responded 200 in 1644.7639 ms
2026-07-01 00:43:39.987 +05:30 [INF] Request finished HTTP/2 GET https://localhost:44341/Admin/GetUnreadMessagesCount - 200 null application/json; charset=utf-8 1645.1749ms
2026-07-01 00:43:41.712 +05:30 [INF] Executing JsonResult, writing value of type 'System.Collections.Generic.List`1[[<>f__AnonymousType18`7[[System.Int32, System.Private.CoreLib, Version=9.0.0.0, Culture=neutral, PublicKeyToken=7cec85d7bea7798e],[System.String, System.Private.CoreLib, Version=9.0.0.0, Culture=neutral, PublicKeyToken=7cec85d7bea7798e],[System.String, System.Private.CoreLib, Version=9.0.0.0, Culture=neutral, PublicKeyToken=7cec85d7bea7798e],[System.String, System.Private.CoreLib, Version=9.0.0.0, Culture=neutral, PublicKeyToken=7cec85d7bea7798e],[System.String, System.Private.CoreLib, Version=9.0.0.0, Culture=neutral, PublicKeyToken=7cec85d7bea7798e],[System.Boolean, System.Private.CoreLib, Version=9.0.0.0, Culture=neutral, PublicKeyToken=7cec85d7bea7798e],[System.DateTime, System.Private.CoreLib, Version=9.0.0.0, Culture=neutral, PublicKeyToken=7cec85d7bea7798e]], Portfolio Management System, Version=1.0.0.0, Culture=neutral, PublicKeyToken=null]]'.
2026-07-01 00:43:41.715 +05:30 [INF] Executed action Portfolio_Management_System.Controllers.AdminController.GetRecentMessages (Portfolio Management System) in 3257.1668ms
2026-07-01 00:43:41.728 +05:30 [INF] Executed endpoint 'Portfolio_Management_System.Controllers.AdminController.GetRecentMessages (Portfolio Management System)'
2026-07-01 00:43:41.729 +05:30 [INF] HTTP GET /Admin/GetRecentMessages responded 200 in 3272.2377 ms
2026-07-01 00:43:41.730 +05:30 [INF] Request finished HTTP/2 GET https://localhost:44341/Admin/GetRecentMessages - 200 null application/json; charset=utf-8 3286.8241ms
2026-07-01 00:44:08.078 +05:30 [INF] Request starting HTTP/2 GET https://localhost:44341/Admin/GetUnreadMessagesCount - null null
2026-07-01 00:44:08.078 +05:30 [INF] Request starting HTTP/2 GET https://localhost:44341/Admin/GetRecentMessages - null null
2026-07-01 00:44:08.079 +05:30 [INF] Executing endpoint 'Portfolio_Management_System.Controllers.AdminController.GetRecentMessages (Portfolio Management System)'
2026-07-01 00:44:08.079 +05:30 [INF] Route matched with {action = "GetRecentMessages", controller = "Admin"}. Executing controller action with signature System.Threading.Tasks.Task`1[Microsoft.AspNetCore.Mvc.IActionResult] GetRecentMessages() on controller Portfolio_Management_System.Controllers.AdminController (Portfolio Management System).
2026-07-01 00:44:08.080 +05:30 [INF] Executing endpoint 'Portfolio_Management_System.Controllers.AdminController.GetUnreadMessagesCount (Portfolio Management System)'
2026-07-01 00:44:08.080 +05:30 [INF] Route matched with {action = "GetUnreadMessagesCount", controller = "Admin"}. Executing controller action with signature System.Threading.Tasks.Task`1[Microsoft.AspNetCore.Mvc.IActionResult] GetUnreadMessagesCount() on controller Portfolio_Management_System.Controllers.AdminController (Portfolio Management System).
2026-07-01 00:44:08.591 +05:30 [INF] Executing JsonResult, writing value of type 'System.Collections.Generic.List`1[[<>f__AnonymousType18`7[[System.Int32, System.Private.CoreLib, Version=9.0.0.0, Culture=neutral, PublicKeyToken=7cec85d7bea7798e],[System.String, System.Private.CoreLib, Version=9.0.0.0, Culture=neutral, PublicKeyToken=7cec85d7bea7798e],[System.String, System.Private.CoreLib, Version=9.0.0.0, Culture=neutral, PublicKeyToken=7cec85d7bea7798e],[System.String, System.Private.CoreLib, Version=9.0.0.0, Culture=neutral, PublicKeyToken=7cec85d7bea7798e],[System.String, System.Private.CoreLib, Version=9.0.0.0, Culture=neutral, PublicKeyToken=7cec85d7bea7798e],[System.Boolean, System.Private.CoreLib, Version=9.0.0.0, Culture=neutral, PublicKeyToken=7cec85d7bea7798e],[System.DateTime, System.Private.CoreLib, Version=9.0.0.0, Culture=neutral, PublicKeyToken=7cec85d7bea7798e]], Portfolio Management System, Version=1.0.0.0, Culture=neutral, PublicKeyToken=null]]'.
2026-07-01 00:44:08.591 +05:30 [INF] Executing JsonResult, writing value of type 'System.Int32'.
2026-07-01 00:44:08.592 +05:30 [INF] Executed action Portfolio_Management_System.Controllers.AdminController.GetUnreadMessagesCount (Portfolio Management System) in 511.1099ms
2026-07-01 00:44:08.592 +05:30 [INF] Executed endpoint 'Portfolio_Management_System.Controllers.AdminController.GetUnreadMessagesCount (Portfolio Management System)'
2026-07-01 00:44:08.592 +05:30 [INF] HTTP GET /Admin/GetUnreadMessagesCount responded 200 in 512.2376 ms
2026-07-01 00:44:08.593 +05:30 [INF] Request finished HTTP/2 GET https://localhost:44341/Admin/GetUnreadMessagesCount - 200 null application/json; charset=utf-8 514.9765ms
2026-07-01 00:44:08.598 +05:30 [INF] Executed action Portfolio_Management_System.Controllers.AdminController.GetRecentMessages (Portfolio Management System) in 519.5187ms
2026-07-01 00:44:08.600 +05:30 [INF] Executed endpoint 'Portfolio_Management_System.Controllers.AdminController.GetRecentMessages (Portfolio Management System)'
2026-07-01 00:44:08.600 +05:30 [INF] HTTP GET /Admin/GetRecentMessages responded 200 in 521.8063 ms
2026-07-01 00:44:08.601 +05:30 [INF] Request finished HTTP/2 GET https://localhost:44341/Admin/GetRecentMessages - 200 null application/json; charset=utf-8 522.8632ms
2026-07-01 00:44:38.091 +05:30 [INF] Request starting HTTP/2 GET https://localhost:44341/Admin/GetRecentMessages - null null
2026-07-01 00:44:38.091 +05:30 [INF] Request starting HTTP/2 GET https://localhost:44341/Admin/GetUnreadMessagesCount - null null
2026-07-01 00:44:38.091 +05:30 [INF] Executing endpoint 'Portfolio_Management_System.Controllers.AdminController.GetUnreadMessagesCount (Portfolio Management System)'
2026-07-01 00:44:38.092 +05:30 [INF] Route matched with {action = "GetUnreadMessagesCount", controller = "Admin"}. Executing controller action with signature System.Threading.Tasks.Task`1[Microsoft.AspNetCore.Mvc.IActionResult] GetUnreadMessagesCount() on controller Portfolio_Management_System.Controllers.AdminController (Portfolio Management System).
2026-07-01 00:44:38.092 +05:30 [INF] Executing endpoint 'Portfolio_Management_System.Controllers.AdminController.GetRecentMessages (Portfolio Management System)'
2026-07-01 00:44:38.092 +05:30 [INF] Route matched with {action = "GetRecentMessages", controller = "Admin"}. Executing controller action with signature System.Threading.Tasks.Task`1[Microsoft.AspNetCore.Mvc.IActionResult] GetRecentMessages() on controller Portfolio_Management_System.Controllers.AdminController (Portfolio Management System).
2026-07-01 00:44:39.139 +05:30 [INF] Executing JsonResult, writing value of type 'System.Int32'.
2026-07-01 00:44:39.139 +05:30 [INF] Executing JsonResult, writing value of type 'System.Collections.Generic.List`1[[<>f__AnonymousType18`7[[System.Int32, System.Private.CoreLib, Version=9.0.0.0, Culture=neutral, PublicKeyToken=7cec85d7bea7798e],[System.String, System.Private.CoreLib, Version=9.0.0.0, Culture=neutral, PublicKeyToken=7cec85d7bea7798e],[System.String, System.Private.CoreLib, Version=9.0.0.0, Culture=neutral, PublicKeyToken=7cec85d7bea7798e],[System.String, System.Private.CoreLib, Version=9.0.0.0, Culture=neutral, PublicKeyToken=7cec85d7bea7798e],[System.String, System.Private.CoreLib, Version=9.0.0.0, Culture=neutral, PublicKeyToken=7cec85d7bea7798e],[System.Boolean, System.Private.CoreLib, Version=9.0.0.0, Culture=neutral, PublicKeyToken=7cec85d7bea7798e],[System.DateTime, System.Private.CoreLib, Version=9.0.0.0, Culture=neutral, PublicKeyToken=7cec85d7bea7798e]], Portfolio Management System, Version=1.0.0.0, Culture=neutral, PublicKeyToken=null]]'.
2026-07-01 00:44:39.140 +05:30 [INF] Executed action Portfolio_Management_System.Controllers.AdminController.GetRecentMessages (Portfolio Management System) in 1047.4283ms
2026-07-01 00:44:39.140 +05:30 [INF] Executed endpoint 'Portfolio_Management_System.Controllers.AdminController.GetRecentMessages (Portfolio Management System)'
2026-07-01 00:44:39.140 +05:30 [INF] HTTP GET /Admin/GetRecentMessages responded 200 in 1048.9834 ms
2026-07-01 00:44:39.140 +05:30 [INF] Executed action Portfolio_Management_System.Controllers.AdminController.GetUnreadMessagesCount (Portfolio Management System) in 1048.3272ms
2026-07-01 00:44:39.140 +05:30 [INF] Request finished HTTP/2 GET https://localhost:44341/Admin/GetRecentMessages - 200 null application/json; charset=utf-8 1049.4887ms
2026-07-01 00:44:39.140 +05:30 [INF] Executed endpoint 'Portfolio_Management_System.Controllers.AdminController.GetUnreadMessagesCount (Portfolio Management System)'
2026-07-01 00:44:39.141 +05:30 [INF] HTTP GET /Admin/GetUnreadMessagesCount responded 200 in 1049.3646 ms
2026-07-01 00:44:39.141 +05:30 [INF] Request finished HTTP/2 GET https://localhost:44341/Admin/GetUnreadMessagesCount - 200 null application/json; charset=utf-8 1050.3329ms
2026-07-01 00:49:52.242 +05:30 [WRN] JWT SecretKey missing in configuration. JWT Auth not configured.
2026-07-01 00:51:57.310 +05:30 [INF] Executed DbCommand (5,332ms) [Parameters=[], CommandType='"Text"', CommandTimeout='30']
SELECT 1
2026-07-01 00:52:27.249 +05:30 [INF] Acquiring an exclusive lock for migration application. See https://aka.ms/efcore-docs-migrations-lock for more information if this takes too long.
2026-07-01 00:52:33.781 +05:30 [INF] Executed DbCommand (1,507ms) [Parameters=[], CommandType='"Text"', CommandTimeout='30']
DECLARE @result int;
EXEC @result = sp_getapplock @Resource = '__EFMigrationsLock', @LockOwner = 'Session', @LockMode = 'Exclusive';
SELECT @result
2026-07-01 00:54:24.397 +05:30 [INF] Executed DbCommand (543ms) [Parameters=[], CommandType='"Text"', CommandTimeout='30']
IF OBJECT_ID(N'[__EFMigrationsHistory]') IS NULL
BEGIN
    CREATE TABLE [__EFMigrationsHistory] (
        [MigrationId] nvarchar(150) NOT NULL,
        [ProductVersion] nvarchar(32) NOT NULL,
        CONSTRAINT [PK___EFMigrationsHistory] PRIMARY KEY ([MigrationId])
    );
END;
2026-07-01 00:54:31.230 +05:30 [INF] Executed DbCommand (229ms) [Parameters=[], CommandType='"Text"', CommandTimeout='30']
SELECT 1
2026-07-01 00:54:33.065 +05:30 [INF] Executed DbCommand (1,298ms) [Parameters=[], CommandType='"Text"', CommandTimeout='30']
SELECT OBJECT_ID(N'[__EFMigrationsHistory]');
2026-07-01 00:54:33.619 +05:30 [INF] Executed DbCommand (327ms) [Parameters=[], CommandType='"Text"', CommandTimeout='30']
SELECT [MigrationId], [ProductVersion]
FROM [__EFMigrationsHistory]
ORDER BY [MigrationId];
2026-07-01 00:54:34.274 +05:30 [INF] No migrations were applied. The database is already up to date.
2026-07-01 00:54:36.241 +05:30 [INF] Executed DbCommand (409ms) [Parameters=[], CommandType='"Text"', CommandTimeout='30']
DECLARE @result int;
EXEC @result = sp_releaseapplock @Resource = '__EFMigrationsLock', @LockOwner = 'Session';
SELECT @result
2026-07-01 00:54:50.535 +05:30 [INF] Using uvicorn executable: "C:\Users\ak731\Desktop\DSA\Portfolio Management System\venv\Scripts\uvicorn.exe"
2026-07-01 00:54:51.979 +05:30 [INF] Started Python AI Server automatically at C:\Users\ak731\Desktop\DSA\Portfolio Management System\AutoTube\AutoTube.AI (using venv if available).
2026-07-01 20:55:47.148 +05:30 [WRN] Python AI Server started but health check timed out. It may still be loading.
2026-07-01 20:55:47.431 +05:30 [INF] Unified API starting on Development
2026-07-01 20:55:53.599 +05:30 [INF] User profile is available. Using 'C:\Users\ak731\AppData\Local\ASP.NET\DataProtection-Keys' as key repository and Windows DPAPI to encrypt keys at rest.
2026-07-01 20:55:56.222 +05:30 [INF] Gallery Auto-Uploader Background Service started.
2026-07-01 20:55:56.279 +05:30 [INF] Daily YouTube Video Generator & Uploader Service started.
2026-07-01 20:55:56.348 +05:30 [INF] Starting daily video generation...
2026-07-01 20:55:56.616 +05:30 [INF] Using FFmpeg at: C:\Users\ak731\Desktop\DSA\Portfolio Management System\ffmpeg\bin\ffmpeg.exe
2026-07-01 20:55:57.301 +05:30 [INF] Start processing HTTP request GET https://images.unsplash.com/photo-1542831371-29b0f74f9713?*
2026-07-01 20:55:57.317 +05:30 [INF] Start processing HTTP request GET https://www.youtube.com/@CodeCrafters42
2026-07-01 20:55:57.714 +05:30 [INF] Sending HTTP request GET https://www.youtube.com/@CodeCrafters42
2026-07-01 20:55:57.714 +05:30 [INF] Sending HTTP request GET https://images.unsplash.com/photo-1542831371-29b0f74f9713?*
2026-07-01 20:56:06.897 +05:30 [INF] AutoTube Video Automation Background Scheduler started. Scheduled for 9:00 AM daily.
2026-07-01 20:56:06.898 +05:30 [INF] Next video generation cycle scheduled at "2026-07-02T09:00:00.0000000" (in 12.06 hours).
2026-07-01 20:56:15.091 +05:30 [WRN] Unsplash download failed (The request was canceled due to the configured HttpClient.Timeout of 10 seconds elapsing.). Generating local placeholder.
2026-07-01 20:56:22.671 +05:30 [INF] Received HTTP response headers after 24918.2431ms - 404
2026-07-01 20:56:22.683 +05:30 [INF] End processing HTTP request after 25697.2067ms - 404
2026-07-01 20:56:23.112 +05:30 [INF] Generated local placeholder image for video frame.
2026-07-01 20:56:30.053 +05:30 [INF] Request starting HTTP/2 GET https://localhost:44341/ - null null
2026-07-01 20:56:30.059 +05:30 [INF] Request starting HTTP/2 GET https://localhost:44341/ - null null
2026-07-01 20:56:32.930 +05:30 [INF] Application started. Press Ctrl+C to shut down.
2026-07-01 20:56:32.931 +05:30 [INF] Hosting environment: Development
2026-07-01 20:56:32.931 +05:30 [INF] Content root path: C:\Users\ak731\Desktop\DSA\Portfolio Management System
2026-07-01 20:56:32.933 +05:30 [INF] Executing endpoint 'Portfolio_Management_System.Controllers.HomeController.Index (Portfolio Management System)'
2026-07-01 20:56:32.942 +05:30 [INF] Executing endpoint 'Portfolio_Management_System.Controllers.HomeController.Index (Portfolio Management System)'
2026-07-01 20:56:33.213 +05:30 [INF] Route matched with {action = "Index", controller = "Home"}. Executing controller action with signature System.Threading.Tasks.Task`1[Microsoft.AspNetCore.Mvc.IActionResult] Index() on controller Portfolio_Management_System.Controllers.HomeController (Portfolio Management System).
2026-07-01 20:56:33.229 +05:30 [INF] Route matched with {action = "Index", controller = "Home"}. Executing controller action with signature System.Threading.Tasks.Task`1[Microsoft.AspNetCore.Mvc.IActionResult] Index() on controller Portfolio_Management_System.Controllers.HomeController (Portfolio Management System).
2026-07-01 20:56:37.188 +05:30 [INF] Executing ViewResult, running view Index.
2026-07-01 20:56:37.188 +05:30 [INF] Executing ViewResult, running view Index.
2026-07-01 20:56:40.555 +05:30 [INF] Executed ViewResult - view Index executed in 3467.2147ms.
2026-07-01 20:56:40.604 +05:30 [INF] Executed ViewResult - view Index executed in 3441.3067ms.
2026-07-01 20:56:40.652 +05:30 [INF] Executed action Portfolio_Management_System.Controllers.HomeController.Index (Portfolio Management System) in 7421.5665ms
2026-07-01 20:56:40.652 +05:30 [INF] Executed action Portfolio_Management_System.Controllers.HomeController.Index (Portfolio Management System) in 7422.9827ms
2026-07-01 20:56:40.681 +05:30 [INF] Executed endpoint 'Portfolio_Management_System.Controllers.HomeController.Index (Portfolio Management System)'
2026-07-01 20:56:40.755 +05:30 [INF] Executed endpoint 'Portfolio_Management_System.Controllers.HomeController.Index (Portfolio Management System)'
2026-07-01 20:56:41.026 +05:30 [INF] HTTP GET / responded 200 in 10050.0496 ms
2026-07-01 20:56:41.065 +05:30 [INF] HTTP GET / responded 200 in 10112.0918 ms
2026-07-01 20:56:41.981 +05:30 [INF] Request starting HTTP/2 GET https://localhost:44341/images/ajay-avatar.png - null null
2026-07-01 20:56:41.985 +05:30 [INF] Request starting HTTP/2 GET https://localhost:44341/_vs/browserLink - null null
2026-07-01 20:56:41.987 +05:30 [INF] Request finished HTTP/2 GET https://localhost:44341/ - 200 null text/html; charset=utf-8 12013.6815ms
2026-07-01 20:56:41.989 +05:30 [INF] Request starting HTTP/2 GET https://localhost:44341/_framework/aspnetcore-browser-refresh.js - null null
2026-07-01 20:56:41.992 +05:30 [INF] Request finished HTTP/2 GET https://localhost:44341/ - 200 null text/html; charset=utf-8 12018.7507ms
2026-07-01 20:56:42.332 +05:30 [INF] Request starting HTTP/2 GET https://localhost:44341/css/site.css?v=G6NZQlH0naBPIYda1dk-afnGAQp_KkMKlLmwGFTuoT4 - null null
2026-07-01 20:56:42.442 +05:30 [INF] Request finished HTTP/2 GET https://localhost:44341/_framework/aspnetcore-browser-refresh.js - 200 16539 application/javascript; charset=utf-8 429.8191ms
2026-07-01 20:56:42.512 +05:30 [INF] The file /images/ajay-avatar.png was not modified
2026-07-01 20:56:42.512 +05:30 [INF] The file /css/site.css was not modified
2026-07-01 20:56:42.529 +05:30 [INF] HTTP GET /css/site.css responded 304 in 196.2362 ms
2026-07-01 20:56:42.529 +05:30 [INF] HTTP GET /images/ajay-avatar.png responded 304 in 547.9034 ms
2026-07-01 20:56:42.542 +05:30 [INF] Request finished HTTP/2 GET https://localhost:44341/css/site.css?v=G6NZQlH0naBPIYda1dk-afnGAQp_KkMKlLmwGFTuoT4 - 304 null text/css 210.2859ms
2026-07-01 20:56:42.542 +05:30 [INF] Request finished HTTP/2 GET https://localhost:44341/images/ajay-avatar.png - 304 null image/png 561.7531ms
2026-07-01 20:56:43.554 +05:30 [INF] Request finished HTTP/2 GET https://localhost:44341/_vs/browserLink - 200 null text/javascript; charset=UTF-8 1416.4669ms
2026-07-01 20:56:53.514 +05:30 [INF] Video file generated at: C:\Users\ak731\Desktop\DSA\Portfolio Management System\wwwroot\uploads\generated_video.mp4. Starting upload to YouTube...
2026-07-01 20:56:53.582 +05:30 [INF] Start processing HTTP request POST https://oauth2.googleapis.com/token
2026-07-01 20:56:53.587 +05:30 [INF] Sending HTTP request POST https://oauth2.googleapis.com/token
2026-07-01 20:56:54.045 +05:30 [INF] Received HTTP response headers after 448.7662ms - 200
2026-07-01 20:56:54.045 +05:30 [INF] End processing HTTP request after 465.2623ms - 200
2026-07-01 20:56:54.404 +05:30 [INF] Start processing HTTP request POST https://www.googleapis.com/upload/youtube/v3/videos?*
2026-07-01 20:56:54.405 +05:30 [INF] Sending HTTP request POST https://www.googleapis.com/upload/youtube/v3/videos?*
2026-07-01 20:56:56.401 +05:30 [INF] Received HTTP response headers after 1995.8695ms - 200
2026-07-01 20:56:56.413 +05:30 [INF] End processing HTTP request after 1996.6567ms - 200
2026-07-01 20:56:56.431 +05:30 [INF] Start processing HTTP request PUT https://www.googleapis.com/upload/youtube/v3/videos?*
2026-07-01 20:56:56.431 +05:30 [INF] Sending HTTP request PUT https://www.googleapis.com/upload/youtube/v3/videos?*
2026-07-01 20:56:57.628 +05:30 [INF] Received HTTP response headers after 1196.9249ms - 200
2026-07-01 20:56:57.628 +05:30 [INF] End processing HTTP request after 1197.9584ms - 200
2026-07-01 20:56:57.638 +05:30 [INF] Video successfully uploaded!
2026-07-01 20:56:57.644 +05:30 [INF] Successfully uploaded video to your YouTube channel!
2026-07-01 20:57:38.249 +05:30 [INF] Request starting HTTP/2 GET https://localhost:44341/Blog - null null
2026-07-01 20:57:38.561 +05:30 [INF] Executing endpoint 'Portfolio_Management_System.Controllers.BlogController.Index (Portfolio Management System)'
2026-07-01 20:57:38.851 +05:30 [INF] Route matched with {action = "Index", controller = "Blog"}. Executing controller action with signature System.Threading.Tasks.Task`1[Microsoft.AspNetCore.Mvc.IActionResult] Index(System.Nullable`1[System.Int32], System.String, System.String, Int32) on controller Portfolio_Management_System.Controllers.BlogController (Portfolio Management System).
2026-07-01 20:57:42.878 +05:30 [INF] Executing ViewResult, running view Index.
2026-07-01 20:57:45.444 +05:30 [INF] Executed ViewResult - view Index executed in 2610.224ms.
2026-07-01 20:57:45.445 +05:30 [INF] Executed action Portfolio_Management_System.Controllers.BlogController.Index (Portfolio Management System) in 6588.9704ms
2026-07-01 20:57:45.445 +05:30 [INF] Executed endpoint 'Portfolio_Management_System.Controllers.BlogController.Index (Portfolio Management System)'
2026-07-01 20:57:45.447 +05:30 [INF] HTTP GET /Blog responded 200 in 7049.1232 ms
2026-07-01 20:57:45.453 +05:30 [INF] Request finished HTTP/2 GET https://localhost:44341/Blog - 200 null text/html; charset=utf-8 7220.1728ms
2026-07-01 20:57:45.634 +05:30 [INF] Request starting HTTP/2 GET https://localhost:44341/_framework/aspnetcore-browser-refresh.js - null null
2026-07-01 20:57:45.645 +05:30 [INF] Request finished HTTP/2 GET https://localhost:44341/_framework/aspnetcore-browser-refresh.js - 200 16539 application/javascript; charset=utf-8 9.6711ms
2026-07-01 20:57:45.647 +05:30 [INF] Request starting HTTP/2 GET https://localhost:44341/_vs/browserLink - null null
2026-07-01 20:57:46.011 +05:30 [INF] Request finished HTTP/2 GET https://localhost:44341/_vs/browserLink - 200 null text/javascript; charset=UTF-8 362.8796ms
2026-07-01 20:57:53.490 +05:30 [INF] Request starting HTTP/2 GET https://localhost:44341/ - null null
2026-07-01 20:57:53.499 +05:30 [INF] Executing endpoint 'Portfolio_Management_System.Controllers.HomeController.Index (Portfolio Management System)'
2026-07-01 20:57:53.503 +05:30 [INF] Route matched with {action = "Index", controller = "Home"}. Executing controller action with signature System.Threading.Tasks.Task`1[Microsoft.AspNetCore.Mvc.IActionResult] Index() on controller Portfolio_Management_System.Controllers.HomeController (Portfolio Management System).
2026-07-01 20:57:54.751 +05:30 [INF] Executing ViewResult, running view Index.
2026-07-01 20:57:54.957 +05:30 [INF] Executed ViewResult - view Index executed in 205.8549ms.
2026-07-01 20:57:54.957 +05:30 [INF] Executed action Portfolio_Management_System.Controllers.HomeController.Index (Portfolio Management System) in 1454.0316ms
2026-07-01 20:57:54.958 +05:30 [INF] Executed endpoint 'Portfolio_Management_System.Controllers.HomeController.Index (Portfolio Management System)'
2026-07-01 20:57:54.958 +05:30 [INF] HTTP GET / responded 200 in 1459.8011 ms
2026-07-01 20:57:54.964 +05:30 [INF] Request finished HTTP/2 GET https://localhost:44341/ - 200 null text/html; charset=utf-8 1474.1521ms
2026-07-01 20:57:55.007 +05:30 [INF] Request starting HTTP/2 GET https://localhost:44341/_framework/aspnetcore-browser-refresh.js - null null
2026-07-01 20:57:55.008 +05:30 [INF] Request finished HTTP/2 GET https://localhost:44341/_framework/aspnetcore-browser-refresh.js - 200 16539 application/javascript; charset=utf-8 1.7869ms
2026-07-01 20:58:12.094 +05:30 [INF] Request starting HTTP/2 GET https://localhost:44341/Gallery - null null
2026-07-01 20:58:12.152 +05:30 [INF] Executing endpoint 'Portfolio_Management_System.Controllers.GalleryController.Index (Portfolio Management System)'
2026-07-01 20:58:12.279 +05:30 [INF] Route matched with {action = "Index", controller = "Gallery"}. Executing controller action with signature System.Threading.Tasks.Task`1[Microsoft.AspNetCore.Mvc.IActionResult] Index(System.String) on controller Portfolio_Management_System.Controllers.GalleryController (Portfolio Management System).
2026-07-01 20:58:13.049 +05:30 [INF] Executing ViewResult, running view Index.
2026-07-01 20:58:13.350 +05:30 [INF] Executed ViewResult - view Index executed in 306.7916ms.
2026-07-01 20:58:13.351 +05:30 [INF] Executed action Portfolio_Management_System.Controllers.GalleryController.Index (Portfolio Management System) in 1071.8657ms
2026-07-01 20:58:13.352 +05:30 [INF] Executed endpoint 'Portfolio_Management_System.Controllers.GalleryController.Index (Portfolio Management System)'
2026-07-01 20:58:13.352 +05:30 [INF] HTTP GET /Gallery responded 200 in 1237.4434 ms
2026-07-01 20:58:13.423 +05:30 [INF] Request finished HTTP/2 GET https://localhost:44341/Gallery - 200 null text/html; charset=utf-8 1348.2532ms
2026-07-01 20:58:13.653 +05:30 [INF] Request starting HTTP/2 GET https://localhost:44341/_framework/aspnetcore-browser-refresh.js - null null
2026-07-01 20:58:13.654 +05:30 [INF] Request starting HTTP/2 GET https://localhost:44341/_vs/browserLink - null null
2026-07-01 20:58:13.693 +05:30 [INF] Request finished HTTP/2 GET https://localhost:44341/_framework/aspnetcore-browser-refresh.js - 200 16539 application/javascript; charset=utf-8 5.7398ms
2026-07-01 20:58:13.879 +05:30 [INF] Request finished HTTP/2 GET https://localhost:44341/_vs/browserLink - 200 null text/javascript; charset=UTF-8 225.8863ms
2026-07-01 20:58:14.211 +05:30 [INF] Request starting HTTP/2 GET https://localhost:44341/uploads/gallery/images/tech_artwork.png - null null
2026-07-01 20:58:14.434 +05:30 [INF] The file /uploads/gallery/images/tech_artwork.png was not modified
2026-07-01 20:58:14.436 +05:30 [INF] HTTP GET /uploads/gallery/images/tech_artwork.png responded 304 in 224.6310 ms
2026-07-01 20:58:14.445 +05:30 [INF] Request finished HTTP/2 GET https://localhost:44341/uploads/gallery/images/tech_artwork.png - 304 null image/png 234.7419ms
2026-07-01 21:09:52.168 +05:30 [WRN] JWT SecretKey missing in configuration. JWT Auth not configured.
2026-07-01 21:10:02.621 +05:30 [INF] Executed DbCommand (182ms) [Parameters=[], CommandType='"Text"', CommandTimeout='30']
SELECT 1
2026-07-01 21:10:02.722 +05:30 [INF] Acquiring an exclusive lock for migration application. See https://aka.ms/efcore-docs-migrations-lock for more information if this takes too long.
2026-07-01 21:10:02.927 +05:30 [INF] Executed DbCommand (179ms) [Parameters=[], CommandType='"Text"', CommandTimeout='30']
DECLARE @result int;
EXEC @result = sp_getapplock @Resource = '__EFMigrationsLock', @LockOwner = 'Session', @LockMode = 'Exclusive';
SELECT @result
2026-07-01 21:10:03.911 +05:30 [INF] Executed DbCommand (169ms) [Parameters=[], CommandType='"Text"', CommandTimeout='30']
IF OBJECT_ID(N'[__EFMigrationsHistory]') IS NULL
BEGIN
    CREATE TABLE [__EFMigrationsHistory] (
        [MigrationId] nvarchar(150) NOT NULL,
        [ProductVersion] nvarchar(32) NOT NULL,
        CONSTRAINT [PK___EFMigrationsHistory] PRIMARY KEY ([MigrationId])
    );
END;
2026-07-01 21:10:04.460 +05:30 [INF] Executed DbCommand (169ms) [Parameters=[], CommandType='"Text"', CommandTimeout='30']
SELECT 1
2026-07-01 21:10:04.630 +05:30 [INF] Executed DbCommand (168ms) [Parameters=[], CommandType='"Text"', CommandTimeout='30']
SELECT OBJECT_ID(N'[__EFMigrationsHistory]');
2026-07-01 21:10:04.819 +05:30 [INF] Executed DbCommand (181ms) [Parameters=[], CommandType='"Text"', CommandTimeout='30']
SELECT [MigrationId], [ProductVersion]
FROM [__EFMigrationsHistory]
ORDER BY [MigrationId];
2026-07-01 21:10:04.883 +05:30 [INF] No migrations were applied. The database is already up to date.
2026-07-01 21:10:05.221 +05:30 [INF] Executed DbCommand (167ms) [Parameters=[], CommandType='"Text"', CommandTimeout='30']
DECLARE @result int;
EXEC @result = sp_releaseapplock @Resource = '__EFMigrationsLock', @LockOwner = 'Session';
SELECT @result
2026-07-01 21:10:07.123 +05:30 [INF] Using uvicorn executable: "C:\Users\ak731\Desktop\DSA\Portfolio Management System\venv\Scripts\uvicorn.exe"
2026-07-01 21:10:07.506 +05:30 [INF] Started Python AI Server automatically at C:\Users\ak731\Desktop\DSA\Portfolio Management System\AutoTube\AutoTube.AI (using venv if available).
2026-07-01 21:10:14.383 +05:30 [INF] Python AI Server health check passed.
2026-07-01 21:10:14.399 +05:30 [INF] Unified API starting on Development
2026-07-01 21:10:15.028 +05:30 [INF] User profile is available. Using 'C:\Users\ak731\AppData\Local\ASP.NET\DataProtection-Keys' as key repository and Windows DPAPI to encrypt keys at rest.
2026-07-01 21:10:15.395 +05:30 [INF] Gallery Auto-Uploader Background Service started.
2026-07-01 21:10:15.395 +05:30 [INF] Daily YouTube Video Generator & Uploader Service started.
2026-07-01 21:10:15.437 +05:30 [INF] Starting daily video generation...
2026-07-01 21:10:15.472 +05:30 [INF] Using FFmpeg at: C:\Users\ak731\Desktop\DSA\Portfolio Management System\ffmpeg\bin\ffmpeg.exe
2026-07-01 21:10:15.529 +05:30 [INF] Start processing HTTP request GET https://images.unsplash.com/photo-1542831371-29b0f74f9713?*
2026-07-01 21:10:15.537 +05:30 [INF] Start processing HTTP request GET https://www.youtube.com/@CodeCrafters42
2026-07-01 21:10:15.549 +05:30 [INF] Sending HTTP request GET https://images.unsplash.com/photo-1542831371-29b0f74f9713?*
2026-07-01 21:10:15.557 +05:30 [INF] Sending HTTP request GET https://www.youtube.com/@CodeCrafters42
2026-07-01 21:10:15.903 +05:30 [INF] AutoTube Video Automation Background Scheduler started. Scheduled for 9:00 AM daily.
2026-07-01 21:10:15.909 +05:30 [INF] Next video generation cycle scheduled at "2026-07-02T09:00:00.0000000" (in 11.83 hours).
2026-07-01 21:10:16.607 +05:30 [INF] Received HTTP response headers after 1010.4144ms - 200
2026-07-01 21:10:16.659 +05:30 [INF] End processing HTTP request after 1169.5078ms - 200
2026-07-01 21:10:16.670 +05:30 [INF] Received HTTP response headers after 1113.2041ms - 404
2026-07-01 21:10:16.671 +05:30 [INF] End processing HTTP request after 1172.688ms - 404
2026-07-01 21:10:16.715 +05:30 [INF] Downloaded Unsplash image for video frame.
2026-07-01 21:10:20.636 +05:30 [INF] Request starting HTTP/2 GET https://localhost:44341/ - null null
2026-07-01 21:10:23.084 +05:30 [INF] Application started. Press Ctrl+C to shut down.
2026-07-01 21:10:23.084 +05:30 [INF] Hosting environment: Development
2026-07-01 21:10:23.084 +05:30 [INF] Content root path: C:\Users\ak731\Desktop\DSA\Portfolio Management System
2026-07-01 21:10:24.660 +05:30 [INF] Executing endpoint 'Portfolio_Management_System.Controllers.HomeController.Index (Portfolio Management System)'
2026-07-01 21:10:24.916 +05:30 [INF] Route matched with {action = "Index", controller = "Home"}. Executing controller action with signature System.Threading.Tasks.Task`1[Microsoft.AspNetCore.Mvc.IActionResult] Index() on controller Portfolio_Management_System.Controllers.HomeController (Portfolio Management System).
2026-07-01 21:10:26.421 +05:30 [INF] Executing ViewResult, running view Index.
2026-07-01 21:10:28.191 +05:30 [INF] Executed ViewResult - view Index executed in 1729.3708ms.
2026-07-01 21:10:28.230 +05:30 [INF] Executed action Portfolio_Management_System.Controllers.HomeController.Index (Portfolio Management System) in 3304.4358ms
2026-07-01 21:10:28.238 +05:30 [INF] Executed endpoint 'Portfolio_Management_System.Controllers.HomeController.Index (Portfolio Management System)'
2026-07-01 21:10:28.397 +05:30 [INF] HTTP GET / responded 200 in 6457.6124 ms
2026-07-01 21:10:28.488 +05:30 [INF] Request finished HTTP/2 GET https://localhost:44341/ - 200 null text/html; charset=utf-8 8070.9458ms
2026-07-01 21:10:29.553 +05:30 [INF] Request starting HTTP/2 GET https://localhost:44341/_framework/aspnetcore-browser-refresh.js - null null
2026-07-01 21:10:29.554 +05:30 [INF] Request starting HTTP/2 GET https://localhost:44341/_vs/browserLink - null null
2026-07-01 21:10:29.568 +05:30 [INF] Request finished HTTP/2 GET https://localhost:44341/_framework/aspnetcore-browser-refresh.js - 200 16539 application/javascript; charset=utf-8 15.6207ms
2026-07-01 21:10:29.739 +05:30 [INF] Request finished HTTP/2 GET https://localhost:44341/_vs/browserLink - 200 null text/javascript; charset=UTF-8 185.1892ms
2026-07-01 21:10:40.337 +05:30 [INF] Request starting HTTP/2 GET https://localhost:44341/Admin/Login - null null
2026-07-01 21:10:40.451 +05:30 [INF] Executing endpoint 'Portfolio_Management_System.Controllers.AdminController.Login (Portfolio Management System)'
2026-07-01 21:10:40.476 +05:30 [INF] Route matched with {action = "Login", controller = "Admin"}. Executing controller action with signature Microsoft.AspNetCore.Mvc.IActionResult Login() on controller Portfolio_Management_System.Controllers.AdminController (Portfolio Management System).
2026-07-01 21:10:40.503 +05:30 [INF] Executing ViewResult, running view Login.
2026-07-01 21:10:40.871 +05:30 [INF] Executed ViewResult - view Login executed in 380.9461ms.
2026-07-01 21:10:40.876 +05:30 [INF] Executed action Portfolio_Management_System.Controllers.AdminController.Login (Portfolio Management System) in 399.3667ms
2026-07-01 21:10:40.877 +05:30 [INF] Executed endpoint 'Portfolio_Management_System.Controllers.AdminController.Login (Portfolio Management System)'
2026-07-01 21:10:40.877 +05:30 [INF] HTTP GET /Admin/Login responded 200 in 503.3285 ms
2026-07-01 21:10:40.888 +05:30 [INF] Request finished HTTP/2 GET https://localhost:44341/Admin/Login - 200 null text/html; charset=utf-8 551.9595ms
2026-07-01 21:10:40.913 +05:30 [INF] Request starting HTTP/2 GET https://localhost:44341/css/admin.css?v=639185370405683764 - null null
2026-07-01 21:10:40.913 +05:30 [INF] Request starting HTTP/2 GET https://localhost:44341/_vs/browserLink - null null
2026-07-01 21:10:40.929 +05:30 [INF] Request starting HTTP/2 GET https://localhost:44341/_framework/aspnetcore-browser-refresh.js - null null
2026-07-01 21:10:40.971 +05:30 [INF] Request finished HTTP/2 GET https://localhost:44341/_framework/aspnetcore-browser-refresh.js - 200 16539 application/javascript; charset=utf-8 42.5413ms
2026-07-01 21:10:41.087 +05:30 [INF] Request finished HTTP/2 GET https://localhost:44341/_vs/browserLink - 200 null text/javascript; charset=UTF-8 174.5207ms
2026-07-01 21:10:41.125 +05:30 [INF] Sending file. Request path: '/css/admin.css'. Physical path: 'C:\Users\ak731\Desktop\DSA\Portfolio Management System\wwwroot\css\admin.css'
2026-07-01 21:10:41.132 +05:30 [INF] HTTP GET /css/admin.css responded 200 in 218.1028 ms
2026-07-01 21:10:41.135 +05:30 [INF] Request finished HTTP/2 GET https://localhost:44341/css/admin.css?v=639185370405683764 - 200 19965 text/css 223.1232ms
2026-07-01 21:10:43.675 +05:30 [INF] Video file generated at: C:\Users\ak731\Desktop\DSA\Portfolio Management System\wwwroot\uploads\generated_video.mp4. Starting upload to YouTube...
2026-07-01 21:10:43.688 +05:30 [INF] Start processing HTTP request POST https://oauth2.googleapis.com/token
2026-07-01 21:10:43.688 +05:30 [INF] Sending HTTP request POST https://oauth2.googleapis.com/token
2026-07-01 21:10:44.222 +05:30 [INF] Received HTTP response headers after 532.9866ms - 200
2026-07-01 21:10:44.222 +05:30 [INF] End processing HTTP request after 534.0873ms - 200
2026-07-01 21:10:44.282 +05:30 [INF] Start processing HTTP request POST https://www.googleapis.com/upload/youtube/v3/videos?*
2026-07-01 21:10:44.282 +05:30 [INF] Sending HTTP request POST https://www.googleapis.com/upload/youtube/v3/videos?*
2026-07-01 21:10:45.864 +05:30 [INF] Received HTTP response headers after 1581.632ms - 200
2026-07-01 21:10:45.865 +05:30 [INF] End processing HTTP request after 1583.3808ms - 200
2026-07-01 21:10:45.868 +05:30 [INF] Start processing HTTP request PUT https://www.googleapis.com/upload/youtube/v3/videos?*
2026-07-01 21:10:45.869 +05:30 [INF] Sending HTTP request PUT https://www.googleapis.com/upload/youtube/v3/videos?*
2026-07-01 21:10:47.407 +05:30 [INF] Received HTTP response headers after 1538.5597ms - 200
2026-07-01 21:10:47.408 +05:30 [INF] End processing HTTP request after 1539.3904ms - 200
2026-07-01 21:10:47.408 +05:30 [INF] Video successfully uploaded!
2026-07-01 21:10:47.408 +05:30 [INF] Successfully uploaded video to your YouTube channel!
2026-07-01 21:10:58.229 +05:30 [INF] Request starting HTTP/2 POST https://localhost:44341/Admin/Login - application/x-www-form-urlencoded 217
2026-07-01 21:10:58.291 +05:30 [INF] CORS policy execution successful.
2026-07-01 21:10:58.304 +05:30 [INF] Executing endpoint 'Portfolio_Management_System.Controllers.AdminController.Login (Portfolio Management System)'
2026-07-01 21:10:58.394 +05:30 [INF] Route matched with {action = "Login", controller = "Admin"}. Executing controller action with signature System.Threading.Tasks.Task`1[Microsoft.AspNetCore.Mvc.IActionResult] Login(Portfolio_Management_System.Models.AdminLoginModel) on controller Portfolio_Management_System.Controllers.AdminController (Portfolio Management System).
2026-07-01 21:10:58.992 +05:30 [INF] Executing RedirectResult, redirecting to /Admin/Dashboard.
2026-07-01 21:10:58.993 +05:30 [INF] Executed action Portfolio_Management_System.Controllers.AdminController.Login (Portfolio Management System) in 598.4642ms
2026-07-01 21:10:58.993 +05:30 [INF] Executed endpoint 'Portfolio_Management_System.Controllers.AdminController.Login (Portfolio Management System)'
2026-07-01 21:10:58.997 +05:30 [INF] Session started; Key:f2ccc2cb-5864-09e1-0c4e-6a0c4521ea96, Id:242da51e-4590-215b-7138-527cb39c6975
2026-07-01 21:10:59.004 +05:30 [INF] HTTP POST /Admin/Login responded 302 in 762.0871 ms
2026-07-01 21:10:59.026 +05:30 [INF] Request finished HTTP/2 POST https://localhost:44341/Admin/Login - 302 null null 798.4094ms
2026-07-01 21:10:59.044 +05:30 [INF] Request starting HTTP/2 GET https://localhost:44341/Admin/Dashboard - null null
2026-07-01 21:10:59.057 +05:30 [INF] Executing endpoint 'Portfolio_Management_System.Controllers.AdminController.Dashboard (Portfolio Management System)'
2026-07-01 21:10:59.085 +05:30 [INF] Route matched with {action = "Dashboard", controller = "Admin"}. Executing controller action with signature System.Threading.Tasks.Task`1[Microsoft.AspNetCore.Mvc.IActionResult] Dashboard() on controller Portfolio_Management_System.Controllers.AdminController (Portfolio Management System).
2026-07-01 21:11:01.702 +05:30 [ERR] Error getting recent messages
System.InvalidCastException: Unable to cast object of type 'System.Boolean' to type 'System.DateTime'.
   at Microsoft.Data.SqlClient.SqlBuffer.get_DateTime()
   at Microsoft.Data.SqlClient.SqlDataReader.GetDateTime(Int32 i)
   at Portfolio_Management_System.DAL.DbHelper.GetRecentMessagesAsync(Int32 count) in C:\Users\ak731\Desktop\DSA\Portfolio Management System\DAL\DbHelper.cs:line 1441
2026-07-01 21:11:02.640 +05:30 [ERR] Error getting recent visitors
System.InvalidCastException: Unable to cast object of type 'System.DateTime' to type 'System.Int32'.
   at Microsoft.Data.SqlClient.SqlBuffer.get_Int32()
   at Microsoft.Data.SqlClient.SqlDataReader.GetInt32(Int32 i)
   at Portfolio_Management_System.DAL.DbHelper.GetRecentVisitorsAsync(Int32 count) in C:\Users\ak731\Desktop\DSA\Portfolio Management System\DAL\DbHelper.cs:line 1482
2026-07-01 21:11:04.220 +05:30 [INF] Executing ViewResult, running view Dashboard.
2026-07-01 21:11:04.792 +05:30 [INF] Executed ViewResult - view Dashboard executed in 582.962ms.
2026-07-01 21:11:04.802 +05:30 [INF] Executed action Portfolio_Management_System.Controllers.AdminController.Dashboard (Portfolio Management System) in 5715.5301ms
2026-07-01 21:11:04.817 +05:30 [INF] Executed endpoint 'Portfolio_Management_System.Controllers.AdminController.Dashboard (Portfolio Management System)'
2026-07-01 21:11:04.822 +05:30 [INF] HTTP GET /Admin/Dashboard responded 200 in 5766.3548 ms
2026-07-01 21:11:04.874 +05:30 [INF] Request finished HTTP/2 GET https://localhost:44341/Admin/Dashboard - 200 null text/html; charset=utf-8 5829.4684ms
2026-07-01 21:11:04.876 +05:30 [INF] Request starting HTTP/2 GET https://localhost:44341/_framework/aspnetcore-browser-refresh.js - null null
2026-07-01 21:11:04.879 +05:30 [INF] Request starting HTTP/2 GET https://localhost:44341/css/admin.css?v=639185370645543198 - null null
2026-07-01 21:11:04.892 +05:30 [INF] Request finished HTTP/2 GET https://localhost:44341/_framework/aspnetcore-browser-refresh.js - 200 16539 application/javascript; charset=utf-8 15.4854ms
2026-07-01 21:11:04.894 +05:30 [INF] Request starting HTTP/2 GET https://localhost:44341/_vs/browserLink - null null
2026-07-01 21:11:04.919 +05:30 [INF] Sending file. Request path: '/css/admin.css'. Physical path: 'C:\Users\ak731\Desktop\DSA\Portfolio Management System\wwwroot\css\admin.css'
2026-07-01 21:11:04.920 +05:30 [INF] HTTP GET /css/admin.css responded 200 in 40.5556 ms
2026-07-01 21:11:04.939 +05:30 [INF] Request starting HTTP/2 GET https://localhost:44341/css/site.css - null null
2026-07-01 21:11:04.939 +05:30 [INF] Request finished HTTP/2 GET https://localhost:44341/css/admin.css?v=639185370645543198 - 200 19965 text/css 60.506ms
2026-07-01 21:11:05.021 +05:30 [INF] The file /css/site.css was not modified
2026-07-01 21:11:05.021 +05:30 [INF] HTTP GET /css/site.css responded 304 in 81.0700 ms
2026-07-01 21:11:05.022 +05:30 [INF] Request finished HTTP/2 GET https://localhost:44341/css/site.css - 304 null text/css 95.3819ms
2026-07-01 21:11:05.054 +05:30 [INF] Request finished HTTP/2 GET https://localhost:44341/_vs/browserLink - 200 null text/javascript; charset=UTF-8 157.8792ms
2026-07-01 21:11:08.026 +05:30 [INF] Request starting HTTP/2 GET https://localhost:44341/Admin/GetUnreadMessagesCount - null null
2026-07-01 21:11:08.053 +05:30 [INF] Request starting HTTP/2 GET https://localhost:44341/Admin/GetRecentMessages - null null
2026-07-01 21:11:08.069 +05:30 [INF] Executing endpoint 'Portfolio_Management_System.Controllers.AdminController.GetRecentMessages (Portfolio Management System)'
2026-07-01 21:11:08.073 +05:30 [INF] Executing endpoint 'Portfolio_Management_System.Controllers.AdminController.GetUnreadMessagesCount (Portfolio Management System)'
2026-07-01 21:11:08.177 +05:30 [INF] Route matched with {action = "GetRecentMessages", controller = "Admin"}. Executing controller action with signature System.Threading.Tasks.Task`1[Microsoft.AspNetCore.Mvc.IActionResult] GetRecentMessages() on controller Portfolio_Management_System.Controllers.AdminController (Portfolio Management System).
2026-07-01 21:11:08.203 +05:30 [INF] Request starting HTTP/2 GET https://localhost:44341/Admin/GetExperienceDetails - null null
2026-07-01 21:11:08.221 +05:30 [INF] Executing endpoint 'Portfolio_Management_System.Controllers.AdminController.GetExperienceDetails (Portfolio Management System)'
2026-07-01 21:11:08.225 +05:30 [INF] Route matched with {action = "GetUnreadMessagesCount", controller = "Admin"}. Executing controller action with signature System.Threading.Tasks.Task`1[Microsoft.AspNetCore.Mvc.IActionResult] GetUnreadMessagesCount() on controller Portfolio_Management_System.Controllers.AdminController (Portfolio Management System).
2026-07-01 21:11:08.295 +05:30 [INF] Route matched with {action = "GetExperienceDetails", controller = "Admin"}. Executing controller action with signature System.Threading.Tasks.Task`1[Microsoft.AspNetCore.Mvc.IActionResult] GetExperienceDetails() on controller Portfolio_Management_System.Controllers.AdminController (Portfolio Management System).
2026-07-01 21:11:08.716 +05:30 [INF] Executing JsonResult, writing value of type 'System.Int32'.
2026-07-01 21:11:08.731 +05:30 [INF] Executing JsonResult, writing value of type 'System.Collections.Generic.List`1[[<>f__AnonymousType18`7[[System.Int32, System.Private.CoreLib, Version=9.0.0.0, Culture=neutral, PublicKeyToken=7cec85d7bea7798e],[System.String, System.Private.CoreLib, Version=9.0.0.0, Culture=neutral, PublicKeyToken=7cec85d7bea7798e],[System.String, System.Private.CoreLib, Version=9.0.0.0, Culture=neutral, PublicKeyToken=7cec85d7bea7798e],[System.String, System.Private.CoreLib, Version=9.0.0.0, Culture=neutral, PublicKeyToken=7cec85d7bea7798e],[System.String, System.Private.CoreLib, Version=9.0.0.0, Culture=neutral, PublicKeyToken=7cec85d7bea7798e],[System.Boolean, System.Private.CoreLib, Version=9.0.0.0, Culture=neutral, PublicKeyToken=7cec85d7bea7798e],[System.DateTime, System.Private.CoreLib, Version=9.0.0.0, Culture=neutral, PublicKeyToken=7cec85d7bea7798e]], Portfolio Management System, Version=1.0.0.0, Culture=neutral, PublicKeyToken=null]]'.
2026-07-01 21:11:08.814 +05:30 [INF] Executed action Portfolio_Management_System.Controllers.AdminController.GetUnreadMessagesCount (Portfolio Management System) in 585.8178ms
2026-07-01 21:11:08.815 +05:30 [INF] Executed endpoint 'Portfolio_Management_System.Controllers.AdminController.GetUnreadMessagesCount (Portfolio Management System)'
2026-07-01 21:11:08.821 +05:30 [INF] HTTP GET /Admin/GetUnreadMessagesCount responded 200 in 789.7154 ms
2026-07-01 21:11:08.834 +05:30 [INF] Request finished HTTP/2 GET https://localhost:44341/Admin/GetUnreadMessagesCount - 200 null application/json; charset=utf-8 807.6369ms
2026-07-01 21:11:08.888 +05:30 [INF] Executed action Portfolio_Management_System.Controllers.AdminController.GetRecentMessages (Portfolio Management System) in 711.2316ms
2026-07-01 21:11:08.888 +05:30 [INF] Executed endpoint 'Portfolio_Management_System.Controllers.AdminController.GetRecentMessages (Portfolio Management System)'
2026-07-01 21:11:08.889 +05:30 [INF] HTTP GET /Admin/GetRecentMessages responded 200 in 834.3768 ms
2026-07-01 21:11:08.891 +05:30 [INF] Request finished HTTP/2 GET https://localhost:44341/Admin/GetRecentMessages - 200 null application/json; charset=utf-8 864.1666ms
2026-07-01 21:11:09.877 +05:30 [INF] Executing JsonResult, writing value of type '<>f__AnonymousType15`10[[System.Boolean, System.Private.CoreLib, Version=9.0.0.0, Culture=neutral, PublicKeyToken=7cec85d7bea7798e],[System.Int32, System.Private.CoreLib, Version=9.0.0.0, Culture=neutral, PublicKeyToken=7cec85d7bea7798e],[System.String, System.Private.CoreLib, Version=9.0.0.0, Culture=neutral, PublicKeyToken=7cec85d7bea7798e],[System.String, System.Private.CoreLib, Version=9.0.0.0, Culture=neutral, PublicKeyToken=7cec85d7bea7798e],[System.String, System.Private.CoreLib, Version=9.0.0.0, Culture=neutral, PublicKeyToken=7cec85d7bea7798e],[System.Int32, System.Private.CoreLib, Version=9.0.0.0, Culture=neutral, PublicKeyToken=7cec85d7bea7798e],[System.Int32, System.Private.CoreLib, Version=9.0.0.0, Culture=neutral, PublicKeyToken=7cec85d7bea7798e],[System.Int32, System.Private.CoreLib, Version=9.0.0.0, Culture=neutral, PublicKeyToken=7cec85d7bea7798e],[System.Int32, System.Private.CoreLib, Version=9.0.0.0, Culture=neutral, PublicKeyToken=7cec85d7bea7798e],[System.Int32, System.Private.CoreLib, Version=9.0.0.0, Culture=neutral, PublicKeyToken=7cec85d7bea7798e]]'.
2026-07-01 21:11:10.020 +05:30 [INF] Executed action Portfolio_Management_System.Controllers.AdminController.GetExperienceDetails (Portfolio Management System) in 1724.1884ms
2026-07-01 21:11:10.041 +05:30 [INF] Executed endpoint 'Portfolio_Management_System.Controllers.AdminController.GetExperienceDetails (Portfolio Management System)'
2026-07-01 21:11:10.041 +05:30 [INF] HTTP GET /Admin/GetExperienceDetails responded 200 in 1821.0378 ms
2026-07-01 21:11:10.043 +05:30 [INF] Request finished HTTP/2 GET https://localhost:44341/Admin/GetExperienceDetails - 200 null application/json; charset=utf-8 1840.1498ms
2026-07-01 21:11:13.835 +05:30 [INF] Request starting HTTP/2 GET https://localhost:44341/Admin/AutoTube/RecreateVideoAudio - null null
2026-07-01 21:11:13.872 +05:30 [INF] Executing endpoint 'Portfolio_Management_System.Controllers.AdminAutoTubeController.RecreateVideoAudio (Portfolio Management System)'
2026-07-01 21:11:13.898 +05:30 [INF] Route matched with {action = "RecreateVideoAudio", controller = "AdminAutoTube"}. Executing controller action with signature Microsoft.AspNetCore.Mvc.IActionResult RecreateVideoAudio() on controller Portfolio_Management_System.Controllers.AdminAutoTubeController (Portfolio Management System).
2026-07-01 21:11:14.589 +05:30 [INF] Executing ViewResult, running view ~/Views/Admin/RecreateVideoAudio.cshtml.
2026-07-01 21:11:14.833 +05:30 [INF] Executed ViewResult - view ~/Views/Admin/RecreateVideoAudio.cshtml executed in 248.7029ms.
2026-07-01 21:11:14.835 +05:30 [INF] Executed action Portfolio_Management_System.Controllers.AdminAutoTubeController.RecreateVideoAudio (Portfolio Management System) in 933.2709ms
2026-07-01 21:11:14.835 +05:30 [INF] Executed endpoint 'Portfolio_Management_System.Controllers.AdminAutoTubeController.RecreateVideoAudio (Portfolio Management System)'
2026-07-01 21:11:14.835 +05:30 [INF] HTTP GET /Admin/AutoTube/RecreateVideoAudio responded 200 in 974.7057 ms
2026-07-01 21:11:14.982 +05:30 [INF] Request starting HTTP/2 GET https://localhost:44341/css/admin.css?v=639185370748100612 - null null
2026-07-01 21:11:14.995 +05:30 [INF] Request starting HTTP/2 GET https://localhost:44341/_vs/browserLink - null null
2026-07-01 21:11:15.012 +05:30 [INF] Request starting HTTP/2 GET https://localhost:44341/_framework/aspnetcore-browser-refresh.js - null null
2026-07-01 21:11:15.028 +05:30 [INF] Sending file. Request path: '/css/admin.css'. Physical path: 'C:\Users\ak731\Desktop\DSA\Portfolio Management System\wwwroot\css\admin.css'
2026-07-01 21:11:15.036 +05:30 [INF] Request finished HTTP/2 GET https://localhost:44341/_framework/aspnetcore-browser-refresh.js - 200 16539 application/javascript; charset=utf-8 10.0709ms
2026-07-01 21:11:15.053 +05:30 [INF] HTTP GET /css/admin.css responded 200 in 71.0494 ms
2026-07-01 21:11:15.144 +05:30 [INF] Request finished HTTP/2 GET https://localhost:44341/css/admin.css?v=639185370748100612 - 200 19965 text/css 161.5731ms
2026-07-01 21:11:15.203 +05:30 [INF] Request finished HTTP/2 GET https://localhost:44341/Admin/AutoTube/RecreateVideoAudio - 200 null text/html; charset=utf-8 1368.4435ms
2026-07-01 21:11:15.224 +05:30 [INF] Request finished HTTP/2 GET https://localhost:44341/_vs/browserLink - 200 null text/javascript; charset=UTF-8 228.7645ms
2026-07-01 21:11:15.617 +05:30 [INF] Request starting HTTP/2 GET https://localhost:44341/Admin/GetUnreadMessagesCount - null null
2026-07-01 21:11:15.618 +05:30 [INF] Executing endpoint 'Portfolio_Management_System.Controllers.AdminController.GetUnreadMessagesCount (Portfolio Management System)'
2026-07-01 21:11:15.620 +05:30 [INF] Route matched with {action = "GetUnreadMessagesCount", controller = "Admin"}. Executing controller action with signature System.Threading.Tasks.Task`1[Microsoft.AspNetCore.Mvc.IActionResult] GetUnreadMessagesCount() on controller Portfolio_Management_System.Controllers.AdminController (Portfolio Management System).
2026-07-01 21:11:15.624 +05:30 [INF] Request starting HTTP/2 GET https://localhost:44341/Admin/GetRecentMessages - null null
2026-07-01 21:11:15.624 +05:30 [INF] Executing endpoint 'Portfolio_Management_System.Controllers.AdminController.GetRecentMessages (Portfolio Management System)'
2026-07-01 21:11:15.624 +05:30 [INF] Route matched with {action = "GetRecentMessages", controller = "Admin"}. Executing controller action with signature System.Threading.Tasks.Task`1[Microsoft.AspNetCore.Mvc.IActionResult] GetRecentMessages() on controller Portfolio_Management_System.Controllers.AdminController (Portfolio Management System).
2026-07-01 21:11:15.795 +05:30 [INF] Executing JsonResult, writing value of type 'System.Int32'.
2026-07-01 21:11:15.799 +05:30 [INF] Executed action Portfolio_Management_System.Controllers.AdminController.GetUnreadMessagesCount (Portfolio Management System) in 178.0452ms
2026-07-01 21:11:15.799 +05:30 [INF] Executed endpoint 'Portfolio_Management_System.Controllers.AdminController.GetUnreadMessagesCount (Portfolio Management System)'
2026-07-01 21:11:15.799 +05:30 [INF] HTTP GET /Admin/GetUnreadMessagesCount responded 200 in 181.6256 ms
2026-07-01 21:11:15.801 +05:30 [INF] Executing JsonResult, writing value of type 'System.Collections.Generic.List`1[[<>f__AnonymousType18`7[[System.Int32, System.Private.CoreLib, Version=9.0.0.0, Culture=neutral, PublicKeyToken=7cec85d7bea7798e],[System.String, System.Private.CoreLib, Version=9.0.0.0, Culture=neutral, PublicKeyToken=7cec85d7bea7798e],[System.String, System.Private.CoreLib, Version=9.0.0.0, Culture=neutral, PublicKeyToken=7cec85d7bea7798e],[System.String, System.Private.CoreLib, Version=9.0.0.0, Culture=neutral, PublicKeyToken=7cec85d7bea7798e],[System.String, System.Private.CoreLib, Version=9.0.0.0, Culture=neutral, PublicKeyToken=7cec85d7bea7798e],[System.Boolean, System.Private.CoreLib, Version=9.0.0.0, Culture=neutral, PublicKeyToken=7cec85d7bea7798e],[System.DateTime, System.Private.CoreLib, Version=9.0.0.0, Culture=neutral, PublicKeyToken=7cec85d7bea7798e]], Portfolio Management System, Version=1.0.0.0, Culture=neutral, PublicKeyToken=null]]'.
2026-07-01 21:11:15.802 +05:30 [INF] Executed action Portfolio_Management_System.Controllers.AdminController.GetRecentMessages (Portfolio Management System) in 177.4151ms
2026-07-01 21:11:15.802 +05:30 [INF] Executed endpoint 'Portfolio_Management_System.Controllers.AdminController.GetRecentMessages (Portfolio Management System)'
2026-07-01 21:11:15.802 +05:30 [INF] HTTP GET /Admin/GetRecentMessages responded 200 in 178.4350 ms
2026-07-01 21:11:15.803 +05:30 [INF] Request finished HTTP/2 GET https://localhost:44341/Admin/GetRecentMessages - 200 null application/json; charset=utf-8 179.5363ms
2026-07-01 21:11:15.807 +05:30 [INF] Request finished HTTP/2 GET https://localhost:44341/Admin/GetUnreadMessagesCount - 200 null application/json; charset=utf-8 189.4089ms
2026-07-01 21:11:31.538 +05:30 [INF] Request starting HTTP/2 POST https://localhost:44341/Admin/AutoTube/UploadAndRecreateAudio - multipart/form-data; boundary=----WebKitFormBoundaryUXJUXzsq0XVZG6AB 1198110
2026-07-01 21:11:31.558 +05:30 [INF] CORS policy execution successful.
2026-07-01 21:11:31.561 +05:30 [INF] Executing endpoint 'Portfolio_Management_System.Controllers.AdminAutoTubeController.UploadAndRecreateAudio (Portfolio Management System)'
2026-07-01 21:11:31.656 +05:30 [INF] Route matched with {action = "UploadAndRecreateAudio", controller = "AdminAutoTube"}. Executing controller action with signature System.Threading.Tasks.Task`1[Microsoft.AspNetCore.Mvc.IActionResult] UploadAndRecreateAudio(Microsoft.AspNetCore.Http.IFormFile, System.String, System.String, Boolean) on controller Portfolio_Management_System.Controllers.AdminAutoTubeController (Portfolio Management System).
2026-07-01 21:11:36.406 +05:30 [INF] Executed DbCommand (173ms) [Parameters=[], CommandType='"Text"', CommandTimeout='30']
SELECT TOP(1) [t].[Id], [t].[Category], [t].[CompetitionScore], [t].[FetchedAt], [t].[IsSelected], [t].[Keywords], [t].[PopularityScore], [t].[SelectedAt], [t].[Source], [t].[Title], [t].[ViralityScore]
FROM [TrendTopics] AS [t]
WHERE [t].[Title] = N'Custom Video'
2026-07-01 21:11:39.087 +05:30 [INF] Executed DbCommand (216ms) [Parameters=[@p0='?' (Size = 500), @p1='?' (DbType = DateTime2), @p2='?' (Size = 4000), @p3='?' (Size = 1000), @p4='?' (Size = 50), @p5='?' (DbType = DateTime2), @p6='?' (DbType = DateTime2), @p7='?' (Size = 4000), @p8='?' (Size = 4000), @p9='?' (Size = 2000), @p10='?' (Size = 500), @p11='?' (Size = 500), @p12='?' (DbType = Int32), @p13='?' (DbType = DateTime2), @p14='?' (Size = 500), @p15='?' (Size = 20), @p16='?' (Size = 50)], CommandType='"Text"', CommandTimeout='30']
SET IMPLICIT_TRANSACTIONS OFF;
SET NOCOUNT ON;
INSERT INTO [Videos] ([AudioFilePath], [CreatedAt], [Description], [Hook], [PlaylistId], [PublishedAt], [ScheduledPublishAt], [ScriptJson], [Status], [Tags], [ThumbnailPath], [Title], [TrendTopicId], [UpdatedAt], [VideoFilePath], [Visibility], [YouTubeVideoId])
OUTPUT INSERTED.[Id]
VALUES (@p0, @p1, @p2, @p3, @p4, @p5, @p6, @p7, @p8, @p9, @p10, @p11, @p12, @p13, @p14, @p15, @p16);
2026-07-01 21:11:39.327 +05:30 [INF] Executing JsonResult, writing value of type '<>f__AnonymousType11`3[[System.Boolean, System.Private.CoreLib, Version=9.0.0.0, Culture=neutral, PublicKeyToken=7cec85d7bea7798e],[System.String, System.Private.CoreLib, Version=9.0.0.0, Culture=neutral, PublicKeyToken=7cec85d7bea7798e],[System.Int32, System.Private.CoreLib, Version=9.0.0.0, Culture=neutral, PublicKeyToken=7cec85d7bea7798e]]'.
2026-07-01 21:11:39.427 +05:30 [INF] Executed action Portfolio_Management_System.Controllers.AdminAutoTubeController.UploadAndRecreateAudio (Portfolio Management System) in 7771.0596ms
2026-07-01 21:11:39.432 +05:30 [INF] Executed endpoint 'Portfolio_Management_System.Controllers.AdminAutoTubeController.UploadAndRecreateAudio (Portfolio Management System)'
2026-07-01 21:11:39.432 +05:30 [INF] HTTP POST /Admin/AutoTube/UploadAndRecreateAudio responded 200 in 7893.8367 ms
2026-07-01 21:11:39.547 +05:30 [INF] Background audio recreation task started for Video ID 9
2026-07-01 21:11:39.560 +05:30 [INF] Request finished HTTP/2 POST https://localhost:44341/Admin/AutoTube/UploadAndRecreateAudio - 200 null application/json; charset=utf-8 8022.0709ms
2026-07-01 21:11:39.608 +05:30 [INF] Start processing HTTP request POST http://localhost:8000/api/video/recreate_audio
2026-07-01 21:11:39.614 +05:30 [INF] Sending HTTP request POST http://localhost:8000/api/video/recreate_audio
2026-07-01 21:11:45.612 +05:30 [INF] Request starting HTTP/2 GET https://localhost:44341/Admin/GetRecentMessages - null null
2026-07-01 21:11:45.613 +05:30 [INF] Request starting HTTP/2 GET https://localhost:44341/Admin/GetUnreadMessagesCount - null null
2026-07-01 21:11:45.620 +05:30 [INF] Executing endpoint 'Portfolio_Management_System.Controllers.AdminController.GetRecentMessages (Portfolio Management System)'
2026-07-01 21:11:45.621 +05:30 [INF] Executing endpoint 'Portfolio_Management_System.Controllers.AdminController.GetUnreadMessagesCount (Portfolio Management System)'
2026-07-01 21:11:45.621 +05:30 [INF] Route matched with {action = "GetRecentMessages", controller = "Admin"}. Executing controller action with signature System.Threading.Tasks.Task`1[Microsoft.AspNetCore.Mvc.IActionResult] GetRecentMessages() on controller Portfolio_Management_System.Controllers.AdminController (Portfolio Management System).
2026-07-01 21:11:45.621 +05:30 [INF] Route matched with {action = "GetUnreadMessagesCount", controller = "Admin"}. Executing controller action with signature System.Threading.Tasks.Task`1[Microsoft.AspNetCore.Mvc.IActionResult] GetUnreadMessagesCount() on controller Portfolio_Management_System.Controllers.AdminController (Portfolio Management System).
2026-07-01 21:11:45.791 +05:30 [INF] Executing JsonResult, writing value of type 'System.Int32'.
2026-07-01 21:11:45.792 +05:30 [INF] Executed action Portfolio_Management_System.Controllers.AdminController.GetUnreadMessagesCount (Portfolio Management System) in 171.0574ms
2026-07-01 21:11:45.792 +05:30 [INF] Executed endpoint 'Portfolio_Management_System.Controllers.AdminController.GetUnreadMessagesCount (Portfolio Management System)'
2026-07-01 21:11:45.793 +05:30 [INF] HTTP GET /Admin/GetUnreadMessagesCount responded 200 in 179.1368 ms
2026-07-01 21:11:45.794 +05:30 [INF] Request finished HTTP/2 GET https://localhost:44341/Admin/GetUnreadMessagesCount - 200 null application/json; charset=utf-8 180.8849ms
2026-07-01 21:11:45.802 +05:30 [INF] Executing JsonResult, writing value of type 'System.Collections.Generic.List`1[[<>f__AnonymousType18`7[[System.Int32, System.Private.CoreLib, Version=9.0.0.0, Culture=neutral, PublicKeyToken=7cec85d7bea7798e],[System.String, System.Private.CoreLib, Version=9.0.0.0, Culture=neutral, PublicKeyToken=7cec85d7bea7798e],[System.String, System.Private.CoreLib, Version=9.0.0.0, Culture=neutral, PublicKeyToken=7cec85d7bea7798e],[System.String, System.Private.CoreLib, Version=9.0.0.0, Culture=neutral, PublicKeyToken=7cec85d7bea7798e],[System.String, System.Private.CoreLib, Version=9.0.0.0, Culture=neutral, PublicKeyToken=7cec85d7bea7798e],[System.Boolean, System.Private.CoreLib, Version=9.0.0.0, Culture=neutral, PublicKeyToken=7cec85d7bea7798e],[System.DateTime, System.Private.CoreLib, Version=9.0.0.0, Culture=neutral, PublicKeyToken=7cec85d7bea7798e]], Portfolio Management System, Version=1.0.0.0, Culture=neutral, PublicKeyToken=null]]'.
2026-07-01 21:11:45.804 +05:30 [INF] Executed action Portfolio_Management_System.Controllers.AdminController.GetRecentMessages (Portfolio Management System) in 183.3745ms
2026-07-01 21:11:45.804 +05:30 [INF] Executed endpoint 'Portfolio_Management_System.Controllers.AdminController.GetRecentMessages (Portfolio Management System)'
2026-07-01 21:11:45.805 +05:30 [INF] HTTP GET /Admin/GetRecentMessages responded 200 in 188.9627 ms
2026-07-01 21:11:45.808 +05:30 [INF] Request finished HTTP/2 GET https://localhost:44341/Admin/GetRecentMessages - 200 null application/json; charset=utf-8 193.3715ms
2026-07-01 21:11:47.180 +05:30 [INF] Received HTTP response headers after 7565.1985ms - 500
2026-07-01 21:11:47.181 +05:30 [INF] End processing HTTP request after 7573.1778ms - 500
2026-07-01 21:11:47.183 +05:30 [ERR] Audio recreation backend failed: {"detail":"Video audio recreation failed: No module named 'speech_recognition'"}
2026-07-01 21:11:47.620 +05:30 [INF] Executed DbCommand (191ms) [Parameters=[@p10='?' (DbType = Int32), @p0='?' (Size = 200), @p1='?' (Precision = 10) (Scale = 4) (DbType = Decimal), @p2='?' (DbType = DateTime2), @p3='?' (DbType = Boolean), @p4='?' (Size = 2000), @p5='?' (Precision = 10) (Scale = 4) (DbType = Decimal), @p6='?' (DbType = DateTime2), @p7='?' (Size = 100), @p8='?' (Size = 500), @p9='?' (Precision = 10) (Scale = 4) (DbType = Decimal), @p28='?' (DbType = Int32), @p11='?' (Size = 500), @p12='?' (DbType = DateTime2), @p13='?' (Size = 4000), @p14='?' (Size = 1000), @p15='?' (Size = 50), @p16='?' (DbType = DateTime2), @p17='?' (DbType = DateTime2), @p18='?' (Size = 4000), @p19='?' (Size = 4000), @p20='?' (Size = 2000), @p21='?' (Size = 500), @p22='?' (Size = 500), @p23='?' (DbType = Int32), @p24='?' (DbType = DateTime2), @p25='?' (Size = 500), @p26='?' (Size = 20), @p27='?' (Size = 50)], CommandType='"Text"', CommandTimeout='30']
SET NOCOUNT ON;
UPDATE [TrendTopics] SET [Category] = @p0, [CompetitionScore] = @p1, [FetchedAt] = @p2, [IsSelected] = @p3, [Keywords] = @p4, [PopularityScore] = @p5, [SelectedAt] = @p6, [Source] = @p7, [Title] = @p8, [ViralityScore] = @p9
OUTPUT 1
WHERE [Id] = @p10;
UPDATE [Videos] SET [AudioFilePath] = @p11, [CreatedAt] = @p12, [Description] = @p13, [Hook] = @p14, [PlaylistId] = @p15, [PublishedAt] = @p16, [ScheduledPublishAt] = @p17, [ScriptJson] = @p18, [Status] = @p19, [Tags] = @p20, [ThumbnailPath] = @p21, [Title] = @p22, [TrendTopicId] = @p23, [UpdatedAt] = @p24, [VideoFilePath] = @p25, [Visibility] = @p26, [YouTubeVideoId] = @p27
OUTPUT 1
WHERE [Id] = @p28;
2026-07-01 21:12:15.679 +05:30 [INF] Request starting HTTP/2 GET https://localhost:44341/Admin/GetUnreadMessagesCount - null null
2026-07-01 21:12:15.679 +05:30 [INF] Request starting HTTP/2 GET https://localhost:44341/Admin/GetRecentMessages - null null
2026-07-01 21:12:15.812 +05:30 [INF] Executing endpoint 'Portfolio_Management_System.Controllers.AdminController.GetRecentMessages (Portfolio Management System)'
2026-07-01 21:12:15.813 +05:30 [INF] Executing endpoint 'Portfolio_Management_System.Controllers.AdminController.GetUnreadMessagesCount (Portfolio Management System)'
2026-07-01 21:12:15.858 +05:30 [INF] Route matched with {action = "GetRecentMessages", controller = "Admin"}. Executing controller action with signature System.Threading.Tasks.Task`1[Microsoft.AspNetCore.Mvc.IActionResult] GetRecentMessages() on controller Portfolio_Management_System.Controllers.AdminController (Portfolio Management System).
2026-07-01 21:12:15.859 +05:30 [INF] Route matched with {action = "GetUnreadMessagesCount", controller = "Admin"}. Executing controller action with signature System.Threading.Tasks.Task`1[Microsoft.AspNetCore.Mvc.IActionResult] GetUnreadMessagesCount() on controller Portfolio_Management_System.Controllers.AdminController (Portfolio Management System).
2026-07-01 21:12:16.132 +05:30 [INF] Executing JsonResult, writing value of type 'System.Int32'.
2026-07-01 21:12:16.160 +05:30 [INF] Executing JsonResult, writing value of type 'System.Collections.Generic.List`1[[<>f__AnonymousType18`7[[System.Int32, System.Private.CoreLib, Version=9.0.0.0, Culture=neutral, PublicKeyToken=7cec85d7bea7798e],[System.String, System.Private.CoreLib, Version=9.0.0.0, Culture=neutral, PublicKeyToken=7cec85d7bea7798e],[System.String, System.Private.CoreLib, Version=9.0.0.0, Culture=neutral, PublicKeyToken=7cec85d7bea7798e],[System.String, System.Private.CoreLib, Version=9.0.0.0, Culture=neutral, PublicKeyToken=7cec85d7bea7798e],[System.String, System.Private.CoreLib, Version=9.0.0.0, Culture=neutral, PublicKeyToken=7cec85d7bea7798e],[System.Boolean, System.Private.CoreLib, Version=9.0.0.0, Culture=neutral, PublicKeyToken=7cec85d7bea7798e],[System.DateTime, System.Private.CoreLib, Version=9.0.0.0, Culture=neutral, PublicKeyToken=7cec85d7bea7798e]], Portfolio Management System, Version=1.0.0.0, Culture=neutral, PublicKeyToken=null]]'.
2026-07-01 21:12:16.173 +05:30 [INF] Executed action Portfolio_Management_System.Controllers.AdminController.GetUnreadMessagesCount (Portfolio Management System) in 297.8528ms
2026-07-01 21:12:16.177 +05:30 [INF] Executed action Portfolio_Management_System.Controllers.AdminController.GetRecentMessages (Portfolio Management System) in 307.4819ms
2026-07-01 21:12:16.178 +05:30 [INF] Executed endpoint 'Portfolio_Management_System.Controllers.AdminController.GetRecentMessages (Portfolio Management System)'
2026-07-01 21:12:16.174 +05:30 [INF] Executed endpoint 'Portfolio_Management_System.Controllers.AdminController.GetUnreadMessagesCount (Portfolio Management System)'
2026-07-01 21:12:16.182 +05:30 [INF] HTTP GET /Admin/GetUnreadMessagesCount responded 200 in 471.8939 ms
2026-07-01 21:12:16.183 +05:30 [INF] HTTP GET /Admin/GetRecentMessages responded 200 in 473.8941 ms
2026-07-01 21:12:16.190 +05:30 [INF] Request finished HTTP/2 GET https://localhost:44341/Admin/GetUnreadMessagesCount - 200 null application/json; charset=utf-8 529.7946ms
2026-07-01 21:12:16.196 +05:30 [INF] Request finished HTTP/2 GET https://localhost:44341/Admin/GetRecentMessages - 200 null application/json; charset=utf-8 535.1539ms
2026-07-01 21:12:45.716 +05:30 [INF] Request starting HTTP/2 GET https://localhost:44341/Admin/GetRecentMessages - null null
2026-07-01 21:12:45.723 +05:30 [INF] Request starting HTTP/2 GET https://localhost:44341/Admin/GetUnreadMessagesCount - null null
2026-07-01 21:12:45.862 +05:30 [INF] Executing endpoint 'Portfolio_Management_System.Controllers.AdminController.GetRecentMessages (Portfolio Management System)'
2026-07-01 21:12:45.862 +05:30 [INF] Executing endpoint 'Portfolio_Management_System.Controllers.AdminController.GetUnreadMessagesCount (Portfolio Management System)'
2026-07-01 21:12:45.865 +05:30 [INF] Route matched with {action = "GetRecentMessages", controller = "Admin"}. Executing controller action with signature System.Threading.Tasks.Task`1[Microsoft.AspNetCore.Mvc.IActionResult] GetRecentMessages() on controller Portfolio_Management_System.Controllers.AdminController (Portfolio Management System).
2026-07-01 21:12:45.866 +05:30 [INF] Route matched with {action = "GetUnreadMessagesCount", controller = "Admin"}. Executing controller action with signature System.Threading.Tasks.Task`1[Microsoft.AspNetCore.Mvc.IActionResult] GetUnreadMessagesCount() on controller Portfolio_Management_System.Controllers.AdminController (Portfolio Management System).
2026-07-01 21:12:46.054 +05:30 [INF] Executing JsonResult, writing value of type 'System.Int32'.
2026-07-01 21:12:46.057 +05:30 [INF] Executing JsonResult, writing value of type 'System.Collections.Generic.List`1[[<>f__AnonymousType18`7[[System.Int32, System.Private.CoreLib, Version=9.0.0.0, Culture=neutral, PublicKeyToken=7cec85d7bea7798e],[System.String, System.Private.CoreLib, Version=9.0.0.0, Culture=neutral, PublicKeyToken=7cec85d7bea7798e],[System.String, System.Private.CoreLib, Version=9.0.0.0, Culture=neutral, PublicKeyToken=7cec85d7bea7798e],[System.String, System.Private.CoreLib, Version=9.0.0.0, Culture=neutral, PublicKeyToken=7cec85d7bea7798e],[System.String, System.Private.CoreLib, Version=9.0.0.0, Culture=neutral, PublicKeyToken=7cec85d7bea7798e],[System.Boolean, System.Private.CoreLib, Version=9.0.0.0, Culture=neutral, PublicKeyToken=7cec85d7bea7798e],[System.DateTime, System.Private.CoreLib, Version=9.0.0.0, Culture=neutral, PublicKeyToken=7cec85d7bea7798e]], Portfolio Management System, Version=1.0.0.0, Culture=neutral, PublicKeyToken=null]]'.
2026-07-01 21:12:46.067 +05:30 [INF] Executed action Portfolio_Management_System.Controllers.AdminController.GetUnreadMessagesCount (Portfolio Management System) in 200.8485ms
2026-07-01 21:12:46.067 +05:30 [INF] Executed action Portfolio_Management_System.Controllers.AdminController.GetRecentMessages (Portfolio Management System) in 201.2998ms
2026-07-01 21:12:46.067 +05:30 [INF] Executed endpoint 'Portfolio_Management_System.Controllers.AdminController.GetRecentMessages (Portfolio Management System)'
2026-07-01 21:12:46.067 +05:30 [INF] Executed endpoint 'Portfolio_Management_System.Controllers.AdminController.GetUnreadMessagesCount (Portfolio Management System)'
2026-07-01 21:12:46.067 +05:30 [INF] HTTP GET /Admin/GetRecentMessages responded 200 in 346.9474 ms
2026-07-01 21:12:46.072 +05:30 [INF] HTTP GET /Admin/GetUnreadMessagesCount responded 200 in 234.1535 ms
2026-07-01 21:12:46.075 +05:30 [INF] Request finished HTTP/2 GET https://localhost:44341/Admin/GetRecentMessages - 200 null application/json; charset=utf-8 379.3009ms
2026-07-01 21:12:46.083 +05:30 [INF] Request finished HTTP/2 GET https://localhost:44341/Admin/GetUnreadMessagesCount - 200 null application/json; charset=utf-8 360.9125ms
2026-07-01 21:13:15.759 +05:30 [INF] Request starting HTTP/2 GET https://localhost:44341/Admin/GetUnreadMessagesCount - null null
2026-07-01 21:13:15.759 +05:30 [INF] Request starting HTTP/2 GET https://localhost:44341/Admin/GetRecentMessages - null null
2026-07-01 21:13:15.811 +05:30 [INF] Executing endpoint 'Portfolio_Management_System.Controllers.AdminController.GetRecentMessages (Portfolio Management System)'
2026-07-01 21:13:15.811 +05:30 [INF] Executing endpoint 'Portfolio_Management_System.Controllers.AdminController.GetUnreadMessagesCount (Portfolio Management System)'
2026-07-01 21:13:15.820 +05:30 [INF] Route matched with {action = "GetRecentMessages", controller = "Admin"}. Executing controller action with signature System.Threading.Tasks.Task`1[Microsoft.AspNetCore.Mvc.IActionResult] GetRecentMessages() on controller Portfolio_Management_System.Controllers.AdminController (Portfolio Management System).
2026-07-01 21:13:15.820 +05:30 [INF] Route matched with {action = "GetUnreadMessagesCount", controller = "Admin"}. Executing controller action with signature System.Threading.Tasks.Task`1[Microsoft.AspNetCore.Mvc.IActionResult] GetUnreadMessagesCount() on controller Portfolio_Management_System.Controllers.AdminController (Portfolio Management System).
2026-07-01 21:13:16.019 +05:30 [INF] Executing JsonResult, writing value of type 'System.Int32'.
2026-07-01 21:13:16.020 +05:30 [INF] Executing JsonResult, writing value of type 'System.Collections.Generic.List`1[[<>f__AnonymousType18`7[[System.Int32, System.Private.CoreLib, Version=9.0.0.0, Culture=neutral, PublicKeyToken=7cec85d7bea7798e],[System.String, System.Private.CoreLib, Version=9.0.0.0, Culture=neutral, PublicKeyToken=7cec85d7bea7798e],[System.String, System.Private.CoreLib, Version=9.0.0.0, Culture=neutral, PublicKeyToken=7cec85d7bea7798e],[System.String, System.Private.CoreLib, Version=9.0.0.0, Culture=neutral, PublicKeyToken=7cec85d7bea7798e],[System.String, System.Private.CoreLib, Version=9.0.0.0, Culture=neutral, PublicKeyToken=7cec85d7bea7798e],[System.Boolean, System.Private.CoreLib, Version=9.0.0.0, Culture=neutral, PublicKeyToken=7cec85d7bea7798e],[System.DateTime, System.Private.CoreLib, Version=9.0.0.0, Culture=neutral, PublicKeyToken=7cec85d7bea7798e]], Portfolio Management System, Version=1.0.0.0, Culture=neutral, PublicKeyToken=null]]'.
2026-07-01 21:13:16.031 +05:30 [INF] Executed action Portfolio_Management_System.Controllers.AdminController.GetRecentMessages (Portfolio Management System) in 209.284ms
2026-07-01 21:13:16.031 +05:30 [INF] Executed action Portfolio_Management_System.Controllers.AdminController.GetUnreadMessagesCount (Portfolio Management System) in 209.2841ms
2026-07-01 21:13:16.040 +05:30 [INF] Executed endpoint 'Portfolio_Management_System.Controllers.AdminController.GetUnreadMessagesCount (Portfolio Management System)'
2026-07-01 21:13:16.040 +05:30 [INF] Executed endpoint 'Portfolio_Management_System.Controllers.AdminController.GetRecentMessages (Portfolio Management System)'
2026-07-01 21:13:16.042 +05:30 [INF] HTTP GET /Admin/GetUnreadMessagesCount responded 200 in 265.3235 ms
2026-07-01 21:13:16.042 +05:30 [INF] HTTP GET /Admin/GetRecentMessages responded 200 in 265.3362 ms
2026-07-01 21:13:16.047 +05:30 [INF] Request finished HTTP/2 GET https://localhost:44341/Admin/GetUnreadMessagesCount - 200 null application/json; charset=utf-8 328.7368ms
2026-07-01 21:13:16.051 +05:30 [INF] Request finished HTTP/2 GET https://localhost:44341/Admin/GetRecentMessages - 200 null application/json; charset=utf-8 292.651ms
2026-07-01 21:13:45.646 +05:30 [INF] Request starting HTTP/2 GET https://localhost:44341/Admin/GetUnreadMessagesCount - null null
2026-07-01 21:13:45.646 +05:30 [INF] Request starting HTTP/2 GET https://localhost:44341/Admin/GetRecentMessages - null null
2026-07-01 21:13:45.659 +05:30 [INF] Executing endpoint 'Portfolio_Management_System.Controllers.AdminController.GetRecentMessages (Portfolio Management System)'
2026-07-01 21:13:45.661 +05:30 [INF] Route matched with {action = "GetRecentMessages", controller = "Admin"}. Executing controller action with signature System.Threading.Tasks.Task`1[Microsoft.AspNetCore.Mvc.IActionResult] GetRecentMessages() on controller Portfolio_Management_System.Controllers.AdminController (Portfolio Management System).
2026-07-01 21:13:45.660 +05:30 [INF] Executing endpoint 'Portfolio_Management_System.Controllers.AdminController.GetUnreadMessagesCount (Portfolio Management System)'
2026-07-01 21:13:45.662 +05:30 [INF] Route matched with {action = "GetUnreadMessagesCount", controller = "Admin"}. Executing controller action with signature System.Threading.Tasks.Task`1[Microsoft.AspNetCore.Mvc.IActionResult] GetUnreadMessagesCount() on controller Portfolio_Management_System.Controllers.AdminController (Portfolio Management System).
2026-07-01 21:13:45.923 +05:30 [INF] Executing JsonResult, writing value of type 'System.Int32'.
2026-07-01 21:13:45.927 +05:30 [INF] Executing JsonResult, writing value of type 'System.Collections.Generic.List`1[[<>f__AnonymousType18`7[[System.Int32, System.Private.CoreLib, Version=9.0.0.0, Culture=neutral, PublicKeyToken=7cec85d7bea7798e],[System.String, System.Private.CoreLib, Version=9.0.0.0, Culture=neutral, PublicKeyToken=7cec85d7bea7798e],[System.String, System.Private.CoreLib, Version=9.0.0.0, Culture=neutral, PublicKeyToken=7cec85d7bea7798e],[System.String, System.Private.CoreLib, Version=9.0.0.0, Culture=neutral, PublicKeyToken=7cec85d7bea7798e],[System.String, System.Private.CoreLib, Version=9.0.0.0, Culture=neutral, PublicKeyToken=7cec85d7bea7798e],[System.Boolean, System.Private.CoreLib, Version=9.0.0.0, Culture=neutral, PublicKeyToken=7cec85d7bea7798e],[System.DateTime, System.Private.CoreLib, Version=9.0.0.0, Culture=neutral, PublicKeyToken=7cec85d7bea7798e]], Portfolio Management System, Version=1.0.0.0, Culture=neutral, PublicKeyToken=null]]'.
2026-07-01 21:13:45.946 +05:30 [INF] Executed action Portfolio_Management_System.Controllers.AdminController.GetRecentMessages (Portfolio Management System) in 284.7164ms
2026-07-01 21:13:45.946 +05:30 [INF] Executed endpoint 'Portfolio_Management_System.Controllers.AdminController.GetRecentMessages (Portfolio Management System)'
2026-07-01 21:13:45.948 +05:30 [INF] Executed action Portfolio_Management_System.Controllers.AdminController.GetUnreadMessagesCount (Portfolio Management System) in 285.6513ms
2026-07-01 21:13:45.948 +05:30 [INF] Executed endpoint 'Portfolio_Management_System.Controllers.AdminController.GetUnreadMessagesCount (Portfolio Management System)'
2026-07-01 21:13:45.951 +05:30 [INF] HTTP GET /Admin/GetUnreadMessagesCount responded 200 in 296.9472 ms
2026-07-01 21:13:45.951 +05:30 [INF] HTTP GET /Admin/GetRecentMessages responded 200 in 295.1290 ms
2026-07-01 21:13:45.956 +05:30 [INF] Request finished HTTP/2 GET https://localhost:44341/Admin/GetUnreadMessagesCount - 200 null application/json; charset=utf-8 355.6844ms
2026-07-01 21:13:45.955 +05:30 [INF] Request finished HTTP/2 GET https://localhost:44341/Admin/GetRecentMessages - 200 null application/json; charset=utf-8 351.7207ms
2026-07-01 21:14:15.767 +05:30 [INF] Request starting HTTP/2 GET https://localhost:44341/Admin/GetUnreadMessagesCount - null null
2026-07-01 21:14:15.909 +05:30 [INF] Request starting HTTP/2 GET https://localhost:44341/Admin/GetRecentMessages - null null
2026-07-01 21:14:15.966 +05:30 [INF] Executing endpoint 'Portfolio_Management_System.Controllers.AdminController.GetUnreadMessagesCount (Portfolio Management System)'
2026-07-01 21:14:15.966 +05:30 [INF] Executing endpoint 'Portfolio_Management_System.Controllers.AdminController.GetRecentMessages (Portfolio Management System)'
2026-07-01 21:14:15.966 +05:30 [INF] Route matched with {action = "GetRecentMessages", controller = "Admin"}. Executing controller action with signature System.Threading.Tasks.Task`1[Microsoft.AspNetCore.Mvc.IActionResult] GetRecentMessages() on controller Portfolio_Management_System.Controllers.AdminController (Portfolio Management System).
2026-07-01 21:14:15.974 +05:30 [INF] Route matched with {action = "GetUnreadMessagesCount", controller = "Admin"}. Executing controller action with signature System.Threading.Tasks.Task`1[Microsoft.AspNetCore.Mvc.IActionResult] GetUnreadMessagesCount() on controller Portfolio_Management_System.Controllers.AdminController (Portfolio Management System).
2026-07-01 21:14:16.161 +05:30 [INF] Executing JsonResult, writing value of type 'System.Int32'.
2026-07-01 21:14:16.181 +05:30 [INF] Executing JsonResult, writing value of type 'System.Collections.Generic.List`1[[<>f__AnonymousType18`7[[System.Int32, System.Private.CoreLib, Version=9.0.0.0, Culture=neutral, PublicKeyToken=7cec85d7bea7798e],[System.String, System.Private.CoreLib, Version=9.0.0.0, Culture=neutral, PublicKeyToken=7cec85d7bea7798e],[System.String, System.Private.CoreLib, Version=9.0.0.0, Culture=neutral, PublicKeyToken=7cec85d7bea7798e],[System.String, System.Private.CoreLib, Version=9.0.0.0, Culture=neutral, PublicKeyToken=7cec85d7bea7798e],[System.String, System.Private.CoreLib, Version=9.0.0.0, Culture=neutral, PublicKeyToken=7cec85d7bea7798e],[System.Boolean, System.Private.CoreLib, Version=9.0.0.0, Culture=neutral, PublicKeyToken=7cec85d7bea7798e],[System.DateTime, System.Private.CoreLib, Version=9.0.0.0, Culture=neutral, PublicKeyToken=7cec85d7bea7798e]], Portfolio Management System, Version=1.0.0.0, Culture=neutral, PublicKeyToken=null]]'.
2026-07-01 21:14:16.184 +05:30 [INF] Executed action Portfolio_Management_System.Controllers.AdminController.GetRecentMessages (Portfolio Management System) in 217.3157ms
2026-07-01 21:14:16.184 +05:30 [INF] Executed endpoint 'Portfolio_Management_System.Controllers.AdminController.GetRecentMessages (Portfolio Management System)'
2026-07-01 21:14:16.184 +05:30 [INF] HTTP GET /Admin/GetRecentMessages responded 200 in 275.0706 ms
2026-07-01 21:14:16.199 +05:30 [INF] Executed action Portfolio_Management_System.Controllers.AdminController.GetUnreadMessagesCount (Portfolio Management System) in 224.924ms
2026-07-01 21:14:16.199 +05:30 [INF] Executed endpoint 'Portfolio_Management_System.Controllers.AdminController.GetUnreadMessagesCount (Portfolio Management System)'
2026-07-01 21:14:16.200 +05:30 [INF] HTTP GET /Admin/GetUnreadMessagesCount responded 200 in 291.2891 ms
2026-07-01 21:14:16.203 +05:30 [INF] Request finished HTTP/2 GET https://localhost:44341/Admin/GetRecentMessages - 200 null application/json; charset=utf-8 294.1307ms
2026-07-01 21:14:16.218 +05:30 [INF] Request finished HTTP/2 GET https://localhost:44341/Admin/GetUnreadMessagesCount - 200 null application/json; charset=utf-8 457.6821ms
2026-07-01 21:14:45.689 +05:30 [INF] Request starting HTTP/2 GET https://localhost:44341/Admin/GetRecentMessages - null null
2026-07-01 21:14:45.691 +05:30 [INF] Executing endpoint 'Portfolio_Management_System.Controllers.AdminController.GetRecentMessages (Portfolio Management System)'
2026-07-01 21:14:45.691 +05:30 [INF] Route matched with {action = "GetRecentMessages", controller = "Admin"}. Executing controller action with signature System.Threading.Tasks.Task`1[Microsoft.AspNetCore.Mvc.IActionResult] GetRecentMessages() on controller Portfolio_Management_System.Controllers.AdminController (Portfolio Management System).
2026-07-01 21:14:46.071 +05:30 [INF] Request starting HTTP/2 GET https://localhost:44341/Admin/GetUnreadMessagesCount - null null
2026-07-01 21:14:46.072 +05:30 [INF] Executing endpoint 'Portfolio_Management_System.Controllers.AdminController.GetUnreadMessagesCount (Portfolio Management System)'
2026-07-01 21:14:46.072 +05:30 [INF] Route matched with {action = "GetUnreadMessagesCount", controller = "Admin"}. Executing controller action with signature System.Threading.Tasks.Task`1[Microsoft.AspNetCore.Mvc.IActionResult] GetUnreadMessagesCount() on controller Portfolio_Management_System.Controllers.AdminController (Portfolio Management System).
2026-07-01 21:14:46.120 +05:30 [INF] Executing JsonResult, writing value of type 'System.Collections.Generic.List`1[[<>f__AnonymousType18`7[[System.Int32, System.Private.CoreLib, Version=9.0.0.0, Culture=neutral, PublicKeyToken=7cec85d7bea7798e],[System.String, System.Private.CoreLib, Version=9.0.0.0, Culture=neutral, PublicKeyToken=7cec85d7bea7798e],[System.String, System.Private.CoreLib, Version=9.0.0.0, Culture=neutral, PublicKeyToken=7cec85d7bea7798e],[System.String, System.Private.CoreLib, Version=9.0.0.0, Culture=neutral, PublicKeyToken=7cec85d7bea7798e],[System.String, System.Private.CoreLib, Version=9.0.0.0, Culture=neutral, PublicKeyToken=7cec85d7bea7798e],[System.Boolean, System.Private.CoreLib, Version=9.0.0.0, Culture=neutral, PublicKeyToken=7cec85d7bea7798e],[System.DateTime, System.Private.CoreLib, Version=9.0.0.0, Culture=neutral, PublicKeyToken=7cec85d7bea7798e]], Portfolio Management System, Version=1.0.0.0, Culture=neutral, PublicKeyToken=null]]'.
2026-07-01 21:14:46.153 +05:30 [INF] Executed action Portfolio_Management_System.Controllers.AdminController.GetRecentMessages (Portfolio Management System) in 454.8433ms
2026-07-01 21:14:46.153 +05:30 [INF] Executed endpoint 'Portfolio_Management_System.Controllers.AdminController.GetRecentMessages (Portfolio Management System)'
2026-07-01 21:14:46.153 +05:30 [INF] HTTP GET /Admin/GetRecentMessages responded 200 in 463.0727 ms
2026-07-01 21:14:46.165 +05:30 [INF] Request finished HTTP/2 GET https://localhost:44341/Admin/GetRecentMessages - 200 null application/json; charset=utf-8 476.7711ms
2026-07-01 21:14:46.288 +05:30 [INF] Executing JsonResult, writing value of type 'System.Int32'.
2026-07-01 21:14:46.288 +05:30 [INF] Executed action Portfolio_Management_System.Controllers.AdminController.GetUnreadMessagesCount (Portfolio Management System) in 214.3306ms
2026-07-01 21:14:46.288 +05:30 [INF] Executed endpoint 'Portfolio_Management_System.Controllers.AdminController.GetUnreadMessagesCount (Portfolio Management System)'
2026-07-01 21:14:46.289 +05:30 [INF] HTTP GET /Admin/GetUnreadMessagesCount responded 200 in 217.3789 ms
2026-07-01 21:14:46.291 +05:30 [INF] Request finished HTTP/2 GET https://localhost:44341/Admin/GetUnreadMessagesCount - 200 null application/json; charset=utf-8 218.1578ms
2026-07-01 21:15:15.688 +05:30 [INF] Request starting HTTP/2 GET https://localhost:44341/Admin/GetRecentMessages - null null
2026-07-01 21:15:15.693 +05:30 [INF] Request starting HTTP/2 GET https://localhost:44341/Admin/GetUnreadMessagesCount - null null
2026-07-01 21:15:15.864 +05:30 [INF] Executing endpoint 'Portfolio_Management_System.Controllers.AdminController.GetUnreadMessagesCount (Portfolio Management System)'
2026-07-01 21:15:15.904 +05:30 [INF] Route matched with {action = "GetUnreadMessagesCount", controller = "Admin"}. Executing controller action with signature System.Threading.Tasks.Task`1[Microsoft.AspNetCore.Mvc.IActionResult] GetUnreadMessagesCount() on controller Portfolio_Management_System.Controllers.AdminController (Portfolio Management System).
2026-07-01 21:15:15.911 +05:30 [INF] Executing endpoint 'Portfolio_Management_System.Controllers.AdminController.GetRecentMessages (Portfolio Management System)'
2026-07-01 21:15:15.912 +05:30 [INF] Route matched with {action = "GetRecentMessages", controller = "Admin"}. Executing controller action with signature System.Threading.Tasks.Task`1[Microsoft.AspNetCore.Mvc.IActionResult] GetRecentMessages() on controller Portfolio_Management_System.Controllers.AdminController (Portfolio Management System).
2026-07-01 21:15:16.117 +05:30 [INF] Executing JsonResult, writing value of type 'System.Int32'.
2026-07-01 21:15:16.120 +05:30 [INF] Executing JsonResult, writing value of type 'System.Collections.Generic.List`1[[<>f__AnonymousType18`7[[System.Int32, System.Private.CoreLib, Version=9.0.0.0, Culture=neutral, PublicKeyToken=7cec85d7bea7798e],[System.String, System.Private.CoreLib, Version=9.0.0.0, Culture=neutral, PublicKeyToken=7cec85d7bea7798e],[System.String, System.Private.CoreLib, Version=9.0.0.0, Culture=neutral, PublicKeyToken=7cec85d7bea7798e],[System.String, System.Private.CoreLib, Version=9.0.0.0, Culture=neutral, PublicKeyToken=7cec85d7bea7798e],[System.String, System.Private.CoreLib, Version=9.0.0.0, Culture=neutral, PublicKeyToken=7cec85d7bea7798e],[System.Boolean, System.Private.CoreLib, Version=9.0.0.0, Culture=neutral, PublicKeyToken=7cec85d7bea7798e],[System.DateTime, System.Private.CoreLib, Version=9.0.0.0, Culture=neutral, PublicKeyToken=7cec85d7bea7798e]], Portfolio Management System, Version=1.0.0.0, Culture=neutral, PublicKeyToken=null]]'.
2026-07-01 21:15:16.120 +05:30 [INF] Executed action Portfolio_Management_System.Controllers.AdminController.GetUnreadMessagesCount (Portfolio Management System) in 215.3529ms
2026-07-01 21:15:16.120 +05:30 [INF] Executed endpoint 'Portfolio_Management_System.Controllers.AdminController.GetUnreadMessagesCount (Portfolio Management System)'
2026-07-01 21:15:16.120 +05:30 [INF] HTTP GET /Admin/GetUnreadMessagesCount responded 200 in 423.5848 ms
2026-07-01 21:15:16.127 +05:30 [INF] Executed action Portfolio_Management_System.Controllers.AdminController.GetRecentMessages (Portfolio Management System) in 215.215ms
2026-07-01 21:15:16.128 +05:30 [INF] Executed endpoint 'Portfolio_Management_System.Controllers.AdminController.GetRecentMessages (Portfolio Management System)'
2026-07-01 21:15:16.128 +05:30 [INF] HTTP GET /Admin/GetRecentMessages responded 200 in 425.1566 ms
2026-07-01 21:15:16.129 +05:30 [INF] Request finished HTTP/2 GET https://localhost:44341/Admin/GetRecentMessages - 200 null application/json; charset=utf-8 447.0648ms
2026-07-01 21:15:16.130 +05:30 [INF] Request finished HTTP/2 GET https://localhost:44341/Admin/GetUnreadMessagesCount - 200 null application/json; charset=utf-8 436.6573ms
2026-07-01 21:15:45.597 +05:30 [INF] Request starting HTTP/2 GET https://localhost:44341/Admin/GetRecentMessages - null null
2026-07-01 21:15:45.609 +05:30 [INF] Request starting HTTP/2 GET https://localhost:44341/Admin/GetUnreadMessagesCount - null null
2026-07-01 21:15:45.651 +05:30 [INF] Executing endpoint 'Portfolio_Management_System.Controllers.AdminController.GetUnreadMessagesCount (Portfolio Management System)'
2026-07-01 21:15:45.652 +05:30 [INF] Route matched with {action = "GetUnreadMessagesCount", controller = "Admin"}. Executing controller action with signature System.Threading.Tasks.Task`1[Microsoft.AspNetCore.Mvc.IActionResult] GetUnreadMessagesCount() on controller Portfolio_Management_System.Controllers.AdminController (Portfolio Management System).
2026-07-01 21:15:45.652 +05:30 [INF] Executing endpoint 'Portfolio_Management_System.Controllers.AdminController.GetRecentMessages (Portfolio Management System)'
2026-07-01 21:15:45.653 +05:30 [INF] Route matched with {action = "GetRecentMessages", controller = "Admin"}. Executing controller action with signature System.Threading.Tasks.Task`1[Microsoft.AspNetCore.Mvc.IActionResult] GetRecentMessages() on controller Portfolio_Management_System.Controllers.AdminController (Portfolio Management System).
2026-07-01 21:15:45.824 +05:30 [INF] Executing JsonResult, writing value of type 'System.Int32'.
2026-07-01 21:15:45.826 +05:30 [INF] Executed action Portfolio_Management_System.Controllers.AdminController.GetUnreadMessagesCount (Portfolio Management System) in 173.7866ms
2026-07-01 21:15:45.826 +05:30 [INF] Executed endpoint 'Portfolio_Management_System.Controllers.AdminController.GetUnreadMessagesCount (Portfolio Management System)'
2026-07-01 21:15:45.831 +05:30 [INF] Executing JsonResult, writing value of type 'System.Collections.Generic.List`1[[<>f__AnonymousType18`7[[System.Int32, System.Private.CoreLib, Version=9.0.0.0, Culture=neutral, PublicKeyToken=7cec85d7bea7798e],[System.String, System.Private.CoreLib, Version=9.0.0.0, Culture=neutral, PublicKeyToken=7cec85d7bea7798e],[System.String, System.Private.CoreLib, Version=9.0.0.0, Culture=neutral, PublicKeyToken=7cec85d7bea7798e],[System.String, System.Private.CoreLib, Version=9.0.0.0, Culture=neutral, PublicKeyToken=7cec85d7bea7798e],[System.String, System.Private.CoreLib, Version=9.0.0.0, Culture=neutral, PublicKeyToken=7cec85d7bea7798e],[System.Boolean, System.Private.CoreLib, Version=9.0.0.0, Culture=neutral, PublicKeyToken=7cec85d7bea7798e],[System.DateTime, System.Private.CoreLib, Version=9.0.0.0, Culture=neutral, PublicKeyToken=7cec85d7bea7798e]], Portfolio Management System, Version=1.0.0.0, Culture=neutral, PublicKeyToken=null]]'.
2026-07-01 21:15:45.831 +05:30 [INF] HTTP GET /Admin/GetUnreadMessagesCount responded 200 in 183.2711 ms
2026-07-01 21:15:45.833 +05:30 [INF] Request finished HTTP/2 GET https://localhost:44341/Admin/GetUnreadMessagesCount - 200 null application/json; charset=utf-8 223.7919ms
2026-07-01 21:15:45.837 +05:30 [INF] Executed action Portfolio_Management_System.Controllers.AdminController.GetRecentMessages (Portfolio Management System) in 183.4503ms
2026-07-01 21:15:45.837 +05:30 [INF] Executed endpoint 'Portfolio_Management_System.Controllers.AdminController.GetRecentMessages (Portfolio Management System)'
2026-07-01 21:15:45.837 +05:30 [INF] HTTP GET /Admin/GetRecentMessages responded 200 in 229.4646 ms
2026-07-01 21:15:45.841 +05:30 [INF] Request finished HTTP/2 GET https://localhost:44341/Admin/GetRecentMessages - 200 null application/json; charset=utf-8 243.7598ms
2026-07-01 21:16:15.608 +05:30 [INF] Request starting HTTP/2 GET https://localhost:44341/Admin/GetRecentMessages - null null
2026-07-01 21:16:15.791 +05:30 [INF] Request starting HTTP/2 GET https://localhost:44341/Admin/GetUnreadMessagesCount - null null
2026-07-01 21:16:15.796 +05:30 [INF] Executing endpoint 'Portfolio_Management_System.Controllers.AdminController.GetRecentMessages (Portfolio Management System)'
2026-07-01 21:16:15.815 +05:30 [INF] Route matched with {action = "GetRecentMessages", controller = "Admin"}. Executing controller action with signature System.Threading.Tasks.Task`1[Microsoft.AspNetCore.Mvc.IActionResult] GetRecentMessages() on controller Portfolio_Management_System.Controllers.AdminController (Portfolio Management System).
2026-07-01 21:16:15.818 +05:30 [INF] Executing endpoint 'Portfolio_Management_System.Controllers.AdminController.GetUnreadMessagesCount (Portfolio Management System)'
2026-07-01 21:16:15.900 +05:30 [INF] Route matched with {action = "GetUnreadMessagesCount", controller = "Admin"}. Executing controller action with signature System.Threading.Tasks.Task`1[Microsoft.AspNetCore.Mvc.IActionResult] GetUnreadMessagesCount() on controller Portfolio_Management_System.Controllers.AdminController (Portfolio Management System).
2026-07-01 21:16:16.079 +05:30 [INF] Executing JsonResult, writing value of type 'System.Collections.Generic.List`1[[<>f__AnonymousType18`7[[System.Int32, System.Private.CoreLib, Version=9.0.0.0, Culture=neutral, PublicKeyToken=7cec85d7bea7798e],[System.String, System.Private.CoreLib, Version=9.0.0.0, Culture=neutral, PublicKeyToken=7cec85d7bea7798e],[System.String, System.Private.CoreLib, Version=9.0.0.0, Culture=neutral, PublicKeyToken=7cec85d7bea7798e],[System.String, System.Private.CoreLib, Version=9.0.0.0, Culture=neutral, PublicKeyToken=7cec85d7bea7798e],[System.String, System.Private.CoreLib, Version=9.0.0.0, Culture=neutral, PublicKeyToken=7cec85d7bea7798e],[System.Boolean, System.Private.CoreLib, Version=9.0.0.0, Culture=neutral, PublicKeyToken=7cec85d7bea7798e],[System.DateTime, System.Private.CoreLib, Version=9.0.0.0, Culture=neutral, PublicKeyToken=7cec85d7bea7798e]], Portfolio Management System, Version=1.0.0.0, Culture=neutral, PublicKeyToken=null]]'.
2026-07-01 21:16:16.096 +05:30 [INF] Executing JsonResult, writing value of type 'System.Int32'.
2026-07-01 21:16:16.105 +05:30 [INF] Executed action Portfolio_Management_System.Controllers.AdminController.GetRecentMessages (Portfolio Management System) in 278.1223ms
2026-07-01 21:16:16.106 +05:30 [INF] Executed endpoint 'Portfolio_Management_System.Controllers.AdminController.GetRecentMessages (Portfolio Management System)'
2026-07-01 21:16:16.158 +05:30 [INF] HTTP GET /Admin/GetRecentMessages responded 200 in 548.7507 ms
2026-07-01 21:16:16.159 +05:30 [INF] Request finished HTTP/2 GET https://localhost:44341/Admin/GetRecentMessages - 200 null application/json; charset=utf-8 551.1602ms
2026-07-01 21:16:16.162 +05:30 [INF] Executed action Portfolio_Management_System.Controllers.AdminController.GetUnreadMessagesCount (Portfolio Management System) in 261.4944ms
2026-07-01 21:16:16.162 +05:30 [INF] Executed endpoint 'Portfolio_Management_System.Controllers.AdminController.GetUnreadMessagesCount (Portfolio Management System)'
2026-07-01 21:16:16.166 +05:30 [INF] HTTP GET /Admin/GetUnreadMessagesCount responded 200 in 373.9031 ms
2026-07-01 21:16:16.166 +05:30 [INF] Request finished HTTP/2 GET https://localhost:44341/Admin/GetUnreadMessagesCount - 200 null application/json; charset=utf-8 441.85ms
2026-07-01 21:16:45.622 +05:30 [INF] Request starting HTTP/2 GET https://localhost:44341/Admin/GetRecentMessages - null null
2026-07-01 21:16:45.696 +05:30 [INF] Request starting HTTP/2 GET https://localhost:44341/Admin/GetUnreadMessagesCount - null null
2026-07-01 21:16:45.707 +05:30 [INF] Executing endpoint 'Portfolio_Management_System.Controllers.AdminController.GetRecentMessages (Portfolio Management System)'
2026-07-01 21:16:45.708 +05:30 [INF] Executing endpoint 'Portfolio_Management_System.Controllers.AdminController.GetUnreadMessagesCount (Portfolio Management System)'
2026-07-01 21:16:45.710 +05:30 [INF] Route matched with {action = "GetUnreadMessagesCount", controller = "Admin"}. Executing controller action with signature System.Threading.Tasks.Task`1[Microsoft.AspNetCore.Mvc.IActionResult] GetUnreadMessagesCount() on controller Portfolio_Management_System.Controllers.AdminController (Portfolio Management System).
2026-07-01 21:16:45.710 +05:30 [INF] Route matched with {action = "GetRecentMessages", controller = "Admin"}. Executing controller action with signature System.Threading.Tasks.Task`1[Microsoft.AspNetCore.Mvc.IActionResult] GetRecentMessages() on controller Portfolio_Management_System.Controllers.AdminController (Portfolio Management System).
2026-07-01 21:16:45.910 +05:30 [INF] Executing JsonResult, writing value of type 'System.Collections.Generic.List`1[[<>f__AnonymousType18`7[[System.Int32, System.Private.CoreLib, Version=9.0.0.0, Culture=neutral, PublicKeyToken=7cec85d7bea7798e],[System.String, System.Private.CoreLib, Version=9.0.0.0, Culture=neutral, PublicKeyToken=7cec85d7bea7798e],[System.String, System.Private.CoreLib, Version=9.0.0.0, Culture=neutral, PublicKeyToken=7cec85d7bea7798e],[System.String, System.Private.CoreLib, Version=9.0.0.0, Culture=neutral, PublicKeyToken=7cec85d7bea7798e],[System.String, System.Private.CoreLib, Version=9.0.0.0, Culture=neutral, PublicKeyToken=7cec85d7bea7798e],[System.Boolean, System.Private.CoreLib, Version=9.0.0.0, Culture=neutral, PublicKeyToken=7cec85d7bea7798e],[System.DateTime, System.Private.CoreLib, Version=9.0.0.0, Culture=neutral, PublicKeyToken=7cec85d7bea7798e]], Portfolio Management System, Version=1.0.0.0, Culture=neutral, PublicKeyToken=null]]'.
2026-07-01 21:16:45.917 +05:30 [INF] Executing JsonResult, writing value of type 'System.Int32'.
2026-07-01 21:16:45.918 +05:30 [INF] Executed action Portfolio_Management_System.Controllers.AdminController.GetUnreadMessagesCount (Portfolio Management System) in 207.7856ms
2026-07-01 21:16:45.919 +05:30 [INF] Executed action Portfolio_Management_System.Controllers.AdminController.GetRecentMessages (Portfolio Management System) in 208.0443ms
2026-07-01 21:16:45.919 +05:30 [INF] Executed endpoint 'Portfolio_Management_System.Controllers.AdminController.GetRecentMessages (Portfolio Management System)'
2026-07-01 21:16:45.921 +05:30 [INF] Executed endpoint 'Portfolio_Management_System.Controllers.AdminController.GetUnreadMessagesCount (Portfolio Management System)'
2026-07-01 21:16:45.921 +05:30 [INF] HTTP GET /Admin/GetRecentMessages responded 200 in 298.0246 ms
2026-07-01 21:16:45.926 +05:30 [INF] Request finished HTTP/2 GET https://localhost:44341/Admin/GetRecentMessages - 200 null application/json; charset=utf-8 303.9585ms
2026-07-01 21:16:45.921 +05:30 [INF] HTTP GET /Admin/GetUnreadMessagesCount responded 200 in 213.5902 ms
2026-07-01 21:16:45.929 +05:30 [INF] Request finished HTTP/2 GET https://localhost:44341/Admin/GetUnreadMessagesCount - 200 null application/json; charset=utf-8 233.928ms
2026-07-01 21:17:15.664 +05:30 [INF] Request starting HTTP/2 GET https://localhost:44341/Admin/GetRecentMessages - null null
2026-07-01 21:17:15.707 +05:30 [INF] Request starting HTTP/2 GET https://localhost:44341/Admin/GetUnreadMessagesCount - null null
2026-07-01 21:17:15.786 +05:30 [INF] Executing endpoint 'Portfolio_Management_System.Controllers.AdminController.GetUnreadMessagesCount (Portfolio Management System)'
2026-07-01 21:17:15.786 +05:30 [INF] Executing endpoint 'Portfolio_Management_System.Controllers.AdminController.GetRecentMessages (Portfolio Management System)'
2026-07-01 21:17:15.786 +05:30 [INF] Route matched with {action = "GetRecentMessages", controller = "Admin"}. Executing controller action with signature System.Threading.Tasks.Task`1[Microsoft.AspNetCore.Mvc.IActionResult] GetRecentMessages() on controller Portfolio_Management_System.Controllers.AdminController (Portfolio Management System).
2026-07-01 21:17:15.786 +05:30 [INF] Route matched with {action = "GetUnreadMessagesCount", controller = "Admin"}. Executing controller action with signature System.Threading.Tasks.Task`1[Microsoft.AspNetCore.Mvc.IActionResult] GetUnreadMessagesCount() on controller Portfolio_Management_System.Controllers.AdminController (Portfolio Management System).
2026-07-01 21:17:15.956 +05:30 [INF] Executing JsonResult, writing value of type 'System.Collections.Generic.List`1[[<>f__AnonymousType18`7[[System.Int32, System.Private.CoreLib, Version=9.0.0.0, Culture=neutral, PublicKeyToken=7cec85d7bea7798e],[System.String, System.Private.CoreLib, Version=9.0.0.0, Culture=neutral, PublicKeyToken=7cec85d7bea7798e],[System.String, System.Private.CoreLib, Version=9.0.0.0, Culture=neutral, PublicKeyToken=7cec85d7bea7798e],[System.String, System.Private.CoreLib, Version=9.0.0.0, Culture=neutral, PublicKeyToken=7cec85d7bea7798e],[System.String, System.Private.CoreLib, Version=9.0.0.0, Culture=neutral, PublicKeyToken=7cec85d7bea7798e],[System.Boolean, System.Private.CoreLib, Version=9.0.0.0, Culture=neutral, PublicKeyToken=7cec85d7bea7798e],[System.DateTime, System.Private.CoreLib, Version=9.0.0.0, Culture=neutral, PublicKeyToken=7cec85d7bea7798e]], Portfolio Management System, Version=1.0.0.0, Culture=neutral, PublicKeyToken=null]]'.
2026-07-01 21:17:15.959 +05:30 [INF] Executed action Portfolio_Management_System.Controllers.AdminController.GetRecentMessages (Portfolio Management System) in 172.5126ms
2026-07-01 21:17:15.959 +05:30 [INF] Executed endpoint 'Portfolio_Management_System.Controllers.AdminController.GetRecentMessages (Portfolio Management System)'
2026-07-01 21:17:15.959 +05:30 [INF] HTTP GET /Admin/GetRecentMessages responded 200 in 293.6415 ms
2026-07-01 21:17:15.959 +05:30 [INF] Request finished HTTP/2 GET https://localhost:44341/Admin/GetRecentMessages - 200 null application/json; charset=utf-8 295.1281ms
2026-07-01 21:17:15.961 +05:30 [INF] Executing JsonResult, writing value of type 'System.Int32'.
2026-07-01 21:17:15.970 +05:30 [INF] Executed action Portfolio_Management_System.Controllers.AdminController.GetUnreadMessagesCount (Portfolio Management System) in 184.318ms
2026-07-01 21:17:15.988 +05:30 [INF] Executed endpoint 'Portfolio_Management_System.Controllers.AdminController.GetUnreadMessagesCount (Portfolio Management System)'
2026-07-01 21:17:15.988 +05:30 [INF] HTTP GET /Admin/GetUnreadMessagesCount responded 200 in 248.2480 ms
2026-07-01 21:17:15.989 +05:30 [INF] Request finished HTTP/2 GET https://localhost:44341/Admin/GetUnreadMessagesCount - 200 null application/json; charset=utf-8 282.1722ms
2026-07-01 21:17:45.621 +05:30 [INF] Request starting HTTP/2 GET https://localhost:44341/Admin/GetUnreadMessagesCount - null null
2026-07-01 21:17:45.621 +05:30 [INF] Executing endpoint 'Portfolio_Management_System.Controllers.AdminController.GetUnreadMessagesCount (Portfolio Management System)'
2026-07-01 21:17:45.622 +05:30 [INF] Route matched with {action = "GetUnreadMessagesCount", controller = "Admin"}. Executing controller action with signature System.Threading.Tasks.Task`1[Microsoft.AspNetCore.Mvc.IActionResult] GetUnreadMessagesCount() on controller Portfolio_Management_System.Controllers.AdminController (Portfolio Management System).
2026-07-01 21:17:45.650 +05:30 [INF] Request starting HTTP/2 GET https://localhost:44341/Admin/GetRecentMessages - null null
2026-07-01 21:17:45.688 +05:30 [INF] Executing endpoint 'Portfolio_Management_System.Controllers.AdminController.GetRecentMessages (Portfolio Management System)'
2026-07-01 21:17:45.689 +05:30 [INF] Route matched with {action = "GetRecentMessages", controller = "Admin"}. Executing controller action with signature System.Threading.Tasks.Task`1[Microsoft.AspNetCore.Mvc.IActionResult] GetRecentMessages() on controller Portfolio_Management_System.Controllers.AdminController (Portfolio Management System).
2026-07-01 21:17:45.816 +05:30 [INF] Executing JsonResult, writing value of type 'System.Int32'.
2026-07-01 21:17:45.818 +05:30 [INF] Executed action Portfolio_Management_System.Controllers.AdminController.GetUnreadMessagesCount (Portfolio Management System) in 196.0285ms
2026-07-01 21:17:45.818 +05:30 [INF] Executed endpoint 'Portfolio_Management_System.Controllers.AdminController.GetUnreadMessagesCount (Portfolio Management System)'
2026-07-01 21:17:45.818 +05:30 [INF] HTTP GET /Admin/GetUnreadMessagesCount responded 200 in 197.3993 ms
2026-07-01 21:17:45.820 +05:30 [INF] Request finished HTTP/2 GET https://localhost:44341/Admin/GetUnreadMessagesCount - 200 null application/json; charset=utf-8 199.4185ms
2026-07-01 21:17:45.864 +05:30 [INF] Executing JsonResult, writing value of type 'System.Collections.Generic.List`1[[<>f__AnonymousType18`7[[System.Int32, System.Private.CoreLib, Version=9.0.0.0, Culture=neutral, PublicKeyToken=7cec85d7bea7798e],[System.String, System.Private.CoreLib, Version=9.0.0.0, Culture=neutral, PublicKeyToken=7cec85d7bea7798e],[System.String, System.Private.CoreLib, Version=9.0.0.0, Culture=neutral, PublicKeyToken=7cec85d7bea7798e],[System.String, System.Private.CoreLib, Version=9.0.0.0, Culture=neutral, PublicKeyToken=7cec85d7bea7798e],[System.String, System.Private.CoreLib, Version=9.0.0.0, Culture=neutral, PublicKeyToken=7cec85d7bea7798e],[System.Boolean, System.Private.CoreLib, Version=9.0.0.0, Culture=neutral, PublicKeyToken=7cec85d7bea7798e],[System.DateTime, System.Private.CoreLib, Version=9.0.0.0, Culture=neutral, PublicKeyToken=7cec85d7bea7798e]], Portfolio Management System, Version=1.0.0.0, Culture=neutral, PublicKeyToken=null]]'.
2026-07-01 21:17:45.865 +05:30 [INF] Executed action Portfolio_Management_System.Controllers.AdminController.GetRecentMessages (Portfolio Management System) in 176.0337ms
2026-07-01 21:17:45.865 +05:30 [INF] Executed endpoint 'Portfolio_Management_System.Controllers.AdminController.GetRecentMessages (Portfolio Management System)'
2026-07-01 21:17:45.865 +05:30 [INF] HTTP GET /Admin/GetRecentMessages responded 200 in 177.4326 ms
2026-07-01 21:17:45.866 +05:30 [INF] Request finished HTTP/2 GET https://localhost:44341/Admin/GetRecentMessages - 200 null application/json; charset=utf-8 216.4239ms
2026-07-01 21:18:15.660 +05:30 [INF] Request starting HTTP/2 GET https://localhost:44341/Admin/GetRecentMessages - null null
2026-07-01 21:18:15.667 +05:30 [INF] Executing endpoint 'Portfolio_Management_System.Controllers.AdminController.GetRecentMessages (Portfolio Management System)'
2026-07-01 21:18:15.711 +05:30 [INF] Route matched with {action = "GetRecentMessages", controller = "Admin"}. Executing controller action with signature System.Threading.Tasks.Task`1[Microsoft.AspNetCore.Mvc.IActionResult] GetRecentMessages() on controller Portfolio_Management_System.Controllers.AdminController (Portfolio Management System).
2026-07-01 21:18:16.056 +05:30 [INF] Request starting HTTP/2 GET https://localhost:44341/Admin/GetUnreadMessagesCount - null null
2026-07-01 21:18:16.057 +05:30 [INF] Executing endpoint 'Portfolio_Management_System.Controllers.AdminController.GetUnreadMessagesCount (Portfolio Management System)'
2026-07-01 21:18:16.057 +05:30 [INF] Route matched with {action = "GetUnreadMessagesCount", controller = "Admin"}. Executing controller action with signature System.Threading.Tasks.Task`1[Microsoft.AspNetCore.Mvc.IActionResult] GetUnreadMessagesCount() on controller Portfolio_Management_System.Controllers.AdminController (Portfolio Management System).
2026-07-01 21:18:16.071 +05:30 [INF] Executing JsonResult, writing value of type 'System.Collections.Generic.List`1[[<>f__AnonymousType18`7[[System.Int32, System.Private.CoreLib, Version=9.0.0.0, Culture=neutral, PublicKeyToken=7cec85d7bea7798e],[System.String, System.Private.CoreLib, Version=9.0.0.0, Culture=neutral, PublicKeyToken=7cec85d7bea7798e],[System.String, System.Private.CoreLib, Version=9.0.0.0, Culture=neutral, PublicKeyToken=7cec85d7bea7798e],[System.String, System.Private.CoreLib, Version=9.0.0.0, Culture=neutral, PublicKeyToken=7cec85d7bea7798e],[System.String, System.Private.CoreLib, Version=9.0.0.0, Culture=neutral, PublicKeyToken=7cec85d7bea7798e],[System.Boolean, System.Private.CoreLib, Version=9.0.0.0, Culture=neutral, PublicKeyToken=7cec85d7bea7798e],[System.DateTime, System.Private.CoreLib, Version=9.0.0.0, Culture=neutral, PublicKeyToken=7cec85d7bea7798e]], Portfolio Management System, Version=1.0.0.0, Culture=neutral, PublicKeyToken=null]]'.
2026-07-01 21:18:16.072 +05:30 [INF] Executed action Portfolio_Management_System.Controllers.AdminController.GetRecentMessages (Portfolio Management System) in 361.064ms
2026-07-01 21:18:16.072 +05:30 [INF] Executed endpoint 'Portfolio_Management_System.Controllers.AdminController.GetRecentMessages (Portfolio Management System)'
2026-07-01 21:18:16.072 +05:30 [INF] HTTP GET /Admin/GetRecentMessages responded 200 in 411.1075 ms
2026-07-01 21:18:16.097 +05:30 [INF] Request finished HTTP/2 GET https://localhost:44341/Admin/GetRecentMessages - 200 null application/json; charset=utf-8 437.5703ms
2026-07-01 21:18:16.240 +05:30 [INF] Executing JsonResult, writing value of type 'System.Int32'.
2026-07-01 21:18:16.241 +05:30 [INF] Executed action Portfolio_Management_System.Controllers.AdminController.GetUnreadMessagesCount (Portfolio Management System) in 183.478ms
2026-07-01 21:18:16.241 +05:30 [INF] Executed endpoint 'Portfolio_Management_System.Controllers.AdminController.GetUnreadMessagesCount (Portfolio Management System)'
2026-07-01 21:18:16.241 +05:30 [INF] HTTP GET /Admin/GetUnreadMessagesCount responded 200 in 184.7643 ms
2026-07-01 21:18:16.242 +05:30 [INF] Request finished HTTP/2 GET https://localhost:44341/Admin/GetUnreadMessagesCount - 200 null application/json; charset=utf-8 231.6491ms
2026-07-01 21:18:46.542 +05:30 [INF] Request starting HTTP/2 GET https://localhost:44341/Admin/GetUnreadMessagesCount - null null
2026-07-01 21:18:46.910 +05:30 [INF] Executing endpoint 'Portfolio_Management_System.Controllers.AdminController.GetUnreadMessagesCount (Portfolio Management System)'
2026-07-01 21:18:46.911 +05:30 [INF] Route matched with {action = "GetUnreadMessagesCount", controller = "Admin"}. Executing controller action with signature System.Threading.Tasks.Task`1[Microsoft.AspNetCore.Mvc.IActionResult] GetUnreadMessagesCount() on controller Portfolio_Management_System.Controllers.AdminController (Portfolio Management System).
2026-07-01 21:18:47.848 +05:30 [INF] Request starting HTTP/2 GET https://localhost:44341/Admin/GetRecentMessages - null null
2026-07-01 21:18:47.941 +05:30 [INF] Executing endpoint 'Portfolio_Management_System.Controllers.AdminController.GetRecentMessages (Portfolio Management System)'
2026-07-01 21:18:47.945 +05:30 [INF] Executing JsonResult, writing value of type 'System.Int32'.
2026-07-01 21:18:47.948 +05:30 [INF] Route matched with {action = "GetRecentMessages", controller = "Admin"}. Executing controller action with signature System.Threading.Tasks.Task`1[Microsoft.AspNetCore.Mvc.IActionResult] GetRecentMessages() on controller Portfolio_Management_System.Controllers.AdminController (Portfolio Management System).
2026-07-01 21:18:47.964 +05:30 [INF] Executed action Portfolio_Management_System.Controllers.AdminController.GetUnreadMessagesCount (Portfolio Management System) in 1052.4547ms
2026-07-01 21:18:47.964 +05:30 [INF] Executed endpoint 'Portfolio_Management_System.Controllers.AdminController.GetUnreadMessagesCount (Portfolio Management System)'
2026-07-01 21:18:47.964 +05:30 [INF] HTTP GET /Admin/GetUnreadMessagesCount responded 200 in 1056.7946 ms
2026-07-01 21:18:47.971 +05:30 [INF] Request finished HTTP/2 GET https://localhost:44341/Admin/GetUnreadMessagesCount - 200 null application/json; charset=utf-8 1442.9246ms
2026-07-01 21:18:48.219 +05:30 [INF] Executing JsonResult, writing value of type 'System.Collections.Generic.List`1[[<>f__AnonymousType18`7[[System.Int32, System.Private.CoreLib, Version=9.0.0.0, Culture=neutral, PublicKeyToken=7cec85d7bea7798e],[System.String, System.Private.CoreLib, Version=9.0.0.0, Culture=neutral, PublicKeyToken=7cec85d7bea7798e],[System.String, System.Private.CoreLib, Version=9.0.0.0, Culture=neutral, PublicKeyToken=7cec85d7bea7798e],[System.String, System.Private.CoreLib, Version=9.0.0.0, Culture=neutral, PublicKeyToken=7cec85d7bea7798e],[System.String, System.Private.CoreLib, Version=9.0.0.0, Culture=neutral, PublicKeyToken=7cec85d7bea7798e],[System.Boolean, System.Private.CoreLib, Version=9.0.0.0, Culture=neutral, PublicKeyToken=7cec85d7bea7798e],[System.DateTime, System.Private.CoreLib, Version=9.0.0.0, Culture=neutral, PublicKeyToken=7cec85d7bea7798e]], Portfolio Management System, Version=1.0.0.0, Culture=neutral, PublicKeyToken=null]]'.
2026-07-01 21:18:48.219 +05:30 [INF] Executed action Portfolio_Management_System.Controllers.AdminController.GetRecentMessages (Portfolio Management System) in 271.3356ms
2026-07-01 21:18:48.241 +05:30 [INF] Executed endpoint 'Portfolio_Management_System.Controllers.AdminController.GetRecentMessages (Portfolio Management System)'
2026-07-01 21:18:48.242 +05:30 [INF] HTTP GET /Admin/GetRecentMessages responded 200 in 390.9651 ms
2026-07-01 21:18:48.243 +05:30 [INF] Request finished HTTP/2 GET https://localhost:44341/Admin/GetRecentMessages - 200 null application/json; charset=utf-8 395.9944ms
2026-07-01 21:19:15.614 +05:30 [INF] Request starting HTTP/2 GET https://localhost:44341/Admin/GetRecentMessages - null null
2026-07-01 21:19:15.620 +05:30 [INF] Request starting HTTP/2 GET https://localhost:44341/Admin/GetUnreadMessagesCount - null null
2026-07-01 21:19:15.621 +05:30 [INF] Executing endpoint 'Portfolio_Management_System.Controllers.AdminController.GetUnreadMessagesCount (Portfolio Management System)'
2026-07-01 21:19:15.621 +05:30 [INF] Route matched with {action = "GetUnreadMessagesCount", controller = "Admin"}. Executing controller action with signature System.Threading.Tasks.Task`1[Microsoft.AspNetCore.Mvc.IActionResult] GetUnreadMessagesCount() on controller Portfolio_Management_System.Controllers.AdminController (Portfolio Management System).
2026-07-01 21:19:15.622 +05:30 [INF] Executing endpoint 'Portfolio_Management_System.Controllers.AdminController.GetRecentMessages (Portfolio Management System)'
2026-07-01 21:19:15.623 +05:30 [INF] Route matched with {action = "GetRecentMessages", controller = "Admin"}. Executing controller action with signature System.Threading.Tasks.Task`1[Microsoft.AspNetCore.Mvc.IActionResult] GetRecentMessages() on controller Portfolio_Management_System.Controllers.AdminController (Portfolio Management System).
2026-07-01 21:19:15.792 +05:30 [INF] Executing JsonResult, writing value of type 'System.Int32'.
2026-07-01 21:19:15.794 +05:30 [INF] Executed action Portfolio_Management_System.Controllers.AdminController.GetUnreadMessagesCount (Portfolio Management System) in 172.4415ms
2026-07-01 21:19:15.794 +05:30 [INF] Executed endpoint 'Portfolio_Management_System.Controllers.AdminController.GetUnreadMessagesCount (Portfolio Management System)'
2026-07-01 21:19:15.794 +05:30 [INF] HTTP GET /Admin/GetUnreadMessagesCount responded 200 in 173.6323 ms
2026-07-01 21:19:15.795 +05:30 [INF] Request finished HTTP/2 GET https://localhost:44341/Admin/GetUnreadMessagesCount - 200 null application/json; charset=utf-8 177.3957ms
2026-07-01 21:19:15.806 +05:30 [INF] Executing JsonResult, writing value of type 'System.Collections.Generic.List`1[[<>f__AnonymousType18`7[[System.Int32, System.Private.CoreLib, Version=9.0.0.0, Culture=neutral, PublicKeyToken=7cec85d7bea7798e],[System.String, System.Private.CoreLib, Version=9.0.0.0, Culture=neutral, PublicKeyToken=7cec85d7bea7798e],[System.String, System.Private.CoreLib, Version=9.0.0.0, Culture=neutral, PublicKeyToken=7cec85d7bea7798e],[System.String, System.Private.CoreLib, Version=9.0.0.0, Culture=neutral, PublicKeyToken=7cec85d7bea7798e],[System.String, System.Private.CoreLib, Version=9.0.0.0, Culture=neutral, PublicKeyToken=7cec85d7bea7798e],[System.Boolean, System.Private.CoreLib, Version=9.0.0.0, Culture=neutral, PublicKeyToken=7cec85d7bea7798e],[System.DateTime, System.Private.CoreLib, Version=9.0.0.0, Culture=neutral, PublicKeyToken=7cec85d7bea7798e]], Portfolio Management System, Version=1.0.0.0, Culture=neutral, PublicKeyToken=null]]'.
2026-07-01 21:19:15.812 +05:30 [INF] Executed action Portfolio_Management_System.Controllers.AdminController.GetRecentMessages (Portfolio Management System) in 188.2464ms
2026-07-01 21:19:15.812 +05:30 [INF] Executed endpoint 'Portfolio_Management_System.Controllers.AdminController.GetRecentMessages (Portfolio Management System)'
2026-07-01 21:19:15.812 +05:30 [INF] HTTP GET /Admin/GetRecentMessages responded 200 in 192.4726 ms
2026-07-01 21:19:15.815 +05:30 [INF] Request finished HTTP/2 GET https://localhost:44341/Admin/GetRecentMessages - 200 null application/json; charset=utf-8 201.0546ms
2026-07-01 21:19:45.658 +05:30 [INF] Request starting HTTP/2 GET https://localhost:44341/Admin/GetUnreadMessagesCount - null null
2026-07-01 21:19:45.669 +05:30 [INF] Request starting HTTP/2 GET https://localhost:44341/Admin/GetRecentMessages - null null
2026-07-01 21:19:45.672 +05:30 [INF] Executing endpoint 'Portfolio_Management_System.Controllers.AdminController.GetUnreadMessagesCount (Portfolio Management System)'
2026-07-01 21:19:45.674 +05:30 [INF] Executing endpoint 'Portfolio_Management_System.Controllers.AdminController.GetRecentMessages (Portfolio Management System)'
2026-07-01 21:19:45.675 +05:30 [INF] Route matched with {action = "GetRecentMessages", controller = "Admin"}. Executing controller action with signature System.Threading.Tasks.Task`1[Microsoft.AspNetCore.Mvc.IActionResult] GetRecentMessages() on controller Portfolio_Management_System.Controllers.AdminController (Portfolio Management System).
2026-07-01 21:19:45.676 +05:30 [INF] Route matched with {action = "GetUnreadMessagesCount", controller = "Admin"}. Executing controller action with signature System.Threading.Tasks.Task`1[Microsoft.AspNetCore.Mvc.IActionResult] GetUnreadMessagesCount() on controller Portfolio_Management_System.Controllers.AdminController (Portfolio Management System).
2026-07-01 21:19:45.845 +05:30 [INF] Executing JsonResult, writing value of type 'System.Collections.Generic.List`1[[<>f__AnonymousType18`7[[System.Int32, System.Private.CoreLib, Version=9.0.0.0, Culture=neutral, PublicKeyToken=7cec85d7bea7798e],[System.String, System.Private.CoreLib, Version=9.0.0.0, Culture=neutral, PublicKeyToken=7cec85d7bea7798e],[System.String, System.Private.CoreLib, Version=9.0.0.0, Culture=neutral, PublicKeyToken=7cec85d7bea7798e],[System.String, System.Private.CoreLib, Version=9.0.0.0, Culture=neutral, PublicKeyToken=7cec85d7bea7798e],[System.String, System.Private.CoreLib, Version=9.0.0.0, Culture=neutral, PublicKeyToken=7cec85d7bea7798e],[System.Boolean, System.Private.CoreLib, Version=9.0.0.0, Culture=neutral, PublicKeyToken=7cec85d7bea7798e],[System.DateTime, System.Private.CoreLib, Version=9.0.0.0, Culture=neutral, PublicKeyToken=7cec85d7bea7798e]], Portfolio Management System, Version=1.0.0.0, Culture=neutral, PublicKeyToken=null]]'.
2026-07-01 21:19:45.847 +05:30 [INF] Executed action Portfolio_Management_System.Controllers.AdminController.GetRecentMessages (Portfolio Management System) in 171.8137ms
2026-07-01 21:19:45.848 +05:30 [INF] Executed endpoint 'Portfolio_Management_System.Controllers.AdminController.GetRecentMessages (Portfolio Management System)'
2026-07-01 21:19:45.848 +05:30 [INF] HTTP GET /Admin/GetRecentMessages responded 200 in 174.7843 ms
2026-07-01 21:19:45.848 +05:30 [INF] Request finished HTTP/2 GET https://localhost:44341/Admin/GetRecentMessages - 200 null application/json; charset=utf-8 187.4307ms
2026-07-01 21:19:45.873 +05:30 [INF] Executing JsonResult, writing value of type 'System.Int32'.
2026-07-01 21:19:45.874 +05:30 [INF] Executed action Portfolio_Management_System.Controllers.AdminController.GetUnreadMessagesCount (Portfolio Management System) in 197.4093ms
2026-07-01 21:19:45.874 +05:30 [INF] Executed endpoint 'Portfolio_Management_System.Controllers.AdminController.GetUnreadMessagesCount (Portfolio Management System)'
2026-07-01 21:19:45.874 +05:30 [INF] HTTP GET /Admin/GetUnreadMessagesCount responded 200 in 215.3901 ms
2026-07-01 21:19:45.875 +05:30 [INF] Request finished HTTP/2 GET https://localhost:44341/Admin/GetUnreadMessagesCount - 200 null application/json; charset=utf-8 217.0892ms
2026-07-01 21:20:15.617 +05:30 [INF] Request starting HTTP/2 GET https://localhost:44341/Admin/GetUnreadMessagesCount - null null
2026-07-01 21:20:15.621 +05:30 [INF] Executing endpoint 'Portfolio_Management_System.Controllers.AdminController.GetUnreadMessagesCount (Portfolio Management System)'
2026-07-01 21:20:15.622 +05:30 [INF] Route matched with {action = "GetUnreadMessagesCount", controller = "Admin"}. Executing controller action with signature System.Threading.Tasks.Task`1[Microsoft.AspNetCore.Mvc.IActionResult] GetUnreadMessagesCount() on controller Portfolio_Management_System.Controllers.AdminController (Portfolio Management System).
2026-07-01 21:20:15.631 +05:30 [INF] Request starting HTTP/2 GET https://localhost:44341/Admin/GetRecentMessages - null null
2026-07-01 21:20:15.635 +05:30 [INF] Executing endpoint 'Portfolio_Management_System.Controllers.AdminController.GetRecentMessages (Portfolio Management System)'
2026-07-01 21:20:15.635 +05:30 [INF] Route matched with {action = "GetRecentMessages", controller = "Admin"}. Executing controller action with signature System.Threading.Tasks.Task`1[Microsoft.AspNetCore.Mvc.IActionResult] GetRecentMessages() on controller Portfolio_Management_System.Controllers.AdminController (Portfolio Management System).
2026-07-01 21:20:15.886 +05:30 [INF] Executing JsonResult, writing value of type 'System.Int32'.
2026-07-01 21:20:15.900 +05:30 [INF] Executed action Portfolio_Management_System.Controllers.AdminController.GetUnreadMessagesCount (Portfolio Management System) in 278.6595ms
2026-07-01 21:20:15.901 +05:30 [INF] Executed endpoint 'Portfolio_Management_System.Controllers.AdminController.GetUnreadMessagesCount (Portfolio Management System)'
2026-07-01 21:20:15.901 +05:30 [INF] HTTP GET /Admin/GetUnreadMessagesCount responded 200 in 283.2782 ms
2026-07-01 21:20:15.905 +05:30 [INF] Request finished HTTP/2 GET https://localhost:44341/Admin/GetUnreadMessagesCount - 200 null application/json; charset=utf-8 291.8177ms
2026-07-01 21:20:16.053 +05:30 [INF] Executing JsonResult, writing value of type 'System.Collections.Generic.List`1[[<>f__AnonymousType18`7[[System.Int32, System.Private.CoreLib, Version=9.0.0.0, Culture=neutral, PublicKeyToken=7cec85d7bea7798e],[System.String, System.Private.CoreLib, Version=9.0.0.0, Culture=neutral, PublicKeyToken=7cec85d7bea7798e],[System.String, System.Private.CoreLib, Version=9.0.0.0, Culture=neutral, PublicKeyToken=7cec85d7bea7798e],[System.String, System.Private.CoreLib, Version=9.0.0.0, Culture=neutral, PublicKeyToken=7cec85d7bea7798e],[System.String, System.Private.CoreLib, Version=9.0.0.0, Culture=neutral, PublicKeyToken=7cec85d7bea7798e],[System.Boolean, System.Private.CoreLib, Version=9.0.0.0, Culture=neutral, PublicKeyToken=7cec85d7bea7798e],[System.DateTime, System.Private.CoreLib, Version=9.0.0.0, Culture=neutral, PublicKeyToken=7cec85d7bea7798e]], Portfolio Management System, Version=1.0.0.0, Culture=neutral, PublicKeyToken=null]]'.
2026-07-01 21:20:16.075 +05:30 [INF] Executed action Portfolio_Management_System.Controllers.AdminController.GetRecentMessages (Portfolio Management System) in 439.3691ms
2026-07-01 21:20:16.076 +05:30 [INF] Executed endpoint 'Portfolio_Management_System.Controllers.AdminController.GetRecentMessages (Portfolio Management System)'
2026-07-01 21:20:16.114 +05:30 [INF] HTTP GET /Admin/GetRecentMessages responded 200 in 447.1995 ms
2026-07-01 21:20:16.167 +05:30 [INF] Request finished HTTP/2 GET https://localhost:44341/Admin/GetRecentMessages - 200 null application/json; charset=utf-8 538.9721ms
2026-07-01 21:20:45.609 +05:30 [INF] Request starting HTTP/2 GET https://localhost:44341/Admin/GetUnreadMessagesCount - null null
2026-07-01 21:20:45.613 +05:30 [INF] Executing endpoint 'Portfolio_Management_System.Controllers.AdminController.GetUnreadMessagesCount (Portfolio Management System)'
2026-07-01 21:20:45.614 +05:30 [INF] Route matched with {action = "GetUnreadMessagesCount", controller = "Admin"}. Executing controller action with signature System.Threading.Tasks.Task`1[Microsoft.AspNetCore.Mvc.IActionResult] GetUnreadMessagesCount() on controller Portfolio_Management_System.Controllers.AdminController (Portfolio Management System).
2026-07-01 21:20:45.617 +05:30 [INF] Request starting HTTP/2 GET https://localhost:44341/Admin/GetRecentMessages - null null
2026-07-01 21:20:45.620 +05:30 [INF] Executing endpoint 'Portfolio_Management_System.Controllers.AdminController.GetRecentMessages (Portfolio Management System)'
2026-07-01 21:20:45.621 +05:30 [INF] Route matched with {action = "GetRecentMessages", controller = "Admin"}. Executing controller action with signature System.Threading.Tasks.Task`1[Microsoft.AspNetCore.Mvc.IActionResult] GetRecentMessages() on controller Portfolio_Management_System.Controllers.AdminController (Portfolio Management System).
2026-07-01 21:20:45.787 +05:30 [INF] Executing JsonResult, writing value of type 'System.Int32'.
2026-07-01 21:20:45.792 +05:30 [INF] Executed action Portfolio_Management_System.Controllers.AdminController.GetUnreadMessagesCount (Portfolio Management System) in 178.1641ms
2026-07-01 21:20:45.793 +05:30 [INF] Executed endpoint 'Portfolio_Management_System.Controllers.AdminController.GetUnreadMessagesCount (Portfolio Management System)'
2026-07-01 21:20:45.793 +05:30 [INF] HTTP GET /Admin/GetUnreadMessagesCount responded 200 in 179.8730 ms
2026-07-01 21:20:45.796 +05:30 [INF] Request finished HTTP/2 GET https://localhost:44341/Admin/GetUnreadMessagesCount - 200 null application/json; charset=utf-8 190.1125ms
2026-07-01 21:20:45.855 +05:30 [INF] Executing JsonResult, writing value of type 'System.Collections.Generic.List`1[[<>f__AnonymousType18`7[[System.Int32, System.Private.CoreLib, Version=9.0.0.0, Culture=neutral, PublicKeyToken=7cec85d7bea7798e],[System.String, System.Private.CoreLib, Version=9.0.0.0, Culture=neutral, PublicKeyToken=7cec85d7bea7798e],[System.String, System.Private.CoreLib, Version=9.0.0.0, Culture=neutral, PublicKeyToken=7cec85d7bea7798e],[System.String, System.Private.CoreLib, Version=9.0.0.0, Culture=neutral, PublicKeyToken=7cec85d7bea7798e],[System.String, System.Private.CoreLib, Version=9.0.0.0, Culture=neutral, PublicKeyToken=7cec85d7bea7798e],[System.Boolean, System.Private.CoreLib, Version=9.0.0.0, Culture=neutral, PublicKeyToken=7cec85d7bea7798e],[System.DateTime, System.Private.CoreLib, Version=9.0.0.0, Culture=neutral, PublicKeyToken=7cec85d7bea7798e]], Portfolio Management System, Version=1.0.0.0, Culture=neutral, PublicKeyToken=null]]'.
2026-07-01 21:20:45.858 +05:30 [INF] Executed action Portfolio_Management_System.Controllers.AdminController.GetRecentMessages (Portfolio Management System) in 236.7951ms
2026-07-01 21:20:45.858 +05:30 [INF] Executed endpoint 'Portfolio_Management_System.Controllers.AdminController.GetRecentMessages (Portfolio Management System)'
2026-07-01 21:20:45.859 +05:30 [INF] HTTP GET /Admin/GetRecentMessages responded 200 in 239.3557 ms
2026-07-01 21:20:45.860 +05:30 [INF] Request finished HTTP/2 GET https://localhost:44341/Admin/GetRecentMessages - 200 null application/json; charset=utf-8 246.4697ms
2026-07-01 21:21:15.718 +05:30 [INF] Request starting HTTP/2 GET https://localhost:44341/Admin/GetUnreadMessagesCount - null null
2026-07-01 21:21:15.718 +05:30 [INF] Request starting HTTP/2 GET https://localhost:44341/Admin/GetRecentMessages - null null
2026-07-01 21:21:15.726 +05:30 [INF] Executing endpoint 'Portfolio_Management_System.Controllers.AdminController.GetUnreadMessagesCount (Portfolio Management System)'
2026-07-01 21:21:15.727 +05:30 [INF] Executing endpoint 'Portfolio_Management_System.Controllers.AdminController.GetRecentMessages (Portfolio Management System)'
2026-07-01 21:21:15.728 +05:30 [INF] Route matched with {action = "GetUnreadMessagesCount", controller = "Admin"}. Executing controller action with signature System.Threading.Tasks.Task`1[Microsoft.AspNetCore.Mvc.IActionResult] GetUnreadMessagesCount() on controller Portfolio_Management_System.Controllers.AdminController (Portfolio Management System).
2026-07-01 21:21:15.729 +05:30 [INF] Route matched with {action = "GetRecentMessages", controller = "Admin"}. Executing controller action with signature System.Threading.Tasks.Task`1[Microsoft.AspNetCore.Mvc.IActionResult] GetRecentMessages() on controller Portfolio_Management_System.Controllers.AdminController (Portfolio Management System).
2026-07-01 21:21:15.930 +05:30 [INF] Executing JsonResult, writing value of type 'System.Collections.Generic.List`1[[<>f__AnonymousType18`7[[System.Int32, System.Private.CoreLib, Version=9.0.0.0, Culture=neutral, PublicKeyToken=7cec85d7bea7798e],[System.String, System.Private.CoreLib, Version=9.0.0.0, Culture=neutral, PublicKeyToken=7cec85d7bea7798e],[System.String, System.Private.CoreLib, Version=9.0.0.0, Culture=neutral, PublicKeyToken=7cec85d7bea7798e],[System.String, System.Private.CoreLib, Version=9.0.0.0, Culture=neutral, PublicKeyToken=7cec85d7bea7798e],[System.String, System.Private.CoreLib, Version=9.0.0.0, Culture=neutral, PublicKeyToken=7cec85d7bea7798e],[System.Boolean, System.Private.CoreLib, Version=9.0.0.0, Culture=neutral, PublicKeyToken=7cec85d7bea7798e],[System.DateTime, System.Private.CoreLib, Version=9.0.0.0, Culture=neutral, PublicKeyToken=7cec85d7bea7798e]], Portfolio Management System, Version=1.0.0.0, Culture=neutral, PublicKeyToken=null]]'.
2026-07-01 21:21:15.930 +05:30 [INF] Executing JsonResult, writing value of type 'System.Int32'.
2026-07-01 21:21:15.933 +05:30 [INF] Executed action Portfolio_Management_System.Controllers.AdminController.GetRecentMessages (Portfolio Management System) in 203.4842ms
2026-07-01 21:21:15.933 +05:30 [INF] Executed endpoint 'Portfolio_Management_System.Controllers.AdminController.GetRecentMessages (Portfolio Management System)'
2026-07-01 21:21:15.933 +05:30 [INF] Executed action Portfolio_Management_System.Controllers.AdminController.GetUnreadMessagesCount (Portfolio Management System) in 204.7578ms
2026-07-01 21:21:15.933 +05:30 [INF] Executed endpoint 'Portfolio_Management_System.Controllers.AdminController.GetUnreadMessagesCount (Portfolio Management System)'
2026-07-01 21:21:15.934 +05:30 [INF] HTTP GET /Admin/GetRecentMessages responded 200 in 213.8186 ms
2026-07-01 21:21:15.934 +05:30 [INF] Request finished HTTP/2 GET https://localhost:44341/Admin/GetRecentMessages - 200 null application/json; charset=utf-8 306.7735ms
2026-07-01 21:21:15.935 +05:30 [INF] HTTP GET /Admin/GetUnreadMessagesCount responded 200 in 214.8229 ms
2026-07-01 21:21:15.936 +05:30 [INF] Request finished HTTP/2 GET https://localhost:44341/Admin/GetUnreadMessagesCount - 200 null application/json; charset=utf-8 309.6492ms
2026-07-01 21:21:45.619 +05:30 [INF] Request starting HTTP/2 GET https://localhost:44341/Admin/GetRecentMessages - null null
2026-07-01 21:21:45.619 +05:30 [INF] Request starting HTTP/2 GET https://localhost:44341/Admin/GetUnreadMessagesCount - null null
2026-07-01 21:21:45.621 +05:30 [INF] Executing endpoint 'Portfolio_Management_System.Controllers.AdminController.GetRecentMessages (Portfolio Management System)'
2026-07-01 21:21:45.621 +05:30 [INF] Route matched with {action = "GetRecentMessages", controller = "Admin"}. Executing controller action with signature System.Threading.Tasks.Task`1[Microsoft.AspNetCore.Mvc.IActionResult] GetRecentMessages() on controller Portfolio_Management_System.Controllers.AdminController (Portfolio Management System).
2026-07-01 21:21:45.626 +05:30 [INF] Executing endpoint 'Portfolio_Management_System.Controllers.AdminController.GetUnreadMessagesCount (Portfolio Management System)'
2026-07-01 21:21:45.626 +05:30 [INF] Route matched with {action = "GetUnreadMessagesCount", controller = "Admin"}. Executing controller action with signature System.Threading.Tasks.Task`1[Microsoft.AspNetCore.Mvc.IActionResult] GetUnreadMessagesCount() on controller Portfolio_Management_System.Controllers.AdminController (Portfolio Management System).
2026-07-01 21:21:45.824 +05:30 [INF] Executing JsonResult, writing value of type 'System.Collections.Generic.List`1[[<>f__AnonymousType18`7[[System.Int32, System.Private.CoreLib, Version=9.0.0.0, Culture=neutral, PublicKeyToken=7cec85d7bea7798e],[System.String, System.Private.CoreLib, Version=9.0.0.0, Culture=neutral, PublicKeyToken=7cec85d7bea7798e],[System.String, System.Private.CoreLib, Version=9.0.0.0, Culture=neutral, PublicKeyToken=7cec85d7bea7798e],[System.String, System.Private.CoreLib, Version=9.0.0.0, Culture=neutral, PublicKeyToken=7cec85d7bea7798e],[System.String, System.Private.CoreLib, Version=9.0.0.0, Culture=neutral, PublicKeyToken=7cec85d7bea7798e],[System.Boolean, System.Private.CoreLib, Version=9.0.0.0, Culture=neutral, PublicKeyToken=7cec85d7bea7798e],[System.DateTime, System.Private.CoreLib, Version=9.0.0.0, Culture=neutral, PublicKeyToken=7cec85d7bea7798e]], Portfolio Management System, Version=1.0.0.0, Culture=neutral, PublicKeyToken=null]]'.
2026-07-01 21:21:45.827 +05:30 [INF] Executing JsonResult, writing value of type 'System.Int32'.
2026-07-01 21:21:45.828 +05:30 [INF] Executed action Portfolio_Management_System.Controllers.AdminController.GetRecentMessages (Portfolio Management System) in 206.7294ms
2026-07-01 21:21:45.828 +05:30 [INF] Executed endpoint 'Portfolio_Management_System.Controllers.AdminController.GetRecentMessages (Portfolio Management System)'
2026-07-01 21:21:45.828 +05:30 [INF] HTTP GET /Admin/GetRecentMessages responded 200 in 208.8913 ms
2026-07-01 21:21:45.828 +05:30 [INF] Executed action Portfolio_Management_System.Controllers.AdminController.GetUnreadMessagesCount (Portfolio Management System) in 201.1676ms
2026-07-01 21:21:45.828 +05:30 [INF] Executed endpoint 'Portfolio_Management_System.Controllers.AdminController.GetUnreadMessagesCount (Portfolio Management System)'
2026-07-01 21:21:45.828 +05:30 [INF] Request finished HTTP/2 GET https://localhost:44341/Admin/GetRecentMessages - 200 null application/json; charset=utf-8 209.5388ms
2026-07-01 21:21:45.828 +05:30 [INF] HTTP GET /Admin/GetUnreadMessagesCount responded 200 in 203.5990 ms
2026-07-01 21:21:45.828 +05:30 [INF] Request finished HTTP/2 GET https://localhost:44341/Admin/GetUnreadMessagesCount - 200 null application/json; charset=utf-8 209.1966ms
2026-07-01 21:22:15.603 +05:30 [INF] Request starting HTTP/2 GET https://localhost:44341/Admin/GetUnreadMessagesCount - null null
2026-07-01 21:22:15.605 +05:30 [INF] Executing endpoint 'Portfolio_Management_System.Controllers.AdminController.GetUnreadMessagesCount (Portfolio Management System)'
2026-07-01 21:22:15.606 +05:30 [INF] Request starting HTTP/2 GET https://localhost:44341/Admin/GetRecentMessages - null null
2026-07-01 21:22:15.606 +05:30 [INF] Route matched with {action = "GetUnreadMessagesCount", controller = "Admin"}. Executing controller action with signature System.Threading.Tasks.Task`1[Microsoft.AspNetCore.Mvc.IActionResult] GetUnreadMessagesCount() on controller Portfolio_Management_System.Controllers.AdminController (Portfolio Management System).
2026-07-01 21:22:15.647 +05:30 [INF] Executing endpoint 'Portfolio_Management_System.Controllers.AdminController.GetRecentMessages (Portfolio Management System)'
2026-07-01 21:22:15.647 +05:30 [INF] Route matched with {action = "GetRecentMessages", controller = "Admin"}. Executing controller action with signature System.Threading.Tasks.Task`1[Microsoft.AspNetCore.Mvc.IActionResult] GetRecentMessages() on controller Portfolio_Management_System.Controllers.AdminController (Portfolio Management System).
2026-07-01 21:22:15.813 +05:30 [INF] Executing JsonResult, writing value of type 'System.Int32'.
2026-07-01 21:22:15.814 +05:30 [INF] Executed action Portfolio_Management_System.Controllers.AdminController.GetUnreadMessagesCount (Portfolio Management System) in 207.496ms
2026-07-01 21:22:15.814 +05:30 [INF] Executed endpoint 'Portfolio_Management_System.Controllers.AdminController.GetUnreadMessagesCount (Portfolio Management System)'
2026-07-01 21:22:15.814 +05:30 [INF] HTTP GET /Admin/GetUnreadMessagesCount responded 200 in 209.9029 ms
2026-07-01 21:22:15.814 +05:30 [INF] Request finished HTTP/2 GET https://localhost:44341/Admin/GetUnreadMessagesCount - 200 null application/json; charset=utf-8 211.3076ms
2026-07-01 21:22:15.820 +05:30 [INF] Executing JsonResult, writing value of type 'System.Collections.Generic.List`1[[<>f__AnonymousType18`7[[System.Int32, System.Private.CoreLib, Version=9.0.0.0, Culture=neutral, PublicKeyToken=7cec85d7bea7798e],[System.String, System.Private.CoreLib, Version=9.0.0.0, Culture=neutral, PublicKeyToken=7cec85d7bea7798e],[System.String, System.Private.CoreLib, Version=9.0.0.0, Culture=neutral, PublicKeyToken=7cec85d7bea7798e],[System.String, System.Private.CoreLib, Version=9.0.0.0, Culture=neutral, PublicKeyToken=7cec85d7bea7798e],[System.String, System.Private.CoreLib, Version=9.0.0.0, Culture=neutral, PublicKeyToken=7cec85d7bea7798e],[System.Boolean, System.Private.CoreLib, Version=9.0.0.0, Culture=neutral, PublicKeyToken=7cec85d7bea7798e],[System.DateTime, System.Private.CoreLib, Version=9.0.0.0, Culture=neutral, PublicKeyToken=7cec85d7bea7798e]], Portfolio Management System, Version=1.0.0.0, Culture=neutral, PublicKeyToken=null]]'.
2026-07-01 21:22:15.824 +05:30 [INF] Executed action Portfolio_Management_System.Controllers.AdminController.GetRecentMessages (Portfolio Management System) in 176.5856ms
2026-07-01 21:22:15.824 +05:30 [INF] Executed endpoint 'Portfolio_Management_System.Controllers.AdminController.GetRecentMessages (Portfolio Management System)'
2026-07-01 21:22:15.825 +05:30 [INF] HTTP GET /Admin/GetRecentMessages responded 200 in 218.4863 ms
2026-07-01 21:22:15.825 +05:30 [INF] Request finished HTTP/2 GET https://localhost:44341/Admin/GetRecentMessages - 200 null application/json; charset=utf-8 219.1299ms
2026-07-01 21:22:45.622 +05:30 [INF] Request starting HTTP/2 GET https://localhost:44341/Admin/GetRecentMessages - null null
2026-07-01 21:22:45.623 +05:30 [INF] Executing endpoint 'Portfolio_Management_System.Controllers.AdminController.GetRecentMessages (Portfolio Management System)'
2026-07-01 21:22:45.624 +05:30 [INF] Route matched with {action = "GetRecentMessages", controller = "Admin"}. Executing controller action with signature System.Threading.Tasks.Task`1[Microsoft.AspNetCore.Mvc.IActionResult] GetRecentMessages() on controller Portfolio_Management_System.Controllers.AdminController (Portfolio Management System).
2026-07-01 21:22:45.626 +05:30 [INF] Request starting HTTP/2 GET https://localhost:44341/Admin/GetUnreadMessagesCount - null null
2026-07-01 21:22:45.653 +05:30 [INF] Executing endpoint 'Portfolio_Management_System.Controllers.AdminController.GetUnreadMessagesCount (Portfolio Management System)'
2026-07-01 21:22:45.654 +05:30 [INF] Route matched with {action = "GetUnreadMessagesCount", controller = "Admin"}. Executing controller action with signature System.Threading.Tasks.Task`1[Microsoft.AspNetCore.Mvc.IActionResult] GetUnreadMessagesCount() on controller Portfolio_Management_System.Controllers.AdminController (Portfolio Management System).
2026-07-01 21:22:45.814 +05:30 [INF] Executing JsonResult, writing value of type 'System.Collections.Generic.List`1[[<>f__AnonymousType18`7[[System.Int32, System.Private.CoreLib, Version=9.0.0.0, Culture=neutral, PublicKeyToken=7cec85d7bea7798e],[System.String, System.Private.CoreLib, Version=9.0.0.0, Culture=neutral, PublicKeyToken=7cec85d7bea7798e],[System.String, System.Private.CoreLib, Version=9.0.0.0, Culture=neutral, PublicKeyToken=7cec85d7bea7798e],[System.String, System.Private.CoreLib, Version=9.0.0.0, Culture=neutral, PublicKeyToken=7cec85d7bea7798e],[System.String, System.Private.CoreLib, Version=9.0.0.0, Culture=neutral, PublicKeyToken=7cec85d7bea7798e],[System.Boolean, System.Private.CoreLib, Version=9.0.0.0, Culture=neutral, PublicKeyToken=7cec85d7bea7798e],[System.DateTime, System.Private.CoreLib, Version=9.0.0.0, Culture=neutral, PublicKeyToken=7cec85d7bea7798e]], Portfolio Management System, Version=1.0.0.0, Culture=neutral, PublicKeyToken=null]]'.
2026-07-01 21:22:45.816 +05:30 [INF] Executed action Portfolio_Management_System.Controllers.AdminController.GetRecentMessages (Portfolio Management System) in 192.4855ms
2026-07-01 21:22:45.816 +05:30 [INF] Executed endpoint 'Portfolio_Management_System.Controllers.AdminController.GetRecentMessages (Portfolio Management System)'
2026-07-01 21:22:45.816 +05:30 [INF] HTTP GET /Admin/GetRecentMessages responded 200 in 193.8556 ms
2026-07-01 21:22:45.821 +05:30 [INF] Request finished HTTP/2 GET https://localhost:44341/Admin/GetRecentMessages - 200 null application/json; charset=utf-8 195.2361ms
2026-07-01 21:22:45.835 +05:30 [INF] Executing JsonResult, writing value of type 'System.Int32'.
2026-07-01 21:22:45.835 +05:30 [INF] Executed action Portfolio_Management_System.Controllers.AdminController.GetUnreadMessagesCount (Portfolio Management System) in 181.6762ms
2026-07-01 21:22:45.836 +05:30 [INF] Executed endpoint 'Portfolio_Management_System.Controllers.AdminController.GetUnreadMessagesCount (Portfolio Management System)'
2026-07-01 21:22:45.841 +05:30 [INF] HTTP GET /Admin/GetUnreadMessagesCount responded 200 in 202.3480 ms
2026-07-01 21:22:45.843 +05:30 [INF] Request finished HTTP/2 GET https://localhost:44341/Admin/GetUnreadMessagesCount - 200 null application/json; charset=utf-8 217.6586ms
2026-07-01 21:23:15.612 +05:30 [INF] Request starting HTTP/2 GET https://localhost:44341/Admin/GetRecentMessages - null null
2026-07-01 21:23:15.680 +05:30 [INF] Executing endpoint 'Portfolio_Management_System.Controllers.AdminController.GetRecentMessages (Portfolio Management System)'
2026-07-01 21:23:15.722 +05:30 [INF] Request starting HTTP/2 GET https://localhost:44341/Admin/GetUnreadMessagesCount - null null
2026-07-01 21:23:15.723 +05:30 [INF] Route matched with {action = "GetRecentMessages", controller = "Admin"}. Executing controller action with signature System.Threading.Tasks.Task`1[Microsoft.AspNetCore.Mvc.IActionResult] GetRecentMessages() on controller Portfolio_Management_System.Controllers.AdminController (Portfolio Management System).
2026-07-01 21:23:15.765 +05:30 [INF] Executing endpoint 'Portfolio_Management_System.Controllers.AdminController.GetUnreadMessagesCount (Portfolio Management System)'
2026-07-01 21:23:15.765 +05:30 [INF] Route matched with {action = "GetUnreadMessagesCount", controller = "Admin"}. Executing controller action with signature System.Threading.Tasks.Task`1[Microsoft.AspNetCore.Mvc.IActionResult] GetUnreadMessagesCount() on controller Portfolio_Management_System.Controllers.AdminController (Portfolio Management System).
2026-07-01 21:23:15.911 +05:30 [INF] Executing JsonResult, writing value of type 'System.Collections.Generic.List`1[[<>f__AnonymousType18`7[[System.Int32, System.Private.CoreLib, Version=9.0.0.0, Culture=neutral, PublicKeyToken=7cec85d7bea7798e],[System.String, System.Private.CoreLib, Version=9.0.0.0, Culture=neutral, PublicKeyToken=7cec85d7bea7798e],[System.String, System.Private.CoreLib, Version=9.0.0.0, Culture=neutral, PublicKeyToken=7cec85d7bea7798e],[System.String, System.Private.CoreLib, Version=9.0.0.0, Culture=neutral, PublicKeyToken=7cec85d7bea7798e],[System.String, System.Private.CoreLib, Version=9.0.0.0, Culture=neutral, PublicKeyToken=7cec85d7bea7798e],[System.Boolean, System.Private.CoreLib, Version=9.0.0.0, Culture=neutral, PublicKeyToken=7cec85d7bea7798e],[System.DateTime, System.Private.CoreLib, Version=9.0.0.0, Culture=neutral, PublicKeyToken=7cec85d7bea7798e]], Portfolio Management System, Version=1.0.0.0, Culture=neutral, PublicKeyToken=null]]'.
2026-07-01 21:23:15.912 +05:30 [INF] Executed action Portfolio_Management_System.Controllers.AdminController.GetRecentMessages (Portfolio Management System) in 189.127ms
2026-07-01 21:23:15.912 +05:30 [INF] Executed endpoint 'Portfolio_Management_System.Controllers.AdminController.GetRecentMessages (Portfolio Management System)'
2026-07-01 21:23:15.944 +05:30 [INF] Executing JsonResult, writing value of type 'System.Int32'.
2026-07-01 21:23:15.950 +05:30 [INF] Executed action Portfolio_Management_System.Controllers.AdminController.GetUnreadMessagesCount (Portfolio Management System) in 180.7092ms
2026-07-01 21:23:15.951 +05:30 [INF] Executed endpoint 'Portfolio_Management_System.Controllers.AdminController.GetUnreadMessagesCount (Portfolio Management System)'
2026-07-01 21:23:15.914 +05:30 [INF] HTTP GET /Admin/GetRecentMessages responded 200 in 301.8665 ms
2026-07-01 21:23:15.957 +05:30 [INF] HTTP GET /Admin/GetUnreadMessagesCount responded 200 in 234.2017 ms
2026-07-01 21:23:15.978 +05:30 [INF] Request finished HTTP/2 GET https://localhost:44341/Admin/GetRecentMessages - 200 null application/json; charset=utf-8 365.8396ms
2026-07-01 21:23:15.981 +05:30 [INF] Request finished HTTP/2 GET https://localhost:44341/Admin/GetUnreadMessagesCount - 200 null application/json; charset=utf-8 258.9584ms
2026-07-01 21:23:45.629 +05:30 [INF] Request starting HTTP/2 GET https://localhost:44341/Admin/GetUnreadMessagesCount - null null
2026-07-01 21:23:45.630 +05:30 [INF] Request starting HTTP/2 GET https://localhost:44341/Admin/GetRecentMessages - null null
2026-07-01 21:23:45.637 +05:30 [INF] Executing endpoint 'Portfolio_Management_System.Controllers.AdminController.GetRecentMessages (Portfolio Management System)'
2026-07-01 21:23:45.638 +05:30 [INF] Route matched with {action = "GetRecentMessages", controller = "Admin"}. Executing controller action with signature System.Threading.Tasks.Task`1[Microsoft.AspNetCore.Mvc.IActionResult] GetRecentMessages() on controller Portfolio_Management_System.Controllers.AdminController (Portfolio Management System).
2026-07-01 21:23:45.642 +05:30 [INF] Executing endpoint 'Portfolio_Management_System.Controllers.AdminController.GetUnreadMessagesCount (Portfolio Management System)'
2026-07-01 21:23:45.663 +05:30 [INF] Route matched with {action = "GetUnreadMessagesCount", controller = "Admin"}. Executing controller action with signature System.Threading.Tasks.Task`1[Microsoft.AspNetCore.Mvc.IActionResult] GetUnreadMessagesCount() on controller Portfolio_Management_System.Controllers.AdminController (Portfolio Management System).
2026-07-01 21:23:45.825 +05:30 [INF] Executing JsonResult, writing value of type 'System.Collections.Generic.List`1[[<>f__AnonymousType18`7[[System.Int32, System.Private.CoreLib, Version=9.0.0.0, Culture=neutral, PublicKeyToken=7cec85d7bea7798e],[System.String, System.Private.CoreLib, Version=9.0.0.0, Culture=neutral, PublicKeyToken=7cec85d7bea7798e],[System.String, System.Private.CoreLib, Version=9.0.0.0, Culture=neutral, PublicKeyToken=7cec85d7bea7798e],[System.String, System.Private.CoreLib, Version=9.0.0.0, Culture=neutral, PublicKeyToken=7cec85d7bea7798e],[System.String, System.Private.CoreLib, Version=9.0.0.0, Culture=neutral, PublicKeyToken=7cec85d7bea7798e],[System.Boolean, System.Private.CoreLib, Version=9.0.0.0, Culture=neutral, PublicKeyToken=7cec85d7bea7798e],[System.DateTime, System.Private.CoreLib, Version=9.0.0.0, Culture=neutral, PublicKeyToken=7cec85d7bea7798e]], Portfolio Management System, Version=1.0.0.0, Culture=neutral, PublicKeyToken=null]]'.
2026-07-01 21:23:45.834 +05:30 [INF] Executed action Portfolio_Management_System.Controllers.AdminController.GetRecentMessages (Portfolio Management System) in 195.9849ms
2026-07-01 21:23:45.834 +05:30 [INF] Executed endpoint 'Portfolio_Management_System.Controllers.AdminController.GetRecentMessages (Portfolio Management System)'
2026-07-01 21:23:45.835 +05:30 [INF] HTTP GET /Admin/GetRecentMessages responded 200 in 203.1977 ms
2026-07-01 21:23:45.835 +05:30 [INF] Request finished HTTP/2 GET https://localhost:44341/Admin/GetRecentMessages - 200 null application/json; charset=utf-8 207.511ms
2026-07-01 21:23:45.842 +05:30 [INF] Executing JsonResult, writing value of type 'System.Int32'.
2026-07-01 21:23:45.847 +05:30 [INF] Executed action Portfolio_Management_System.Controllers.AdminController.GetUnreadMessagesCount (Portfolio Management System) in 182.7079ms
2026-07-01 21:23:45.847 +05:30 [INF] Executed endpoint 'Portfolio_Management_System.Controllers.AdminController.GetUnreadMessagesCount (Portfolio Management System)'
2026-07-01 21:23:45.848 +05:30 [INF] HTTP GET /Admin/GetUnreadMessagesCount responded 200 in 216.2112 ms
2026-07-01 21:23:45.848 +05:30 [INF] Request finished HTTP/2 GET https://localhost:44341/Admin/GetUnreadMessagesCount - 200 null application/json; charset=utf-8 220.7064ms
2026-07-01 21:24:16.921 +05:30 [INF] Request starting HTTP/2 GET https://localhost:44341/Admin/GetUnreadMessagesCount - null null
2026-07-01 21:24:16.931 +05:30 [INF] Executing endpoint 'Portfolio_Management_System.Controllers.AdminController.GetUnreadMessagesCount (Portfolio Management System)'
2026-07-01 21:24:16.935 +05:30 [INF] Route matched with {action = "GetUnreadMessagesCount", controller = "Admin"}. Executing controller action with signature System.Threading.Tasks.Task`1[Microsoft.AspNetCore.Mvc.IActionResult] GetUnreadMessagesCount() on controller Portfolio_Management_System.Controllers.AdminController (Portfolio Management System).
2026-07-01 21:24:16.943 +05:30 [INF] Request starting HTTP/2 GET https://localhost:44341/Admin/GetRecentMessages - null null
2026-07-01 21:24:16.944 +05:30 [INF] Executing endpoint 'Portfolio_Management_System.Controllers.AdminController.GetRecentMessages (Portfolio Management System)'
2026-07-01 21:24:16.944 +05:30 [INF] Route matched with {action = "GetRecentMessages", controller = "Admin"}. Executing controller action with signature System.Threading.Tasks.Task`1[Microsoft.AspNetCore.Mvc.IActionResult] GetRecentMessages() on controller Portfolio_Management_System.Controllers.AdminController (Portfolio Management System).
2026-07-01 21:24:17.198 +05:30 [INF] Executing JsonResult, writing value of type 'System.Collections.Generic.List`1[[<>f__AnonymousType18`7[[System.Int32, System.Private.CoreLib, Version=9.0.0.0, Culture=neutral, PublicKeyToken=7cec85d7bea7798e],[System.String, System.Private.CoreLib, Version=9.0.0.0, Culture=neutral, PublicKeyToken=7cec85d7bea7798e],[System.String, System.Private.CoreLib, Version=9.0.0.0, Culture=neutral, PublicKeyToken=7cec85d7bea7798e],[System.String, System.Private.CoreLib, Version=9.0.0.0, Culture=neutral, PublicKeyToken=7cec85d7bea7798e],[System.String, System.Private.CoreLib, Version=9.0.0.0, Culture=neutral, PublicKeyToken=7cec85d7bea7798e],[System.Boolean, System.Private.CoreLib, Version=9.0.0.0, Culture=neutral, PublicKeyToken=7cec85d7bea7798e],[System.DateTime, System.Private.CoreLib, Version=9.0.0.0, Culture=neutral, PublicKeyToken=7cec85d7bea7798e]], Portfolio Management System, Version=1.0.0.0, Culture=neutral, PublicKeyToken=null]]'.
2026-07-01 21:24:17.243 +05:30 [INF] Executing JsonResult, writing value of type 'System.Int32'.
2026-07-01 21:24:17.246 +05:30 [INF] Executed action Portfolio_Management_System.Controllers.AdminController.GetUnreadMessagesCount (Portfolio Management System) in 311.3389ms
2026-07-01 21:24:17.248 +05:30 [INF] Executed endpoint 'Portfolio_Management_System.Controllers.AdminController.GetUnreadMessagesCount (Portfolio Management System)'
2026-07-01 21:24:17.248 +05:30 [INF] HTTP GET /Admin/GetUnreadMessagesCount responded 200 in 322.2290 ms
2026-07-01 21:24:17.248 +05:30 [INF] Request finished HTTP/2 GET https://localhost:44341/Admin/GetUnreadMessagesCount - 200 null application/json; charset=utf-8 327.7297ms
2026-07-01 21:24:17.250 +05:30 [INF] Executed action Portfolio_Management_System.Controllers.AdminController.GetRecentMessages (Portfolio Management System) in 305.875ms
2026-07-01 21:24:17.254 +05:30 [INF] Executed endpoint 'Portfolio_Management_System.Controllers.AdminController.GetRecentMessages (Portfolio Management System)'
2026-07-01 21:24:17.255 +05:30 [INF] HTTP GET /Admin/GetRecentMessages responded 200 in 311.5858 ms
2026-07-01 21:24:17.262 +05:30 [INF] Request finished HTTP/2 GET https://localhost:44341/Admin/GetRecentMessages - 200 null application/json; charset=utf-8 319.6811ms
2026-07-01 21:24:25.380 +05:30 [INF] Request starting HTTP/2 GET https://localhost:44341/Admin/AutoTube/RecreateVideoAudio - null null
2026-07-01 21:24:26.543 +05:30 [INF] Executing endpoint 'Portfolio_Management_System.Controllers.AdminAutoTubeController.RecreateVideoAudio (Portfolio Management System)'
2026-07-01 21:24:26.621 +05:30 [INF] Route matched with {action = "RecreateVideoAudio", controller = "AdminAutoTube"}. Executing controller action with signature Microsoft.AspNetCore.Mvc.IActionResult RecreateVideoAudio() on controller Portfolio_Management_System.Controllers.AdminAutoTubeController (Portfolio Management System).
2026-07-01 21:24:27.181 +05:30 [INF] Executing ViewResult, running view ~/Views/Admin/RecreateVideoAudio.cshtml.
2026-07-01 21:24:27.592 +05:30 [INF] Executed ViewResult - view ~/Views/Admin/RecreateVideoAudio.cshtml executed in 447.2786ms.
2026-07-01 21:24:27.593 +05:30 [INF] Executed action Portfolio_Management_System.Controllers.AdminAutoTubeController.RecreateVideoAudio (Portfolio Management System) in 971.6928ms
2026-07-01 21:24:27.593 +05:30 [INF] Executed endpoint 'Portfolio_Management_System.Controllers.AdminAutoTubeController.RecreateVideoAudio (Portfolio Management System)'
2026-07-01 21:24:27.593 +05:30 [INF] HTTP GET /Admin/AutoTube/RecreateVideoAudio responded 200 in 1103.3901 ms
2026-07-01 21:24:27.653 +05:30 [INF] Request finished HTTP/2 GET https://localhost:44341/Admin/AutoTube/RecreateVideoAudio - 200 null text/html; charset=utf-8 2275.8295ms
2026-07-01 21:24:28.322 +05:30 [INF] Request starting HTTP/2 GET https://localhost:44341/css/admin.css?v=639185378675536034 - null null
2026-07-01 21:24:28.578 +05:30 [INF] Request starting HTTP/2 GET https://localhost:44341/_framework/aspnetcore-browser-refresh.js - null null
2026-07-01 21:24:28.591 +05:30 [INF] Request finished HTTP/2 GET https://localhost:44341/_framework/aspnetcore-browser-refresh.js - 200 16539 application/javascript; charset=utf-8 11.2915ms
2026-07-01 21:24:29.513 +05:30 [INF] Request starting HTTP/2 GET https://localhost:44341/_vs/browserLink - null null
2026-07-01 21:24:29.547 +05:30 [INF] Sending file. Request path: '/css/admin.css'. Physical path: 'C:\Users\ak731\Desktop\DSA\Portfolio Management System\wwwroot\css\admin.css'
2026-07-01 21:24:29.547 +05:30 [INF] HTTP GET /css/admin.css responded 200 in 1221.2647 ms
2026-07-01 21:24:29.667 +05:30 [INF] Request finished HTTP/2 GET https://localhost:44341/css/admin.css?v=639185378675536034 - 200 19965 text/css 1344.6241ms
2026-07-01 21:24:30.280 +05:30 [INF] Request finished HTTP/2 GET https://localhost:44341/_vs/browserLink - 200 null text/javascript; charset=UTF-8 767.0931ms
2026-07-01 21:24:32.169 +05:30 [INF] Request starting HTTP/2 GET https://localhost:44341/Admin/GetRecentMessages - null null
2026-07-01 21:24:32.564 +05:30 [INF] Request starting HTTP/2 GET https://localhost:44341/Admin/GetUnreadMessagesCount - null null
2026-07-01 21:24:32.579 +05:30 [INF] Executing endpoint 'Portfolio_Management_System.Controllers.AdminController.GetUnreadMessagesCount (Portfolio Management System)'
2026-07-01 21:24:32.579 +05:30 [INF] Executing endpoint 'Portfolio_Management_System.Controllers.AdminController.GetRecentMessages (Portfolio Management System)'
2026-07-01 21:24:32.599 +05:30 [INF] Route matched with {action = "GetUnreadMessagesCount", controller = "Admin"}. Executing controller action with signature System.Threading.Tasks.Task`1[Microsoft.AspNetCore.Mvc.IActionResult] GetUnreadMessagesCount() on controller Portfolio_Management_System.Controllers.AdminController (Portfolio Management System).
2026-07-01 21:24:32.633 +05:30 [INF] Route matched with {action = "GetRecentMessages", controller = "Admin"}. Executing controller action with signature System.Threading.Tasks.Task`1[Microsoft.AspNetCore.Mvc.IActionResult] GetRecentMessages() on controller Portfolio_Management_System.Controllers.AdminController (Portfolio Management System).
2026-07-01 21:24:32.811 +05:30 [INF] Executing JsonResult, writing value of type 'System.Collections.Generic.List`1[[<>f__AnonymousType18`7[[System.Int32, System.Private.CoreLib, Version=9.0.0.0, Culture=neutral, PublicKeyToken=7cec85d7bea7798e],[System.String, System.Private.CoreLib, Version=9.0.0.0, Culture=neutral, PublicKeyToken=7cec85d7bea7798e],[System.String, System.Private.CoreLib, Version=9.0.0.0, Culture=neutral, PublicKeyToken=7cec85d7bea7798e],[System.String, System.Private.CoreLib, Version=9.0.0.0, Culture=neutral, PublicKeyToken=7cec85d7bea7798e],[System.String, System.Private.CoreLib, Version=9.0.0.0, Culture=neutral, PublicKeyToken=7cec85d7bea7798e],[System.Boolean, System.Private.CoreLib, Version=9.0.0.0, Culture=neutral, PublicKeyToken=7cec85d7bea7798e],[System.DateTime, System.Private.CoreLib, Version=9.0.0.0, Culture=neutral, PublicKeyToken=7cec85d7bea7798e]], Portfolio Management System, Version=1.0.0.0, Culture=neutral, PublicKeyToken=null]]'.
2026-07-01 21:24:32.825 +05:30 [INF] Executing JsonResult, writing value of type 'System.Int32'.
2026-07-01 21:24:32.882 +05:30 [INF] Executed action Portfolio_Management_System.Controllers.AdminController.GetUnreadMessagesCount (Portfolio Management System) in 283.0393ms
2026-07-01 21:24:32.883 +05:30 [INF] Executed endpoint 'Portfolio_Management_System.Controllers.AdminController.GetUnreadMessagesCount (Portfolio Management System)'
2026-07-01 21:24:32.883 +05:30 [INF] HTTP GET /Admin/GetUnreadMessagesCount responded 200 in 318.4741 ms
2026-07-01 21:24:32.883 +05:30 [INF] Request finished HTTP/2 GET https://localhost:44341/Admin/GetUnreadMessagesCount - 200 null application/json; charset=utf-8 319.0341ms
2026-07-01 21:24:32.895 +05:30 [INF] Executed action Portfolio_Management_System.Controllers.AdminController.GetRecentMessages (Portfolio Management System) in 262.1562ms
2026-07-01 21:24:32.895 +05:30 [INF] Executed endpoint 'Portfolio_Management_System.Controllers.AdminController.GetRecentMessages (Portfolio Management System)'
2026-07-01 21:24:32.896 +05:30 [INF] HTTP GET /Admin/GetRecentMessages responded 200 in 726.4026 ms
2026-07-01 21:24:32.897 +05:30 [INF] Request finished HTTP/2 GET https://localhost:44341/Admin/GetRecentMessages - 200 null application/json; charset=utf-8 728.2497ms
2026-07-01 21:25:01.800 +05:30 [INF] Request starting HTTP/2 GET https://localhost:44341/Admin/GetUnreadMessagesCount - null null
2026-07-01 21:25:01.800 +05:30 [INF] Request starting HTTP/2 GET https://localhost:44341/Admin/GetRecentMessages - null null
2026-07-01 21:25:01.914 +05:30 [INF] Executing endpoint 'Portfolio_Management_System.Controllers.AdminController.GetRecentMessages (Portfolio Management System)'
2026-07-01 21:25:01.914 +05:30 [INF] Executing endpoint 'Portfolio_Management_System.Controllers.AdminController.GetUnreadMessagesCount (Portfolio Management System)'
2026-07-01 21:25:01.930 +05:30 [INF] Route matched with {action = "GetRecentMessages", controller = "Admin"}. Executing controller action with signature System.Threading.Tasks.Task`1[Microsoft.AspNetCore.Mvc.IActionResult] GetRecentMessages() on controller Portfolio_Management_System.Controllers.AdminController (Portfolio Management System).
2026-07-01 21:25:01.930 +05:30 [INF] Route matched with {action = "GetUnreadMessagesCount", controller = "Admin"}. Executing controller action with signature System.Threading.Tasks.Task`1[Microsoft.AspNetCore.Mvc.IActionResult] GetUnreadMessagesCount() on controller Portfolio_Management_System.Controllers.AdminController (Portfolio Management System).
2026-07-01 21:25:02.143 +05:30 [INF] Executing JsonResult, writing value of type 'System.Int32'.
2026-07-01 21:25:02.148 +05:30 [INF] Executed action Portfolio_Management_System.Controllers.AdminController.GetUnreadMessagesCount (Portfolio Management System) in 218.1272ms
2026-07-01 21:25:02.149 +05:30 [INF] Executed endpoint 'Portfolio_Management_System.Controllers.AdminController.GetUnreadMessagesCount (Portfolio Management System)'
2026-07-01 21:25:02.149 +05:30 [INF] Executing JsonResult, writing value of type 'System.Collections.Generic.List`1[[<>f__AnonymousType18`7[[System.Int32, System.Private.CoreLib, Version=9.0.0.0, Culture=neutral, PublicKeyToken=7cec85d7bea7798e],[System.String, System.Private.CoreLib, Version=9.0.0.0, Culture=neutral, PublicKeyToken=7cec85d7bea7798e],[System.String, System.Private.CoreLib, Version=9.0.0.0, Culture=neutral, PublicKeyToken=7cec85d7bea7798e],[System.String, System.Private.CoreLib, Version=9.0.0.0, Culture=neutral, PublicKeyToken=7cec85d7bea7798e],[System.String, System.Private.CoreLib, Version=9.0.0.0, Culture=neutral, PublicKeyToken=7cec85d7bea7798e],[System.Boolean, System.Private.CoreLib, Version=9.0.0.0, Culture=neutral, PublicKeyToken=7cec85d7bea7798e],[System.DateTime, System.Private.CoreLib, Version=9.0.0.0, Culture=neutral, PublicKeyToken=7cec85d7bea7798e]], Portfolio Management System, Version=1.0.0.0, Culture=neutral, PublicKeyToken=null]]'.
2026-07-01 21:25:02.149 +05:30 [INF] HTTP GET /Admin/GetUnreadMessagesCount responded 200 in 345.9368 ms
2026-07-01 21:25:02.150 +05:30 [INF] Request finished HTTP/2 GET https://localhost:44341/Admin/GetUnreadMessagesCount - 200 null application/json; charset=utf-8 350.0314ms
2026-07-01 21:25:02.152 +05:30 [INF] Executed action Portfolio_Management_System.Controllers.AdminController.GetRecentMessages (Portfolio Management System) in 222.0548ms
2026-07-01 21:25:02.152 +05:30 [INF] Executed endpoint 'Portfolio_Management_System.Controllers.AdminController.GetRecentMessages (Portfolio Management System)'
2026-07-01 21:25:02.152 +05:30 [INF] HTTP GET /Admin/GetRecentMessages responded 200 in 349.1136 ms
2026-07-01 21:25:02.153 +05:30 [INF] Request finished HTTP/2 GET https://localhost:44341/Admin/GetRecentMessages - 200 null application/json; charset=utf-8 355.2208ms
2026-07-01 21:25:31.753 +05:30 [INF] Request starting HTTP/2 GET https://localhost:44341/Admin/GetUnreadMessagesCount - null null
2026-07-01 21:25:31.754 +05:30 [INF] Executing endpoint 'Portfolio_Management_System.Controllers.AdminController.GetUnreadMessagesCount (Portfolio Management System)'
2026-07-01 21:25:31.754 +05:30 [INF] Route matched with {action = "GetUnreadMessagesCount", controller = "Admin"}. Executing controller action with signature System.Threading.Tasks.Task`1[Microsoft.AspNetCore.Mvc.IActionResult] GetUnreadMessagesCount() on controller Portfolio_Management_System.Controllers.AdminController (Portfolio Management System).
2026-07-01 21:25:31.763 +05:30 [INF] Request starting HTTP/2 GET https://localhost:44341/Admin/GetRecentMessages - null null
2026-07-01 21:25:31.792 +05:30 [INF] Executing endpoint 'Portfolio_Management_System.Controllers.AdminController.GetRecentMessages (Portfolio Management System)'
2026-07-01 21:25:31.792 +05:30 [INF] Route matched with {action = "GetRecentMessages", controller = "Admin"}. Executing controller action with signature System.Threading.Tasks.Task`1[Microsoft.AspNetCore.Mvc.IActionResult] GetRecentMessages() on controller Portfolio_Management_System.Controllers.AdminController (Portfolio Management System).
2026-07-01 21:25:31.946 +05:30 [INF] Executing JsonResult, writing value of type 'System.Int32'.
2026-07-01 21:25:31.949 +05:30 [INF] Executed action Portfolio_Management_System.Controllers.AdminController.GetUnreadMessagesCount (Portfolio Management System) in 194.67ms
2026-07-01 21:25:31.949 +05:30 [INF] Executed endpoint 'Portfolio_Management_System.Controllers.AdminController.GetUnreadMessagesCount (Portfolio Management System)'
2026-07-01 21:25:31.949 +05:30 [INF] HTTP GET /Admin/GetUnreadMessagesCount responded 200 in 196.4323 ms
2026-07-01 21:25:31.950 +05:30 [INF] Request finished HTTP/2 GET https://localhost:44341/Admin/GetUnreadMessagesCount - 200 null application/json; charset=utf-8 197.9696ms
2026-07-01 21:25:31.967 +05:30 [INF] Executing JsonResult, writing value of type 'System.Collections.Generic.List`1[[<>f__AnonymousType18`7[[System.Int32, System.Private.CoreLib, Version=9.0.0.0, Culture=neutral, PublicKeyToken=7cec85d7bea7798e],[System.String, System.Private.CoreLib, Version=9.0.0.0, Culture=neutral, PublicKeyToken=7cec85d7bea7798e],[System.String, System.Private.CoreLib, Version=9.0.0.0, Culture=neutral, PublicKeyToken=7cec85d7bea7798e],[System.String, System.Private.CoreLib, Version=9.0.0.0, Culture=neutral, PublicKeyToken=7cec85d7bea7798e],[System.String, System.Private.CoreLib, Version=9.0.0.0, Culture=neutral, PublicKeyToken=7cec85d7bea7798e],[System.Boolean, System.Private.CoreLib, Version=9.0.0.0, Culture=neutral, PublicKeyToken=7cec85d7bea7798e],[System.DateTime, System.Private.CoreLib, Version=9.0.0.0, Culture=neutral, PublicKeyToken=7cec85d7bea7798e]], Portfolio Management System, Version=1.0.0.0, Culture=neutral, PublicKeyToken=null]]'.
2026-07-01 21:25:31.971 +05:30 [INF] Executed action Portfolio_Management_System.Controllers.AdminController.GetRecentMessages (Portfolio Management System) in 179.021ms
2026-07-01 21:25:31.971 +05:30 [INF] Executed endpoint 'Portfolio_Management_System.Controllers.AdminController.GetRecentMessages (Portfolio Management System)'
2026-07-01 21:25:31.972 +05:30 [INF] HTTP GET /Admin/GetRecentMessages responded 200 in 196.3133 ms
2026-07-01 21:25:31.972 +05:30 [INF] Request finished HTTP/2 GET https://localhost:44341/Admin/GetRecentMessages - 200 null application/json; charset=utf-8 208.84ms
2026-07-01 21:26:01.757 +05:30 [INF] Request starting HTTP/2 GET https://localhost:44341/Admin/GetUnreadMessagesCount - null null
2026-07-01 21:26:01.758 +05:30 [INF] Executing endpoint 'Portfolio_Management_System.Controllers.AdminController.GetUnreadMessagesCount (Portfolio Management System)'
2026-07-01 21:26:01.758 +05:30 [INF] Request starting HTTP/2 GET https://localhost:44341/Admin/GetRecentMessages - null null
2026-07-01 21:26:01.758 +05:30 [INF] Route matched with {action = "GetUnreadMessagesCount", controller = "Admin"}. Executing controller action with signature System.Threading.Tasks.Task`1[Microsoft.AspNetCore.Mvc.IActionResult] GetUnreadMessagesCount() on controller Portfolio_Management_System.Controllers.AdminController (Portfolio Management System).
2026-07-01 21:26:01.759 +05:30 [INF] Executing endpoint 'Portfolio_Management_System.Controllers.AdminController.GetRecentMessages (Portfolio Management System)'
2026-07-01 21:26:01.759 +05:30 [INF] Route matched with {action = "GetRecentMessages", controller = "Admin"}. Executing controller action with signature System.Threading.Tasks.Task`1[Microsoft.AspNetCore.Mvc.IActionResult] GetRecentMessages() on controller Portfolio_Management_System.Controllers.AdminController (Portfolio Management System).
2026-07-01 21:26:01.931 +05:30 [INF] Executing JsonResult, writing value of type 'System.Int32'.
2026-07-01 21:26:01.933 +05:30 [INF] Executed action Portfolio_Management_System.Controllers.AdminController.GetUnreadMessagesCount (Portfolio Management System) in 174.5334ms
2026-07-01 21:26:01.933 +05:30 [INF] Executed endpoint 'Portfolio_Management_System.Controllers.AdminController.GetUnreadMessagesCount (Portfolio Management System)'
2026-07-01 21:26:01.934 +05:30 [INF] HTTP GET /Admin/GetUnreadMessagesCount responded 200 in 176.6655 ms
2026-07-01 21:26:01.935 +05:30 [INF] Request finished HTTP/2 GET https://localhost:44341/Admin/GetUnreadMessagesCount - 200 null application/json; charset=utf-8 178.4769ms
2026-07-01 21:26:01.964 +05:30 [INF] Executing JsonResult, writing value of type 'System.Collections.Generic.List`1[[<>f__AnonymousType18`7[[System.Int32, System.Private.CoreLib, Version=9.0.0.0, Culture=neutral, PublicKeyToken=7cec85d7bea7798e],[System.String, System.Private.CoreLib, Version=9.0.0.0, Culture=neutral, PublicKeyToken=7cec85d7bea7798e],[System.String, System.Private.CoreLib, Version=9.0.0.0, Culture=neutral, PublicKeyToken=7cec85d7bea7798e],[System.String, System.Private.CoreLib, Version=9.0.0.0, Culture=neutral, PublicKeyToken=7cec85d7bea7798e],[System.String, System.Private.CoreLib, Version=9.0.0.0, Culture=neutral, PublicKeyToken=7cec85d7bea7798e],[System.Boolean, System.Private.CoreLib, Version=9.0.0.0, Culture=neutral, PublicKeyToken=7cec85d7bea7798e],[System.DateTime, System.Private.CoreLib, Version=9.0.0.0, Culture=neutral, PublicKeyToken=7cec85d7bea7798e]], Portfolio Management System, Version=1.0.0.0, Culture=neutral, PublicKeyToken=null]]'.
2026-07-01 21:26:01.967 +05:30 [INF] Executed action Portfolio_Management_System.Controllers.AdminController.GetRecentMessages (Portfolio Management System) in 207.1123ms
2026-07-01 21:26:01.967 +05:30 [INF] Executed endpoint 'Portfolio_Management_System.Controllers.AdminController.GetRecentMessages (Portfolio Management System)'
2026-07-01 21:26:01.967 +05:30 [INF] HTTP GET /Admin/GetRecentMessages responded 200 in 209.0633 ms
2026-07-01 21:26:01.968 +05:30 [INF] Request finished HTTP/2 GET https://localhost:44341/Admin/GetRecentMessages - 200 null application/json; charset=utf-8 209.8547ms
2026-07-01 21:26:32.485 +05:30 [INF] Request starting HTTP/2 GET https://localhost:44341/Admin/GetUnreadMessagesCount - null null
2026-07-01 21:26:32.562 +05:30 [INF] Executing endpoint 'Portfolio_Management_System.Controllers.AdminController.GetUnreadMessagesCount (Portfolio Management System)'
2026-07-01 21:26:32.567 +05:30 [INF] Route matched with {action = "GetUnreadMessagesCount", controller = "Admin"}. Executing controller action with signature System.Threading.Tasks.Task`1[Microsoft.AspNetCore.Mvc.IActionResult] GetUnreadMessagesCount() on controller Portfolio_Management_System.Controllers.AdminController (Portfolio Management System).
2026-07-01 21:26:32.685 +05:30 [INF] Request starting HTTP/2 GET https://localhost:44341/Admin/GetRecentMessages - null null
2026-07-01 21:26:32.690 +05:30 [INF] Executing endpoint 'Portfolio_Management_System.Controllers.AdminController.GetRecentMessages (Portfolio Management System)'
2026-07-01 21:26:32.692 +05:30 [INF] Route matched with {action = "GetRecentMessages", controller = "Admin"}. Executing controller action with signature System.Threading.Tasks.Task`1[Microsoft.AspNetCore.Mvc.IActionResult] GetRecentMessages() on controller Portfolio_Management_System.Controllers.AdminController (Portfolio Management System).
2026-07-01 21:26:32.787 +05:30 [INF] Executing JsonResult, writing value of type 'System.Int32'.
2026-07-01 21:26:32.794 +05:30 [INF] Executed action Portfolio_Management_System.Controllers.AdminController.GetUnreadMessagesCount (Portfolio Management System) in 226.4529ms
2026-07-01 21:26:32.796 +05:30 [INF] Executed endpoint 'Portfolio_Management_System.Controllers.AdminController.GetUnreadMessagesCount (Portfolio Management System)'
2026-07-01 21:26:32.797 +05:30 [INF] HTTP GET /Admin/GetUnreadMessagesCount responded 200 in 298.0821 ms
2026-07-01 21:26:32.799 +05:30 [INF] Request finished HTTP/2 GET https://localhost:44341/Admin/GetUnreadMessagesCount - 200 null application/json; charset=utf-8 324.4183ms
2026-07-01 21:26:32.870 +05:30 [INF] Executing JsonResult, writing value of type 'System.Collections.Generic.List`1[[<>f__AnonymousType18`7[[System.Int32, System.Private.CoreLib, Version=9.0.0.0, Culture=neutral, PublicKeyToken=7cec85d7bea7798e],[System.String, System.Private.CoreLib, Version=9.0.0.0, Culture=neutral, PublicKeyToken=7cec85d7bea7798e],[System.String, System.Private.CoreLib, Version=9.0.0.0, Culture=neutral, PublicKeyToken=7cec85d7bea7798e],[System.String, System.Private.CoreLib, Version=9.0.0.0, Culture=neutral, PublicKeyToken=7cec85d7bea7798e],[System.String, System.Private.CoreLib, Version=9.0.0.0, Culture=neutral, PublicKeyToken=7cec85d7bea7798e],[System.Boolean, System.Private.CoreLib, Version=9.0.0.0, Culture=neutral, PublicKeyToken=7cec85d7bea7798e],[System.DateTime, System.Private.CoreLib, Version=9.0.0.0, Culture=neutral, PublicKeyToken=7cec85d7bea7798e]], Portfolio Management System, Version=1.0.0.0, Culture=neutral, PublicKeyToken=null]]'.
2026-07-01 21:26:32.874 +05:30 [INF] Executed action Portfolio_Management_System.Controllers.AdminController.GetRecentMessages (Portfolio Management System) in 182.0802ms
2026-07-01 21:26:32.875 +05:30 [INF] Executed endpoint 'Portfolio_Management_System.Controllers.AdminController.GetRecentMessages (Portfolio Management System)'
2026-07-01 21:26:32.877 +05:30 [INF] HTTP GET /Admin/GetRecentMessages responded 200 in 191.8078 ms
2026-07-01 21:26:32.879 +05:30 [INF] Request finished HTTP/2 GET https://localhost:44341/Admin/GetRecentMessages - 200 null application/json; charset=utf-8 194.0473ms
2026-07-01 21:27:01.762 +05:30 [INF] Request starting HTTP/2 GET https://localhost:44341/Admin/GetRecentMessages - null null
2026-07-01 21:27:01.762 +05:30 [INF] Request starting HTTP/2 GET https://localhost:44341/Admin/GetUnreadMessagesCount - null null
2026-07-01 21:27:01.764 +05:30 [INF] Executing endpoint 'Portfolio_Management_System.Controllers.AdminController.GetRecentMessages (Portfolio Management System)'
2026-07-01 21:27:01.764 +05:30 [INF] Executing endpoint 'Portfolio_Management_System.Controllers.AdminController.GetUnreadMessagesCount (Portfolio Management System)'
2026-07-01 21:27:01.764 +05:30 [INF] Route matched with {action = "GetUnreadMessagesCount", controller = "Admin"}. Executing controller action with signature System.Threading.Tasks.Task`1[Microsoft.AspNetCore.Mvc.IActionResult] GetUnreadMessagesCount() on controller Portfolio_Management_System.Controllers.AdminController (Portfolio Management System).
2026-07-01 21:27:01.766 +05:30 [INF] Route matched with {action = "GetRecentMessages", controller = "Admin"}. Executing controller action with signature System.Threading.Tasks.Task`1[Microsoft.AspNetCore.Mvc.IActionResult] GetRecentMessages() on controller Portfolio_Management_System.Controllers.AdminController (Portfolio Management System).
2026-07-01 21:27:14.671 +05:30 [INF] Request starting HTTP/2 GET https://localhost:44341/Admin/AutoTube/RecreateVideoAudio - null null
2026-07-01 21:27:14.647 +05:30 [ERR] Error getting messages
Microsoft.Data.SqlClient.SqlException (0x80131904): A transport-level error has occurred when receiving results from the server. (provider: Session Provider, error: 19 - Physical connection is not usable)
   at Microsoft.Data.SqlClient.SqlCommand.EndExecuteReaderAsync(IAsyncResult asyncResult)
   at System.Threading.Tasks.TaskFactory`1.FromAsyncCoreLogic(IAsyncResult iar, Func`2 endFunction, Action`1 endAction, Task`1 promise, Boolean requiresSynchronization)
--- End of stack trace from previous location ---
   at Portfolio_Management_System.DAL.DbHelper.GetAllMessagesAsync() in C:\Users\ak731\Desktop\DSA\Portfolio Management System\DAL\DbHelper.cs:line 579
ClientConnectionId:96ba1d05-bced-455d-bef6-e507ebe84630
Error Number:-1,State:0,Class:20
2026-07-01 21:27:14.648 +05:30 [ERR] Error getting messages
Microsoft.Data.SqlClient.SqlException (0x80131904): A transport-level error has occurred when receiving results from the server. (provider: Session Provider, error: 19 - Physical connection is not usable)
   at Microsoft.Data.SqlClient.SqlCommand.EndExecuteReaderAsync(IAsyncResult asyncResult)
   at System.Threading.Tasks.TaskFactory`1.FromAsyncCoreLogic(IAsyncResult iar, Func`2 endFunction, Action`1 endAction, Task`1 promise, Boolean requiresSynchronization)
--- End of stack trace from previous location ---
   at Portfolio_Management_System.DAL.DbHelper.GetAllMessagesAsync() in C:\Users\ak731\Desktop\DSA\Portfolio Management System\DAL\DbHelper.cs:line 579
ClientConnectionId:3c2def6f-46f2-4b2e-aca6-0257bdb46911
Error Number:-1,State:0,Class:20
2026-07-01 21:27:14.814 +05:30 [INF] Executing JsonResult, writing value of type 'System.Int32'.
2026-07-01 21:27:14.815 +05:30 [INF] Executing JsonResult, writing value of type 'System.Collections.Generic.List`1[[<>f__AnonymousType18`7[[System.Int32, System.Private.CoreLib, Version=9.0.0.0, Culture=neutral, PublicKeyToken=7cec85d7bea7798e],[System.String, System.Private.CoreLib, Version=9.0.0.0, Culture=neutral, PublicKeyToken=7cec85d7bea7798e],[System.String, System.Private.CoreLib, Version=9.0.0.0, Culture=neutral, PublicKeyToken=7cec85d7bea7798e],[System.String, System.Private.CoreLib, Version=9.0.0.0, Culture=neutral, PublicKeyToken=7cec85d7bea7798e],[System.String, System.Private.CoreLib, Version=9.0.0.0, Culture=neutral, PublicKeyToken=7cec85d7bea7798e],[System.Boolean, System.Private.CoreLib, Version=9.0.0.0, Culture=neutral, PublicKeyToken=7cec85d7bea7798e],[System.DateTime, System.Private.CoreLib, Version=9.0.0.0, Culture=neutral, PublicKeyToken=7cec85d7bea7798e]], Portfolio Management System, Version=1.0.0.0, Culture=neutral, PublicKeyToken=null]]'.
2026-07-01 21:27:14.819 +05:30 [INF] Executed action Portfolio_Management_System.Controllers.AdminController.GetUnreadMessagesCount (Portfolio Management System) in 13052.5317ms
2026-07-01 21:27:14.819 +05:30 [INF] Executed endpoint 'Portfolio_Management_System.Controllers.AdminController.GetUnreadMessagesCount (Portfolio Management System)'
2026-07-01 21:27:14.825 +05:30 [INF] Executed action Portfolio_Management_System.Controllers.AdminController.GetRecentMessages (Portfolio Management System) in 13059.5049ms
2026-07-01 21:27:14.825 +05:30 [INF] Executed endpoint 'Portfolio_Management_System.Controllers.AdminController.GetRecentMessages (Portfolio Management System)'
2026-07-01 21:27:14.825 +05:30 [INF] HTTP GET /Admin/GetUnreadMessagesCount responded 200 in 13061.8134 ms
2026-07-01 21:27:14.826 +05:30 [INF] HTTP GET /Admin/GetRecentMessages responded 200 in 13063.1987 ms
2026-07-01 21:27:14.827 +05:30 [INF] Request finished HTTP/2 GET https://localhost:44341/Admin/GetUnreadMessagesCount - 200 null application/json; charset=utf-8 13065.8503ms
2026-07-01 21:27:14.827 +05:30 [INF] Request finished HTTP/2 GET https://localhost:44341/Admin/GetRecentMessages - 200 null application/json; charset=utf-8 13063.7523ms
2026-07-01 21:27:14.929 +05:30 [INF] Executing endpoint 'Portfolio_Management_System.Controllers.AdminAutoTubeController.RecreateVideoAudio (Portfolio Management System)'
2026-07-01 21:27:14.931 +05:30 [INF] Route matched with {action = "RecreateVideoAudio", controller = "AdminAutoTube"}. Executing controller action with signature Microsoft.AspNetCore.Mvc.IActionResult RecreateVideoAudio() on controller Portfolio_Management_System.Controllers.AdminAutoTubeController (Portfolio Management System).
2026-07-01 21:27:15.128 +05:30 [INF] Executing ViewResult, running view ~/Views/Admin/RecreateVideoAudio.cshtml.
2026-07-01 21:27:30.283 +05:30 [ERR] Error getting profile
Microsoft.Data.SqlClient.SqlException (0x80131904): A network-related or instance-specific error occurred while establishing a connection to SQL Server. The server was not found or was not accessible. Verify that the instance name is correct and that SQL Server is configured to allow remote connections. (provider: Named Pipes Provider, error: 40 - Could not open a connection to SQL Server)
 ---> System.ComponentModel.Win32Exception (53): The network path was not found.
   at Microsoft.Data.SqlClient.SqlInternalConnection.OnError(SqlException exception, Boolean breakConnection, Action`1 wrapCloseInAction)
   at Microsoft.Data.SqlClient.TdsParser.ThrowExceptionAndWarning(TdsParserStateObject stateObj, SqlCommand command, Boolean callerHasConnectionLock, Boolean asyncClose)
   at Microsoft.Data.SqlClient.TdsParser.Connect(ServerInfo serverInfo, SqlInternalConnectionTds connHandler, TimeoutTimer timeout, SqlConnectionString connectionOptions, Boolean withFailover)
   at Microsoft.Data.SqlClient.SqlInternalConnectionTds.AttemptOneLogin(ServerInfo serverInfo, String newPassword, SecureString newSecurePassword, TimeoutTimer timeout, Boolean withFailover)
   at Microsoft.Data.SqlClient.SqlInternalConnectionTds.LoginNoFailover(ServerInfo serverInfo, String newPassword, SecureString newSecurePassword, Boolean redirectedUserInstance, SqlConnectionString connectionOptions, SqlCredential credential, TimeoutTimer timeout)
   at Microsoft.Data.SqlClient.SqlInternalConnectionTds.OpenLoginEnlist(TimeoutTimer timeout, SqlConnectionString connectionOptions, SqlCredential credential, String newPassword, SecureString newSecurePassword, Boolean redirectedUserInstance)
   at Microsoft.Data.SqlClient.SqlInternalConnectionTds..ctor(DbConnectionPoolIdentity identity, SqlConnectionString connectionOptions, SqlCredential credential, Object providerInfo, String newPassword, SecureString newSecurePassword, Boolean redirectedUserInstance, SqlConnectionString userConnectionOptions, SessionData reconnectSessionData, Boolean applyTransientFaultHandling, String accessToken, IDbConnectionPool pool, Func`3 accessTokenCallback)
   at Microsoft.Data.SqlClient.SqlConnectionFactory.CreateConnection(DbConnectionOptions options, DbConnectionPoolKey poolKey, DbConnectionPoolGroupProviderInfo poolGroupProviderInfo, IDbConnectionPool pool, DbConnection owningConnection, DbConnectionOptions userOptions)
   at Microsoft.Data.ProviderBase.DbConnectionFactory.CreatePooledConnection(IDbConnectionPool pool, DbConnection owningObject, DbConnectionOptions options, DbConnectionPoolKey poolKey, DbConnectionOptions userOptions)
   at Microsoft.Data.SqlClient.ConnectionPool.WaitHandleDbConnectionPool.CreateObject(DbConnection owningObject, DbConnectionOptions userOptions, DbConnectionInternal oldConnection)
   at Microsoft.Data.SqlClient.ConnectionPool.WaitHandleDbConnectionPool.UserCreateRequest(DbConnection owningObject, DbConnectionOptions userOptions, DbConnectionInternal oldConnection)
   at Microsoft.Data.SqlClient.ConnectionPool.WaitHandleDbConnectionPool.TryGetConnection(DbConnection owningObject, UInt32 waitForMultipleObjectsTimeout, Boolean allowCreate, Boolean onlyOneCheckConnection, DbConnectionOptions userOptions, DbConnectionInternal& connection)
   at Microsoft.Data.SqlClient.ConnectionPool.WaitHandleDbConnectionPool.WaitForPendingOpen()
--- End of stack trace from previous location ---
   at Portfolio_Management_System.DAL.DbHelper.GetProfileAsync() in C:\Users\ak731\Desktop\DSA\Portfolio Management System\DAL\DbHelper.cs:line 202
ClientConnectionId:00000000-0000-0000-0000-000000000000
Error Number:53,State:0,Class:20
2026-07-01 21:27:30.363 +05:30 [INF] Executed ViewResult - view ~/Views/Admin/RecreateVideoAudio.cshtml executed in 15250.275ms.
2026-07-01 21:27:30.364 +05:30 [INF] Executed action Portfolio_Management_System.Controllers.AdminAutoTubeController.RecreateVideoAudio (Portfolio Management System) in 15432.0282ms
2026-07-01 21:27:30.364 +05:30 [INF] Executed endpoint 'Portfolio_Management_System.Controllers.AdminAutoTubeController.RecreateVideoAudio (Portfolio Management System)'
2026-07-01 21:27:30.365 +05:30 [INF] HTTP GET /Admin/AutoTube/RecreateVideoAudio responded 200 in 15459.8962 ms
2026-07-01 21:27:30.370 +05:30 [INF] Request finished HTTP/2 GET https://localhost:44341/Admin/AutoTube/RecreateVideoAudio - 200 null text/html; charset=utf-8 15699.2ms
2026-07-01 21:27:30.604 +05:30 [INF] Request starting HTTP/2 GET https://localhost:44341/css/admin.css?v=639185380503239679 - null null
2026-07-01 21:27:30.607 +05:30 [INF] Request starting HTTP/2 GET https://localhost:44341/css/site.css - null null
2026-07-01 21:27:30.611 +05:30 [INF] Request starting HTTP/2 GET https://localhost:44341/images/ajay-avatar.png - null null
2026-07-01 21:27:30.642 +05:30 [INF] Request starting HTTP/2 GET https://localhost:44341/_framework/aspnetcore-browser-refresh.js - null null
2026-07-01 21:27:30.642 +05:30 [INF] Request starting HTTP/2 GET https://localhost:44341/_vs/browserLink - null null
2026-07-01 21:27:30.656 +05:30 [INF] Request finished HTTP/2 GET https://localhost:44341/_framework/aspnetcore-browser-refresh.js - 200 16539 application/javascript; charset=utf-8 12.8229ms
2026-07-01 21:27:30.777 +05:30 [INF] Sending file. Request path: '/css/admin.css'. Physical path: 'C:\Users\ak731\Desktop\DSA\Portfolio Management System\wwwroot\css\admin.css'
2026-07-01 21:27:30.777 +05:30 [INF] HTTP GET /css/admin.css responded 200 in 171.8078 ms
2026-07-01 21:27:30.802 +05:30 [INF] Request finished HTTP/2 GET https://localhost:44341/css/admin.css?v=639185380503239679 - 200 19965 text/css 197.7088ms
2026-07-01 21:27:30.918 +05:30 [INF] Request finished HTTP/2 GET https://localhost:44341/_vs/browserLink - 200 null text/javascript; charset=UTF-8 275.7093ms
2026-07-01 21:27:30.945 +05:30 [INF] Sending file. Request path: '/images/ajay-avatar.png'. Physical path: 'C:\Users\ak731\Desktop\DSA\Portfolio Management System\wwwroot\images\ajay-avatar.png'
2026-07-01 21:27:30.945 +05:30 [INF] HTTP GET /images/ajay-avatar.png responded 200 in 333.1054 ms
2026-07-01 21:27:30.994 +05:30 [INF] Request finished HTTP/2 GET https://localhost:44341/images/ajay-avatar.png - 200 586130 image/png 382.2197ms
2026-07-01 21:27:31.085 +05:30 [INF] Sending file. Request path: '/css/site.css'. Physical path: 'C:\Users\ak731\Desktop\DSA\Portfolio Management System\wwwroot\css\site.css'
2026-07-01 21:27:31.090 +05:30 [INF] HTTP GET /css/site.css responded 200 in 482.2705 ms
2026-07-01 21:27:31.104 +05:30 [INF] Request finished HTTP/2 GET https://localhost:44341/css/site.css - 200 19453 text/css 496.5758ms
2026-07-01 21:28:35.620 +05:30 [INF] Request starting HTTP/2 GET https://localhost:44341/_framework/aspnetcore-browser-refresh.js - null null
2026-07-01 21:28:35.674 +05:30 [INF] Request finished HTTP/2 GET https://localhost:44341/_framework/aspnetcore-browser-refresh.js - 200 16539 application/javascript; charset=utf-8 63.4038ms
2026-07-01 21:49:19.763 +05:30 [INF] Request starting HTTP/2 GET https://localhost:44341/Admin/Dashboard - null null
2026-07-01 21:49:20.774 +05:30 [INF] Executing endpoint 'Portfolio_Management_System.Controllers.AdminController.Dashboard (Portfolio Management System)'
2026-07-01 21:49:21.162 +05:30 [INF] Route matched with {action = "Dashboard", controller = "Admin"}. Executing controller action with signature System.Threading.Tasks.Task`1[Microsoft.AspNetCore.Mvc.IActionResult] Dashboard() on controller Portfolio_Management_System.Controllers.AdminController (Portfolio Management System).
2026-07-01 21:49:21.305 +05:30 [INF] Accessing expired session, Key:f2ccc2cb-5864-09e1-0c4e-6a0c4521ea96
2026-07-01 21:49:21.364 +05:30 [INF] Executing RedirectResult, redirecting to /Admin/Login.
2026-07-01 21:49:21.394 +05:30 [INF] Executed action Portfolio_Management_System.Controllers.AdminController.Dashboard (Portfolio Management System) in 230.0793ms
2026-07-01 21:49:21.398 +05:30 [INF] Executed endpoint 'Portfolio_Management_System.Controllers.AdminController.Dashboard (Portfolio Management System)'
2026-07-01 21:49:21.408 +05:30 [INF] HTTP GET /Admin/Dashboard responded 302 in 724.2978 ms
2026-07-01 21:49:21.428 +05:30 [INF] Request finished HTTP/2 GET https://localhost:44341/Admin/Dashboard - 302 null null 1717.7105ms
2026-07-01 21:49:21.462 +05:30 [INF] Request starting HTTP/2 GET https://localhost:44341/Admin/Login - null null
2026-07-01 21:49:21.639 +05:30 [INF] Executing endpoint 'Portfolio_Management_System.Controllers.AdminController.Login (Portfolio Management System)'
2026-07-01 21:49:21.644 +05:30 [INF] Route matched with {action = "Login", controller = "Admin"}. Executing controller action with signature Microsoft.AspNetCore.Mvc.IActionResult Login() on controller Portfolio_Management_System.Controllers.AdminController (Portfolio Management System).
2026-07-01 21:49:21.646 +05:30 [INF] Accessing expired session, Key:f2ccc2cb-5864-09e1-0c4e-6a0c4521ea96
2026-07-01 21:49:21.717 +05:30 [INF] Executing ViewResult, running view Login.
2026-07-01 21:49:22.097 +05:30 [INF] Executed ViewResult - view Login executed in 443.0538ms.
2026-07-01 21:49:22.098 +05:30 [INF] Executed action Portfolio_Management_System.Controllers.AdminController.Login (Portfolio Management System) in 452.8669ms
2026-07-01 21:49:22.098 +05:30 [INF] Executed endpoint 'Portfolio_Management_System.Controllers.AdminController.Login (Portfolio Management System)'
2026-07-01 21:49:22.098 +05:30 [INF] HTTP GET /Admin/Login responded 200 in 461.0046 ms
2026-07-01 21:49:22.101 +05:30 [INF] Request finished HTTP/2 GET https://localhost:44341/Admin/Login - 200 null text/html; charset=utf-8 639.1048ms
2026-07-01 21:49:44.411 +05:30 [INF] Request starting HTTP/2 GET https://localhost:44341/Admin/Dashboard - null null
2026-07-01 21:49:44.457 +05:30 [INF] Executing endpoint 'Portfolio_Management_System.Controllers.AdminController.Dashboard (Portfolio Management System)'
2026-07-01 21:49:44.457 +05:30 [INF] Route matched with {action = "Dashboard", controller = "Admin"}. Executing controller action with signature System.Threading.Tasks.Task`1[Microsoft.AspNetCore.Mvc.IActionResult] Dashboard() on controller Portfolio_Management_System.Controllers.AdminController (Portfolio Management System).
2026-07-01 21:49:44.457 +05:30 [INF] Accessing expired session, Key:f2ccc2cb-5864-09e1-0c4e-6a0c4521ea96
2026-07-01 21:49:44.460 +05:30 [INF] Executing RedirectResult, redirecting to /Admin/Login.
2026-07-01 21:49:44.463 +05:30 [INF] Executed action Portfolio_Management_System.Controllers.AdminController.Dashboard (Portfolio Management System) in 5.292ms
2026-07-01 21:49:44.463 +05:30 [INF] Executed endpoint 'Portfolio_Management_System.Controllers.AdminController.Dashboard (Portfolio Management System)'
2026-07-01 21:49:44.463 +05:30 [INF] HTTP GET /Admin/Dashboard responded 302 in 6.6714 ms
2026-07-01 21:49:44.474 +05:30 [INF] Request finished HTTP/2 GET https://localhost:44341/Admin/Dashboard - 302 null null 62.6511ms
2026-07-01 21:49:44.488 +05:30 [INF] Request starting HTTP/2 GET https://localhost:44341/Admin/Login - null null
2026-07-01 21:49:44.608 +05:30 [INF] Executing endpoint 'Portfolio_Management_System.Controllers.AdminController.Login (Portfolio Management System)'
2026-07-01 21:49:44.608 +05:30 [INF] Route matched with {action = "Login", controller = "Admin"}. Executing controller action with signature Microsoft.AspNetCore.Mvc.IActionResult Login() on controller Portfolio_Management_System.Controllers.AdminController (Portfolio Management System).
2026-07-01 21:49:44.608 +05:30 [INF] Accessing expired session, Key:f2ccc2cb-5864-09e1-0c4e-6a0c4521ea96
2026-07-01 21:49:44.646 +05:30 [INF] Executing ViewResult, running view Login.
2026-07-01 21:49:44.688 +05:30 [INF] Executed ViewResult - view Login executed in 43.8414ms.
2026-07-01 21:49:44.688 +05:30 [INF] Executed action Portfolio_Management_System.Controllers.AdminController.Login (Portfolio Management System) in 79.9576ms
2026-07-01 21:49:44.688 +05:30 [INF] Executed endpoint 'Portfolio_Management_System.Controllers.AdminController.Login (Portfolio Management System)'
2026-07-01 21:49:44.688 +05:30 [INF] HTTP GET /Admin/Login responded 200 in 92.8365 ms
2026-07-01 21:49:44.691 +05:30 [INF] Request finished HTTP/2 GET https://localhost:44341/Admin/Login - 200 null text/html; charset=utf-8 202.3173ms
2026-07-01 21:49:44.909 +05:30 [INF] Request starting HTTP/2 GET https://localhost:44341/_framework/aspnetcore-browser-refresh.js - null null
2026-07-01 21:49:44.955 +05:30 [INF] Request starting HTTP/2 GET https://localhost:44341/css/admin.css?v=639185393846585093 - null null
2026-07-01 21:49:45.074 +05:30 [INF] Request finished HTTP/2 GET https://localhost:44341/_framework/aspnetcore-browser-refresh.js - 200 16539 application/javascript; charset=utf-8 163.9955ms
2026-07-01 21:49:45.310 +05:30 [INF] Request starting HTTP/2 GET https://localhost:44341/_vs/browserLink - null null
2026-07-01 21:49:45.574 +05:30 [INF] Sending file. Request path: '/css/admin.css'. Physical path: 'C:\Users\ak731\Desktop\DSA\Portfolio Management System\wwwroot\css\admin.css'
2026-07-01 21:49:45.574 +05:30 [INF] HTTP GET /css/admin.css responded 200 in 618.7761 ms
2026-07-01 21:49:45.600 +05:30 [INF] Request finished HTTP/2 GET https://localhost:44341/css/admin.css?v=639185393846585093 - 200 19965 text/css 644.6492ms
2026-07-01 21:49:45.723 +05:30 [INF] Request finished HTTP/2 GET https://localhost:44341/_vs/browserLink - 200 null text/javascript; charset=UTF-8 413.5765ms
2026-07-01 21:49:48.005 +05:30 [INF] Request starting HTTP/2 POST https://localhost:44341/Admin/Login - application/x-www-form-urlencoded 217
2026-07-01 21:49:48.031 +05:30 [INF] CORS policy execution successful.
2026-07-01 21:49:48.034 +05:30 [INF] Executing endpoint 'Portfolio_Management_System.Controllers.AdminController.Login (Portfolio Management System)'
2026-07-01 21:49:48.063 +05:30 [INF] Route matched with {action = "Login", controller = "Admin"}. Executing controller action with signature System.Threading.Tasks.Task`1[Microsoft.AspNetCore.Mvc.IActionResult] Login(Portfolio_Management_System.Models.AdminLoginModel) on controller Portfolio_Management_System.Controllers.AdminController (Portfolio Management System).
2026-07-01 21:49:51.613 +05:30 [INF] Accessing expired session, Key:f2ccc2cb-5864-09e1-0c4e-6a0c4521ea96
2026-07-01 21:49:51.616 +05:30 [INF] Executing RedirectResult, redirecting to /Admin/Dashboard.
2026-07-01 21:49:51.616 +05:30 [INF] Executed action Portfolio_Management_System.Controllers.AdminController.Login (Portfolio Management System) in 3553.5453ms
2026-07-01 21:49:51.616 +05:30 [INF] Executed endpoint 'Portfolio_Management_System.Controllers.AdminController.Login (Portfolio Management System)'
2026-07-01 21:49:51.620 +05:30 [INF] Session started; Key:f2ccc2cb-5864-09e1-0c4e-6a0c4521ea96, Id:d4562325-24c0-f191-bee0-3e6528eca323
2026-07-01 21:49:51.622 +05:30 [INF] HTTP POST /Admin/Login responded 302 in 3597.7458 ms
2026-07-01 21:49:51.625 +05:30 [INF] Request finished HTTP/2 POST https://localhost:44341/Admin/Login - 302 null null 3620.4989ms
2026-07-01 21:49:51.637 +05:30 [INF] Request starting HTTP/2 GET https://localhost:44341/Admin/Dashboard - null null
2026-07-01 21:49:51.642 +05:30 [INF] Executing endpoint 'Portfolio_Management_System.Controllers.AdminController.Dashboard (Portfolio Management System)'
2026-07-01 21:49:51.642 +05:30 [INF] Route matched with {action = "Dashboard", controller = "Admin"}. Executing controller action with signature System.Threading.Tasks.Task`1[Microsoft.AspNetCore.Mvc.IActionResult] Dashboard() on controller Portfolio_Management_System.Controllers.AdminController (Portfolio Management System).
2026-07-01 21:49:55.720 +05:30 [ERR] Error getting recent messages
System.InvalidCastException: Unable to cast object of type 'System.Boolean' to type 'System.DateTime'.
   at Microsoft.Data.SqlClient.SqlDataReader.GetDateTime(Int32 i)
   at Portfolio_Management_System.DAL.DbHelper.GetRecentMessagesAsync(Int32 count) in C:\Users\ak731\Desktop\DSA\Portfolio Management System\DAL\DbHelper.cs:line 1441
2026-07-01 21:49:56.463 +05:30 [ERR] Error getting recent visitors
System.InvalidCastException: Unable to cast object of type 'System.DateTime' to type 'System.Int32'.
   at Microsoft.Data.SqlClient.SqlBuffer.get_Int32()
   at Portfolio_Management_System.DAL.DbHelper.GetRecentVisitorsAsync(Int32 count) in C:\Users\ak731\Desktop\DSA\Portfolio Management System\DAL\DbHelper.cs:line 1482
2026-07-01 21:49:59.324 +05:30 [INF] Executing ViewResult, running view Dashboard.
2026-07-01 21:49:59.742 +05:30 [INF] Executed ViewResult - view Dashboard executed in 425.2206ms.
2026-07-01 21:49:59.743 +05:30 [INF] Executed action Portfolio_Management_System.Controllers.AdminController.Dashboard (Portfolio Management System) in 8101.5446ms
2026-07-01 21:49:59.743 +05:30 [INF] Executed endpoint 'Portfolio_Management_System.Controllers.AdminController.Dashboard (Portfolio Management System)'
2026-07-01 21:49:59.743 +05:30 [INF] HTTP GET /Admin/Dashboard responded 200 in 8102.1616 ms
2026-07-01 21:49:59.754 +05:30 [INF] Request finished HTTP/2 GET https://localhost:44341/Admin/Dashboard - 200 null text/html; charset=utf-8 8116.4983ms
2026-07-01 21:49:59.911 +05:30 [INF] Request starting HTTP/2 GET https://localhost:44341/css/admin.css?v=639185393996033998 - null null
2026-07-01 21:49:59.944 +05:30 [INF] Sending file. Request path: '/css/admin.css'. Physical path: 'C:\Users\ak731\Desktop\DSA\Portfolio Management System\wwwroot\css\admin.css'
2026-07-01 21:49:59.945 +05:30 [INF] HTTP GET /css/admin.css responded 200 in 34.0534 ms
2026-07-01 21:49:59.954 +05:30 [INF] Request finished HTTP/2 GET https://localhost:44341/css/admin.css?v=639185393996033998 - 200 19965 text/css 43.327ms
2026-07-01 21:50:00.002 +05:30 [INF] Request starting HTTP/2 GET https://localhost:44341/_framework/aspnetcore-browser-refresh.js - null null
2026-07-01 21:50:00.011 +05:30 [INF] Request finished HTTP/2 GET https://localhost:44341/_framework/aspnetcore-browser-refresh.js - 200 16539 application/javascript; charset=utf-8 8.1215ms
2026-07-01 21:50:00.019 +05:30 [INF] Request starting HTTP/2 GET https://localhost:44341/_vs/browserLink - null null
2026-07-01 21:50:01.068 +05:30 [INF] Request finished HTTP/2 GET https://localhost:44341/_vs/browserLink - 200 null text/javascript; charset=UTF-8 1049.1568ms
2026-07-01 21:50:01.989 +05:30 [INF] Request starting HTTP/2 GET https://localhost:44341/Admin/GetRecentMessages - null null
2026-07-01 21:50:01.992 +05:30 [INF] Executing endpoint 'Portfolio_Management_System.Controllers.AdminController.GetRecentMessages (Portfolio Management System)'
2026-07-01 21:50:01.996 +05:30 [INF] Request starting HTTP/2 GET https://localhost:44341/Admin/GetUnreadMessagesCount - null null
2026-07-01 21:50:01.998 +05:30 [INF] Executing endpoint 'Portfolio_Management_System.Controllers.AdminController.GetUnreadMessagesCount (Portfolio Management System)'
2026-07-01 21:50:02.007 +05:30 [INF] Route matched with {action = "GetRecentMessages", controller = "Admin"}. Executing controller action with signature System.Threading.Tasks.Task`1[Microsoft.AspNetCore.Mvc.IActionResult] GetRecentMessages() on controller Portfolio_Management_System.Controllers.AdminController (Portfolio Management System).
2026-07-01 21:50:02.011 +05:30 [INF] Route matched with {action = "GetUnreadMessagesCount", controller = "Admin"}. Executing controller action with signature System.Threading.Tasks.Task`1[Microsoft.AspNetCore.Mvc.IActionResult] GetUnreadMessagesCount() on controller Portfolio_Management_System.Controllers.AdminController (Portfolio Management System).
2026-07-01 21:50:02.016 +05:30 [INF] Request starting HTTP/2 GET https://localhost:44341/Admin/GetExperienceDetails - null null
2026-07-01 21:50:02.017 +05:30 [INF] Executing endpoint 'Portfolio_Management_System.Controllers.AdminController.GetExperienceDetails (Portfolio Management System)'
2026-07-01 21:50:02.060 +05:30 [INF] Route matched with {action = "GetExperienceDetails", controller = "Admin"}. Executing controller action with signature System.Threading.Tasks.Task`1[Microsoft.AspNetCore.Mvc.IActionResult] GetExperienceDetails() on controller Portfolio_Management_System.Controllers.AdminController (Portfolio Management System).
2026-07-01 21:50:02.641 +05:30 [INF] Executing JsonResult, writing value of type 'System.Int32'.
2026-07-01 21:50:02.641 +05:30 [INF] Executing JsonResult, writing value of type 'System.Collections.Generic.List`1[[<>f__AnonymousType18`7[[System.Int32, System.Private.CoreLib, Version=9.0.0.0, Culture=neutral, PublicKeyToken=7cec85d7bea7798e],[System.String, System.Private.CoreLib, Version=9.0.0.0, Culture=neutral, PublicKeyToken=7cec85d7bea7798e],[System.String, System.Private.CoreLib, Version=9.0.0.0, Culture=neutral, PublicKeyToken=7cec85d7bea7798e],[System.String, System.Private.CoreLib, Version=9.0.0.0, Culture=neutral, PublicKeyToken=7cec85d7bea7798e],[System.String, System.Private.CoreLib, Version=9.0.0.0, Culture=neutral, PublicKeyToken=7cec85d7bea7798e],[System.Boolean, System.Private.CoreLib, Version=9.0.0.0, Culture=neutral, PublicKeyToken=7cec85d7bea7798e],[System.DateTime, System.Private.CoreLib, Version=9.0.0.0, Culture=neutral, PublicKeyToken=7cec85d7bea7798e]], Portfolio Management System, Version=1.0.0.0, Culture=neutral, PublicKeyToken=null]]'.
2026-07-01 21:50:02.642 +05:30 [INF] Executed action Portfolio_Management_System.Controllers.AdminController.GetUnreadMessagesCount (Portfolio Management System) in 626.9159ms
2026-07-01 21:50:02.642 +05:30 [INF] Executed endpoint 'Portfolio_Management_System.Controllers.AdminController.GetUnreadMessagesCount (Portfolio Management System)'
2026-07-01 21:50:02.648 +05:30 [INF] Executed action Portfolio_Management_System.Controllers.AdminController.GetRecentMessages (Portfolio Management System) in 641.2774ms
2026-07-01 21:50:02.649 +05:30 [INF] Executed endpoint 'Portfolio_Management_System.Controllers.AdminController.GetRecentMessages (Portfolio Management System)'
2026-07-01 21:50:02.649 +05:30 [INF] HTTP GET /Admin/GetUnreadMessagesCount responded 200 in 652.6003 ms
2026-07-01 21:50:02.649 +05:30 [INF] HTTP GET /Admin/GetRecentMessages responded 200 in 659.3465 ms
2026-07-01 21:50:02.649 +05:30 [INF] Request finished HTTP/2 GET https://localhost:44341/Admin/GetUnreadMessagesCount - 200 null application/json; charset=utf-8 653.2606ms
2026-07-01 21:50:02.655 +05:30 [INF] Request finished HTTP/2 GET https://localhost:44341/Admin/GetRecentMessages - 200 null application/json; charset=utf-8 665.8105ms
2026-07-01 21:50:04.016 +05:30 [INF] Executing JsonResult, writing value of type '<>f__AnonymousType15`10[[System.Boolean, System.Private.CoreLib, Version=9.0.0.0, Culture=neutral, PublicKeyToken=7cec85d7bea7798e],[System.Int32, System.Private.CoreLib, Version=9.0.0.0, Culture=neutral, PublicKeyToken=7cec85d7bea7798e],[System.String, System.Private.CoreLib, Version=9.0.0.0, Culture=neutral, PublicKeyToken=7cec85d7bea7798e],[System.String, System.Private.CoreLib, Version=9.0.0.0, Culture=neutral, PublicKeyToken=7cec85d7bea7798e],[System.String, System.Private.CoreLib, Version=9.0.0.0, Culture=neutral, PublicKeyToken=7cec85d7bea7798e],[System.Int32, System.Private.CoreLib, Version=9.0.0.0, Culture=neutral, PublicKeyToken=7cec85d7bea7798e],[System.Int32, System.Private.CoreLib, Version=9.0.0.0, Culture=neutral, PublicKeyToken=7cec85d7bea7798e],[System.Int32, System.Private.CoreLib, Version=9.0.0.0, Culture=neutral, PublicKeyToken=7cec85d7bea7798e],[System.Int32, System.Private.CoreLib, Version=9.0.0.0, Culture=neutral, PublicKeyToken=7cec85d7bea7798e],[System.Int32, System.Private.CoreLib, Version=9.0.0.0, Culture=neutral, PublicKeyToken=7cec85d7bea7798e]]'.
2026-07-01 21:50:04.304 +05:30 [INF] Executed action Portfolio_Management_System.Controllers.AdminController.GetExperienceDetails (Portfolio Management System) in 2237.8549ms
2026-07-01 21:50:04.305 +05:30 [INF] Executed endpoint 'Portfolio_Management_System.Controllers.AdminController.GetExperienceDetails (Portfolio Management System)'
2026-07-01 21:50:04.306 +05:30 [INF] HTTP GET /Admin/GetExperienceDetails responded 200 in 2289.5845 ms
2026-07-01 21:50:04.336 +05:30 [INF] Request finished HTTP/2 GET https://localhost:44341/Admin/GetExperienceDetails - 200 null application/json; charset=utf-8 2319.8077ms
2026-07-01 21:50:13.908 +05:30 [INF] Request starting HTTP/2 GET https://localhost:44341/Admin/AutoTube/RecreateVideoAudio - null null
2026-07-01 21:50:13.919 +05:30 [INF] Executing endpoint 'Portfolio_Management_System.Controllers.AdminAutoTubeController.RecreateVideoAudio (Portfolio Management System)'
2026-07-01 21:50:13.924 +05:30 [INF] Route matched with {action = "RecreateVideoAudio", controller = "AdminAutoTube"}. Executing controller action with signature Microsoft.AspNetCore.Mvc.IActionResult RecreateVideoAudio() on controller Portfolio_Management_System.Controllers.AdminAutoTubeController (Portfolio Management System).
2026-07-01 21:50:13.993 +05:30 [INF] Executing ViewResult, running view ~/Views/Admin/RecreateVideoAudio.cshtml.
2026-07-01 21:50:14.209 +05:30 [INF] Executed ViewResult - view ~/Views/Admin/RecreateVideoAudio.cshtml executed in 218.2263ms.
2026-07-01 21:50:14.209 +05:30 [INF] Executed action Portfolio_Management_System.Controllers.AdminAutoTubeController.RecreateVideoAudio (Portfolio Management System) in 283.3269ms
2026-07-01 21:50:14.209 +05:30 [INF] Executed endpoint 'Portfolio_Management_System.Controllers.AdminAutoTubeController.RecreateVideoAudio (Portfolio Management System)'
2026-07-01 21:50:14.210 +05:30 [INF] HTTP GET /Admin/AutoTube/RecreateVideoAudio responded 200 in 291.1315 ms
2026-07-01 21:50:14.237 +05:30 [INF] Request finished HTTP/2 GET https://localhost:44341/Admin/AutoTube/RecreateVideoAudio - 200 null text/html; charset=utf-8 328.8315ms
2026-07-01 21:50:14.268 +05:30 [INF] Request starting HTTP/2 GET https://localhost:44341/_framework/aspnetcore-browser-refresh.js - null null
2026-07-01 21:50:14.274 +05:30 [INF] Request finished HTTP/2 GET https://localhost:44341/_framework/aspnetcore-browser-refresh.js - 200 16539 application/javascript; charset=utf-8 5.1185ms
2026-07-01 21:50:14.275 +05:30 [INF] Request starting HTTP/2 GET https://localhost:44341/css/admin.css?v=639185394142054503 - null null
2026-07-01 21:50:14.281 +05:30 [INF] Request starting HTTP/2 GET https://localhost:44341/_vs/browserLink - null null
2026-07-01 21:50:14.283 +05:30 [INF] Sending file. Request path: '/css/admin.css'. Physical path: 'C:\Users\ak731\Desktop\DSA\Portfolio Management System\wwwroot\css\admin.css'
2026-07-01 21:50:14.283 +05:30 [INF] HTTP GET /css/admin.css responded 200 in 3.3238 ms
2026-07-01 21:50:14.288 +05:30 [INF] Request finished HTTP/2 GET https://localhost:44341/css/admin.css?v=639185394142054503 - 200 19965 text/css 13.2465ms
2026-07-01 21:50:14.350 +05:30 [INF] Request finished HTTP/2 GET https://localhost:44341/_vs/browserLink - 200 null text/javascript; charset=UTF-8 68.715ms
2026-07-01 21:50:14.956 +05:30 [INF] Request starting HTTP/2 GET https://localhost:44341/Admin/GetRecentMessages - null null
2026-07-01 21:50:14.958 +05:30 [INF] Executing endpoint 'Portfolio_Management_System.Controllers.AdminController.GetRecentMessages (Portfolio Management System)'
2026-07-01 21:50:14.958 +05:30 [INF] Route matched with {action = "GetRecentMessages", controller = "Admin"}. Executing controller action with signature System.Threading.Tasks.Task`1[Microsoft.AspNetCore.Mvc.IActionResult] GetRecentMessages() on controller Portfolio_Management_System.Controllers.AdminController (Portfolio Management System).
2026-07-01 21:50:14.966 +05:30 [INF] Request starting HTTP/2 GET https://localhost:44341/Admin/GetUnreadMessagesCount - null null
2026-07-01 21:50:14.966 +05:30 [INF] Executing endpoint 'Portfolio_Management_System.Controllers.AdminController.GetUnreadMessagesCount (Portfolio Management System)'
2026-07-01 21:50:14.966 +05:30 [INF] Route matched with {action = "GetUnreadMessagesCount", controller = "Admin"}. Executing controller action with signature System.Threading.Tasks.Task`1[Microsoft.AspNetCore.Mvc.IActionResult] GetUnreadMessagesCount() on controller Portfolio_Management_System.Controllers.AdminController (Portfolio Management System).
2026-07-01 21:50:15.175 +05:30 [INF] Executing JsonResult, writing value of type 'System.Collections.Generic.List`1[[<>f__AnonymousType18`7[[System.Int32, System.Private.CoreLib, Version=9.0.0.0, Culture=neutral, PublicKeyToken=7cec85d7bea7798e],[System.String, System.Private.CoreLib, Version=9.0.0.0, Culture=neutral, PublicKeyToken=7cec85d7bea7798e],[System.String, System.Private.CoreLib, Version=9.0.0.0, Culture=neutral, PublicKeyToken=7cec85d7bea7798e],[System.String, System.Private.CoreLib, Version=9.0.0.0, Culture=neutral, PublicKeyToken=7cec85d7bea7798e],[System.String, System.Private.CoreLib, Version=9.0.0.0, Culture=neutral, PublicKeyToken=7cec85d7bea7798e],[System.Boolean, System.Private.CoreLib, Version=9.0.0.0, Culture=neutral, PublicKeyToken=7cec85d7bea7798e],[System.DateTime, System.Private.CoreLib, Version=9.0.0.0, Culture=neutral, PublicKeyToken=7cec85d7bea7798e]], Portfolio Management System, Version=1.0.0.0, Culture=neutral, PublicKeyToken=null]]'.
2026-07-01 21:50:15.176 +05:30 [INF] Executed action Portfolio_Management_System.Controllers.AdminController.GetRecentMessages (Portfolio Management System) in 217.7982ms
2026-07-01 21:50:15.176 +05:30 [INF] Executed endpoint 'Portfolio_Management_System.Controllers.AdminController.GetRecentMessages (Portfolio Management System)'
2026-07-01 21:50:15.176 +05:30 [INF] HTTP GET /Admin/GetRecentMessages responded 200 in 219.2168 ms
2026-07-01 21:50:15.177 +05:30 [INF] Request finished HTTP/2 GET https://localhost:44341/Admin/GetRecentMessages - 200 null application/json; charset=utf-8 219.9924ms
2026-07-01 21:50:15.204 +05:30 [INF] Executing JsonResult, writing value of type 'System.Int32'.
2026-07-01 21:50:15.205 +05:30 [INF] Executed action Portfolio_Management_System.Controllers.AdminController.GetUnreadMessagesCount (Portfolio Management System) in 214.186ms
2026-07-01 21:50:15.205 +05:30 [INF] Executed endpoint 'Portfolio_Management_System.Controllers.AdminController.GetUnreadMessagesCount (Portfolio Management System)'
2026-07-01 21:50:15.207 +05:30 [INF] HTTP GET /Admin/GetUnreadMessagesCount responded 200 in 240.8249 ms
2026-07-01 21:50:15.207 +05:30 [INF] Request finished HTTP/2 GET https://localhost:44341/Admin/GetUnreadMessagesCount - 200 null application/json; charset=utf-8 241.4688ms
2026-07-01 21:50:37.219 +05:30 [INF] Request starting HTTP/2 POST https://localhost:44341/Admin/AutoTube/UploadAndRecreateAudio - multipart/form-data; boundary=----WebKitFormBoundaryuXvAvHCPJ5YyFdZM 1198049
2026-07-01 21:50:37.245 +05:30 [INF] CORS policy execution successful.
2026-07-01 21:50:37.258 +05:30 [INF] Executing endpoint 'Portfolio_Management_System.Controllers.AdminAutoTubeController.UploadAndRecreateAudio (Portfolio Management System)'
2026-07-01 21:50:37.426 +05:30 [INF] Route matched with {action = "UploadAndRecreateAudio", controller = "AdminAutoTube"}. Executing controller action with signature System.Threading.Tasks.Task`1[Microsoft.AspNetCore.Mvc.IActionResult] UploadAndRecreateAudio(Microsoft.AspNetCore.Http.IFormFile, System.String, System.String, Boolean) on controller Portfolio_Management_System.Controllers.AdminAutoTubeController (Portfolio Management System).
2026-07-01 21:50:38.344 +05:30 [INF] Executed DbCommand (320ms) [Parameters=[], CommandType='"Text"', CommandTimeout='30']
SELECT TOP(1) [t].[Id], [t].[Category], [t].[CompetitionScore], [t].[FetchedAt], [t].[IsSelected], [t].[Keywords], [t].[PopularityScore], [t].[SelectedAt], [t].[Source], [t].[Title], [t].[ViralityScore]
FROM [TrendTopics] AS [t]
WHERE [t].[Title] = N'Custom Video'
2026-07-01 21:50:38.878 +05:30 [INF] Executed DbCommand (272ms) [Parameters=[@p0='?' (Size = 500), @p1='?' (DbType = DateTime2), @p2='?' (Size = 4000), @p3='?' (Size = 1000), @p4='?' (Size = 50), @p5='?' (DbType = DateTime2), @p6='?' (DbType = DateTime2), @p7='?' (Size = 4000), @p8='?' (Size = 4000), @p9='?' (Size = 2000), @p10='?' (Size = 500), @p11='?' (Size = 500), @p12='?' (DbType = Int32), @p13='?' (DbType = DateTime2), @p14='?' (Size = 500), @p15='?' (Size = 20), @p16='?' (Size = 50)], CommandType='"Text"', CommandTimeout='30']
SET IMPLICIT_TRANSACTIONS OFF;
SET NOCOUNT ON;
INSERT INTO [Videos] ([AudioFilePath], [CreatedAt], [Description], [Hook], [PlaylistId], [PublishedAt], [ScheduledPublishAt], [ScriptJson], [Status], [Tags], [ThumbnailPath], [Title], [TrendTopicId], [UpdatedAt], [VideoFilePath], [Visibility], [YouTubeVideoId])
OUTPUT INSERTED.[Id]
VALUES (@p0, @p1, @p2, @p3, @p4, @p5, @p6, @p7, @p8, @p9, @p10, @p11, @p12, @p13, @p14, @p15, @p16);
2026-07-01 21:50:38.895 +05:30 [INF] Executing JsonResult, writing value of type '<>f__AnonymousType11`3[[System.Boolean, System.Private.CoreLib, Version=9.0.0.0, Culture=neutral, PublicKeyToken=7cec85d7bea7798e],[System.String, System.Private.CoreLib, Version=9.0.0.0, Culture=neutral, PublicKeyToken=7cec85d7bea7798e],[System.Int32, System.Private.CoreLib, Version=9.0.0.0, Culture=neutral, PublicKeyToken=7cec85d7bea7798e]]'.
2026-07-01 21:50:38.903 +05:30 [INF] Background audio recreation task started for Video ID 10
2026-07-01 21:50:38.918 +05:30 [INF] Executed action Portfolio_Management_System.Controllers.AdminAutoTubeController.UploadAndRecreateAudio (Portfolio Management System) in 1491.7503ms
2026-07-01 21:50:38.919 +05:30 [INF] Executed endpoint 'Portfolio_Management_System.Controllers.AdminAutoTubeController.UploadAndRecreateAudio (Portfolio Management System)'
2026-07-01 21:50:38.919 +05:30 [INF] HTTP POST /Admin/AutoTube/UploadAndRecreateAudio responded 200 in 1695.9570 ms
2026-07-01 21:50:38.966 +05:30 [INF] Request finished HTTP/2 POST https://localhost:44341/Admin/AutoTube/UploadAndRecreateAudio - 200 null application/json; charset=utf-8 1755.8027ms
2026-07-01 21:50:39.061 +05:30 [INF] Start processing HTTP request POST http://localhost:8000/api/video/recreate_audio
2026-07-01 21:50:39.063 +05:30 [INF] Sending HTTP request POST http://localhost:8000/api/video/recreate_audio
2026-07-01 21:50:45.034 +05:30 [INF] Request starting HTTP/2 GET https://localhost:44341/Admin/GetRecentMessages - null null
2026-07-01 21:50:45.035 +05:30 [INF] Executing endpoint 'Portfolio_Management_System.Controllers.AdminController.GetRecentMessages (Portfolio Management System)'
2026-07-01 21:50:45.036 +05:30 [INF] Route matched with {action = "GetRecentMessages", controller = "Admin"}. Executing controller action with signature System.Threading.Tasks.Task`1[Microsoft.AspNetCore.Mvc.IActionResult] GetRecentMessages() on controller Portfolio_Management_System.Controllers.AdminController (Portfolio Management System).
2026-07-01 21:50:45.058 +05:30 [INF] Request starting HTTP/2 GET https://localhost:44341/Admin/GetUnreadMessagesCount - null null
2026-07-01 21:50:45.065 +05:30 [INF] Executing endpoint 'Portfolio_Management_System.Controllers.AdminController.GetUnreadMessagesCount (Portfolio Management System)'
2026-07-01 21:50:45.066 +05:30 [INF] Route matched with {action = "GetUnreadMessagesCount", controller = "Admin"}. Executing controller action with signature System.Threading.Tasks.Task`1[Microsoft.AspNetCore.Mvc.IActionResult] GetUnreadMessagesCount() on controller Portfolio_Management_System.Controllers.AdminController (Portfolio Management System).
2026-07-01 21:50:45.389 +05:30 [INF] Executing JsonResult, writing value of type 'System.Int32'.
2026-07-01 21:50:45.391 +05:30 [INF] Executed action Portfolio_Management_System.Controllers.AdminController.GetUnreadMessagesCount (Portfolio Management System) in 324.6551ms
2026-07-01 21:50:45.391 +05:30 [INF] Executed endpoint 'Portfolio_Management_System.Controllers.AdminController.GetUnreadMessagesCount (Portfolio Management System)'
2026-07-01 21:50:45.391 +05:30 [INF] HTTP GET /Admin/GetUnreadMessagesCount responded 200 in 332.7380 ms
2026-07-01 21:50:45.394 +05:30 [INF] Request finished HTTP/2 GET https://localhost:44341/Admin/GetUnreadMessagesCount - 200 null application/json; charset=utf-8 336.4176ms
2026-07-01 21:50:46.222 +05:30 [INF] Executing JsonResult, writing value of type 'System.Collections.Generic.List`1[[<>f__AnonymousType18`7[[System.Int32, System.Private.CoreLib, Version=9.0.0.0, Culture=neutral, PublicKeyToken=7cec85d7bea7798e],[System.String, System.Private.CoreLib, Version=9.0.0.0, Culture=neutral, PublicKeyToken=7cec85d7bea7798e],[System.String, System.Private.CoreLib, Version=9.0.0.0, Culture=neutral, PublicKeyToken=7cec85d7bea7798e],[System.String, System.Private.CoreLib, Version=9.0.0.0, Culture=neutral, PublicKeyToken=7cec85d7bea7798e],[System.String, System.Private.CoreLib, Version=9.0.0.0, Culture=neutral, PublicKeyToken=7cec85d7bea7798e],[System.Boolean, System.Private.CoreLib, Version=9.0.0.0, Culture=neutral, PublicKeyToken=7cec85d7bea7798e],[System.DateTime, System.Private.CoreLib, Version=9.0.0.0, Culture=neutral, PublicKeyToken=7cec85d7bea7798e]], Portfolio Management System, Version=1.0.0.0, Culture=neutral, PublicKeyToken=null]]'.
2026-07-01 21:50:46.542 +05:30 [INF] Executed action Portfolio_Management_System.Controllers.AdminController.GetRecentMessages (Portfolio Management System) in 1506.2536ms
2026-07-01 21:50:46.543 +05:30 [INF] Executed endpoint 'Portfolio_Management_System.Controllers.AdminController.GetRecentMessages (Portfolio Management System)'
2026-07-01 21:50:46.543 +05:30 [INF] HTTP GET /Admin/GetRecentMessages responded 200 in 1508.9613 ms
2026-07-01 21:50:46.549 +05:30 [INF] Request finished HTTP/2 GET https://localhost:44341/Admin/GetRecentMessages - 200 null application/json; charset=utf-8 1513.7274ms
2026-07-01 21:50:50.618 +05:30 [INF] Received HTTP response headers after 11548.817ms - 500
2026-07-01 21:50:50.619 +05:30 [INF] End processing HTTP request after 11558.3636ms - 500
2026-07-01 21:50:50.622 +05:30 [ERR] Audio recreation backend failed: {"detail":"Video audio recreation failed: No module named 'speech_recognition'"}
2026-07-01 21:50:51.300 +05:30 [INF] Executed DbCommand (294ms) [Parameters=[@p10='?' (DbType = Int32), @p0='?' (Size = 200), @p1='?' (Precision = 10) (Scale = 4) (DbType = Decimal), @p2='?' (DbType = DateTime2), @p3='?' (DbType = Boolean), @p4='?' (Size = 2000), @p5='?' (Precision = 10) (Scale = 4) (DbType = Decimal), @p6='?' (DbType = DateTime2), @p7='?' (Size = 100), @p8='?' (Size = 500), @p9='?' (Precision = 10) (Scale = 4) (DbType = Decimal), @p28='?' (DbType = Int32), @p11='?' (Size = 500), @p12='?' (DbType = DateTime2), @p13='?' (Size = 4000), @p14='?' (Size = 1000), @p15='?' (Size = 50), @p16='?' (DbType = DateTime2), @p17='?' (DbType = DateTime2), @p18='?' (Size = 4000), @p19='?' (Size = 4000), @p20='?' (Size = 2000), @p21='?' (Size = 500), @p22='?' (Size = 500), @p23='?' (DbType = Int32), @p24='?' (DbType = DateTime2), @p25='?' (Size = 500), @p26='?' (Size = 20), @p27='?' (Size = 50)], CommandType='"Text"', CommandTimeout='30']
SET NOCOUNT ON;
UPDATE [TrendTopics] SET [Category] = @p0, [CompetitionScore] = @p1, [FetchedAt] = @p2, [IsSelected] = @p3, [Keywords] = @p4, [PopularityScore] = @p5, [SelectedAt] = @p6, [Source] = @p7, [Title] = @p8, [ViralityScore] = @p9
OUTPUT 1
WHERE [Id] = @p10;
UPDATE [Videos] SET [AudioFilePath] = @p11, [CreatedAt] = @p12, [Description] = @p13, [Hook] = @p14, [PlaylistId] = @p15, [PublishedAt] = @p16, [ScheduledPublishAt] = @p17, [ScriptJson] = @p18, [Status] = @p19, [Tags] = @p20, [ThumbnailPath] = @p21, [Title] = @p22, [TrendTopicId] = @p23, [UpdatedAt] = @p24, [VideoFilePath] = @p25, [Visibility] = @p26, [YouTubeVideoId] = @p27
OUTPUT 1
WHERE [Id] = @p28;
2026-07-01 21:51:15.012 +05:30 [INF] Request starting HTTP/2 GET https://localhost:44341/Admin/GetUnreadMessagesCount - null null
2026-07-01 21:51:15.016 +05:30 [INF] Request starting HTTP/2 GET https://localhost:44341/Admin/GetRecentMessages - null null
2026-07-01 21:51:15.046 +05:30 [INF] Executing endpoint 'Portfolio_Management_System.Controllers.AdminController.GetRecentMessages (Portfolio Management System)'
2026-07-01 21:51:15.054 +05:30 [INF] Executing endpoint 'Portfolio_Management_System.Controllers.AdminController.GetUnreadMessagesCount (Portfolio Management System)'
2026-07-01 21:51:15.057 +05:30 [INF] Route matched with {action = "GetRecentMessages", controller = "Admin"}. Executing controller action with signature System.Threading.Tasks.Task`1[Microsoft.AspNetCore.Mvc.IActionResult] GetRecentMessages() on controller Portfolio_Management_System.Controllers.AdminController (Portfolio Management System).
2026-07-01 21:51:15.062 +05:30 [INF] Route matched with {action = "GetUnreadMessagesCount", controller = "Admin"}. Executing controller action with signature System.Threading.Tasks.Task`1[Microsoft.AspNetCore.Mvc.IActionResult] GetUnreadMessagesCount() on controller Portfolio_Management_System.Controllers.AdminController (Portfolio Management System).
2026-07-01 21:51:15.685 +05:30 [INF] Executing JsonResult, writing value of type 'System.Int32'.
2026-07-01 21:51:15.689 +05:30 [INF] Executing JsonResult, writing value of type 'System.Collections.Generic.List`1[[<>f__AnonymousType18`7[[System.Int32, System.Private.CoreLib, Version=9.0.0.0, Culture=neutral, PublicKeyToken=7cec85d7bea7798e],[System.String, System.Private.CoreLib, Version=9.0.0.0, Culture=neutral, PublicKeyToken=7cec85d7bea7798e],[System.String, System.Private.CoreLib, Version=9.0.0.0, Culture=neutral, PublicKeyToken=7cec85d7bea7798e],[System.String, System.Private.CoreLib, Version=9.0.0.0, Culture=neutral, PublicKeyToken=7cec85d7bea7798e],[System.String, System.Private.CoreLib, Version=9.0.0.0, Culture=neutral, PublicKeyToken=7cec85d7bea7798e],[System.Boolean, System.Private.CoreLib, Version=9.0.0.0, Culture=neutral, PublicKeyToken=7cec85d7bea7798e],[System.DateTime, System.Private.CoreLib, Version=9.0.0.0, Culture=neutral, PublicKeyToken=7cec85d7bea7798e]], Portfolio Management System, Version=1.0.0.0, Culture=neutral, PublicKeyToken=null]]'.
2026-07-01 21:51:15.692 +05:30 [INF] Executed action Portfolio_Management_System.Controllers.AdminController.GetUnreadMessagesCount (Portfolio Management System) in 629.059ms
2026-07-01 21:51:15.692 +05:30 [INF] Executed endpoint 'Portfolio_Management_System.Controllers.AdminController.GetUnreadMessagesCount (Portfolio Management System)'
2026-07-01 21:51:15.693 +05:30 [INF] Executed action Portfolio_Management_System.Controllers.AdminController.GetRecentMessages (Portfolio Management System) in 635.6615ms
2026-07-01 21:51:15.694 +05:30 [INF] Executed endpoint 'Portfolio_Management_System.Controllers.AdminController.GetRecentMessages (Portfolio Management System)'
2026-07-01 21:51:15.695 +05:30 [INF] HTTP GET /Admin/GetUnreadMessagesCount responded 200 in 678.3468 ms
2026-07-01 21:51:15.696 +05:30 [INF] Request finished HTTP/2 GET https://localhost:44341/Admin/GetUnreadMessagesCount - 200 null application/json; charset=utf-8 684.9463ms
2026-07-01 21:51:15.706 +05:30 [INF] HTTP GET /Admin/GetRecentMessages responded 200 in 688.0349 ms
2026-07-01 21:51:15.707 +05:30 [INF] Request finished HTTP/2 GET https://localhost:44341/Admin/GetRecentMessages - 200 null application/json; charset=utf-8 691.7147ms
2026-07-01 21:51:44.934 +05:30 [INF] Request starting HTTP/2 GET https://localhost:44341/Admin/GetUnreadMessagesCount - null null
2026-07-01 21:51:44.935 +05:30 [INF] Executing endpoint 'Portfolio_Management_System.Controllers.AdminController.GetUnreadMessagesCount (Portfolio Management System)'
2026-07-01 21:51:44.935 +05:30 [INF] Route matched with {action = "GetUnreadMessagesCount", controller = "Admin"}. Executing controller action with signature System.Threading.Tasks.Task`1[Microsoft.AspNetCore.Mvc.IActionResult] GetUnreadMessagesCount() on controller Portfolio_Management_System.Controllers.AdminController (Portfolio Management System).
2026-07-01 21:51:44.959 +05:30 [INF] Request starting HTTP/2 GET https://localhost:44341/Admin/GetRecentMessages - null null
2026-07-01 21:51:44.959 +05:30 [INF] Executing endpoint 'Portfolio_Management_System.Controllers.AdminController.GetRecentMessages (Portfolio Management System)'
2026-07-01 21:51:44.959 +05:30 [INF] Route matched with {action = "GetRecentMessages", controller = "Admin"}. Executing controller action with signature System.Threading.Tasks.Task`1[Microsoft.AspNetCore.Mvc.IActionResult] GetRecentMessages() on controller Portfolio_Management_System.Controllers.AdminController (Portfolio Management System).
2026-07-01 21:51:46.091 +05:30 [INF] Executing JsonResult, writing value of type 'System.Collections.Generic.List`1[[<>f__AnonymousType18`7[[System.Int32, System.Private.CoreLib, Version=9.0.0.0, Culture=neutral, PublicKeyToken=7cec85d7bea7798e],[System.String, System.Private.CoreLib, Version=9.0.0.0, Culture=neutral, PublicKeyToken=7cec85d7bea7798e],[System.String, System.Private.CoreLib, Version=9.0.0.0, Culture=neutral, PublicKeyToken=7cec85d7bea7798e],[System.String, System.Private.CoreLib, Version=9.0.0.0, Culture=neutral, PublicKeyToken=7cec85d7bea7798e],[System.String, System.Private.CoreLib, Version=9.0.0.0, Culture=neutral, PublicKeyToken=7cec85d7bea7798e],[System.Boolean, System.Private.CoreLib, Version=9.0.0.0, Culture=neutral, PublicKeyToken=7cec85d7bea7798e],[System.DateTime, System.Private.CoreLib, Version=9.0.0.0, Culture=neutral, PublicKeyToken=7cec85d7bea7798e]], Portfolio Management System, Version=1.0.0.0, Culture=neutral, PublicKeyToken=null]]'.
2026-07-01 21:51:46.091 +05:30 [INF] Executing JsonResult, writing value of type 'System.Int32'.
2026-07-01 21:51:46.092 +05:30 [INF] Executed action Portfolio_Management_System.Controllers.AdminController.GetUnreadMessagesCount (Portfolio Management System) in 1157.2644ms
2026-07-01 21:51:46.092 +05:30 [INF] Executed action Portfolio_Management_System.Controllers.AdminController.GetRecentMessages (Portfolio Management System) in 1132.9009ms
2026-07-01 21:51:46.093 +05:30 [INF] Executed endpoint 'Portfolio_Management_System.Controllers.AdminController.GetRecentMessages (Portfolio Management System)'
2026-07-01 21:51:46.093 +05:30 [INF] Executed endpoint 'Portfolio_Management_System.Controllers.AdminController.GetUnreadMessagesCount (Portfolio Management System)'
2026-07-01 21:51:46.093 +05:30 [INF] HTTP GET /Admin/GetRecentMessages responded 200 in 1134.0429 ms
2026-07-01 21:51:46.093 +05:30 [INF] HTTP GET /Admin/GetUnreadMessagesCount responded 200 in 1158.8491 ms
2026-07-01 21:51:46.094 +05:30 [INF] Request finished HTTP/2 GET https://localhost:44341/Admin/GetUnreadMessagesCount - 200 null application/json; charset=utf-8 1160.148ms
2026-07-01 21:51:46.093 +05:30 [INF] Request finished HTTP/2 GET https://localhost:44341/Admin/GetRecentMessages - 200 null application/json; charset=utf-8 1134.7057ms
2026-07-01 21:52:14.952 +05:30 [INF] Request starting HTTP/2 GET https://localhost:44341/Admin/GetRecentMessages - null null
2026-07-01 21:52:14.953 +05:30 [INF] Executing endpoint 'Portfolio_Management_System.Controllers.AdminController.GetRecentMessages (Portfolio Management System)'
2026-07-01 21:52:14.962 +05:30 [INF] Request starting HTTP/2 GET https://localhost:44341/Admin/GetUnreadMessagesCount - null null
2026-07-01 21:52:14.965 +05:30 [INF] Executing endpoint 'Portfolio_Management_System.Controllers.AdminController.GetUnreadMessagesCount (Portfolio Management System)'
2026-07-01 21:52:14.965 +05:30 [INF] Route matched with {action = "GetUnreadMessagesCount", controller = "Admin"}. Executing controller action with signature System.Threading.Tasks.Task`1[Microsoft.AspNetCore.Mvc.IActionResult] GetUnreadMessagesCount() on controller Portfolio_Management_System.Controllers.AdminController (Portfolio Management System).
2026-07-01 21:52:14.953 +05:30 [INF] Route matched with {action = "GetRecentMessages", controller = "Admin"}. Executing controller action with signature System.Threading.Tasks.Task`1[Microsoft.AspNetCore.Mvc.IActionResult] GetRecentMessages() on controller Portfolio_Management_System.Controllers.AdminController (Portfolio Management System).
2026-07-01 21:52:15.181 +05:30 [INF] Executing JsonResult, writing value of type 'System.Collections.Generic.List`1[[<>f__AnonymousType18`7[[System.Int32, System.Private.CoreLib, Version=9.0.0.0, Culture=neutral, PublicKeyToken=7cec85d7bea7798e],[System.String, System.Private.CoreLib, Version=9.0.0.0, Culture=neutral, PublicKeyToken=7cec85d7bea7798e],[System.String, System.Private.CoreLib, Version=9.0.0.0, Culture=neutral, PublicKeyToken=7cec85d7bea7798e],[System.String, System.Private.CoreLib, Version=9.0.0.0, Culture=neutral, PublicKeyToken=7cec85d7bea7798e],[System.String, System.Private.CoreLib, Version=9.0.0.0, Culture=neutral, PublicKeyToken=7cec85d7bea7798e],[System.Boolean, System.Private.CoreLib, Version=9.0.0.0, Culture=neutral, PublicKeyToken=7cec85d7bea7798e],[System.DateTime, System.Private.CoreLib, Version=9.0.0.0, Culture=neutral, PublicKeyToken=7cec85d7bea7798e]], Portfolio Management System, Version=1.0.0.0, Culture=neutral, PublicKeyToken=null]]'.
2026-07-01 21:52:15.193 +05:30 [INF] Executed action Portfolio_Management_System.Controllers.AdminController.GetRecentMessages (Portfolio Management System) in 227.2768ms
2026-07-01 21:52:15.194 +05:30 [INF] Executed endpoint 'Portfolio_Management_System.Controllers.AdminController.GetRecentMessages (Portfolio Management System)'
2026-07-01 21:52:15.194 +05:30 [INF] HTTP GET /Admin/GetRecentMessages responded 200 in 241.7843 ms
2026-07-01 21:52:15.211 +05:30 [INF] Request finished HTTP/2 GET https://localhost:44341/Admin/GetRecentMessages - 200 null application/json; charset=utf-8 249.1727ms
2026-07-01 21:52:15.355 +05:30 [INF] Executing JsonResult, writing value of type 'System.Int32'.
2026-07-01 21:52:15.390 +05:30 [INF] Executed action Portfolio_Management_System.Controllers.AdminController.GetUnreadMessagesCount (Portfolio Management System) in 424.9394ms
2026-07-01 21:52:15.400 +05:30 [INF] Executed endpoint 'Portfolio_Management_System.Controllers.AdminController.GetUnreadMessagesCount (Portfolio Management System)'
2026-07-01 21:52:15.400 +05:30 [INF] HTTP GET /Admin/GetUnreadMessagesCount responded 200 in 438.1855 ms
2026-07-01 21:52:15.400 +05:30 [INF] Request finished HTTP/2 GET https://localhost:44341/Admin/GetUnreadMessagesCount - 200 null application/json; charset=utf-8 438.81ms
2026-07-01 21:52:44.924 +05:30 [INF] Request starting HTTP/2 GET https://localhost:44341/Admin/GetUnreadMessagesCount - null null
2026-07-01 21:52:44.925 +05:30 [INF] Executing endpoint 'Portfolio_Management_System.Controllers.AdminController.GetUnreadMessagesCount (Portfolio Management System)'
2026-07-01 21:52:44.926 +05:30 [INF] Route matched with {action = "GetUnreadMessagesCount", controller = "Admin"}. Executing controller action with signature System.Threading.Tasks.Task`1[Microsoft.AspNetCore.Mvc.IActionResult] GetUnreadMessagesCount() on controller Portfolio_Management_System.Controllers.AdminController (Portfolio Management System).
2026-07-01 21:52:44.937 +05:30 [INF] Request starting HTTP/2 GET https://localhost:44341/Admin/GetRecentMessages - null null
2026-07-01 21:52:44.937 +05:30 [INF] Executing endpoint 'Portfolio_Management_System.Controllers.AdminController.GetRecentMessages (Portfolio Management System)'
2026-07-01 21:52:44.938 +05:30 [INF] Route matched with {action = "GetRecentMessages", controller = "Admin"}. Executing controller action with signature System.Threading.Tasks.Task`1[Microsoft.AspNetCore.Mvc.IActionResult] GetRecentMessages() on controller Portfolio_Management_System.Controllers.AdminController (Portfolio Management System).
2026-07-01 21:52:45.178 +05:30 [INF] Executing JsonResult, writing value of type 'System.Int32'.
2026-07-01 21:52:45.180 +05:30 [INF] Executed action Portfolio_Management_System.Controllers.AdminController.GetUnreadMessagesCount (Portfolio Management System) in 253.7751ms
2026-07-01 21:52:45.180 +05:30 [INF] Executed endpoint 'Portfolio_Management_System.Controllers.AdminController.GetUnreadMessagesCount (Portfolio Management System)'
2026-07-01 21:52:45.182 +05:30 [INF] HTTP GET /Admin/GetUnreadMessagesCount responded 200 in 256.0052 ms
2026-07-01 21:52:45.185 +05:30 [INF] Request finished HTTP/2 GET https://localhost:44341/Admin/GetUnreadMessagesCount - 200 null application/json; charset=utf-8 260.8766ms
2026-07-01 21:52:45.222 +05:30 [INF] Executing JsonResult, writing value of type 'System.Collections.Generic.List`1[[<>f__AnonymousType18`7[[System.Int32, System.Private.CoreLib, Version=9.0.0.0, Culture=neutral, PublicKeyToken=7cec85d7bea7798e],[System.String, System.Private.CoreLib, Version=9.0.0.0, Culture=neutral, PublicKeyToken=7cec85d7bea7798e],[System.String, System.Private.CoreLib, Version=9.0.0.0, Culture=neutral, PublicKeyToken=7cec85d7bea7798e],[System.String, System.Private.CoreLib, Version=9.0.0.0, Culture=neutral, PublicKeyToken=7cec85d7bea7798e],[System.String, System.Private.CoreLib, Version=9.0.0.0, Culture=neutral, PublicKeyToken=7cec85d7bea7798e],[System.Boolean, System.Private.CoreLib, Version=9.0.0.0, Culture=neutral, PublicKeyToken=7cec85d7bea7798e],[System.DateTime, System.Private.CoreLib, Version=9.0.0.0, Culture=neutral, PublicKeyToken=7cec85d7bea7798e]], Portfolio Management System, Version=1.0.0.0, Culture=neutral, PublicKeyToken=null]]'.
2026-07-01 21:52:45.224 +05:30 [INF] Executed action Portfolio_Management_System.Controllers.AdminController.GetRecentMessages (Portfolio Management System) in 286.2051ms
2026-07-01 21:52:45.224 +05:30 [INF] Executed endpoint 'Portfolio_Management_System.Controllers.AdminController.GetRecentMessages (Portfolio Management System)'
2026-07-01 21:52:45.225 +05:30 [INF] HTTP GET /Admin/GetRecentMessages responded 200 in 287.8433 ms
2026-07-01 21:52:45.225 +05:30 [INF] Request finished HTTP/2 GET https://localhost:44341/Admin/GetRecentMessages - 200 null application/json; charset=utf-8 289.3725ms
2026-07-01 21:53:14.919 +05:30 [INF] Request starting HTTP/2 GET https://localhost:44341/Admin/GetRecentMessages - null null
2026-07-01 21:53:14.923 +05:30 [INF] Executing endpoint 'Portfolio_Management_System.Controllers.AdminController.GetRecentMessages (Portfolio Management System)'
2026-07-01 21:53:14.923 +05:30 [INF] Route matched with {action = "GetRecentMessages", controller = "Admin"}. Executing controller action with signature System.Threading.Tasks.Task`1[Microsoft.AspNetCore.Mvc.IActionResult] GetRecentMessages() on controller Portfolio_Management_System.Controllers.AdminController (Portfolio Management System).
2026-07-01 21:53:14.928 +05:30 [INF] Request starting HTTP/2 GET https://localhost:44341/Admin/GetUnreadMessagesCount - null null
2026-07-01 21:53:14.929 +05:30 [INF] Executing endpoint 'Portfolio_Management_System.Controllers.AdminController.GetUnreadMessagesCount (Portfolio Management System)'
2026-07-01 21:53:14.929 +05:30 [INF] Route matched with {action = "GetUnreadMessagesCount", controller = "Admin"}. Executing controller action with signature System.Threading.Tasks.Task`1[Microsoft.AspNetCore.Mvc.IActionResult] GetUnreadMessagesCount() on controller Portfolio_Management_System.Controllers.AdminController (Portfolio Management System).
2026-07-01 21:53:15.390 +05:30 [INF] Executing JsonResult, writing value of type 'System.Int32'.
2026-07-01 21:53:15.392 +05:30 [INF] Executing JsonResult, writing value of type 'System.Collections.Generic.List`1[[<>f__AnonymousType18`7[[System.Int32, System.Private.CoreLib, Version=9.0.0.0, Culture=neutral, PublicKeyToken=7cec85d7bea7798e],[System.String, System.Private.CoreLib, Version=9.0.0.0, Culture=neutral, PublicKeyToken=7cec85d7bea7798e],[System.String, System.Private.CoreLib, Version=9.0.0.0, Culture=neutral, PublicKeyToken=7cec85d7bea7798e],[System.String, System.Private.CoreLib, Version=9.0.0.0, Culture=neutral, PublicKeyToken=7cec85d7bea7798e],[System.String, System.Private.CoreLib, Version=9.0.0.0, Culture=neutral, PublicKeyToken=7cec85d7bea7798e],[System.Boolean, System.Private.CoreLib, Version=9.0.0.0, Culture=neutral, PublicKeyToken=7cec85d7bea7798e],[System.DateTime, System.Private.CoreLib, Version=9.0.0.0, Culture=neutral, PublicKeyToken=7cec85d7bea7798e]], Portfolio Management System, Version=1.0.0.0, Culture=neutral, PublicKeyToken=null]]'.
2026-07-01 21:53:15.393 +05:30 [INF] Executed action Portfolio_Management_System.Controllers.AdminController.GetRecentMessages (Portfolio Management System) in 469.8478ms
2026-07-01 21:53:15.393 +05:30 [INF] Executed action Portfolio_Management_System.Controllers.AdminController.GetUnreadMessagesCount (Portfolio Management System) in 464.1691ms
2026-07-01 21:53:15.394 +05:30 [INF] Executed endpoint 'Portfolio_Management_System.Controllers.AdminController.GetUnreadMessagesCount (Portfolio Management System)'
2026-07-01 21:53:15.394 +05:30 [INF] Executed endpoint 'Portfolio_Management_System.Controllers.AdminController.GetRecentMessages (Portfolio Management System)'
2026-07-01 21:53:15.394 +05:30 [INF] HTTP GET /Admin/GetRecentMessages responded 200 in 474.6886 ms
2026-07-01 21:53:15.394 +05:30 [INF] Request finished HTTP/2 GET https://localhost:44341/Admin/GetRecentMessages - 200 null application/json; charset=utf-8 475.7049ms
2026-07-01 21:53:15.394 +05:30 [INF] HTTP GET /Admin/GetUnreadMessagesCount responded 200 in 464.9997 ms
2026-07-01 21:53:15.398 +05:30 [INF] Request finished HTTP/2 GET https://localhost:44341/Admin/GetUnreadMessagesCount - 200 null application/json; charset=utf-8 469.9102ms
2026-07-01 21:53:44.922 +05:30 [INF] Request starting HTTP/2 GET https://localhost:44341/Admin/GetUnreadMessagesCount - null null
2026-07-01 21:53:44.924 +05:30 [INF] Executing endpoint 'Portfolio_Management_System.Controllers.AdminController.GetUnreadMessagesCount (Portfolio Management System)'
2026-07-01 21:53:44.924 +05:30 [INF] Route matched with {action = "GetUnreadMessagesCount", controller = "Admin"}. Executing controller action with signature System.Threading.Tasks.Task`1[Microsoft.AspNetCore.Mvc.IActionResult] GetUnreadMessagesCount() on controller Portfolio_Management_System.Controllers.AdminController (Portfolio Management System).
2026-07-01 21:53:44.930 +05:30 [INF] Request starting HTTP/2 GET https://localhost:44341/Admin/GetRecentMessages - null null
2026-07-01 21:53:45.000 +05:30 [INF] Executing endpoint 'Portfolio_Management_System.Controllers.AdminController.GetRecentMessages (Portfolio Management System)'
2026-07-01 21:53:45.001 +05:30 [INF] Route matched with {action = "GetRecentMessages", controller = "Admin"}. Executing controller action with signature System.Threading.Tasks.Task`1[Microsoft.AspNetCore.Mvc.IActionResult] GetRecentMessages() on controller Portfolio_Management_System.Controllers.AdminController (Portfolio Management System).
2026-07-01 21:53:45.388 +05:30 [INF] Executing JsonResult, writing value of type 'System.Collections.Generic.List`1[[<>f__AnonymousType18`7[[System.Int32, System.Private.CoreLib, Version=9.0.0.0, Culture=neutral, PublicKeyToken=7cec85d7bea7798e],[System.String, System.Private.CoreLib, Version=9.0.0.0, Culture=neutral, PublicKeyToken=7cec85d7bea7798e],[System.String, System.Private.CoreLib, Version=9.0.0.0, Culture=neutral, PublicKeyToken=7cec85d7bea7798e],[System.String, System.Private.CoreLib, Version=9.0.0.0, Culture=neutral, PublicKeyToken=7cec85d7bea7798e],[System.String, System.Private.CoreLib, Version=9.0.0.0, Culture=neutral, PublicKeyToken=7cec85d7bea7798e],[System.Boolean, System.Private.CoreLib, Version=9.0.0.0, Culture=neutral, PublicKeyToken=7cec85d7bea7798e],[System.DateTime, System.Private.CoreLib, Version=9.0.0.0, Culture=neutral, PublicKeyToken=7cec85d7bea7798e]], Portfolio Management System, Version=1.0.0.0, Culture=neutral, PublicKeyToken=null]]'.
2026-07-01 21:53:45.457 +05:30 [INF] Executed action Portfolio_Management_System.Controllers.AdminController.GetRecentMessages (Portfolio Management System) in 455.9308ms
2026-07-01 21:53:45.457 +05:30 [INF] Executed endpoint 'Portfolio_Management_System.Controllers.AdminController.GetRecentMessages (Portfolio Management System)'
2026-07-01 21:53:45.458 +05:30 [INF] HTTP GET /Admin/GetRecentMessages responded 200 in 526.8458 ms
2026-07-01 21:53:45.388 +05:30 [INF] Executing JsonResult, writing value of type 'System.Int32'.
2026-07-01 21:53:45.459 +05:30 [INF] Request finished HTTP/2 GET https://localhost:44341/Admin/GetRecentMessages - 200 null application/json; charset=utf-8 529.1ms
2026-07-01 21:53:45.463 +05:30 [INF] Executed action Portfolio_Management_System.Controllers.AdminController.GetUnreadMessagesCount (Portfolio Management System) in 538.9298ms
2026-07-01 21:53:45.464 +05:30 [INF] Executed endpoint 'Portfolio_Management_System.Controllers.AdminController.GetUnreadMessagesCount (Portfolio Management System)'
2026-07-01 21:53:45.464 +05:30 [INF] HTTP GET /Admin/GetUnreadMessagesCount responded 200 in 540.4512 ms
2026-07-01 21:53:45.466 +05:30 [INF] Request finished HTTP/2 GET https://localhost:44341/Admin/GetUnreadMessagesCount - 200 null application/json; charset=utf-8 541.8346ms
2026-07-01 21:54:15.110 +05:30 [INF] Request starting HTTP/2 GET https://localhost:44341/Admin/GetUnreadMessagesCount - null null
2026-07-01 21:54:15.120 +05:30 [INF] Request starting HTTP/2 GET https://localhost:44341/Admin/GetRecentMessages - null null
2026-07-01 21:54:15.165 +05:30 [INF] Executing endpoint 'Portfolio_Management_System.Controllers.AdminController.GetUnreadMessagesCount (Portfolio Management System)'
2026-07-01 21:54:15.165 +05:30 [INF] Executing endpoint 'Portfolio_Management_System.Controllers.AdminController.GetRecentMessages (Portfolio Management System)'
2026-07-01 21:54:15.166 +05:30 [INF] Route matched with {action = "GetUnreadMessagesCount", controller = "Admin"}. Executing controller action with signature System.Threading.Tasks.Task`1[Microsoft.AspNetCore.Mvc.IActionResult] GetUnreadMessagesCount() on controller Portfolio_Management_System.Controllers.AdminController (Portfolio Management System).
2026-07-01 21:54:15.166 +05:30 [INF] Route matched with {action = "GetRecentMessages", controller = "Admin"}. Executing controller action with signature System.Threading.Tasks.Task`1[Microsoft.AspNetCore.Mvc.IActionResult] GetRecentMessages() on controller Portfolio_Management_System.Controllers.AdminController (Portfolio Management System).
2026-07-01 21:54:15.551 +05:30 [INF] Executing JsonResult, writing value of type 'System.Int32'.
2026-07-01 21:54:15.559 +05:30 [INF] Executed action Portfolio_Management_System.Controllers.AdminController.GetUnreadMessagesCount (Portfolio Management System) in 392.7736ms
2026-07-01 21:54:15.559 +05:30 [INF] Executed endpoint 'Portfolio_Management_System.Controllers.AdminController.GetUnreadMessagesCount (Portfolio Management System)'
2026-07-01 21:54:15.558 +05:30 [INF] Executing JsonResult, writing value of type 'System.Collections.Generic.List`1[[<>f__AnonymousType18`7[[System.Int32, System.Private.CoreLib, Version=9.0.0.0, Culture=neutral, PublicKeyToken=7cec85d7bea7798e],[System.String, System.Private.CoreLib, Version=9.0.0.0, Culture=neutral, PublicKeyToken=7cec85d7bea7798e],[System.String, System.Private.CoreLib, Version=9.0.0.0, Culture=neutral, PublicKeyToken=7cec85d7bea7798e],[System.String, System.Private.CoreLib, Version=9.0.0.0, Culture=neutral, PublicKeyToken=7cec85d7bea7798e],[System.String, System.Private.CoreLib, Version=9.0.0.0, Culture=neutral, PublicKeyToken=7cec85d7bea7798e],[System.Boolean, System.Private.CoreLib, Version=9.0.0.0, Culture=neutral, PublicKeyToken=7cec85d7bea7798e],[System.DateTime, System.Private.CoreLib, Version=9.0.0.0, Culture=neutral, PublicKeyToken=7cec85d7bea7798e]], Portfolio Management System, Version=1.0.0.0, Culture=neutral, PublicKeyToken=null]]'.
2026-07-01 21:54:15.570 +05:30 [INF] HTTP GET /Admin/GetUnreadMessagesCount responded 200 in 457.8597 ms
2026-07-01 21:54:15.571 +05:30 [INF] Request finished HTTP/2 GET https://localhost:44341/Admin/GetUnreadMessagesCount - 200 null application/json; charset=utf-8 464.7917ms
2026-07-01 21:54:15.571 +05:30 [INF] Executed action Portfolio_Management_System.Controllers.AdminController.GetRecentMessages (Portfolio Management System) in 405.0297ms
2026-07-01 21:54:15.572 +05:30 [INF] Executed endpoint 'Portfolio_Management_System.Controllers.AdminController.GetRecentMessages (Portfolio Management System)'
2026-07-01 21:54:15.572 +05:30 [INF] HTTP GET /Admin/GetRecentMessages responded 200 in 451.7337 ms
2026-07-01 21:54:15.572 +05:30 [INF] Request finished HTTP/2 GET https://localhost:44341/Admin/GetRecentMessages - 200 null application/json; charset=utf-8 452.5231ms
2026-07-01 21:54:44.927 +05:30 [INF] Request starting HTTP/2 GET https://localhost:44341/Admin/GetUnreadMessagesCount - null null
2026-07-01 21:54:44.928 +05:30 [INF] Request starting HTTP/2 GET https://localhost:44341/Admin/GetRecentMessages - null null
2026-07-01 21:54:44.930 +05:30 [INF] Executing endpoint 'Portfolio_Management_System.Controllers.AdminController.GetUnreadMessagesCount (Portfolio Management System)'
2026-07-01 21:54:44.930 +05:30 [INF] Executing endpoint 'Portfolio_Management_System.Controllers.AdminController.GetRecentMessages (Portfolio Management System)'
2026-07-01 21:54:44.930 +05:30 [INF] Route matched with {action = "GetUnreadMessagesCount", controller = "Admin"}. Executing controller action with signature System.Threading.Tasks.Task`1[Microsoft.AspNetCore.Mvc.IActionResult] GetUnreadMessagesCount() on controller Portfolio_Management_System.Controllers.AdminController (Portfolio Management System).
2026-07-01 21:54:44.974 +05:30 [INF] Route matched with {action = "GetRecentMessages", controller = "Admin"}. Executing controller action with signature System.Threading.Tasks.Task`1[Microsoft.AspNetCore.Mvc.IActionResult] GetRecentMessages() on controller Portfolio_Management_System.Controllers.AdminController (Portfolio Management System).
2026-07-01 21:54:45.295 +05:30 [INF] Executing JsonResult, writing value of type 'System.Collections.Generic.List`1[[<>f__AnonymousType18`7[[System.Int32, System.Private.CoreLib, Version=9.0.0.0, Culture=neutral, PublicKeyToken=7cec85d7bea7798e],[System.String, System.Private.CoreLib, Version=9.0.0.0, Culture=neutral, PublicKeyToken=7cec85d7bea7798e],[System.String, System.Private.CoreLib, Version=9.0.0.0, Culture=neutral, PublicKeyToken=7cec85d7bea7798e],[System.String, System.Private.CoreLib, Version=9.0.0.0, Culture=neutral, PublicKeyToken=7cec85d7bea7798e],[System.String, System.Private.CoreLib, Version=9.0.0.0, Culture=neutral, PublicKeyToken=7cec85d7bea7798e],[System.Boolean, System.Private.CoreLib, Version=9.0.0.0, Culture=neutral, PublicKeyToken=7cec85d7bea7798e],[System.DateTime, System.Private.CoreLib, Version=9.0.0.0, Culture=neutral, PublicKeyToken=7cec85d7bea7798e]], Portfolio Management System, Version=1.0.0.0, Culture=neutral, PublicKeyToken=null]]'.
2026-07-01 21:54:45.296 +05:30 [INF] Executing JsonResult, writing value of type 'System.Int32'.
2026-07-01 21:54:45.298 +05:30 [INF] Executed action Portfolio_Management_System.Controllers.AdminController.GetUnreadMessagesCount (Portfolio Management System) in 367.3639ms
2026-07-01 21:54:45.298 +05:30 [INF] Executed endpoint 'Portfolio_Management_System.Controllers.AdminController.GetUnreadMessagesCount (Portfolio Management System)'
2026-07-01 21:54:45.299 +05:30 [INF] HTTP GET /Admin/GetUnreadMessagesCount responded 200 in 370.7089 ms
2026-07-01 21:54:45.299 +05:30 [INF] Request finished HTTP/2 GET https://localhost:44341/Admin/GetUnreadMessagesCount - 200 null application/json; charset=utf-8 379.1408ms
2026-07-01 21:54:45.301 +05:30 [INF] Executed action Portfolio_Management_System.Controllers.AdminController.GetRecentMessages (Portfolio Management System) in 326.8709ms
2026-07-01 21:54:45.307 +05:30 [INF] Executed endpoint 'Portfolio_Management_System.Controllers.AdminController.GetRecentMessages (Portfolio Management System)'
2026-07-01 21:54:45.308 +05:30 [INF] HTTP GET /Admin/GetRecentMessages responded 200 in 379.5657 ms
2026-07-01 21:54:45.308 +05:30 [INF] Request finished HTTP/2 GET https://localhost:44341/Admin/GetRecentMessages - 200 null application/json; charset=utf-8 380.4556ms
2026-07-01 21:55:14.920 +05:30 [INF] Request starting HTTP/2 GET https://localhost:44341/Admin/GetUnreadMessagesCount - null null
2026-07-01 21:55:14.921 +05:30 [INF] Executing endpoint 'Portfolio_Management_System.Controllers.AdminController.GetUnreadMessagesCount (Portfolio Management System)'
2026-07-01 21:55:14.923 +05:30 [INF] Route matched with {action = "GetUnreadMessagesCount", controller = "Admin"}. Executing controller action with signature System.Threading.Tasks.Task`1[Microsoft.AspNetCore.Mvc.IActionResult] GetUnreadMessagesCount() on controller Portfolio_Management_System.Controllers.AdminController (Portfolio Management System).
2026-07-01 21:55:14.928 +05:30 [INF] Request starting HTTP/2 GET https://localhost:44341/Admin/GetRecentMessages - null null
2026-07-01 21:55:15.011 +05:30 [INF] Executing endpoint 'Portfolio_Management_System.Controllers.AdminController.GetRecentMessages (Portfolio Management System)'
2026-07-01 21:55:15.012 +05:30 [INF] Route matched with {action = "GetRecentMessages", controller = "Admin"}. Executing controller action with signature System.Threading.Tasks.Task`1[Microsoft.AspNetCore.Mvc.IActionResult] GetRecentMessages() on controller Portfolio_Management_System.Controllers.AdminController (Portfolio Management System).
2026-07-01 21:55:15.422 +05:30 [INF] Executing JsonResult, writing value of type 'System.Int32'.
2026-07-01 21:55:15.424 +05:30 [INF] Executed action Portfolio_Management_System.Controllers.AdminController.GetUnreadMessagesCount (Portfolio Management System) in 500.6752ms
2026-07-01 21:55:15.424 +05:30 [INF] Executed endpoint 'Portfolio_Management_System.Controllers.AdminController.GetUnreadMessagesCount (Portfolio Management System)'
2026-07-01 21:55:15.424 +05:30 [INF] HTTP GET /Admin/GetUnreadMessagesCount responded 200 in 503.7255 ms
2026-07-01 21:55:15.428 +05:30 [INF] Request finished HTTP/2 GET https://localhost:44341/Admin/GetUnreadMessagesCount - 200 null application/json; charset=utf-8 507.4778ms
2026-07-01 21:55:15.606 +05:30 [INF] Executing JsonResult, writing value of type 'System.Collections.Generic.List`1[[<>f__AnonymousType18`7[[System.Int32, System.Private.CoreLib, Version=9.0.0.0, Culture=neutral, PublicKeyToken=7cec85d7bea7798e],[System.String, System.Private.CoreLib, Version=9.0.0.0, Culture=neutral, PublicKeyToken=7cec85d7bea7798e],[System.String, System.Private.CoreLib, Version=9.0.0.0, Culture=neutral, PublicKeyToken=7cec85d7bea7798e],[System.String, System.Private.CoreLib, Version=9.0.0.0, Culture=neutral, PublicKeyToken=7cec85d7bea7798e],[System.String, System.Private.CoreLib, Version=9.0.0.0, Culture=neutral, PublicKeyToken=7cec85d7bea7798e],[System.Boolean, System.Private.CoreLib, Version=9.0.0.0, Culture=neutral, PublicKeyToken=7cec85d7bea7798e],[System.DateTime, System.Private.CoreLib, Version=9.0.0.0, Culture=neutral, PublicKeyToken=7cec85d7bea7798e]], Portfolio Management System, Version=1.0.0.0, Culture=neutral, PublicKeyToken=null]]'.
2026-07-01 21:55:15.608 +05:30 [INF] Executed action Portfolio_Management_System.Controllers.AdminController.GetRecentMessages (Portfolio Management System) in 595.932ms
2026-07-01 21:55:15.608 +05:30 [INF] Executed endpoint 'Portfolio_Management_System.Controllers.AdminController.GetRecentMessages (Portfolio Management System)'
2026-07-01 21:55:15.608 +05:30 [INF] HTTP GET /Admin/GetRecentMessages responded 200 in 635.4727 ms
2026-07-01 21:55:15.608 +05:30 [INF] Request finished HTTP/2 GET https://localhost:44341/Admin/GetRecentMessages - 200 null application/json; charset=utf-8 680.0378ms
2026-07-01 21:55:46.239 +05:30 [INF] Request starting HTTP/2 GET https://localhost:44341/Admin/GetUnreadMessagesCount - null null
2026-07-01 21:55:46.268 +05:30 [INF] Executing endpoint 'Portfolio_Management_System.Controllers.AdminController.GetUnreadMessagesCount (Portfolio Management System)'
2026-07-01 21:55:46.269 +05:30 [INF] Route matched with {action = "GetUnreadMessagesCount", controller = "Admin"}. Executing controller action with signature System.Threading.Tasks.Task`1[Microsoft.AspNetCore.Mvc.IActionResult] GetUnreadMessagesCount() on controller Portfolio_Management_System.Controllers.AdminController (Portfolio Management System).
2026-07-01 21:55:46.531 +05:30 [INF] Request starting HTTP/2 GET https://localhost:44341/Admin/GetRecentMessages - null null
2026-07-01 21:55:46.531 +05:30 [INF] Executing endpoint 'Portfolio_Management_System.Controllers.AdminController.GetRecentMessages (Portfolio Management System)'
2026-07-01 21:55:46.531 +05:30 [INF] Route matched with {action = "GetRecentMessages", controller = "Admin"}. Executing controller action with signature System.Threading.Tasks.Task`1[Microsoft.AspNetCore.Mvc.IActionResult] GetRecentMessages() on controller Portfolio_Management_System.Controllers.AdminController (Portfolio Management System).
2026-07-01 21:55:46.937 +05:30 [INF] Executing JsonResult, writing value of type 'System.Collections.Generic.List`1[[<>f__AnonymousType18`7[[System.Int32, System.Private.CoreLib, Version=9.0.0.0, Culture=neutral, PublicKeyToken=7cec85d7bea7798e],[System.String, System.Private.CoreLib, Version=9.0.0.0, Culture=neutral, PublicKeyToken=7cec85d7bea7798e],[System.String, System.Private.CoreLib, Version=9.0.0.0, Culture=neutral, PublicKeyToken=7cec85d7bea7798e],[System.String, System.Private.CoreLib, Version=9.0.0.0, Culture=neutral, PublicKeyToken=7cec85d7bea7798e],[System.String, System.Private.CoreLib, Version=9.0.0.0, Culture=neutral, PublicKeyToken=7cec85d7bea7798e],[System.Boolean, System.Private.CoreLib, Version=9.0.0.0, Culture=neutral, PublicKeyToken=7cec85d7bea7798e],[System.DateTime, System.Private.CoreLib, Version=9.0.0.0, Culture=neutral, PublicKeyToken=7cec85d7bea7798e]], Portfolio Management System, Version=1.0.0.0, Culture=neutral, PublicKeyToken=null]]'.
2026-07-01 21:55:46.944 +05:30 [INF] Executed action Portfolio_Management_System.Controllers.AdminController.GetRecentMessages (Portfolio Management System) in 412.3413ms
2026-07-01 21:55:46.944 +05:30 [INF] Executed endpoint 'Portfolio_Management_System.Controllers.AdminController.GetRecentMessages (Portfolio Management System)'
2026-07-01 21:55:46.944 +05:30 [INF] HTTP GET /Admin/GetRecentMessages responded 200 in 413.1996 ms
2026-07-01 21:55:46.944 +05:30 [INF] Request finished HTTP/2 GET https://localhost:44341/Admin/GetRecentMessages - 200 null application/json; charset=utf-8 413.7646ms
2026-07-01 21:55:48.268 +05:30 [INF] Executing JsonResult, writing value of type 'System.Int32'.
2026-07-01 21:55:48.268 +05:30 [INF] Executed action Portfolio_Management_System.Controllers.AdminController.GetUnreadMessagesCount (Portfolio Management System) in 1995.316ms
2026-07-01 21:55:48.269 +05:30 [INF] Executed endpoint 'Portfolio_Management_System.Controllers.AdminController.GetUnreadMessagesCount (Portfolio Management System)'
2026-07-01 21:55:48.269 +05:30 [INF] HTTP GET /Admin/GetUnreadMessagesCount responded 200 in 2028.2417 ms
2026-07-01 21:55:48.269 +05:30 [INF] Request finished HTTP/2 GET https://localhost:44341/Admin/GetUnreadMessagesCount - 200 null application/json; charset=utf-8 2031.5908ms
2026-07-01 21:56:14.979 +05:30 [INF] Request starting HTTP/2 GET https://localhost:44341/Admin/GetUnreadMessagesCount - null null
2026-07-01 21:56:14.979 +05:30 [INF] Request starting HTTP/2 GET https://localhost:44341/Admin/GetRecentMessages - null null
2026-07-01 21:56:14.981 +05:30 [INF] Executing endpoint 'Portfolio_Management_System.Controllers.AdminController.GetUnreadMessagesCount (Portfolio Management System)'
2026-07-01 21:56:14.981 +05:30 [INF] Route matched with {action = "GetUnreadMessagesCount", controller = "Admin"}. Executing controller action with signature System.Threading.Tasks.Task`1[Microsoft.AspNetCore.Mvc.IActionResult] GetUnreadMessagesCount() on controller Portfolio_Management_System.Controllers.AdminController (Portfolio Management System).
2026-07-01 21:56:14.982 +05:30 [INF] Executing endpoint 'Portfolio_Management_System.Controllers.AdminController.GetRecentMessages (Portfolio Management System)'
2026-07-01 21:56:14.982 +05:30 [INF] Route matched with {action = "GetRecentMessages", controller = "Admin"}. Executing controller action with signature System.Threading.Tasks.Task`1[Microsoft.AspNetCore.Mvc.IActionResult] GetRecentMessages() on controller Portfolio_Management_System.Controllers.AdminController (Portfolio Management System).
2026-07-01 21:56:15.625 +05:30 [INF] Executing JsonResult, writing value of type 'System.Int32'.
2026-07-01 21:56:15.622 +05:30 [INF] Executing JsonResult, writing value of type 'System.Collections.Generic.List`1[[<>f__AnonymousType18`7[[System.Int32, System.Private.CoreLib, Version=9.0.0.0, Culture=neutral, PublicKeyToken=7cec85d7bea7798e],[System.String, System.Private.CoreLib, Version=9.0.0.0, Culture=neutral, PublicKeyToken=7cec85d7bea7798e],[System.String, System.Private.CoreLib, Version=9.0.0.0, Culture=neutral, PublicKeyToken=7cec85d7bea7798e],[System.String, System.Private.CoreLib, Version=9.0.0.0, Culture=neutral, PublicKeyToken=7cec85d7bea7798e],[System.String, System.Private.CoreLib, Version=9.0.0.0, Culture=neutral, PublicKeyToken=7cec85d7bea7798e],[System.Boolean, System.Private.CoreLib, Version=9.0.0.0, Culture=neutral, PublicKeyToken=7cec85d7bea7798e],[System.DateTime, System.Private.CoreLib, Version=9.0.0.0, Culture=neutral, PublicKeyToken=7cec85d7bea7798e]], Portfolio Management System, Version=1.0.0.0, Culture=neutral, PublicKeyToken=null]]'.
2026-07-01 21:56:15.627 +05:30 [INF] Executed action Portfolio_Management_System.Controllers.AdminController.GetUnreadMessagesCount (Portfolio Management System) in 645.9766ms
2026-07-01 21:56:15.627 +05:30 [INF] Executed action Portfolio_Management_System.Controllers.AdminController.GetRecentMessages (Portfolio Management System) in 644.8027ms
2026-07-01 21:56:15.627 +05:30 [INF] Executed endpoint 'Portfolio_Management_System.Controllers.AdminController.GetUnreadMessagesCount (Portfolio Management System)'
2026-07-01 21:56:15.627 +05:30 [INF] Executed endpoint 'Portfolio_Management_System.Controllers.AdminController.GetRecentMessages (Portfolio Management System)'
2026-07-01 21:56:15.627 +05:30 [INF] HTTP GET /Admin/GetRecentMessages responded 200 in 646.7234 ms
2026-07-01 21:56:15.627 +05:30 [INF] Request finished HTTP/2 GET https://localhost:44341/Admin/GetRecentMessages - 200 null application/json; charset=utf-8 648.7311ms
2026-07-01 21:56:15.627 +05:30 [INF] HTTP GET /Admin/GetUnreadMessagesCount responded 200 in 647.8070 ms
2026-07-01 21:56:15.627 +05:30 [INF] Request finished HTTP/2 GET https://localhost:44341/Admin/GetUnreadMessagesCount - 200 null application/json; charset=utf-8 648.9336ms
2026-07-01 21:56:45.844 +05:30 [INF] Request starting HTTP/2 GET https://localhost:44341/Admin/GetUnreadMessagesCount - null null
2026-07-01 21:56:45.851 +05:30 [INF] Executing endpoint 'Portfolio_Management_System.Controllers.AdminController.GetUnreadMessagesCount (Portfolio Management System)'
2026-07-01 21:56:45.852 +05:30 [INF] Route matched with {action = "GetUnreadMessagesCount", controller = "Admin"}. Executing controller action with signature System.Threading.Tasks.Task`1[Microsoft.AspNetCore.Mvc.IActionResult] GetUnreadMessagesCount() on controller Portfolio_Management_System.Controllers.AdminController (Portfolio Management System).
2026-07-01 21:56:45.911 +05:30 [INF] Request starting HTTP/2 GET https://localhost:44341/Admin/GetRecentMessages - null null
2026-07-01 21:56:45.911 +05:30 [INF] Executing endpoint 'Portfolio_Management_System.Controllers.AdminController.GetRecentMessages (Portfolio Management System)'
2026-07-01 21:56:45.912 +05:30 [INF] Route matched with {action = "GetRecentMessages", controller = "Admin"}. Executing controller action with signature System.Threading.Tasks.Task`1[Microsoft.AspNetCore.Mvc.IActionResult] GetRecentMessages() on controller Portfolio_Management_System.Controllers.AdminController (Portfolio Management System).
2026-07-01 21:56:48.430 +05:30 [INF] Executing JsonResult, writing value of type 'System.Collections.Generic.List`1[[<>f__AnonymousType18`7[[System.Int32, System.Private.CoreLib, Version=9.0.0.0, Culture=neutral, PublicKeyToken=7cec85d7bea7798e],[System.String, System.Private.CoreLib, Version=9.0.0.0, Culture=neutral, PublicKeyToken=7cec85d7bea7798e],[System.String, System.Private.CoreLib, Version=9.0.0.0, Culture=neutral, PublicKeyToken=7cec85d7bea7798e],[System.String, System.Private.CoreLib, Version=9.0.0.0, Culture=neutral, PublicKeyToken=7cec85d7bea7798e],[System.String, System.Private.CoreLib, Version=9.0.0.0, Culture=neutral, PublicKeyToken=7cec85d7bea7798e],[System.Boolean, System.Private.CoreLib, Version=9.0.0.0, Culture=neutral, PublicKeyToken=7cec85d7bea7798e],[System.DateTime, System.Private.CoreLib, Version=9.0.0.0, Culture=neutral, PublicKeyToken=7cec85d7bea7798e]], Portfolio Management System, Version=1.0.0.0, Culture=neutral, PublicKeyToken=null]]'.
2026-07-01 21:56:48.453 +05:30 [INF] Executed action Portfolio_Management_System.Controllers.AdminController.GetRecentMessages (Portfolio Management System) in 2539.9067ms
2026-07-01 21:56:48.454 +05:30 [INF] Executed endpoint 'Portfolio_Management_System.Controllers.AdminController.GetRecentMessages (Portfolio Management System)'
2026-07-01 21:56:48.456 +05:30 [INF] HTTP GET /Admin/GetRecentMessages responded 200 in 2543.9397 ms
2026-07-01 21:56:48.462 +05:30 [INF] Request finished HTTP/2 GET https://localhost:44341/Admin/GetRecentMessages - 200 null application/json; charset=utf-8 2551.094ms
2026-07-01 21:56:49.027 +05:30 [INF] Executing JsonResult, writing value of type 'System.Int32'.
2026-07-01 21:56:49.029 +05:30 [INF] Executed action Portfolio_Management_System.Controllers.AdminController.GetUnreadMessagesCount (Portfolio Management System) in 3176.2166ms
2026-07-01 21:56:49.029 +05:30 [INF] Executed endpoint 'Portfolio_Management_System.Controllers.AdminController.GetUnreadMessagesCount (Portfolio Management System)'
2026-07-01 21:56:49.029 +05:30 [INF] HTTP GET /Admin/GetUnreadMessagesCount responded 200 in 3183.0155 ms
2026-07-01 21:56:49.029 +05:30 [INF] Request finished HTTP/2 GET https://localhost:44341/Admin/GetUnreadMessagesCount - 200 null application/json; charset=utf-8 3186.3569ms
2026-07-01 23:07:07.481 +05:30 [INF] Request starting HTTP/2 GET https://localhost:44341/Admin/GetUnreadMessagesCount - null null
2026-07-01 23:07:07.481 +05:30 [INF] Request starting HTTP/2 GET https://localhost:44341/Admin/GetRecentMessages - null null
2026-07-01 23:07:07.621 +05:30 [INF] Executing endpoint 'Portfolio_Management_System.Controllers.AdminController.GetUnreadMessagesCount (Portfolio Management System)'
2026-07-01 23:07:07.648 +05:30 [INF] Executing endpoint 'Portfolio_Management_System.Controllers.AdminController.GetRecentMessages (Portfolio Management System)'
2026-07-01 23:07:07.693 +05:30 [INF] Route matched with {action = "GetRecentMessages", controller = "Admin"}. Executing controller action with signature System.Threading.Tasks.Task`1[Microsoft.AspNetCore.Mvc.IActionResult] GetRecentMessages() on controller Portfolio_Management_System.Controllers.AdminController (Portfolio Management System).
2026-07-01 23:07:07.693 +05:30 [INF] Route matched with {action = "GetUnreadMessagesCount", controller = "Admin"}. Executing controller action with signature System.Threading.Tasks.Task`1[Microsoft.AspNetCore.Mvc.IActionResult] GetUnreadMessagesCount() on controller Portfolio_Management_System.Controllers.AdminController (Portfolio Management System).
2026-07-01 23:07:07.767 +05:30 [INF] Accessing expired session, Key:f2ccc2cb-5864-09e1-0c4e-6a0c4521ea96
2026-07-01 23:07:08.231 +05:30 [INF] Executing UnauthorizedObjectResult, writing value of type 'System.Int32'.
2026-07-01 23:07:08.416 +05:30 [INF] Executed action Portfolio_Management_System.Controllers.AdminController.GetUnreadMessagesCount (Portfolio Management System) in 721.2532ms
2026-07-01 23:07:08.420 +05:30 [INF] Executed endpoint 'Portfolio_Management_System.Controllers.AdminController.GetUnreadMessagesCount (Portfolio Management System)'
2026-07-01 23:07:08.421 +05:30 [INF] HTTP GET /Admin/GetUnreadMessagesCount responded 401 in 909.0065 ms
2026-07-01 23:07:08.424 +05:30 [INF] Request finished HTTP/2 GET https://localhost:44341/Admin/GetUnreadMessagesCount - 401 null application/json; charset=utf-8 975.4353ms
2026-07-01 23:07:08.973 +05:30 [INF] Request starting HTTP/2 GET https://localhost:44341/Admin/AutoTube/RecreateVideoAudio - null null
2026-07-01 23:07:09.169 +05:30 [INF] Executing endpoint 'Portfolio_Management_System.Controllers.AdminAutoTubeController.RecreateVideoAudio (Portfolio Management System)'
2026-07-01 23:07:09.171 +05:30 [INF] Route matched with {action = "RecreateVideoAudio", controller = "AdminAutoTube"}. Executing controller action with signature Microsoft.AspNetCore.Mvc.IActionResult RecreateVideoAudio() on controller Portfolio_Management_System.Controllers.AdminAutoTubeController (Portfolio Management System).
2026-07-01 23:07:09.351 +05:30 [INF] Accessing expired session, Key:f2ccc2cb-5864-09e1-0c4e-6a0c4521ea96
2026-07-01 23:07:09.365 +05:30 [INF] Executing RedirectResult, redirecting to /Admin/Login.
2026-07-01 23:07:09.368 +05:30 [INF] Executed action Portfolio_Management_System.Controllers.AdminAutoTubeController.RecreateVideoAudio (Portfolio Management System) in 196.6153ms
2026-07-01 23:07:09.368 +05:30 [INF] Executed endpoint 'Portfolio_Management_System.Controllers.AdminAutoTubeController.RecreateVideoAudio (Portfolio Management System)'
2026-07-01 23:07:09.368 +05:30 [INF] HTTP GET /Admin/AutoTube/RecreateVideoAudio responded 302 in 200.1879 ms
2026-07-01 23:07:09.373 +05:30 [INF] Request finished HTTP/2 GET https://localhost:44341/Admin/AutoTube/RecreateVideoAudio - 302 null null 400.6438ms
2026-07-01 23:07:09.691 +05:30 [INF] Request starting HTTP/2 GET https://localhost:44341/Admin/Login - null null
2026-07-01 23:07:09.698 +05:30 [INF] Executing endpoint 'Portfolio_Management_System.Controllers.AdminController.Login (Portfolio Management System)'
2026-07-01 23:07:09.699 +05:30 [INF] Route matched with {action = "Login", controller = "Admin"}. Executing controller action with signature Microsoft.AspNetCore.Mvc.IActionResult Login() on controller Portfolio_Management_System.Controllers.AdminController (Portfolio Management System).
2026-07-01 23:07:09.699 +05:30 [INF] Accessing expired session, Key:f2ccc2cb-5864-09e1-0c4e-6a0c4521ea96
2026-07-01 23:07:09.750 +05:30 [INF] Executing ViewResult, running view Login.
2026-07-01 23:07:09.842 +05:30 [INF] Executed ViewResult - view Login executed in 136.8642ms.
2026-07-01 23:07:09.842 +05:30 [INF] Executed action Portfolio_Management_System.Controllers.AdminController.Login (Portfolio Management System) in 142.9363ms
2026-07-01 23:07:09.842 +05:30 [INF] Executed endpoint 'Portfolio_Management_System.Controllers.AdminController.Login (Portfolio Management System)'
2026-07-01 23:07:09.843 +05:30 [INF] HTTP GET /Admin/Login responded 200 in 145.8888 ms
2026-07-01 23:07:09.845 +05:30 [INF] Request finished HTTP/2 GET https://localhost:44341/Admin/Login - 200 null text/html; charset=utf-8 153.8855ms
2026-07-01 23:07:09.978 +05:30 [INF] Request starting HTTP/2 GET https://localhost:44341/css/admin.css?v=639185440297679093 - null null
2026-07-01 23:07:09.978 +05:30 [INF] Request starting HTTP/2 GET https://localhost:44341/_framework/aspnetcore-browser-refresh.js - null null
2026-07-01 23:07:09.994 +05:30 [INF] Request finished HTTP/2 GET https://localhost:44341/_framework/aspnetcore-browser-refresh.js - 200 16539 application/javascript; charset=utf-8 12.9939ms
2026-07-01 23:07:10.035 +05:30 [INF] Request starting HTTP/2 GET https://localhost:44341/_vs/browserLink - null null
2026-07-01 23:07:10.038 +05:30 [INF] Sending file. Request path: '/css/admin.css'. Physical path: 'C:\Users\ak731\Desktop\DSA\Portfolio Management System\wwwroot\css\admin.css'
2026-07-01 23:07:10.038 +05:30 [INF] HTTP GET /css/admin.css responded 200 in 60.6299 ms
2026-07-01 23:07:10.039 +05:30 [INF] Request finished HTTP/2 GET https://localhost:44341/css/admin.css?v=639185440297679093 - 200 19965 text/css 61.1357ms
2026-07-01 23:07:10.160 +05:30 [INF] Request finished HTTP/2 GET https://localhost:44341/_vs/browserLink - 200 null text/javascript; charset=UTF-8 125.7352ms
2026-07-01 23:07:13.223 +05:30 [INF] Request starting HTTP/2 POST https://localhost:44341/Admin/Login - application/x-www-form-urlencoded 217
2026-07-01 23:07:13.275 +05:30 [INF] CORS policy execution successful.
2026-07-01 23:07:13.280 +05:30 [INF] Executing endpoint 'Portfolio_Management_System.Controllers.AdminController.Login (Portfolio Management System)'
2026-07-01 23:07:13.280 +05:30 [INF] Route matched with {action = "Login", controller = "Admin"}. Executing controller action with signature System.Threading.Tasks.Task`1[Microsoft.AspNetCore.Mvc.IActionResult] Login(Portfolio_Management_System.Models.AdminLoginModel) on controller Portfolio_Management_System.Controllers.AdminController (Portfolio Management System).
2026-07-01 23:07:17.203 +05:30 [INF] Executing JsonResult, writing value of type 'System.Collections.Generic.List`1[[<>f__AnonymousType18`7[[System.Int32, System.Private.CoreLib, Version=9.0.0.0, Culture=neutral, PublicKeyToken=7cec85d7bea7798e],[System.String, System.Private.CoreLib, Version=9.0.0.0, Culture=neutral, PublicKeyToken=7cec85d7bea7798e],[System.String, System.Private.CoreLib, Version=9.0.0.0, Culture=neutral, PublicKeyToken=7cec85d7bea7798e],[System.String, System.Private.CoreLib, Version=9.0.0.0, Culture=neutral, PublicKeyToken=7cec85d7bea7798e],[System.String, System.Private.CoreLib, Version=9.0.0.0, Culture=neutral, PublicKeyToken=7cec85d7bea7798e],[System.Boolean, System.Private.CoreLib, Version=9.0.0.0, Culture=neutral, PublicKeyToken=7cec85d7bea7798e],[System.DateTime, System.Private.CoreLib, Version=9.0.0.0, Culture=neutral, PublicKeyToken=7cec85d7bea7798e]], Portfolio Management System, Version=1.0.0.0, Culture=neutral, PublicKeyToken=null]]'.
2026-07-01 23:07:17.323 +05:30 [INF] Executed action Portfolio_Management_System.Controllers.AdminController.GetRecentMessages (Portfolio Management System) in 9628.4543ms
2026-07-01 23:07:17.323 +05:30 [INF] Executed endpoint 'Portfolio_Management_System.Controllers.AdminController.GetRecentMessages (Portfolio Management System)'
2026-07-01 23:07:17.323 +05:30 [INF] HTTP GET /Admin/GetRecentMessages responded 200 in 9811.9016 ms
2026-07-01 23:07:17.331 +05:30 [INF] Request finished HTTP/2 GET https://localhost:44341/Admin/GetRecentMessages - 200 null application/json; charset=utf-8 9883.6203ms
2026-07-01 23:07:25.285 +05:30 [INF] Accessing expired session, Key:f2ccc2cb-5864-09e1-0c4e-6a0c4521ea96
2026-07-01 23:07:25.288 +05:30 [INF] Executing RedirectResult, redirecting to /Admin/Dashboard.
2026-07-01 23:07:25.288 +05:30 [INF] Executed action Portfolio_Management_System.Controllers.AdminController.Login (Portfolio Management System) in 12007.6959ms
2026-07-01 23:07:25.288 +05:30 [INF] Executed endpoint 'Portfolio_Management_System.Controllers.AdminController.Login (Portfolio Management System)'
2026-07-01 23:07:25.297 +05:30 [INF] Session started; Key:f2ccc2cb-5864-09e1-0c4e-6a0c4521ea96, Id:8e040819-1ad8-a977-d2e2-21efceecdca5
2026-07-01 23:07:25.297 +05:30 [INF] HTTP POST /Admin/Login responded 302 in 12033.8365 ms
2026-07-01 23:07:25.301 +05:30 [INF] Request finished HTTP/2 POST https://localhost:44341/Admin/Login - 302 null null 12077.2989ms
2026-07-01 23:07:25.331 +05:30 [INF] Request starting HTTP/2 GET https://localhost:44341/Admin/Dashboard - null null
2026-07-01 23:07:25.337 +05:30 [INF] Executing endpoint 'Portfolio_Management_System.Controllers.AdminController.Dashboard (Portfolio Management System)'
2026-07-01 23:07:25.338 +05:30 [INF] Route matched with {action = "Dashboard", controller = "Admin"}. Executing controller action with signature System.Threading.Tasks.Task`1[Microsoft.AspNetCore.Mvc.IActionResult] Dashboard() on controller Portfolio_Management_System.Controllers.AdminController (Portfolio Management System).
2026-07-01 23:07:30.049 +05:30 [ERR] Error getting recent messages
System.InvalidCastException: Unable to cast object of type 'System.Boolean' to type 'System.DateTime'.
   at Microsoft.Data.SqlClient.SqlDataReader.GetDateTime(Int32 i)
   at Portfolio_Management_System.DAL.DbHelper.GetRecentMessagesAsync(Int32 count) in C:\Users\ak731\Desktop\DSA\Portfolio Management System\DAL\DbHelper.cs:line 1441
2026-07-01 23:07:31.361 +05:30 [ERR] Error getting recent visitors
System.InvalidCastException: Unable to cast object of type 'System.DateTime' to type 'System.Int32'.
   at Microsoft.Data.SqlClient.SqlBuffer.get_Int32()
   at Portfolio_Management_System.DAL.DbHelper.GetRecentVisitorsAsync(Int32 count) in C:\Users\ak731\Desktop\DSA\Portfolio Management System\DAL\DbHelper.cs:line 1482
2026-07-01 23:07:35.429 +05:30 [INF] Executing ViewResult, running view Dashboard.
2026-07-01 23:07:35.808 +05:30 [INF] Executed ViewResult - view Dashboard executed in 383.3943ms.
2026-07-01 23:07:35.809 +05:30 [INF] Executed action Portfolio_Management_System.Controllers.AdminController.Dashboard (Portfolio Management System) in 10471.1001ms
2026-07-01 23:07:35.809 +05:30 [INF] Executed endpoint 'Portfolio_Management_System.Controllers.AdminController.Dashboard (Portfolio Management System)'
2026-07-01 23:07:35.810 +05:30 [INF] HTTP GET /Admin/Dashboard responded 200 in 10475.5050 ms
2026-07-01 23:07:35.826 +05:30 [INF] Request finished HTTP/2 GET https://localhost:44341/Admin/Dashboard - 200 null text/html; charset=utf-8 10494.3708ms
2026-07-01 23:07:35.929 +05:30 [INF] Request starting HTTP/2 GET https://localhost:44341/_framework/aspnetcore-browser-refresh.js - null null
2026-07-01 23:07:35.932 +05:30 [INF] Request finished HTTP/2 GET https://localhost:44341/_framework/aspnetcore-browser-refresh.js - 200 16539 application/javascript; charset=utf-8 2.1124ms
2026-07-01 23:07:35.932 +05:30 [INF] Request starting HTTP/2 GET https://localhost:44341/css/admin.css?v=639185440557776125 - null null
2026-07-01 23:07:35.951 +05:30 [INF] Sending file. Request path: '/css/admin.css'. Physical path: 'C:\Users\ak731\Desktop\DSA\Portfolio Management System\wwwroot\css\admin.css'
2026-07-01 23:07:35.951 +05:30 [INF] HTTP GET /css/admin.css responded 200 in 19.3448 ms
2026-07-01 23:07:35.955 +05:30 [INF] Request finished HTTP/2 GET https://localhost:44341/css/admin.css?v=639185440557776125 - 200 19965 text/css 23.0681ms
2026-07-01 23:07:35.961 +05:30 [INF] Request starting HTTP/2 GET https://localhost:44341/_vs/browserLink - null null
2026-07-01 23:07:36.096 +05:30 [INF] Request finished HTTP/2 GET https://localhost:44341/_vs/browserLink - 200 null text/javascript; charset=UTF-8 134.6373ms
2026-07-01 23:07:36.978 +05:30 [INF] Request starting HTTP/2 GET https://localhost:44341/Admin/GetUnreadMessagesCount - null null
2026-07-01 23:07:36.978 +05:30 [INF] Executing endpoint 'Portfolio_Management_System.Controllers.AdminController.GetUnreadMessagesCount (Portfolio Management System)'
2026-07-01 23:07:36.978 +05:30 [INF] Route matched with {action = "GetUnreadMessagesCount", controller = "Admin"}. Executing controller action with signature System.Threading.Tasks.Task`1[Microsoft.AspNetCore.Mvc.IActionResult] GetUnreadMessagesCount() on controller Portfolio_Management_System.Controllers.AdminController (Portfolio Management System).
2026-07-01 23:07:36.984 +05:30 [INF] Request starting HTTP/2 GET https://localhost:44341/Admin/GetRecentMessages - null null
2026-07-01 23:07:36.984 +05:30 [INF] Executing endpoint 'Portfolio_Management_System.Controllers.AdminController.GetRecentMessages (Portfolio Management System)'
2026-07-01 23:07:36.984 +05:30 [INF] Route matched with {action = "GetRecentMessages", controller = "Admin"}. Executing controller action with signature System.Threading.Tasks.Task`1[Microsoft.AspNetCore.Mvc.IActionResult] GetRecentMessages() on controller Portfolio_Management_System.Controllers.AdminController (Portfolio Management System).
2026-07-01 23:07:37.027 +05:30 [INF] Request starting HTTP/2 GET https://localhost:44341/Admin/GetExperienceDetails - null null
2026-07-01 23:07:37.027 +05:30 [INF] Executing endpoint 'Portfolio_Management_System.Controllers.AdminController.GetExperienceDetails (Portfolio Management System)'
2026-07-01 23:07:37.028 +05:30 [INF] Route matched with {action = "GetExperienceDetails", controller = "Admin"}. Executing controller action with signature System.Threading.Tasks.Task`1[Microsoft.AspNetCore.Mvc.IActionResult] GetExperienceDetails() on controller Portfolio_Management_System.Controllers.AdminController (Portfolio Management System).
2026-07-01 23:07:37.511 +05:30 [INF] Executing JsonResult, writing value of type 'System.Int32'.
2026-07-01 23:07:37.512 +05:30 [INF] Executing JsonResult, writing value of type 'System.Collections.Generic.List`1[[<>f__AnonymousType18`7[[System.Int32, System.Private.CoreLib, Version=9.0.0.0, Culture=neutral, PublicKeyToken=7cec85d7bea7798e],[System.String, System.Private.CoreLib, Version=9.0.0.0, Culture=neutral, PublicKeyToken=7cec85d7bea7798e],[System.String, System.Private.CoreLib, Version=9.0.0.0, Culture=neutral, PublicKeyToken=7cec85d7bea7798e],[System.String, System.Private.CoreLib, Version=9.0.0.0, Culture=neutral, PublicKeyToken=7cec85d7bea7798e],[System.String, System.Private.CoreLib, Version=9.0.0.0, Culture=neutral, PublicKeyToken=7cec85d7bea7798e],[System.Boolean, System.Private.CoreLib, Version=9.0.0.0, Culture=neutral, PublicKeyToken=7cec85d7bea7798e],[System.DateTime, System.Private.CoreLib, Version=9.0.0.0, Culture=neutral, PublicKeyToken=7cec85d7bea7798e]], Portfolio Management System, Version=1.0.0.0, Culture=neutral, PublicKeyToken=null]]'.
2026-07-01 23:07:37.512 +05:30 [INF] Executed action Portfolio_Management_System.Controllers.AdminController.GetUnreadMessagesCount (Portfolio Management System) in 533.9085ms
2026-07-01 23:07:37.512 +05:30 [INF] Executed endpoint 'Portfolio_Management_System.Controllers.AdminController.GetUnreadMessagesCount (Portfolio Management System)'
2026-07-01 23:07:37.512 +05:30 [INF] HTTP GET /Admin/GetUnreadMessagesCount responded 200 in 534.4166 ms
2026-07-01 23:07:37.512 +05:30 [INF] Executed action Portfolio_Management_System.Controllers.AdminController.GetRecentMessages (Portfolio Management System) in 527.8733ms
2026-07-01 23:07:37.512 +05:30 [INF] Request finished HTTP/2 GET https://localhost:44341/Admin/GetUnreadMessagesCount - 200 null application/json; charset=utf-8 534.7386ms
2026-07-01 23:07:37.515 +05:30 [INF] Executed endpoint 'Portfolio_Management_System.Controllers.AdminController.GetRecentMessages (Portfolio Management System)'
2026-07-01 23:07:37.515 +05:30 [INF] HTTP GET /Admin/GetRecentMessages responded 200 in 531.4493 ms
2026-07-01 23:07:37.516 +05:30 [INF] Request finished HTTP/2 GET https://localhost:44341/Admin/GetRecentMessages - 200 null application/json; charset=utf-8 532.2051ms
2026-07-01 23:07:39.152 +05:30 [INF] Executing JsonResult, writing value of type '<>f__AnonymousType15`10[[System.Boolean, System.Private.CoreLib, Version=9.0.0.0, Culture=neutral, PublicKeyToken=7cec85d7bea7798e],[System.Int32, System.Private.CoreLib, Version=9.0.0.0, Culture=neutral, PublicKeyToken=7cec85d7bea7798e],[System.String, System.Private.CoreLib, Version=9.0.0.0, Culture=neutral, PublicKeyToken=7cec85d7bea7798e],[System.String, System.Private.CoreLib, Version=9.0.0.0, Culture=neutral, PublicKeyToken=7cec85d7bea7798e],[System.String, System.Private.CoreLib, Version=9.0.0.0, Culture=neutral, PublicKeyToken=7cec85d7bea7798e],[System.Int32, System.Private.CoreLib, Version=9.0.0.0, Culture=neutral, PublicKeyToken=7cec85d7bea7798e],[System.Int32, System.Private.CoreLib, Version=9.0.0.0, Culture=neutral, PublicKeyToken=7cec85d7bea7798e],[System.Int32, System.Private.CoreLib, Version=9.0.0.0, Culture=neutral, PublicKeyToken=7cec85d7bea7798e],[System.Int32, System.Private.CoreLib, Version=9.0.0.0, Culture=neutral, PublicKeyToken=7cec85d7bea7798e],[System.Int32, System.Private.CoreLib, Version=9.0.0.0, Culture=neutral, PublicKeyToken=7cec85d7bea7798e]]'.
2026-07-01 23:07:39.155 +05:30 [INF] Executed action Portfolio_Management_System.Controllers.AdminController.GetExperienceDetails (Portfolio Management System) in 2126.1819ms
2026-07-01 23:07:39.155 +05:30 [INF] Executed endpoint 'Portfolio_Management_System.Controllers.AdminController.GetExperienceDetails (Portfolio Management System)'
2026-07-01 23:07:39.155 +05:30 [INF] HTTP GET /Admin/GetExperienceDetails responded 200 in 2128.1840 ms
2026-07-01 23:07:39.156 +05:30 [INF] Request finished HTTP/2 GET https://localhost:44341/Admin/GetExperienceDetails - 200 null application/json; charset=utf-8 2128.5476ms
2026-07-01 23:07:59.427 +05:30 [INF] Request starting HTTP/2 GET https://localhost:44341/Admin/AutoTube/RecreateVideoAudio - null null
2026-07-01 23:07:59.431 +05:30 [INF] Executing endpoint 'Portfolio_Management_System.Controllers.AdminAutoTubeController.RecreateVideoAudio (Portfolio Management System)'
2026-07-01 23:07:59.431 +05:30 [INF] Route matched with {action = "RecreateVideoAudio", controller = "AdminAutoTube"}. Executing controller action with signature Microsoft.AspNetCore.Mvc.IActionResult RecreateVideoAudio() on controller Portfolio_Management_System.Controllers.AdminAutoTubeController (Portfolio Management System).
2026-07-01 23:07:59.436 +05:30 [INF] Executing ViewResult, running view ~/Views/Admin/RecreateVideoAudio.cshtml.
2026-07-01 23:08:00.567 +05:30 [INF] Executed ViewResult - view ~/Views/Admin/RecreateVideoAudio.cshtml executed in 1132.9253ms.
2026-07-01 23:08:00.569 +05:30 [INF] Executed action Portfolio_Management_System.Controllers.AdminAutoTubeController.RecreateVideoAudio (Portfolio Management System) in 1137.6244ms
2026-07-01 23:08:00.569 +05:30 [INF] Executed endpoint 'Portfolio_Management_System.Controllers.AdminAutoTubeController.RecreateVideoAudio (Portfolio Management System)'
2026-07-01 23:08:00.569 +05:30 [INF] HTTP GET /Admin/AutoTube/RecreateVideoAudio responded 200 in 1138.5259 ms
2026-07-01 23:08:00.572 +05:30 [INF] Request finished HTTP/2 GET https://localhost:44341/Admin/AutoTube/RecreateVideoAudio - 200 null text/html; charset=utf-8 1144.3509ms
2026-07-01 23:08:00.618 +05:30 [INF] Request starting HTTP/2 GET https://localhost:44341/_framework/aspnetcore-browser-refresh.js - null null
2026-07-01 23:08:00.628 +05:30 [INF] Request finished HTTP/2 GET https://localhost:44341/_framework/aspnetcore-browser-refresh.js - 200 16539 application/javascript; charset=utf-8 10.4206ms
2026-07-01 23:08:00.629 +05:30 [INF] Request starting HTTP/2 GET https://localhost:44341/_vs/browserLink - null null
2026-07-01 23:08:00.632 +05:30 [INF] Request starting HTTP/2 GET https://localhost:44341/css/admin.css?v=639185440805655662 - null null
2026-07-01 23:08:00.654 +05:30 [INF] Sending file. Request path: '/css/admin.css'. Physical path: 'C:\Users\ak731\Desktop\DSA\Portfolio Management System\wwwroot\css\admin.css'
2026-07-01 23:08:00.654 +05:30 [INF] HTTP GET /css/admin.css responded 200 in 21.2162 ms
2026-07-01 23:08:00.665 +05:30 [INF] Request finished HTTP/2 GET https://localhost:44341/css/admin.css?v=639185440805655662 - 200 19965 text/css 37.2984ms
2026-07-01 23:08:00.717 +05:30 [INF] Request finished HTTP/2 GET https://localhost:44341/_vs/browserLink - 200 null text/javascript; charset=UTF-8 88.341ms
2026-07-01 23:08:00.907 +05:30 [INF] Request starting HTTP/2 GET https://localhost:44341/Admin/GetRecentMessages - null null
2026-07-01 23:08:00.908 +05:30 [INF] Executing endpoint 'Portfolio_Management_System.Controllers.AdminController.GetRecentMessages (Portfolio Management System)'
2026-07-01 23:08:00.908 +05:30 [INF] Route matched with {action = "GetRecentMessages", controller = "Admin"}. Executing controller action with signature System.Threading.Tasks.Task`1[Microsoft.AspNetCore.Mvc.IActionResult] GetRecentMessages() on controller Portfolio_Management_System.Controllers.AdminController (Portfolio Management System).
2026-07-01 23:08:00.915 +05:30 [INF] Request starting HTTP/2 GET https://localhost:44341/Admin/GetUnreadMessagesCount - null null
2026-07-01 23:08:00.916 +05:30 [INF] Executing endpoint 'Portfolio_Management_System.Controllers.AdminController.GetUnreadMessagesCount (Portfolio Management System)'
2026-07-01 23:08:00.916 +05:30 [INF] Route matched with {action = "GetUnreadMessagesCount", controller = "Admin"}. Executing controller action with signature System.Threading.Tasks.Task`1[Microsoft.AspNetCore.Mvc.IActionResult] GetUnreadMessagesCount() on controller Portfolio_Management_System.Controllers.AdminController (Portfolio Management System).
2026-07-01 23:08:02.433 +05:30 [INF] Executing JsonResult, writing value of type 'System.Int32'.
2026-07-01 23:08:02.433 +05:30 [INF] Executing JsonResult, writing value of type 'System.Collections.Generic.List`1[[<>f__AnonymousType18`7[[System.Int32, System.Private.CoreLib, Version=9.0.0.0, Culture=neutral, PublicKeyToken=7cec85d7bea7798e],[System.String, System.Private.CoreLib, Version=9.0.0.0, Culture=neutral, PublicKeyToken=7cec85d7bea7798e],[System.String, System.Private.CoreLib, Version=9.0.0.0, Culture=neutral, PublicKeyToken=7cec85d7bea7798e],[System.String, System.Private.CoreLib, Version=9.0.0.0, Culture=neutral, PublicKeyToken=7cec85d7bea7798e],[System.String, System.Private.CoreLib, Version=9.0.0.0, Culture=neutral, PublicKeyToken=7cec85d7bea7798e],[System.Boolean, System.Private.CoreLib, Version=9.0.0.0, Culture=neutral, PublicKeyToken=7cec85d7bea7798e],[System.DateTime, System.Private.CoreLib, Version=9.0.0.0, Culture=neutral, PublicKeyToken=7cec85d7bea7798e]], Portfolio Management System, Version=1.0.0.0, Culture=neutral, PublicKeyToken=null]]'.
2026-07-01 23:08:02.433 +05:30 [INF] Executed action Portfolio_Management_System.Controllers.AdminController.GetUnreadMessagesCount (Portfolio Management System) in 1516.9544ms
2026-07-01 23:08:02.433 +05:30 [INF] Executed endpoint 'Portfolio_Management_System.Controllers.AdminController.GetUnreadMessagesCount (Portfolio Management System)'
2026-07-01 23:08:02.434 +05:30 [INF] Executed action Portfolio_Management_System.Controllers.AdminController.GetRecentMessages (Portfolio Management System) in 1525.6624ms
2026-07-01 23:08:02.434 +05:30 [INF] Executed endpoint 'Portfolio_Management_System.Controllers.AdminController.GetRecentMessages (Portfolio Management System)'
2026-07-01 23:08:02.434 +05:30 [INF] HTTP GET /Admin/GetRecentMessages responded 200 in 1526.1237 ms
2026-07-01 23:08:02.434 +05:30 [INF] HTTP GET /Admin/GetUnreadMessagesCount responded 200 in 1517.7901 ms
2026-07-01 23:08:02.434 +05:30 [INF] Request finished HTTP/2 GET https://localhost:44341/Admin/GetRecentMessages - 200 null application/json; charset=utf-8 1526.4346ms
2026-07-01 23:08:02.439 +05:30 [INF] Request finished HTTP/2 GET https://localhost:44341/Admin/GetUnreadMessagesCount - 200 null application/json; charset=utf-8 1523.6997ms
2026-07-01 23:08:11.656 +05:30 [INF] Request starting HTTP/2 POST https://localhost:44341/Admin/AutoTube/UploadAndRecreateAudio - multipart/form-data; boundary=----WebKitFormBoundaryLlEP0mX2x1q5Mmuv 1198110
2026-07-01 23:08:11.658 +05:30 [INF] CORS policy execution successful.
2026-07-01 23:08:11.661 +05:30 [INF] Executing endpoint 'Portfolio_Management_System.Controllers.AdminAutoTubeController.UploadAndRecreateAudio (Portfolio Management System)'
2026-07-01 23:08:11.662 +05:30 [INF] Route matched with {action = "UploadAndRecreateAudio", controller = "AdminAutoTube"}. Executing controller action with signature System.Threading.Tasks.Task`1[Microsoft.AspNetCore.Mvc.IActionResult] UploadAndRecreateAudio(Microsoft.AspNetCore.Http.IFormFile, System.String, System.String, Boolean) on controller Portfolio_Management_System.Controllers.AdminAutoTubeController (Portfolio Management System).
2026-07-01 23:08:12.083 +05:30 [INF] Executed DbCommand (202ms) [Parameters=[], CommandType='"Text"', CommandTimeout='30']
SELECT TOP(1) [t].[Id], [t].[Category], [t].[CompetitionScore], [t].[FetchedAt], [t].[IsSelected], [t].[Keywords], [t].[PopularityScore], [t].[SelectedAt], [t].[Source], [t].[Title], [t].[ViralityScore]
FROM [TrendTopics] AS [t]
WHERE [t].[Title] = N'Custom Video'
2026-07-01 23:08:13.928 +05:30 [INF] Executed DbCommand (1,766ms) [Parameters=[@p0='?' (Size = 500), @p1='?' (DbType = DateTime2), @p2='?' (Size = 4000), @p3='?' (Size = 1000), @p4='?' (Size = 50), @p5='?' (DbType = DateTime2), @p6='?' (DbType = DateTime2), @p7='?' (Size = 4000), @p8='?' (Size = 4000), @p9='?' (Size = 2000), @p10='?' (Size = 500), @p11='?' (Size = 500), @p12='?' (DbType = Int32), @p13='?' (DbType = DateTime2), @p14='?' (Size = 500), @p15='?' (Size = 20), @p16='?' (Size = 50)], CommandType='"Text"', CommandTimeout='30']
SET IMPLICIT_TRANSACTIONS OFF;
SET NOCOUNT ON;
INSERT INTO [Videos] ([AudioFilePath], [CreatedAt], [Description], [Hook], [PlaylistId], [PublishedAt], [ScheduledPublishAt], [ScriptJson], [Status], [Tags], [ThumbnailPath], [Title], [TrendTopicId], [UpdatedAt], [VideoFilePath], [Visibility], [YouTubeVideoId])
OUTPUT INSERTED.[Id]
VALUES (@p0, @p1, @p2, @p3, @p4, @p5, @p6, @p7, @p8, @p9, @p10, @p11, @p12, @p13, @p14, @p15, @p16);
2026-07-01 23:08:13.943 +05:30 [INF] Executing JsonResult, writing value of type '<>f__AnonymousType11`3[[System.Boolean, System.Private.CoreLib, Version=9.0.0.0, Culture=neutral, PublicKeyToken=7cec85d7bea7798e],[System.String, System.Private.CoreLib, Version=9.0.0.0, Culture=neutral, PublicKeyToken=7cec85d7bea7798e],[System.Int32, System.Private.CoreLib, Version=9.0.0.0, Culture=neutral, PublicKeyToken=7cec85d7bea7798e]]'.
2026-07-01 23:08:13.945 +05:30 [INF] Background audio recreation task started for Video ID 11
2026-07-01 23:08:13.946 +05:30 [INF] Executed action Portfolio_Management_System.Controllers.AdminAutoTubeController.UploadAndRecreateAudio (Portfolio Management System) in 2284.3606ms
2026-07-01 23:08:13.946 +05:30 [INF] Executed endpoint 'Portfolio_Management_System.Controllers.AdminAutoTubeController.UploadAndRecreateAudio (Portfolio Management System)'
2026-07-01 23:08:13.947 +05:30 [INF] HTTP POST /Admin/AutoTube/UploadAndRecreateAudio responded 200 in 2290.4115 ms
2026-07-01 23:08:13.958 +05:30 [INF] Request finished HTTP/2 POST https://localhost:44341/Admin/AutoTube/UploadAndRecreateAudio - 200 null application/json; charset=utf-8 2302.3372ms
2026-07-01 23:08:13.967 +05:30 [INF] Start processing HTTP request POST http://localhost:8000/api/video/recreate_audio
2026-07-01 23:08:13.968 +05:30 [INF] Sending HTTP request POST http://localhost:8000/api/video/recreate_audio
2026-07-01 23:08:37.296 +05:30 [INF] Request starting HTTP/2 GET https://localhost:44341/Admin/GetUnreadMessagesCount - null null
2026-07-01 23:08:37.321 +05:30 [INF] Request starting HTTP/2 GET https://localhost:44341/Admin/GetRecentMessages - null null
2026-07-01 23:08:37.327 +05:30 [INF] Executing endpoint 'Portfolio_Management_System.Controllers.AdminController.GetRecentMessages (Portfolio Management System)'
2026-07-01 23:08:37.329 +05:30 [INF] Executing endpoint 'Portfolio_Management_System.Controllers.AdminController.GetUnreadMessagesCount (Portfolio Management System)'
2026-07-01 23:08:37.393 +05:30 [INF] Route matched with {action = "GetRecentMessages", controller = "Admin"}. Executing controller action with signature System.Threading.Tasks.Task`1[Microsoft.AspNetCore.Mvc.IActionResult] GetRecentMessages() on controller Portfolio_Management_System.Controllers.AdminController (Portfolio Management System).
2026-07-01 23:08:37.407 +05:30 [INF] Route matched with {action = "GetUnreadMessagesCount", controller = "Admin"}. Executing controller action with signature System.Threading.Tasks.Task`1[Microsoft.AspNetCore.Mvc.IActionResult] GetUnreadMessagesCount() on controller Portfolio_Management_System.Controllers.AdminController (Portfolio Management System).
2026-07-01 23:08:38.554 +05:30 [INF] Executing JsonResult, writing value of type 'System.Int32'.
2026-07-01 23:08:38.559 +05:30 [INF] Executed action Portfolio_Management_System.Controllers.AdminController.GetUnreadMessagesCount (Portfolio Management System) in 1150.8875ms
2026-07-01 23:08:38.560 +05:30 [INF] Executed endpoint 'Portfolio_Management_System.Controllers.AdminController.GetUnreadMessagesCount (Portfolio Management System)'
2026-07-01 23:08:38.560 +05:30 [INF] HTTP GET /Admin/GetUnreadMessagesCount responded 200 in 1263.8441 ms
2026-07-01 23:08:38.561 +05:30 [INF] Request finished HTTP/2 GET https://localhost:44341/Admin/GetUnreadMessagesCount - 200 null application/json; charset=utf-8 1265.3873ms
2026-07-01 23:08:39.028 +05:30 [INF] Executing JsonResult, writing value of type 'System.Collections.Generic.List`1[[<>f__AnonymousType18`7[[System.Int32, System.Private.CoreLib, Version=9.0.0.0, Culture=neutral, PublicKeyToken=7cec85d7bea7798e],[System.String, System.Private.CoreLib, Version=9.0.0.0, Culture=neutral, PublicKeyToken=7cec85d7bea7798e],[System.String, System.Private.CoreLib, Version=9.0.0.0, Culture=neutral, PublicKeyToken=7cec85d7bea7798e],[System.String, System.Private.CoreLib, Version=9.0.0.0, Culture=neutral, PublicKeyToken=7cec85d7bea7798e],[System.String, System.Private.CoreLib, Version=9.0.0.0, Culture=neutral, PublicKeyToken=7cec85d7bea7798e],[System.Boolean, System.Private.CoreLib, Version=9.0.0.0, Culture=neutral, PublicKeyToken=7cec85d7bea7798e],[System.DateTime, System.Private.CoreLib, Version=9.0.0.0, Culture=neutral, PublicKeyToken=7cec85d7bea7798e]], Portfolio Management System, Version=1.0.0.0, Culture=neutral, PublicKeyToken=null]]'.
2026-07-01 23:08:39.036 +05:30 [INF] Executed action Portfolio_Management_System.Controllers.AdminController.GetRecentMessages (Portfolio Management System) in 1642.9979ms
2026-07-01 23:08:39.036 +05:30 [INF] Executed endpoint 'Portfolio_Management_System.Controllers.AdminController.GetRecentMessages (Portfolio Management System)'
2026-07-01 23:08:39.036 +05:30 [INF] HTTP GET /Admin/GetRecentMessages responded 200 in 1714.8235 ms
2026-07-01 23:08:39.037 +05:30 [INF] Request finished HTTP/2 GET https://localhost:44341/Admin/GetRecentMessages - 200 null application/json; charset=utf-8 1715.786ms
2026-07-01 23:09:02.223 +05:30 [INF] Request starting HTTP/2 GET https://localhost:44341/Admin/GetUnreadMessagesCount - null null
2026-07-01 23:09:02.271 +05:30 [INF] Executing endpoint 'Portfolio_Management_System.Controllers.AdminController.GetUnreadMessagesCount (Portfolio Management System)'
2026-07-01 23:09:02.282 +05:30 [INF] Route matched with {action = "GetUnreadMessagesCount", controller = "Admin"}. Executing controller action with signature System.Threading.Tasks.Task`1[Microsoft.AspNetCore.Mvc.IActionResult] GetUnreadMessagesCount() on controller Portfolio_Management_System.Controllers.AdminController (Portfolio Management System).
2026-07-01 23:09:02.329 +05:30 [INF] Request starting HTTP/2 GET https://localhost:44341/Admin/GetRecentMessages - null null
2026-07-01 23:09:02.329 +05:30 [INF] Executing endpoint 'Portfolio_Management_System.Controllers.AdminController.GetRecentMessages (Portfolio Management System)'
2026-07-01 23:09:02.330 +05:30 [INF] Route matched with {action = "GetRecentMessages", controller = "Admin"}. Executing controller action with signature System.Threading.Tasks.Task`1[Microsoft.AspNetCore.Mvc.IActionResult] GetRecentMessages() on controller Portfolio_Management_System.Controllers.AdminController (Portfolio Management System).
2026-07-01 23:09:03.094 +05:30 [INF] Executing JsonResult, writing value of type 'System.Int32'.
2026-07-01 23:09:03.102 +05:30 [INF] Executed action Portfolio_Management_System.Controllers.AdminController.GetUnreadMessagesCount (Portfolio Management System) in 820.4049ms
2026-07-01 23:09:03.104 +05:30 [INF] Executed endpoint 'Portfolio_Management_System.Controllers.AdminController.GetUnreadMessagesCount (Portfolio Management System)'
2026-07-01 23:09:03.104 +05:30 [INF] HTTP GET /Admin/GetUnreadMessagesCount responded 200 in 875.5719 ms
2026-07-01 23:09:03.105 +05:30 [INF] Request finished HTTP/2 GET https://localhost:44341/Admin/GetUnreadMessagesCount - 200 null application/json; charset=utf-8 890.993ms
2026-07-01 23:09:03.223 +05:30 [INF] Executing JsonResult, writing value of type 'System.Collections.Generic.List`1[[<>f__AnonymousType18`7[[System.Int32, System.Private.CoreLib, Version=9.0.0.0, Culture=neutral, PublicKeyToken=7cec85d7bea7798e],[System.String, System.Private.CoreLib, Version=9.0.0.0, Culture=neutral, PublicKeyToken=7cec85d7bea7798e],[System.String, System.Private.CoreLib, Version=9.0.0.0, Culture=neutral, PublicKeyToken=7cec85d7bea7798e],[System.String, System.Private.CoreLib, Version=9.0.0.0, Culture=neutral, PublicKeyToken=7cec85d7bea7798e],[System.String, System.Private.CoreLib, Version=9.0.0.0, Culture=neutral, PublicKeyToken=7cec85d7bea7798e],[System.Boolean, System.Private.CoreLib, Version=9.0.0.0, Culture=neutral, PublicKeyToken=7cec85d7bea7798e],[System.DateTime, System.Private.CoreLib, Version=9.0.0.0, Culture=neutral, PublicKeyToken=7cec85d7bea7798e]], Portfolio Management System, Version=1.0.0.0, Culture=neutral, PublicKeyToken=null]]'.
2026-07-01 23:09:03.225 +05:30 [INF] Executed action Portfolio_Management_System.Controllers.AdminController.GetRecentMessages (Portfolio Management System) in 894.6557ms
2026-07-01 23:09:03.225 +05:30 [INF] Executed endpoint 'Portfolio_Management_System.Controllers.AdminController.GetRecentMessages (Portfolio Management System)'
2026-07-01 23:09:03.225 +05:30 [INF] HTTP GET /Admin/GetRecentMessages responded 200 in 895.7340 ms
2026-07-01 23:09:03.225 +05:30 [INF] Request finished HTTP/2 GET https://localhost:44341/Admin/GetRecentMessages - 200 null application/json; charset=utf-8 896.2795ms
2026-07-01 23:09:49.139 +05:30 [INF] Request starting HTTP/2 GET https://localhost:44341/Admin/GetUnreadMessagesCount - null null
2026-07-01 23:09:49.214 +05:30 [INF] Executing endpoint 'Portfolio_Management_System.Controllers.AdminController.GetUnreadMessagesCount (Portfolio Management System)'
2026-07-01 23:09:49.228 +05:30 [INF] Route matched with {action = "GetUnreadMessagesCount", controller = "Admin"}. Executing controller action with signature System.Threading.Tasks.Task`1[Microsoft.AspNetCore.Mvc.IActionResult] GetUnreadMessagesCount() on controller Portfolio_Management_System.Controllers.AdminController (Portfolio Management System).
2026-07-01 23:09:49.696 +05:30 [INF] Executing JsonResult, writing value of type 'System.Int32'.
2026-07-01 23:09:49.743 +05:30 [INF] Executed action Portfolio_Management_System.Controllers.AdminController.GetUnreadMessagesCount (Portfolio Management System) in 506.7846ms
2026-07-01 23:09:49.755 +05:30 [INF] Executed endpoint 'Portfolio_Management_System.Controllers.AdminController.GetUnreadMessagesCount (Portfolio Management System)'
2026-07-01 23:09:49.760 +05:30 [INF] HTTP GET /Admin/GetUnreadMessagesCount responded 200 in 598.3786 ms
2026-07-01 23:09:49.766 +05:30 [INF] Request finished HTTP/2 GET https://localhost:44341/Admin/GetUnreadMessagesCount - 200 null application/json; charset=utf-8 639.868ms
2026-07-01 23:09:51.739 +05:30 [INF] Request starting HTTP/2 GET https://localhost:44341/Admin/GetRecentMessages - null null
2026-07-01 23:09:51.740 +05:30 [INF] Executing endpoint 'Portfolio_Management_System.Controllers.AdminController.GetRecentMessages (Portfolio Management System)'
2026-07-01 23:09:51.740 +05:30 [INF] Route matched with {action = "GetRecentMessages", controller = "Admin"}. Executing controller action with signature System.Threading.Tasks.Task`1[Microsoft.AspNetCore.Mvc.IActionResult] GetRecentMessages() on controller Portfolio_Management_System.Controllers.AdminController (Portfolio Management System).
2026-07-01 23:09:52.065 +05:30 [INF] Executing JsonResult, writing value of type 'System.Collections.Generic.List`1[[<>f__AnonymousType18`7[[System.Int32, System.Private.CoreLib, Version=9.0.0.0, Culture=neutral, PublicKeyToken=7cec85d7bea7798e],[System.String, System.Private.CoreLib, Version=9.0.0.0, Culture=neutral, PublicKeyToken=7cec85d7bea7798e],[System.String, System.Private.CoreLib, Version=9.0.0.0, Culture=neutral, PublicKeyToken=7cec85d7bea7798e],[System.String, System.Private.CoreLib, Version=9.0.0.0, Culture=neutral, PublicKeyToken=7cec85d7bea7798e],[System.String, System.Private.CoreLib, Version=9.0.0.0, Culture=neutral, PublicKeyToken=7cec85d7bea7798e],[System.Boolean, System.Private.CoreLib, Version=9.0.0.0, Culture=neutral, PublicKeyToken=7cec85d7bea7798e],[System.DateTime, System.Private.CoreLib, Version=9.0.0.0, Culture=neutral, PublicKeyToken=7cec85d7bea7798e]], Portfolio Management System, Version=1.0.0.0, Culture=neutral, PublicKeyToken=null]]'.
2026-07-01 23:09:52.074 +05:30 [INF] Executed action Portfolio_Management_System.Controllers.AdminController.GetRecentMessages (Portfolio Management System) in 334.0958ms
2026-07-01 23:09:52.074 +05:30 [INF] Executed endpoint 'Portfolio_Management_System.Controllers.AdminController.GetRecentMessages (Portfolio Management System)'
2026-07-01 23:09:52.074 +05:30 [INF] HTTP GET /Admin/GetRecentMessages responded 200 in 334.9555 ms
2026-07-01 23:09:52.074 +05:30 [INF] Request finished HTTP/2 GET https://localhost:44341/Admin/GetRecentMessages - 200 null application/json; charset=utf-8 335.4102ms
2026-07-01 23:10:06.537 +05:30 [INF] Request starting HTTP/2 GET https://localhost:44341/Admin/GetUnreadMessagesCount - null null
2026-07-01 23:10:06.540 +05:30 [INF] Request starting HTTP/2 GET https://localhost:44341/Admin/GetRecentMessages - null null
2026-07-01 23:10:06.544 +05:30 [INF] Executing endpoint 'Portfolio_Management_System.Controllers.AdminController.GetRecentMessages (Portfolio Management System)'
2026-07-01 23:10:06.545 +05:30 [INF] Route matched with {action = "GetRecentMessages", controller = "Admin"}. Executing controller action with signature System.Threading.Tasks.Task`1[Microsoft.AspNetCore.Mvc.IActionResult] GetRecentMessages() on controller Portfolio_Management_System.Controllers.AdminController (Portfolio Management System).
2026-07-01 23:10:06.545 +05:30 [INF] Executing endpoint 'Portfolio_Management_System.Controllers.AdminController.GetUnreadMessagesCount (Portfolio Management System)'
2026-07-01 23:10:06.545 +05:30 [INF] Route matched with {action = "GetUnreadMessagesCount", controller = "Admin"}. Executing controller action with signature System.Threading.Tasks.Task`1[Microsoft.AspNetCore.Mvc.IActionResult] GetUnreadMessagesCount() on controller Portfolio_Management_System.Controllers.AdminController (Portfolio Management System).
2026-07-01 23:10:08.040 +05:30 [INF] Executing JsonResult, writing value of type 'System.Collections.Generic.List`1[[<>f__AnonymousType18`7[[System.Int32, System.Private.CoreLib, Version=9.0.0.0, Culture=neutral, PublicKeyToken=7cec85d7bea7798e],[System.String, System.Private.CoreLib, Version=9.0.0.0, Culture=neutral, PublicKeyToken=7cec85d7bea7798e],[System.String, System.Private.CoreLib, Version=9.0.0.0, Culture=neutral, PublicKeyToken=7cec85d7bea7798e],[System.String, System.Private.CoreLib, Version=9.0.0.0, Culture=neutral, PublicKeyToken=7cec85d7bea7798e],[System.String, System.Private.CoreLib, Version=9.0.0.0, Culture=neutral, PublicKeyToken=7cec85d7bea7798e],[System.Boolean, System.Private.CoreLib, Version=9.0.0.0, Culture=neutral, PublicKeyToken=7cec85d7bea7798e],[System.DateTime, System.Private.CoreLib, Version=9.0.0.0, Culture=neutral, PublicKeyToken=7cec85d7bea7798e]], Portfolio Management System, Version=1.0.0.0, Culture=neutral, PublicKeyToken=null]]'.
2026-07-01 23:10:08.046 +05:30 [INF] Executed action Portfolio_Management_System.Controllers.AdminController.GetRecentMessages (Portfolio Management System) in 1501.1975ms
2026-07-01 23:10:08.046 +05:30 [INF] Executed endpoint 'Portfolio_Management_System.Controllers.AdminController.GetRecentMessages (Portfolio Management System)'
2026-07-01 23:10:08.046 +05:30 [INF] HTTP GET /Admin/GetRecentMessages responded 200 in 1506.1790 ms
2026-07-01 23:10:08.046 +05:30 [INF] Request finished HTTP/2 GET https://localhost:44341/Admin/GetRecentMessages - 200 null application/json; charset=utf-8 1508.5086ms
2026-07-01 23:10:12.041 +05:30 [INF] Executing JsonResult, writing value of type 'System.Int32'.
2026-07-01 23:10:12.044 +05:30 [INF] Executed action Portfolio_Management_System.Controllers.AdminController.GetUnreadMessagesCount (Portfolio Management System) in 5498.8484ms
2026-07-01 23:10:12.044 +05:30 [INF] Executed endpoint 'Portfolio_Management_System.Controllers.AdminController.GetUnreadMessagesCount (Portfolio Management System)'
2026-07-01 23:10:12.044 +05:30 [INF] HTTP GET /Admin/GetUnreadMessagesCount responded 200 in 5507.1679 ms
2026-07-01 23:10:12.044 +05:30 [INF] Request finished HTTP/2 GET https://localhost:44341/Admin/GetUnreadMessagesCount - 200 null application/json; charset=utf-8 5507.5991ms
2026-07-01 23:10:30.968 +05:30 [INF] Request starting HTTP/2 GET https://localhost:44341/Admin/GetUnreadMessagesCount - null null
2026-07-01 23:10:30.968 +05:30 [INF] Request starting HTTP/2 GET https://localhost:44341/Admin/GetRecentMessages - null null
2026-07-01 23:10:31.015 +05:30 [INF] Executing endpoint 'Portfolio_Management_System.Controllers.AdminController.GetRecentMessages (Portfolio Management System)'
2026-07-01 23:10:31.016 +05:30 [INF] Executing endpoint 'Portfolio_Management_System.Controllers.AdminController.GetUnreadMessagesCount (Portfolio Management System)'
2026-07-01 23:10:31.026 +05:30 [INF] Route matched with {action = "GetRecentMessages", controller = "Admin"}. Executing controller action with signature System.Threading.Tasks.Task`1[Microsoft.AspNetCore.Mvc.IActionResult] GetRecentMessages() on controller Portfolio_Management_System.Controllers.AdminController (Portfolio Management System).
2026-07-01 23:10:31.027 +05:30 [INF] Route matched with {action = "GetUnreadMessagesCount", controller = "Admin"}. Executing controller action with signature System.Threading.Tasks.Task`1[Microsoft.AspNetCore.Mvc.IActionResult] GetUnreadMessagesCount() on controller Portfolio_Management_System.Controllers.AdminController (Portfolio Management System).
2026-07-01 23:10:32.261 +05:30 [INF] Executing JsonResult, writing value of type 'System.Collections.Generic.List`1[[<>f__AnonymousType18`7[[System.Int32, System.Private.CoreLib, Version=9.0.0.0, Culture=neutral, PublicKeyToken=7cec85d7bea7798e],[System.String, System.Private.CoreLib, Version=9.0.0.0, Culture=neutral, PublicKeyToken=7cec85d7bea7798e],[System.String, System.Private.CoreLib, Version=9.0.0.0, Culture=neutral, PublicKeyToken=7cec85d7bea7798e],[System.String, System.Private.CoreLib, Version=9.0.0.0, Culture=neutral, PublicKeyToken=7cec85d7bea7798e],[System.String, System.Private.CoreLib, Version=9.0.0.0, Culture=neutral, PublicKeyToken=7cec85d7bea7798e],[System.Boolean, System.Private.CoreLib, Version=9.0.0.0, Culture=neutral, PublicKeyToken=7cec85d7bea7798e],[System.DateTime, System.Private.CoreLib, Version=9.0.0.0, Culture=neutral, PublicKeyToken=7cec85d7bea7798e]], Portfolio Management System, Version=1.0.0.0, Culture=neutral, PublicKeyToken=null]]'.
2026-07-01 23:10:32.266 +05:30 [INF] Executed action Portfolio_Management_System.Controllers.AdminController.GetRecentMessages (Portfolio Management System) in 1240.0332ms
2026-07-01 23:10:32.267 +05:30 [INF] Executed endpoint 'Portfolio_Management_System.Controllers.AdminController.GetRecentMessages (Portfolio Management System)'
2026-07-01 23:10:32.267 +05:30 [INF] HTTP GET /Admin/GetRecentMessages responded 200 in 1291.0267 ms
2026-07-01 23:10:32.269 +05:30 [INF] Request finished HTTP/2 GET https://localhost:44341/Admin/GetRecentMessages - 200 null application/json; charset=utf-8 1306.1359ms
2026-07-01 23:10:33.049 +05:30 [INF] Executing JsonResult, writing value of type 'System.Int32'.
2026-07-01 23:10:33.049 +05:30 [INF] Executed action Portfolio_Management_System.Controllers.AdminController.GetUnreadMessagesCount (Portfolio Management System) in 2022.6557ms
2026-07-01 23:10:33.050 +05:30 [INF] Executed endpoint 'Portfolio_Management_System.Controllers.AdminController.GetUnreadMessagesCount (Portfolio Management System)'
2026-07-01 23:10:33.050 +05:30 [INF] HTTP GET /Admin/GetUnreadMessagesCount responded 200 in 2079.0212 ms
2026-07-01 23:10:33.050 +05:30 [INF] Request finished HTTP/2 GET https://localhost:44341/Admin/GetUnreadMessagesCount - 200 null application/json; charset=utf-8 2090.1098ms
2026-07-01 23:11:01.052 +05:30 [INF] Request starting HTTP/2 GET https://localhost:44341/Admin/GetUnreadMessagesCount - null null
2026-07-01 23:11:01.051 +05:30 [INF] Request starting HTTP/2 GET https://localhost:44341/Admin/GetRecentMessages - null null
2026-07-01 23:11:01.088 +05:30 [INF] Executing endpoint 'Portfolio_Management_System.Controllers.AdminController.GetUnreadMessagesCount (Portfolio Management System)'
2026-07-01 23:11:01.088 +05:30 [INF] Executing endpoint 'Portfolio_Management_System.Controllers.AdminController.GetRecentMessages (Portfolio Management System)'
2026-07-01 23:11:01.093 +05:30 [INF] Route matched with {action = "GetRecentMessages", controller = "Admin"}. Executing controller action with signature System.Threading.Tasks.Task`1[Microsoft.AspNetCore.Mvc.IActionResult] GetRecentMessages() on controller Portfolio_Management_System.Controllers.AdminController (Portfolio Management System).
2026-07-01 23:11:01.093 +05:30 [INF] Route matched with {action = "GetUnreadMessagesCount", controller = "Admin"}. Executing controller action with signature System.Threading.Tasks.Task`1[Microsoft.AspNetCore.Mvc.IActionResult] GetUnreadMessagesCount() on controller Portfolio_Management_System.Controllers.AdminController (Portfolio Management System).
2026-07-01 23:11:01.457 +05:30 [INF] Executing JsonResult, writing value of type 'System.Collections.Generic.List`1[[<>f__AnonymousType18`7[[System.Int32, System.Private.CoreLib, Version=9.0.0.0, Culture=neutral, PublicKeyToken=7cec85d7bea7798e],[System.String, System.Private.CoreLib, Version=9.0.0.0, Culture=neutral, PublicKeyToken=7cec85d7bea7798e],[System.String, System.Private.CoreLib, Version=9.0.0.0, Culture=neutral, PublicKeyToken=7cec85d7bea7798e],[System.String, System.Private.CoreLib, Version=9.0.0.0, Culture=neutral, PublicKeyToken=7cec85d7bea7798e],[System.String, System.Private.CoreLib, Version=9.0.0.0, Culture=neutral, PublicKeyToken=7cec85d7bea7798e],[System.Boolean, System.Private.CoreLib, Version=9.0.0.0, Culture=neutral, PublicKeyToken=7cec85d7bea7798e],[System.DateTime, System.Private.CoreLib, Version=9.0.0.0, Culture=neutral, PublicKeyToken=7cec85d7bea7798e]], Portfolio Management System, Version=1.0.0.0, Culture=neutral, PublicKeyToken=null]]'.
2026-07-01 23:11:01.470 +05:30 [INF] Executed action Portfolio_Management_System.Controllers.AdminController.GetRecentMessages (Portfolio Management System) in 375.2829ms
2026-07-01 23:11:01.470 +05:30 [INF] Executed endpoint 'Portfolio_Management_System.Controllers.AdminController.GetRecentMessages (Portfolio Management System)'
2026-07-01 23:11:01.471 +05:30 [INF] HTTP GET /Admin/GetRecentMessages responded 200 in 406.6067 ms
2026-07-01 23:11:01.473 +05:30 [INF] Request finished HTTP/2 GET https://localhost:44341/Admin/GetRecentMessages - 200 null application/json; charset=utf-8 434.8022ms
2026-07-01 23:11:09.160 +05:30 [INF] Executing JsonResult, writing value of type 'System.Int32'.
2026-07-01 23:11:09.161 +05:30 [INF] Executed action Portfolio_Management_System.Controllers.AdminController.GetUnreadMessagesCount (Portfolio Management System) in 8067.7963ms
2026-07-01 23:11:09.162 +05:30 [INF] Executed endpoint 'Portfolio_Management_System.Controllers.AdminController.GetUnreadMessagesCount (Portfolio Management System)'
2026-07-01 23:11:09.162 +05:30 [INF] HTTP GET /Admin/GetUnreadMessagesCount responded 200 in 8099.1897 ms
2026-07-01 23:11:09.163 +05:30 [INF] Request finished HTTP/2 GET https://localhost:44341/Admin/GetUnreadMessagesCount - 200 null application/json; charset=utf-8 8125.0573ms
2026-07-01 23:11:30.960 +05:30 [INF] Request starting HTTP/2 GET https://localhost:44341/Admin/GetUnreadMessagesCount - null null
2026-07-01 23:11:30.960 +05:30 [INF] Executing endpoint 'Portfolio_Management_System.Controllers.AdminController.GetUnreadMessagesCount (Portfolio Management System)'
2026-07-01 23:11:30.961 +05:30 [INF] Route matched with {action = "GetUnreadMessagesCount", controller = "Admin"}. Executing controller action with signature System.Threading.Tasks.Task`1[Microsoft.AspNetCore.Mvc.IActionResult] GetUnreadMessagesCount() on controller Portfolio_Management_System.Controllers.AdminController (Portfolio Management System).
2026-07-01 23:11:30.971 +05:30 [INF] Request starting HTTP/2 GET https://localhost:44341/Admin/GetRecentMessages - null null
2026-07-01 23:11:30.972 +05:30 [INF] Executing endpoint 'Portfolio_Management_System.Controllers.AdminController.GetRecentMessages (Portfolio Management System)'
2026-07-01 23:11:30.973 +05:30 [INF] Route matched with {action = "GetRecentMessages", controller = "Admin"}. Executing controller action with signature System.Threading.Tasks.Task`1[Microsoft.AspNetCore.Mvc.IActionResult] GetRecentMessages() on controller Portfolio_Management_System.Controllers.AdminController (Portfolio Management System).
2026-07-01 23:11:32.716 +05:30 [INF] Executing JsonResult, writing value of type 'System.Collections.Generic.List`1[[<>f__AnonymousType18`7[[System.Int32, System.Private.CoreLib, Version=9.0.0.0, Culture=neutral, PublicKeyToken=7cec85d7bea7798e],[System.String, System.Private.CoreLib, Version=9.0.0.0, Culture=neutral, PublicKeyToken=7cec85d7bea7798e],[System.String, System.Private.CoreLib, Version=9.0.0.0, Culture=neutral, PublicKeyToken=7cec85d7bea7798e],[System.String, System.Private.CoreLib, Version=9.0.0.0, Culture=neutral, PublicKeyToken=7cec85d7bea7798e],[System.String, System.Private.CoreLib, Version=9.0.0.0, Culture=neutral, PublicKeyToken=7cec85d7bea7798e],[System.Boolean, System.Private.CoreLib, Version=9.0.0.0, Culture=neutral, PublicKeyToken=7cec85d7bea7798e],[System.DateTime, System.Private.CoreLib, Version=9.0.0.0, Culture=neutral, PublicKeyToken=7cec85d7bea7798e]], Portfolio Management System, Version=1.0.0.0, Culture=neutral, PublicKeyToken=null]]'.
2026-07-01 23:11:32.717 +05:30 [INF] Executed action Portfolio_Management_System.Controllers.AdminController.GetRecentMessages (Portfolio Management System) in 1744.0923ms
2026-07-01 23:11:32.717 +05:30 [INF] Executed endpoint 'Portfolio_Management_System.Controllers.AdminController.GetRecentMessages (Portfolio Management System)'
2026-07-01 23:11:32.717 +05:30 [INF] HTTP GET /Admin/GetRecentMessages responded 200 in 1745.4744 ms
2026-07-01 23:11:32.718 +05:30 [INF] Request finished HTTP/2 GET https://localhost:44341/Admin/GetRecentMessages - 200 null application/json; charset=utf-8 1746.7925ms
2026-07-01 23:11:34.066 +05:30 [INF] Executing JsonResult, writing value of type 'System.Int32'.
2026-07-01 23:11:34.069 +05:30 [INF] Executed action Portfolio_Management_System.Controllers.AdminController.GetUnreadMessagesCount (Portfolio Management System) in 3108.5608ms
2026-07-01 23:11:34.070 +05:30 [INF] Executed endpoint 'Portfolio_Management_System.Controllers.AdminController.GetUnreadMessagesCount (Portfolio Management System)'
2026-07-01 23:11:34.070 +05:30 [INF] HTTP GET /Admin/GetUnreadMessagesCount responded 200 in 3110.3010 ms
2026-07-01 23:11:34.073 +05:30 [INF] Request finished HTTP/2 GET https://localhost:44341/Admin/GetUnreadMessagesCount - 200 null application/json; charset=utf-8 3111.8843ms
2026-07-01 23:12:00.917 +05:30 [INF] Request starting HTTP/2 GET https://localhost:44341/Admin/GetRecentMessages - null null
2026-07-01 23:12:00.918 +05:30 [INF] Executing endpoint 'Portfolio_Management_System.Controllers.AdminController.GetRecentMessages (Portfolio Management System)'
2026-07-01 23:12:00.919 +05:30 [INF] Route matched with {action = "GetRecentMessages", controller = "Admin"}. Executing controller action with signature System.Threading.Tasks.Task`1[Microsoft.AspNetCore.Mvc.IActionResult] GetRecentMessages() on controller Portfolio_Management_System.Controllers.AdminController (Portfolio Management System).
2026-07-01 23:12:00.941 +05:30 [INF] Request starting HTTP/2 GET https://localhost:44341/Admin/GetUnreadMessagesCount - null null
2026-07-01 23:12:00.972 +05:30 [INF] Executing endpoint 'Portfolio_Management_System.Controllers.AdminController.GetUnreadMessagesCount (Portfolio Management System)'
2026-07-01 23:12:00.973 +05:30 [INF] Route matched with {action = "GetUnreadMessagesCount", controller = "Admin"}. Executing controller action with signature System.Threading.Tasks.Task`1[Microsoft.AspNetCore.Mvc.IActionResult] GetUnreadMessagesCount() on controller Portfolio_Management_System.Controllers.AdminController (Portfolio Management System).
2026-07-01 23:12:01.182 +05:30 [INF] Executing JsonResult, writing value of type 'System.Collections.Generic.List`1[[<>f__AnonymousType18`7[[System.Int32, System.Private.CoreLib, Version=9.0.0.0, Culture=neutral, PublicKeyToken=7cec85d7bea7798e],[System.String, System.Private.CoreLib, Version=9.0.0.0, Culture=neutral, PublicKeyToken=7cec85d7bea7798e],[System.String, System.Private.CoreLib, Version=9.0.0.0, Culture=neutral, PublicKeyToken=7cec85d7bea7798e],[System.String, System.Private.CoreLib, Version=9.0.0.0, Culture=neutral, PublicKeyToken=7cec85d7bea7798e],[System.String, System.Private.CoreLib, Version=9.0.0.0, Culture=neutral, PublicKeyToken=7cec85d7bea7798e],[System.Boolean, System.Private.CoreLib, Version=9.0.0.0, Culture=neutral, PublicKeyToken=7cec85d7bea7798e],[System.DateTime, System.Private.CoreLib, Version=9.0.0.0, Culture=neutral, PublicKeyToken=7cec85d7bea7798e]], Portfolio Management System, Version=1.0.0.0, Culture=neutral, PublicKeyToken=null]]'.
2026-07-01 23:12:01.183 +05:30 [INF] Executed action Portfolio_Management_System.Controllers.AdminController.GetRecentMessages (Portfolio Management System) in 264.3466ms
2026-07-01 23:12:01.183 +05:30 [INF] Executed endpoint 'Portfolio_Management_System.Controllers.AdminController.GetRecentMessages (Portfolio Management System)'
2026-07-01 23:12:01.185 +05:30 [INF] HTTP GET /Admin/GetRecentMessages responded 200 in 267.2900 ms
2026-07-01 23:12:01.186 +05:30 [INF] Request finished HTTP/2 GET https://localhost:44341/Admin/GetRecentMessages - 200 null application/json; charset=utf-8 268.5632ms
2026-07-01 23:12:01.192 +05:30 [INF] Executing JsonResult, writing value of type 'System.Int32'.
2026-07-01 23:12:01.196 +05:30 [INF] Executed action Portfolio_Management_System.Controllers.AdminController.GetUnreadMessagesCount (Portfolio Management System) in 223.708ms
2026-07-01 23:12:01.197 +05:30 [INF] Executed endpoint 'Portfolio_Management_System.Controllers.AdminController.GetUnreadMessagesCount (Portfolio Management System)'
2026-07-01 23:12:01.197 +05:30 [INF] HTTP GET /Admin/GetUnreadMessagesCount responded 200 in 251.6327 ms
2026-07-01 23:12:01.199 +05:30 [INF] Request finished HTTP/2 GET https://localhost:44341/Admin/GetUnreadMessagesCount - 200 null application/json; charset=utf-8 258.1775ms
2026-07-01 23:12:35.286 +05:30 [INF] Request starting HTTP/2 GET https://localhost:44341/Admin/GetRecentMessages - null null
2026-07-01 23:12:35.285 +05:30 [INF] Request starting HTTP/2 GET https://localhost:44341/Admin/GetUnreadMessagesCount - null null
2026-07-01 23:12:35.581 +05:30 [INF] Executing endpoint 'Portfolio_Management_System.Controllers.AdminController.GetRecentMessages (Portfolio Management System)'
2026-07-01 23:12:35.587 +05:30 [INF] Executing endpoint 'Portfolio_Management_System.Controllers.AdminController.GetUnreadMessagesCount (Portfolio Management System)'
2026-07-01 23:12:35.625 +05:30 [INF] Route matched with {action = "GetUnreadMessagesCount", controller = "Admin"}. Executing controller action with signature System.Threading.Tasks.Task`1[Microsoft.AspNetCore.Mvc.IActionResult] GetUnreadMessagesCount() on controller Portfolio_Management_System.Controllers.AdminController (Portfolio Management System).
2026-07-01 23:12:35.635 +05:30 [INF] Route matched with {action = "GetRecentMessages", controller = "Admin"}. Executing controller action with signature System.Threading.Tasks.Task`1[Microsoft.AspNetCore.Mvc.IActionResult] GetRecentMessages() on controller Portfolio_Management_System.Controllers.AdminController (Portfolio Management System).
2026-07-01 23:12:43.263 +05:30 [ERR] Error getting messages
Microsoft.Data.SqlClient.SqlException (0x80131904): A transport-level error has occurred when receiving results from the server. (provider: Session Provider, error: 19 - Physical connection is not usable)
   at Microsoft.Data.SqlClient.SqlCommand.EndExecuteReaderAsync(IAsyncResult asyncResult)
   at System.Threading.Tasks.TaskFactory`1.FromAsyncCoreLogic(IAsyncResult iar, Func`2 endFunction, Action`1 endAction, Task`1 promise, Boolean requiresSynchronization)
--- End of stack trace from previous location ---
   at Portfolio_Management_System.DAL.DbHelper.GetAllMessagesAsync() in C:\Users\ak731\Desktop\DSA\Portfolio Management System\DAL\DbHelper.cs:line 579
ClientConnectionId:f5b17767-a033-4e7e-8b4a-0366e5b77bc0
Error Number:-1,State:0,Class:20
2026-07-01 23:12:43.264 +05:30 [ERR] Error getting messages
Microsoft.Data.SqlClient.SqlException (0x80131904): A transport-level error has occurred when receiving results from the server. (provider: Session Provider, error: 19 - Physical connection is not usable)
   at Microsoft.Data.SqlClient.SqlCommand.EndExecuteReaderAsync(IAsyncResult asyncResult)
   at System.Threading.Tasks.TaskFactory`1.FromAsyncCoreLogic(IAsyncResult iar, Func`2 endFunction, Action`1 endAction, Task`1 promise, Boolean requiresSynchronization)
--- End of stack trace from previous location ---
   at Portfolio_Management_System.DAL.DbHelper.GetAllMessagesAsync() in C:\Users\ak731\Desktop\DSA\Portfolio Management System\DAL\DbHelper.cs:line 579
ClientConnectionId:c5e963c4-d401-48d1-88d1-112caab3d178
Error Number:-1,State:0,Class:20
2026-07-01 23:12:43.639 +05:30 [INF] Executing JsonResult, writing value of type 'System.Int32'.
2026-07-01 23:12:43.651 +05:30 [INF] Executing JsonResult, writing value of type 'System.Collections.Generic.List`1[[<>f__AnonymousType18`7[[System.Int32, System.Private.CoreLib, Version=9.0.0.0, Culture=neutral, PublicKeyToken=7cec85d7bea7798e],[System.String, System.Private.CoreLib, Version=9.0.0.0, Culture=neutral, PublicKeyToken=7cec85d7bea7798e],[System.String, System.Private.CoreLib, Version=9.0.0.0, Culture=neutral, PublicKeyToken=7cec85d7bea7798e],[System.String, System.Private.CoreLib, Version=9.0.0.0, Culture=neutral, PublicKeyToken=7cec85d7bea7798e],[System.String, System.Private.CoreLib, Version=9.0.0.0, Culture=neutral, PublicKeyToken=7cec85d7bea7798e],[System.Boolean, System.Private.CoreLib, Version=9.0.0.0, Culture=neutral, PublicKeyToken=7cec85d7bea7798e],[System.DateTime, System.Private.CoreLib, Version=9.0.0.0, Culture=neutral, PublicKeyToken=7cec85d7bea7798e]], Portfolio Management System, Version=1.0.0.0, Culture=neutral, PublicKeyToken=null]]'.
2026-07-01 23:12:43.671 +05:30 [INF] Executed action Portfolio_Management_System.Controllers.AdminController.GetUnreadMessagesCount (Portfolio Management System) in 8042.8358ms
2026-07-01 23:12:43.673 +05:30 [INF] Executed endpoint 'Portfolio_Management_System.Controllers.AdminController.GetUnreadMessagesCount (Portfolio Management System)'
2026-07-01 23:12:43.673 +05:30 [INF] Executed action Portfolio_Management_System.Controllers.AdminController.GetRecentMessages (Portfolio Management System) in 8034.6648ms
2026-07-01 23:12:43.673 +05:30 [INF] Executed endpoint 'Portfolio_Management_System.Controllers.AdminController.GetRecentMessages (Portfolio Management System)'
2026-07-01 23:12:43.684 +05:30 [INF] HTTP GET /Admin/GetUnreadMessagesCount responded 200 in 8347.1276 ms
2026-07-01 23:12:43.689 +05:30 [INF] HTTP GET /Admin/GetRecentMessages responded 200 in 8353.3523 ms
2026-07-01 23:12:43.689 +05:30 [INF] Request finished HTTP/2 GET https://localhost:44341/Admin/GetUnreadMessagesCount - 200 null application/json; charset=utf-8 8460.369ms
2026-07-01 23:12:43.690 +05:30 [INF] Request finished HTTP/2 GET https://localhost:44341/Admin/GetRecentMessages - 200 null application/json; charset=utf-8 8464.4072ms
2026-07-01 23:13:00.961 +05:30 [INF] Request starting HTTP/2 GET https://localhost:44341/Admin/GetRecentMessages - null null
2026-07-01 23:13:00.961 +05:30 [INF] Request starting HTTP/2 GET https://localhost:44341/Admin/GetUnreadMessagesCount - null null
2026-07-01 23:13:00.962 +05:30 [INF] Executing endpoint 'Portfolio_Management_System.Controllers.AdminController.GetUnreadMessagesCount (Portfolio Management System)'
2026-07-01 23:13:00.962 +05:30 [INF] Executing endpoint 'Portfolio_Management_System.Controllers.AdminController.GetRecentMessages (Portfolio Management System)'
2026-07-01 23:13:00.962 +05:30 [INF] Route matched with {action = "GetRecentMessages", controller = "Admin"}. Executing controller action with signature System.Threading.Tasks.Task`1[Microsoft.AspNetCore.Mvc.IActionResult] GetRecentMessages() on controller Portfolio_Management_System.Controllers.AdminController (Portfolio Management System).
2026-07-01 23:13:00.962 +05:30 [INF] Route matched with {action = "GetUnreadMessagesCount", controller = "Admin"}. Executing controller action with signature System.Threading.Tasks.Task`1[Microsoft.AspNetCore.Mvc.IActionResult] GetUnreadMessagesCount() on controller Portfolio_Management_System.Controllers.AdminController (Portfolio Management System).
2026-07-01 23:13:15.565 +05:30 [ERR] Error getting messages
Microsoft.Data.SqlClient.SqlException (0x80131904): A network-related or instance-specific error occurred while establishing a connection to SQL Server. The server was not found or was not accessible. Verify that the instance name is correct and that SQL Server is configured to allow remote connections. (provider: Named Pipes Provider, error: 40 - Could not open a connection to SQL Server)
 ---> System.ComponentModel.Win32Exception (53): The network path was not found.
   at Microsoft.Data.SqlClient.SqlInternalConnection.OnError(SqlException exception, Boolean breakConnection, Action`1 wrapCloseInAction)
   at Microsoft.Data.SqlClient.TdsParser.ThrowExceptionAndWarning(TdsParserStateObject stateObj, SqlCommand command, Boolean callerHasConnectionLock, Boolean asyncClose)
   at Microsoft.Data.SqlClient.TdsParser.Connect(ServerInfo serverInfo, SqlInternalConnectionTds connHandler, TimeoutTimer timeout, SqlConnectionString connectionOptions, Boolean withFailover)
   at Microsoft.Data.SqlClient.SqlInternalConnectionTds.AttemptOneLogin(ServerInfo serverInfo, String newPassword, SecureString newSecurePassword, TimeoutTimer timeout, Boolean withFailover)
   at Microsoft.Data.SqlClient.SqlInternalConnectionTds.LoginNoFailover(ServerInfo serverInfo, String newPassword, SecureString newSecurePassword, Boolean redirectedUserInstance, SqlConnectionString connectionOptions, SqlCredential credential, TimeoutTimer timeout)
   at Microsoft.Data.SqlClient.SqlInternalConnectionTds.OpenLoginEnlist(TimeoutTimer timeout, SqlConnectionString connectionOptions, SqlCredential credential, String newPassword, SecureString newSecurePassword, Boolean redirectedUserInstance)
   at Microsoft.Data.SqlClient.SqlInternalConnectionTds..ctor(DbConnectionPoolIdentity identity, SqlConnectionString connectionOptions, SqlCredential credential, Object providerInfo, String newPassword, SecureString newSecurePassword, Boolean redirectedUserInstance, SqlConnectionString userConnectionOptions, SessionData reconnectSessionData, Boolean applyTransientFaultHandling, String accessToken, IDbConnectionPool pool, Func`3 accessTokenCallback)
   at Microsoft.Data.SqlClient.SqlConnectionFactory.CreateConnection(DbConnectionOptions options, DbConnectionPoolKey poolKey, DbConnectionPoolGroupProviderInfo poolGroupProviderInfo, IDbConnectionPool pool, DbConnection owningConnection, DbConnectionOptions userOptions)
   at Microsoft.Data.ProviderBase.DbConnectionFactory.CreatePooledConnection(IDbConnectionPool pool, DbConnection owningObject, DbConnectionOptions options, DbConnectionPoolKey poolKey, DbConnectionOptions userOptions)
   at Microsoft.Data.SqlClient.ConnectionPool.WaitHandleDbConnectionPool.CreateObject(DbConnection owningObject, DbConnectionOptions userOptions, DbConnectionInternal oldConnection)
   at Microsoft.Data.SqlClient.ConnectionPool.WaitHandleDbConnectionPool.UserCreateRequest(DbConnection owningObject, DbConnectionOptions userOptions, DbConnectionInternal oldConnection)
   at Microsoft.Data.SqlClient.ConnectionPool.WaitHandleDbConnectionPool.TryGetConnection(DbConnection owningObject, UInt32 waitForMultipleObjectsTimeout, Boolean allowCreate, Boolean onlyOneCheckConnection, DbConnectionOptions userOptions, DbConnectionInternal& connection)
   at Microsoft.Data.SqlClient.ConnectionPool.WaitHandleDbConnectionPool.WaitForPendingOpen()
--- End of stack trace from previous location ---
   at Portfolio_Management_System.DAL.DbHelper.GetAllMessagesAsync() in C:\Users\ak731\Desktop\DSA\Portfolio Management System\DAL\DbHelper.cs:line 578
ClientConnectionId:00000000-0000-0000-0000-000000000000
Error Number:53,State:0,Class:20
2026-07-01 23:13:15.612 +05:30 [INF] Executing JsonResult, writing value of type 'System.Collections.Generic.List`1[[<>f__AnonymousType18`7[[System.Int32, System.Private.CoreLib, Version=9.0.0.0, Culture=neutral, PublicKeyToken=7cec85d7bea7798e],[System.String, System.Private.CoreLib, Version=9.0.0.0, Culture=neutral, PublicKeyToken=7cec85d7bea7798e],[System.String, System.Private.CoreLib, Version=9.0.0.0, Culture=neutral, PublicKeyToken=7cec85d7bea7798e],[System.String, System.Private.CoreLib, Version=9.0.0.0, Culture=neutral, PublicKeyToken=7cec85d7bea7798e],[System.String, System.Private.CoreLib, Version=9.0.0.0, Culture=neutral, PublicKeyToken=7cec85d7bea7798e],[System.Boolean, System.Private.CoreLib, Version=9.0.0.0, Culture=neutral, PublicKeyToken=7cec85d7bea7798e],[System.DateTime, System.Private.CoreLib, Version=9.0.0.0, Culture=neutral, PublicKeyToken=7cec85d7bea7798e]], Portfolio Management System, Version=1.0.0.0, Culture=neutral, PublicKeyToken=null]]'.
2026-07-01 23:13:15.614 +05:30 [INF] Executed action Portfolio_Management_System.Controllers.AdminController.GetRecentMessages (Portfolio Management System) in 14651.8652ms
2026-07-01 23:13:15.614 +05:30 [INF] Executed endpoint 'Portfolio_Management_System.Controllers.AdminController.GetRecentMessages (Portfolio Management System)'
2026-07-01 23:13:15.615 +05:30 [INF] HTTP GET /Admin/GetRecentMessages responded 200 in 14653.4909 ms
2026-07-01 23:13:15.616 +05:30 [INF] Request finished HTTP/2 GET https://localhost:44341/Admin/GetRecentMessages - 200 null application/json; charset=utf-8 14655.3678ms
2026-07-01 23:13:15.708 +05:30 [ERR] Error getting messages
Microsoft.Data.SqlClient.SqlException (0x80131904): A network-related or instance-specific error occurred while establishing a connection to SQL Server. The server was not found or was not accessible. Verify that the instance name is correct and that SQL Server is configured to allow remote connections. (provider: Named Pipes Provider, error: 40 - Could not open a connection to SQL Server)
 ---> System.ComponentModel.Win32Exception (53): The network path was not found.
   at Microsoft.Data.SqlClient.ConnectionPool.WaitHandleDbConnectionPool.TryGetConnection(DbConnection owningObject, UInt32 waitForMultipleObjectsTimeout, Boolean allowCreate, Boolean onlyOneCheckConnection, DbConnectionOptions userOptions, DbConnectionInternal& connection)
   at Microsoft.Data.SqlClient.ConnectionPool.WaitHandleDbConnectionPool.WaitForPendingOpen()
--- End of stack trace from previous location ---
   at Portfolio_Management_System.DAL.DbHelper.GetAllMessagesAsync() in C:\Users\ak731\Desktop\DSA\Portfolio Management System\DAL\DbHelper.cs:line 578
ClientConnectionId:00000000-0000-0000-0000-000000000000
Error Number:53,State:0,Class:20
2026-07-01 23:13:15.715 +05:30 [INF] Executing JsonResult, writing value of type 'System.Int32'.
2026-07-01 23:13:15.718 +05:30 [INF] Executed action Portfolio_Management_System.Controllers.AdminController.GetUnreadMessagesCount (Portfolio Management System) in 14754.9847ms
2026-07-01 23:13:15.719 +05:30 [INF] Executed endpoint 'Portfolio_Management_System.Controllers.AdminController.GetUnreadMessagesCount (Portfolio Management System)'
2026-07-01 23:13:15.719 +05:30 [INF] HTTP GET /Admin/GetUnreadMessagesCount responded 200 in 14757.8681 ms
2026-07-01 23:13:15.720 +05:30 [INF] Request finished HTTP/2 GET https://localhost:44341/Admin/GetUnreadMessagesCount - 200 null application/json; charset=utf-8 14759.1531ms
2026-07-01 23:13:30.913 +05:30 [INF] Request starting HTTP/2 GET https://localhost:44341/Admin/GetUnreadMessagesCount - null null
2026-07-01 23:13:30.917 +05:30 [INF] Request starting HTTP/2 GET https://localhost:44341/Admin/GetRecentMessages - null null
2026-07-01 23:13:30.919 +05:30 [INF] Executing endpoint 'Portfolio_Management_System.Controllers.AdminController.GetUnreadMessagesCount (Portfolio Management System)'
2026-07-01 23:13:30.920 +05:30 [INF] Executing endpoint 'Portfolio_Management_System.Controllers.AdminController.GetRecentMessages (Portfolio Management System)'
2026-07-01 23:13:30.920 +05:30 [INF] Route matched with {action = "GetUnreadMessagesCount", controller = "Admin"}. Executing controller action with signature System.Threading.Tasks.Task`1[Microsoft.AspNetCore.Mvc.IActionResult] GetUnreadMessagesCount() on controller Portfolio_Management_System.Controllers.AdminController (Portfolio Management System).
2026-07-01 23:13:30.920 +05:30 [INF] Route matched with {action = "GetRecentMessages", controller = "Admin"}. Executing controller action with signature System.Threading.Tasks.Task`1[Microsoft.AspNetCore.Mvc.IActionResult] GetRecentMessages() on controller Portfolio_Management_System.Controllers.AdminController (Portfolio Management System).
2026-07-01 23:13:45.861 +05:30 [ERR] Error getting messages
Microsoft.Data.SqlClient.SqlException (0x80131904): A network-related or instance-specific error occurred while establishing a connection to SQL Server. The server was not found or was not accessible. Verify that the instance name is correct and that SQL Server is configured to allow remote connections. (provider: Named Pipes Provider, error: 40 - Could not open a connection to SQL Server)
 ---> System.ComponentModel.Win32Exception (53): The network path was not found.
   at Microsoft.Data.SqlClient.ConnectionPool.WaitHandleDbConnectionPool.TryGetConnection(DbConnection owningObject, UInt32 waitForMultipleObjectsTimeout, Boolean allowCreate, Boolean onlyOneCheckConnection, DbConnectionOptions userOptions, DbConnectionInternal& connection)
   at Microsoft.Data.SqlClient.ConnectionPool.WaitHandleDbConnectionPool.WaitForPendingOpen()
--- End of stack trace from previous location ---
   at Portfolio_Management_System.DAL.DbHelper.GetAllMessagesAsync() in C:\Users\ak731\Desktop\DSA\Portfolio Management System\DAL\DbHelper.cs:line 578
ClientConnectionId:00000000-0000-0000-0000-000000000000
Error Number:53,State:0,Class:20
2026-07-01 23:13:45.774 +05:30 [ERR] Error getting messages
Microsoft.Data.SqlClient.SqlException (0x80131904): A network-related or instance-specific error occurred while establishing a connection to SQL Server. The server was not found or was not accessible. Verify that the instance name is correct and that SQL Server is configured to allow remote connections. (provider: Named Pipes Provider, error: 40 - Could not open a connection to SQL Server)
 ---> System.ComponentModel.Win32Exception (53): The network path was not found.
   at Microsoft.Data.SqlClient.TdsParser.ThrowExceptionAndWarning(TdsParserStateObject stateObj, SqlCommand command, Boolean callerHasConnectionLock, Boolean asyncClose)
   at Microsoft.Data.SqlClient.TdsParser.Connect(ServerInfo serverInfo, SqlInternalConnectionTds connHandler, TimeoutTimer timeout, SqlConnectionString connectionOptions, Boolean withFailover)
   at Microsoft.Data.SqlClient.SqlInternalConnectionTds.AttemptOneLogin(ServerInfo serverInfo, String newPassword, SecureString newSecurePassword, TimeoutTimer timeout, Boolean withFailover)
   at Microsoft.Data.SqlClient.SqlInternalConnectionTds.LoginNoFailover(ServerInfo serverInfo, String newPassword, SecureString newSecurePassword, Boolean redirectedUserInstance, SqlConnectionString connectionOptions, SqlCredential credential, TimeoutTimer timeout)
   at Microsoft.Data.SqlClient.SqlInternalConnectionTds.OpenLoginEnlist(TimeoutTimer timeout, SqlConnectionString connectionOptions, SqlCredential credential, String newPassword, SecureString newSecurePassword, Boolean redirectedUserInstance)
   at Microsoft.Data.SqlClient.SqlInternalConnectionTds..ctor(DbConnectionPoolIdentity identity, SqlConnectionString connectionOptions, SqlCredential credential, Object providerInfo, String newPassword, SecureString newSecurePassword, Boolean redirectedUserInstance, SqlConnectionString userConnectionOptions, SessionData reconnectSessionData, Boolean applyTransientFaultHandling, String accessToken, IDbConnectionPool pool, Func`3 accessTokenCallback)
   at Microsoft.Data.SqlClient.SqlConnectionFactory.CreateConnection(DbConnectionOptions options, DbConnectionPoolKey poolKey, DbConnectionPoolGroupProviderInfo poolGroupProviderInfo, IDbConnectionPool pool, DbConnection owningConnection, DbConnectionOptions userOptions)
   at Microsoft.Data.ProviderBase.DbConnectionFactory.CreatePooledConnection(IDbConnectionPool pool, DbConnection owningObject, DbConnectionOptions options, DbConnectionPoolKey poolKey, DbConnectionOptions userOptions)
   at Microsoft.Data.SqlClient.ConnectionPool.WaitHandleDbConnectionPool.CreateObject(DbConnection owningObject, DbConnectionOptions userOptions, DbConnectionInternal oldConnection)
   at Microsoft.Data.SqlClient.ConnectionPool.WaitHandleDbConnectionPool.UserCreateRequest(DbConnection owningObject, DbConnectionOptions userOptions, DbConnectionInternal oldConnection)
   at Microsoft.Data.SqlClient.ConnectionPool.WaitHandleDbConnectionPool.TryGetConnection(DbConnection owningObject, UInt32 waitForMultipleObjectsTimeout, Boolean allowCreate, Boolean onlyOneCheckConnection, DbConnectionOptions userOptions, DbConnectionInternal& connection)
   at Microsoft.Data.SqlClient.ConnectionPool.WaitHandleDbConnectionPool.WaitForPendingOpen()
--- End of stack trace from previous location ---
   at Portfolio_Management_System.DAL.DbHelper.GetAllMessagesAsync() in C:\Users\ak731\Desktop\DSA\Portfolio Management System\DAL\DbHelper.cs:line 578
ClientConnectionId:00000000-0000-0000-0000-000000000000
Error Number:53,State:0,Class:20
2026-07-01 23:13:45.867 +05:30 [INF] Executing JsonResult, writing value of type 'System.Collections.Generic.List`1[[<>f__AnonymousType18`7[[System.Int32, System.Private.CoreLib, Version=9.0.0.0, Culture=neutral, PublicKeyToken=7cec85d7bea7798e],[System.String, System.Private.CoreLib, Version=9.0.0.0, Culture=neutral, PublicKeyToken=7cec85d7bea7798e],[System.String, System.Private.CoreLib, Version=9.0.0.0, Culture=neutral, PublicKeyToken=7cec85d7bea7798e],[System.String, System.Private.CoreLib, Version=9.0.0.0, Culture=neutral, PublicKeyToken=7cec85d7bea7798e],[System.String, System.Private.CoreLib, Version=9.0.0.0, Culture=neutral, PublicKeyToken=7cec85d7bea7798e],[System.Boolean, System.Private.CoreLib, Version=9.0.0.0, Culture=neutral, PublicKeyToken=7cec85d7bea7798e],[System.DateTime, System.Private.CoreLib, Version=9.0.0.0, Culture=neutral, PublicKeyToken=7cec85d7bea7798e]], Portfolio Management System, Version=1.0.0.0, Culture=neutral, PublicKeyToken=null]]'.
2026-07-01 23:13:45.871 +05:30 [INF] Executing JsonResult, writing value of type 'System.Int32'.
2026-07-01 23:13:45.872 +05:30 [INF] Executed action Portfolio_Management_System.Controllers.AdminController.GetUnreadMessagesCount (Portfolio Management System) in 14951.185ms
2026-07-01 23:13:45.873 +05:30 [INF] Executed endpoint 'Portfolio_Management_System.Controllers.AdminController.GetUnreadMessagesCount (Portfolio Management System)'
2026-07-01 23:13:45.873 +05:30 [INF] HTTP GET /Admin/GetUnreadMessagesCount responded 200 in 14958.9680 ms
2026-07-01 23:13:45.872 +05:30 [INF] Executed action Portfolio_Management_System.Controllers.AdminController.GetRecentMessages (Portfolio Management System) in 14951.1639ms
2026-07-01 23:13:45.873 +05:30 [INF] Executed endpoint 'Portfolio_Management_System.Controllers.AdminController.GetRecentMessages (Portfolio Management System)'
2026-07-01 23:13:45.873 +05:30 [INF] HTTP GET /Admin/GetRecentMessages responded 200 in 14956.3366 ms
2026-07-01 23:13:45.874 +05:30 [INF] Request finished HTTP/2 GET https://localhost:44341/Admin/GetRecentMessages - 200 null application/json; charset=utf-8 14957.0765ms
2026-07-01 23:13:45.874 +05:30 [INF] Request finished HTTP/2 GET https://localhost:44341/Admin/GetUnreadMessagesCount - 200 null application/json; charset=utf-8 14961.2616ms
2026-07-01 23:14:00.923 +05:30 [INF] Request starting HTTP/2 GET https://localhost:44341/Admin/GetRecentMessages - null null
2026-07-01 23:14:00.923 +05:30 [INF] Request starting HTTP/2 GET https://localhost:44341/Admin/GetUnreadMessagesCount - null null
2026-07-01 23:14:00.925 +05:30 [INF] Executing endpoint 'Portfolio_Management_System.Controllers.AdminController.GetRecentMessages (Portfolio Management System)'
2026-07-01 23:14:00.925 +05:30 [INF] Executing endpoint 'Portfolio_Management_System.Controllers.AdminController.GetUnreadMessagesCount (Portfolio Management System)'
2026-07-01 23:14:00.925 +05:30 [INF] Route matched with {action = "GetUnreadMessagesCount", controller = "Admin"}. Executing controller action with signature System.Threading.Tasks.Task`1[Microsoft.AspNetCore.Mvc.IActionResult] GetUnreadMessagesCount() on controller Portfolio_Management_System.Controllers.AdminController (Portfolio Management System).
2026-07-01 23:14:00.926 +05:30 [INF] Route matched with {action = "GetRecentMessages", controller = "Admin"}. Executing controller action with signature System.Threading.Tasks.Task`1[Microsoft.AspNetCore.Mvc.IActionResult] GetRecentMessages() on controller Portfolio_Management_System.Controllers.AdminController (Portfolio Management System).
2026-07-01 23:14:15.136 +05:30 [ERR] Error getting messages
Microsoft.Data.SqlClient.SqlException (0x80131904): A network-related or instance-specific error occurred while establishing a connection to SQL Server. The server was not found or was not accessible. Verify that the instance name is correct and that SQL Server is configured to allow remote connections. (provider: Named Pipes Provider, error: 40 - Could not open a connection to SQL Server)
 ---> System.ComponentModel.Win32Exception (53): The network path was not found.
   at Microsoft.Data.SqlClient.ConnectionPool.WaitHandleDbConnectionPool.TryGetConnection(DbConnection owningObject, UInt32 waitForMultipleObjectsTimeout, Boolean allowCreate, Boolean onlyOneCheckConnection, DbConnectionOptions userOptions, DbConnectionInternal& connection)
   at Microsoft.Data.SqlClient.ConnectionPool.WaitHandleDbConnectionPool.WaitForPendingOpen()
--- End of stack trace from previous location ---
   at Portfolio_Management_System.DAL.DbHelper.GetAllMessagesAsync() in C:\Users\ak731\Desktop\DSA\Portfolio Management System\DAL\DbHelper.cs:line 578
ClientConnectionId:00000000-0000-0000-0000-000000000000
Error Number:53,State:0,Class:20
2026-07-01 23:14:15.136 +05:30 [ERR] Error getting messages
Microsoft.Data.SqlClient.SqlException (0x80131904): A network-related or instance-specific error occurred while establishing a connection to SQL Server. The server was not found or was not accessible. Verify that the instance name is correct and that SQL Server is configured to allow remote connections. (provider: Named Pipes Provider, error: 40 - Could not open a connection to SQL Server)
 ---> System.ComponentModel.Win32Exception (53): The network path was not found.
   at Microsoft.Data.SqlClient.TdsParser.ThrowExceptionAndWarning(TdsParserStateObject stateObj, SqlCommand command, Boolean callerHasConnectionLock, Boolean asyncClose)
   at Microsoft.Data.SqlClient.TdsParser.Connect(ServerInfo serverInfo, SqlInternalConnectionTds connHandler, TimeoutTimer timeout, SqlConnectionString connectionOptions, Boolean withFailover)
   at Microsoft.Data.SqlClient.SqlInternalConnectionTds.AttemptOneLogin(ServerInfo serverInfo, String newPassword, SecureString newSecurePassword, TimeoutTimer timeout, Boolean withFailover)
   at Microsoft.Data.SqlClient.SqlInternalConnectionTds.LoginNoFailover(ServerInfo serverInfo, String newPassword, SecureString newSecurePassword, Boolean redirectedUserInstance, SqlConnectionString connectionOptions, SqlCredential credential, TimeoutTimer timeout)
   at Microsoft.Data.SqlClient.SqlInternalConnectionTds.OpenLoginEnlist(TimeoutTimer timeout, SqlConnectionString connectionOptions, SqlCredential credential, String newPassword, SecureString newSecurePassword, Boolean redirectedUserInstance)
   at Microsoft.Data.SqlClient.SqlInternalConnectionTds..ctor(DbConnectionPoolIdentity identity, SqlConnectionString connectionOptions, SqlCredential credential, Object providerInfo, String newPassword, SecureString newSecurePassword, Boolean redirectedUserInstance, SqlConnectionString userConnectionOptions, SessionData reconnectSessionData, Boolean applyTransientFaultHandling, String accessToken, IDbConnectionPool pool, Func`3 accessTokenCallback)
   at Microsoft.Data.SqlClient.SqlConnectionFactory.CreateConnection(DbConnectionOptions options, DbConnectionPoolKey poolKey, DbConnectionPoolGroupProviderInfo poolGroupProviderInfo, IDbConnectionPool pool, DbConnection owningConnection, DbConnectionOptions userOptions)
   at Microsoft.Data.ProviderBase.DbConnectionFactory.CreatePooledConnection(IDbConnectionPool pool, DbConnection owningObject, DbConnectionOptions options, DbConnectionPoolKey poolKey, DbConnectionOptions userOptions)
   at Microsoft.Data.SqlClient.ConnectionPool.WaitHandleDbConnectionPool.CreateObject(DbConnection owningObject, DbConnectionOptions userOptions, DbConnectionInternal oldConnection)
   at Microsoft.Data.SqlClient.ConnectionPool.WaitHandleDbConnectionPool.UserCreateRequest(DbConnection owningObject, DbConnectionOptions userOptions, DbConnectionInternal oldConnection)
   at Microsoft.Data.SqlClient.ConnectionPool.WaitHandleDbConnectionPool.TryGetConnection(DbConnection owningObject, UInt32 waitForMultipleObjectsTimeout, Boolean allowCreate, Boolean onlyOneCheckConnection, DbConnectionOptions userOptions, DbConnectionInternal& connection)
   at Microsoft.Data.SqlClient.ConnectionPool.WaitHandleDbConnectionPool.WaitForPendingOpen()
--- End of stack trace from previous location ---
   at Portfolio_Management_System.DAL.DbHelper.GetAllMessagesAsync() in C:\Users\ak731\Desktop\DSA\Portfolio Management System\DAL\DbHelper.cs:line 578
ClientConnectionId:00000000-0000-0000-0000-000000000000
Error Number:53,State:0,Class:20
2026-07-01 23:14:15.177 +05:30 [INF] Executing JsonResult, writing value of type 'System.Collections.Generic.List`1[[<>f__AnonymousType18`7[[System.Int32, System.Private.CoreLib, Version=9.0.0.0, Culture=neutral, PublicKeyToken=7cec85d7bea7798e],[System.String, System.Private.CoreLib, Version=9.0.0.0, Culture=neutral, PublicKeyToken=7cec85d7bea7798e],[System.String, System.Private.CoreLib, Version=9.0.0.0, Culture=neutral, PublicKeyToken=7cec85d7bea7798e],[System.String, System.Private.CoreLib, Version=9.0.0.0, Culture=neutral, PublicKeyToken=7cec85d7bea7798e],[System.String, System.Private.CoreLib, Version=9.0.0.0, Culture=neutral, PublicKeyToken=7cec85d7bea7798e],[System.Boolean, System.Private.CoreLib, Version=9.0.0.0, Culture=neutral, PublicKeyToken=7cec85d7bea7798e],[System.DateTime, System.Private.CoreLib, Version=9.0.0.0, Culture=neutral, PublicKeyToken=7cec85d7bea7798e]], Portfolio Management System, Version=1.0.0.0, Culture=neutral, PublicKeyToken=null]]'.
2026-07-01 23:14:15.177 +05:30 [INF] Executing JsonResult, writing value of type 'System.Int32'.
2026-07-01 23:14:15.185 +05:30 [INF] Executed action Portfolio_Management_System.Controllers.AdminController.GetUnreadMessagesCount (Portfolio Management System) in 14259.6724ms
2026-07-01 23:14:15.185 +05:30 [INF] Executed endpoint 'Portfolio_Management_System.Controllers.AdminController.GetUnreadMessagesCount (Portfolio Management System)'
2026-07-01 23:14:15.185 +05:30 [INF] HTTP GET /Admin/GetUnreadMessagesCount responded 200 in 14260.4495 ms
2026-07-01 23:14:15.183 +05:30 [INF] Executed action Portfolio_Management_System.Controllers.AdminController.GetRecentMessages (Portfolio Management System) in 14257.4206ms
2026-07-01 23:14:15.186 +05:30 [INF] Executed endpoint 'Portfolio_Management_System.Controllers.AdminController.GetRecentMessages (Portfolio Management System)'
2026-07-01 23:14:15.186 +05:30 [INF] Request finished HTTP/2 GET https://localhost:44341/Admin/GetUnreadMessagesCount - 200 null application/json; charset=utf-8 14264.0947ms
2026-07-01 23:14:15.186 +05:30 [INF] HTTP GET /Admin/GetRecentMessages responded 200 in 14262.0247 ms
2026-07-01 23:14:15.186 +05:30 [INF] Request finished HTTP/2 GET https://localhost:44341/Admin/GetRecentMessages - 200 null application/json; charset=utf-8 14262.6771ms
2026-07-01 23:14:30.913 +05:30 [INF] Request starting HTTP/2 GET https://localhost:44341/Admin/GetUnreadMessagesCount - null null
2026-07-01 23:14:30.914 +05:30 [INF] Request starting HTTP/2 GET https://localhost:44341/Admin/GetRecentMessages - null null
2026-07-01 23:14:30.914 +05:30 [INF] Executing endpoint 'Portfolio_Management_System.Controllers.AdminController.GetRecentMessages (Portfolio Management System)'
2026-07-01 23:14:30.914 +05:30 [INF] Route matched with {action = "GetRecentMessages", controller = "Admin"}. Executing controller action with signature System.Threading.Tasks.Task`1[Microsoft.AspNetCore.Mvc.IActionResult] GetRecentMessages() on controller Portfolio_Management_System.Controllers.AdminController (Portfolio Management System).
2026-07-01 23:14:30.915 +05:30 [INF] Executing endpoint 'Portfolio_Management_System.Controllers.AdminController.GetUnreadMessagesCount (Portfolio Management System)'
2026-07-01 23:14:30.916 +05:30 [INF] Route matched with {action = "GetUnreadMessagesCount", controller = "Admin"}. Executing controller action with signature System.Threading.Tasks.Task`1[Microsoft.AspNetCore.Mvc.IActionResult] GetUnreadMessagesCount() on controller Portfolio_Management_System.Controllers.AdminController (Portfolio Management System).
