2026-06-29 22:10:48.083 +05:30 [WRN] JWT SecretKey missing in configuration. JWT Auth not configured.
2026-06-29 22:10:56.297 +05:30 [INF] Executed DbCommand (174ms) [Parameters=[], CommandType='"Text"', CommandTimeout='30']
SELECT 1
2026-06-29 22:10:56.320 +05:30 [INF] Acquiring an exclusive lock for migration application. See https://aka.ms/efcore-docs-migrations-lock for more information if this takes too long.
2026-06-29 22:10:56.502 +05:30 [INF] Executed DbCommand (172ms) [Parameters=[], CommandType='"Text"', CommandTimeout='30']
DECLARE @result int;
EXEC @result = sp_getapplock @Resource = '__EFMigrationsLock', @LockOwner = 'Session', @LockMode = 'Exclusive';
SELECT @result
2026-06-29 22:10:57.068 +05:30 [INF] Executed DbCommand (170ms) [Parameters=[], CommandType='"Text"', CommandTimeout='30']
IF OBJECT_ID(N'[__EFMigrationsHistory]') IS NULL
BEGIN
    CREATE TABLE [__EFMigrationsHistory] (
        [MigrationId] nvarchar(150) NOT NULL,
        [ProductVersion] nvarchar(32) NOT NULL,
        CONSTRAINT [PK___EFMigrationsHistory] PRIMARY KEY ([MigrationId])
    );
END;
2026-06-29 22:10:57.593 +05:30 [INF] Executed DbCommand (169ms) [Parameters=[], CommandType='"Text"', CommandTimeout='30']
SELECT 1
2026-06-29 22:10:57.763 +05:30 [INF] Executed DbCommand (169ms) [Parameters=[], CommandType='"Text"', CommandTimeout='30']
SELECT OBJECT_ID(N'[__EFMigrationsHistory]');
2026-06-29 22:10:57.938 +05:30 [INF] Executed DbCommand (170ms) [Parameters=[], CommandType='"Text"', CommandTimeout='30']
SELECT [MigrationId], [ProductVersion]
FROM [__EFMigrationsHistory]
ORDER BY [MigrationId];
2026-06-29 22:10:57.956 +05:30 [INF] No migrations were applied. The database is already up to date.
2026-06-29 22:10:58.294 +05:30 [INF] Executed DbCommand (169ms) [Parameters=[], CommandType='"Text"', CommandTimeout='30']
DECLARE @result int;
EXEC @result = sp_releaseapplock @Resource = '__EFMigrationsLock', @LockOwner = 'Session';
SELECT @result
2026-06-29 22:10:59.035 +05:30 [INF] Started Python AI Server automatically in a new window.
2026-06-29 22:10:59.042 +05:30 [INF] Unified API starting on Development
2026-06-29 22:10:59.169 +05:30 [INF] User profile is available. Using 'C:\Users\ak731\AppData\Local\ASP.NET\DataProtection-Keys' as key repository and Windows DPAPI to encrypt keys at rest.
2026-06-29 22:10:59.301 +05:30 [INF] Daily YouTube Video Generator & Uploader Service started.
2026-06-29 22:10:59.301 +05:30 [INF] Gallery Auto-Uploader Background Service started.
2026-06-29 22:10:59.309 +05:30 [INF] Starting daily video generation...
2026-06-29 22:10:59.421 +05:30 [ERR] Error while executing FFmpeg video creation.
System.IO.IOException: The process cannot access the file 'C:\Users\ak731\Desktop\DSA\Portfolio Management System\wwwroot\uploads\generated_video.mp4' because it is being used by another process.
   at System.IO.FileSystem.DeleteFile(String fullPath)
   at Portfolio_Management_System.Services.DailyYoutubeUploaderService.GenerateVideoFileAsync(String topic, String outputPath) in C:\Users\ak731\Desktop\DSA\Portfolio Management System\Services\DailyYoutubeUploaderService.cs:line 117
2026-06-29 22:10:59.570 +05:30 [ERR] Failed to generate video file. Skipping upload.
2026-06-29 22:11:00.026 +05:30 [INF] Start processing HTTP request GET https://www.youtube.com/@CodeCrafters42
2026-06-29 22:11:00.154 +05:30 [INF] Sending HTTP request GET https://www.youtube.com/@CodeCrafters42
2026-06-29 22:11:00.227 +05:30 [INF] AutoTube Video Automation Background Scheduler started. Scheduled for 9:00 AM daily.
2026-06-29 22:11:00.228 +05:30 [INF] Next video generation cycle scheduled at "2026-06-30T09:00:00.0000000" (in 10.82 hours).
2026-06-29 22:11:01.834 +05:30 [INF] Request starting HTTP/2 GET https://localhost:44341/Admin/Login - null null
2026-06-29 22:11:01.835 +05:30 [INF] Request starting HTTP/2 GET https://localhost:44341/ - null null
2026-06-29 22:11:02.486 +05:30 [INF] Received HTTP response headers after 2248.8974ms - 404
2026-06-29 22:11:02.516 +05:30 [INF] End processing HTTP request after 2946.3547ms - 404
2026-06-29 22:11:02.568 +05:30 [INF] Executing endpoint 'Portfolio_Management_System.Controllers.HomeController.Index (Portfolio Management System)'
2026-06-29 22:11:02.568 +05:30 [INF] Executing endpoint 'Portfolio_Management_System.Controllers.AdminController.Login (Portfolio Management System)'
2026-06-29 22:11:02.753 +05:30 [INF] Route matched with {action = "Login", controller = "Admin"}. Executing controller action with signature Microsoft.AspNetCore.Mvc.IActionResult Login() on controller Portfolio_Management_System.Controllers.AdminController (Portfolio Management System).
2026-06-29 22:11:02.758 +05:30 [INF] Route matched with {action = "Index", controller = "Home"}. Executing controller action with signature System.Threading.Tasks.Task`1[Microsoft.AspNetCore.Mvc.IActionResult] Index() on controller Portfolio_Management_System.Controllers.HomeController (Portfolio Management System).
2026-06-29 22:11:02.779 +05:30 [INF] Accessing expired session, Key:7a2f2861-1a3d-135e-359a-d5b3c1a23604
2026-06-29 22:11:02.871 +05:30 [INF] Executing ViewResult, running view Login.
2026-06-29 22:11:04.484 +05:30 [INF] Application started. Press Ctrl+C to shut down.
2026-06-29 22:11:04.484 +05:30 [INF] Hosting environment: Development
2026-06-29 22:11:04.484 +05:30 [INF] Content root path: C:\Users\ak731\Desktop\DSA\Portfolio Management System
2026-06-29 22:11:04.567 +05:30 [INF] Executed ViewResult - view Login executed in 1761.9379ms.
2026-06-29 22:11:04.571 +05:30 [INF] Executed action Portfolio_Management_System.Controllers.AdminController.Login (Portfolio Management System) in 1813.7274ms
2026-06-29 22:11:04.574 +05:30 [INF] Executed endpoint 'Portfolio_Management_System.Controllers.AdminController.Login (Portfolio Management System)'
2026-06-29 22:11:04.587 +05:30 [INF] HTTP GET /Admin/Login responded 200 in 2461.7716 ms
2026-06-29 22:11:04.629 +05:30 [INF] Request finished HTTP/2 GET https://localhost:44341/Admin/Login - 200 null text/html; charset=utf-8 2837.8265ms
2026-06-29 22:11:05.055 +05:30 [INF] Executing ViewResult, running view Index.
2026-06-29 22:11:05.307 +05:30 [INF] Request starting HTTP/2 GET https://localhost:44341/css/admin.css?v=639183678635169386 - null null
2026-06-29 22:11:05.561 +05:30 [INF] Sending file. Request path: '/css/admin.css'. Physical path: 'C:\Users\ak731\Desktop\DSA\Portfolio Management System\wwwroot\css\admin.css'
2026-06-29 22:11:05.561 +05:30 [INF] HTTP GET /css/admin.css responded 200 in 253.8528 ms
2026-06-29 22:11:05.562 +05:30 [INF] Request finished HTTP/2 GET https://localhost:44341/css/admin.css?v=639183678635169386 - 200 19854 text/css 255.7086ms
2026-06-29 22:11:05.576 +05:30 [INF] Accessing expired session, Key:7a2f2861-1a3d-135e-359a-d5b3c1a23604
2026-06-29 22:11:05.599 +05:30 [INF] Executed ViewResult - view Index executed in 547.098ms.
2026-06-29 22:11:05.628 +05:30 [INF] Executed action Portfolio_Management_System.Controllers.HomeController.Index (Portfolio Management System) in 2869.2309ms
2026-06-29 22:11:05.634 +05:30 [INF] Executed endpoint 'Portfolio_Management_System.Controllers.HomeController.Index (Portfolio Management System)'
2026-06-29 22:11:05.648 +05:30 [INF] HTTP GET / responded 200 in 3528.2169 ms
2026-06-29 22:11:05.656 +05:30 [INF] Request finished HTTP/2 GET https://localhost:44341/ - 200 null text/html; charset=utf-8 3865.4166ms
2026-06-29 22:11:05.703 +05:30 [INF] Request starting HTTP/2 GET https://localhost:44341/_framework/aspnetcore-browser-refresh.js - null null
2026-06-29 22:11:05.714 +05:30 [INF] Request finished HTTP/2 GET https://localhost:44341/_framework/aspnetcore-browser-refresh.js - 200 16539 application/javascript; charset=utf-8 8.5737ms
2026-06-29 22:11:10.162 +05:30 [INF] Request starting HTTP/2 GET https://localhost:44341/_framework/aspnetcore-browser-refresh.js - null null
2026-06-29 22:11:10.168 +05:30 [INF] Request starting HTTP/2 GET https://localhost:44341/_vs/browserLink - null null
2026-06-29 22:11:10.171 +05:30 [INF] Request finished HTTP/2 GET https://localhost:44341/_framework/aspnetcore-browser-refresh.js - 200 16539 application/javascript; charset=utf-8 9.4126ms
2026-06-29 22:11:10.333 +05:30 [INF] Request finished HTTP/2 GET https://localhost:44341/_vs/browserLink - 200 null text/javascript; charset=UTF-8 165.1766ms
2026-06-29 22:12:31.466 +05:30 [INF] Request starting HTTP/2 POST https://localhost:44341/Admin/Login - application/x-www-form-urlencoded 217
2026-06-29 22:12:31.734 +05:30 [INF] CORS policy execution successful.
2026-06-29 22:12:31.783 +05:30 [INF] Executing endpoint 'Portfolio_Management_System.Controllers.AdminController.Login (Portfolio Management System)'
2026-06-29 22:12:32.460 +05:30 [INF] Route matched with {action = "Login", controller = "Admin"}. Executing controller action with signature System.Threading.Tasks.Task`1[Microsoft.AspNetCore.Mvc.IActionResult] Login(Portfolio_Management_System.Models.AdminLoginModel) on controller Portfolio_Management_System.Controllers.AdminController (Portfolio Management System).
2026-06-29 22:12:33.583 +05:30 [INF] Accessing expired session, Key:7a2f2861-1a3d-135e-359a-d5b3c1a23604
2026-06-29 22:12:33.610 +05:30 [INF] Executing RedirectResult, redirecting to /Admin/Dashboard.
2026-06-29 22:12:33.612 +05:30 [INF] Executed action Portfolio_Management_System.Controllers.AdminController.Login (Portfolio Management System) in 1151.463ms
2026-06-29 22:12:33.615 +05:30 [INF] Executed endpoint 'Portfolio_Management_System.Controllers.AdminController.Login (Portfolio Management System)'
2026-06-29 22:12:33.633 +05:30 [INF] Session started; Key:7a2f2861-1a3d-135e-359a-d5b3c1a23604, Id:57f463eb-c4ce-82dd-0d04-60004811b638
2026-06-29 22:12:33.643 +05:30 [INF] HTTP POST /Admin/Login responded 302 in 2001.8828 ms
2026-06-29 22:12:33.678 +05:30 [INF] Request finished HTTP/2 POST https://localhost:44341/Admin/Login - 302 null null 2258.8647ms
2026-06-29 22:12:33.708 +05:30 [INF] Request starting HTTP/2 GET https://localhost:44341/Admin/Dashboard - null null
2026-06-29 22:12:33.734 +05:30 [INF] Executing endpoint 'Portfolio_Management_System.Controllers.AdminController.Dashboard (Portfolio Management System)'
2026-06-29 22:12:33.750 +05:30 [INF] Route matched with {action = "Dashboard", controller = "Admin"}. Executing controller action with signature System.Threading.Tasks.Task`1[Microsoft.AspNetCore.Mvc.IActionResult] Dashboard() on controller Portfolio_Management_System.Controllers.AdminController (Portfolio Management System).
2026-06-29 22:12:34.557 +05:30 [ERR] Error getting recent messages
System.InvalidCastException: Unable to cast object of type 'System.Boolean' to type 'System.DateTime'.
   at Microsoft.Data.SqlClient.SqlBuffer.get_DateTime()
   at Microsoft.Data.SqlClient.SqlDataReader.GetDateTime(Int32 i)
   at Portfolio_Management_System.DAL.DbHelper.GetRecentMessagesAsync(Int32 count) in C:\Users\ak731\Desktop\DSA\Portfolio Management System\DAL\DbHelper.cs:line 1441
2026-06-29 22:12:35.095 +05:30 [ERR] Error getting recent visitors
System.InvalidCastException: Unable to cast object of type 'System.DateTime' to type 'System.Int32'.
   at Microsoft.Data.SqlClient.SqlBuffer.get_Int32()
   at Microsoft.Data.SqlClient.SqlDataReader.GetInt32(Int32 i)
   at Portfolio_Management_System.DAL.DbHelper.GetRecentVisitorsAsync(Int32 count) in C:\Users\ak731\Desktop\DSA\Portfolio Management System\DAL\DbHelper.cs:line 1482
2026-06-29 22:12:36.794 +05:30 [INF] Executing ViewResult, running view Dashboard.
2026-06-29 22:12:37.481 +05:30 [INF] Executed ViewResult - view Dashboard executed in 699.9478ms.
2026-06-29 22:12:37.481 +05:30 [INF] Executed action Portfolio_Management_System.Controllers.AdminController.Dashboard (Portfolio Management System) in 3729.5625ms
2026-06-29 22:12:37.482 +05:30 [INF] Executed endpoint 'Portfolio_Management_System.Controllers.AdminController.Dashboard (Portfolio Management System)'
2026-06-29 22:12:37.482 +05:30 [INF] HTTP GET /Admin/Dashboard responded 200 in 3754.4065 ms
2026-06-29 22:12:37.512 +05:30 [INF] Request finished HTTP/2 GET https://localhost:44341/Admin/Dashboard - 200 null text/html; charset=utf-8 3803.8005ms
2026-06-29 22:12:37.664 +05:30 [INF] Request starting HTTP/2 GET https://localhost:44341/css/admin.css?v=639183679572326509 - null null
2026-06-29 22:12:37.668 +05:30 [INF] Request starting HTTP/2 GET https://localhost:44341/_framework/aspnetcore-browser-refresh.js - null null
2026-06-29 22:12:37.675 +05:30 [INF] Request finished HTTP/2 GET https://localhost:44341/_framework/aspnetcore-browser-refresh.js - 200 16539 application/javascript; charset=utf-8 7.3324ms
2026-06-29 22:12:37.932 +05:30 [INF] Request starting HTTP/2 GET https://localhost:44341/_vs/browserLink - null null
2026-06-29 22:12:38.045 +05:30 [INF] Sending file. Request path: '/css/admin.css'. Physical path: 'C:\Users\ak731\Desktop\DSA\Portfolio Management System\wwwroot\css\admin.css'
2026-06-29 22:12:38.045 +05:30 [INF] HTTP GET /css/admin.css responded 200 in 380.0081 ms
2026-06-29 22:12:38.056 +05:30 [INF] Request finished HTTP/2 GET https://localhost:44341/css/admin.css?v=639183679572326509 - 200 19854 text/css 392.1212ms
2026-06-29 22:12:38.104 +05:30 [INF] Request finished HTTP/2 GET https://localhost:44341/_vs/browserLink - 200 null text/javascript; charset=UTF-8 172.0065ms
2026-06-29 22:12:39.683 +05:30 [INF] Request starting HTTP/2 GET https://localhost:44341/Admin/GetUnreadMessagesCount - null null
2026-06-29 22:12:39.684 +05:30 [INF] Executing endpoint 'Portfolio_Management_System.Controllers.AdminController.GetUnreadMessagesCount (Portfolio Management System)'
2026-06-29 22:12:39.697 +05:30 [INF] Request starting HTTP/2 GET https://localhost:44341/Admin/GetExperienceDetails - null null
2026-06-29 22:12:39.700 +05:30 [INF] Executing endpoint 'Portfolio_Management_System.Controllers.AdminController.GetExperienceDetails (Portfolio Management System)'
2026-06-29 22:12:39.711 +05:30 [INF] Request starting HTTP/2 GET https://localhost:44341/Admin/GetRecentMessages - null null
2026-06-29 22:12:39.712 +05:30 [INF] Executing endpoint 'Portfolio_Management_System.Controllers.AdminController.GetRecentMessages (Portfolio Management System)'
2026-06-29 22:12:39.733 +05:30 [INF] Route matched with {action = "GetUnreadMessagesCount", controller = "Admin"}. Executing controller action with signature System.Threading.Tasks.Task`1[Microsoft.AspNetCore.Mvc.IActionResult] GetUnreadMessagesCount() on controller Portfolio_Management_System.Controllers.AdminController (Portfolio Management System).
2026-06-29 22:12:39.777 +05:30 [INF] Route matched with {action = "GetRecentMessages", controller = "Admin"}. Executing controller action with signature System.Threading.Tasks.Task`1[Microsoft.AspNetCore.Mvc.IActionResult] GetRecentMessages() on controller Portfolio_Management_System.Controllers.AdminController (Portfolio Management System).
2026-06-29 22:12:39.817 +05:30 [INF] Route matched with {action = "GetExperienceDetails", controller = "Admin"}. Executing controller action with signature System.Threading.Tasks.Task`1[Microsoft.AspNetCore.Mvc.IActionResult] GetExperienceDetails() on controller Portfolio_Management_System.Controllers.AdminController (Portfolio Management System).
2026-06-29 22:12:40.334 +05:30 [INF] Executing JsonResult, writing value of type 'System.Collections.Generic.List`1[[<>f__AnonymousType17`7[[System.Int32, System.Private.CoreLib, Version=9.0.0.0, Culture=neutral, PublicKeyToken=7cec85d7bea7798e],[System.String, System.Private.CoreLib, Version=9.0.0.0, Culture=neutral, PublicKeyToken=7cec85d7bea7798e],[System.String, System.Private.CoreLib, Version=9.0.0.0, Culture=neutral, PublicKeyToken=7cec85d7bea7798e],[System.String, System.Private.CoreLib, Version=9.0.0.0, Culture=neutral, PublicKeyToken=7cec85d7bea7798e],[System.String, System.Private.CoreLib, Version=9.0.0.0, Culture=neutral, PublicKeyToken=7cec85d7bea7798e],[System.Boolean, System.Private.CoreLib, Version=9.0.0.0, Culture=neutral, PublicKeyToken=7cec85d7bea7798e],[System.DateTime, System.Private.CoreLib, Version=9.0.0.0, Culture=neutral, PublicKeyToken=7cec85d7bea7798e]], Portfolio Management System, Version=1.0.0.0, Culture=neutral, PublicKeyToken=null]]'.
2026-06-29 22:12:40.334 +05:30 [INF] Executing JsonResult, writing value of type 'System.Int32'.
2026-06-29 22:12:40.364 +05:30 [INF] Executed action Portfolio_Management_System.Controllers.AdminController.GetUnreadMessagesCount (Portfolio Management System) in 629.8416ms
2026-06-29 22:12:40.364 +05:30 [INF] Executed endpoint 'Portfolio_Management_System.Controllers.AdminController.GetUnreadMessagesCount (Portfolio Management System)'
2026-06-29 22:12:40.364 +05:30 [INF] HTTP GET /Admin/GetUnreadMessagesCount responded 200 in 680.9596 ms
2026-06-29 22:12:40.376 +05:30 [INF] Request finished HTTP/2 GET https://localhost:44341/Admin/GetUnreadMessagesCount - 200 null application/json; charset=utf-8 693.4179ms
2026-06-29 22:12:40.407 +05:30 [INF] Executed action Portfolio_Management_System.Controllers.AdminController.GetRecentMessages (Portfolio Management System) in 629.7114ms
2026-06-29 22:12:40.408 +05:30 [INF] Executed endpoint 'Portfolio_Management_System.Controllers.AdminController.GetRecentMessages (Portfolio Management System)'
2026-06-29 22:12:40.408 +05:30 [INF] HTTP GET /Admin/GetRecentMessages responded 200 in 696.2620 ms
2026-06-29 22:12:40.409 +05:30 [INF] Request finished HTTP/2 GET https://localhost:44341/Admin/GetRecentMessages - 200 null application/json; charset=utf-8 697.4429ms
2026-06-29 22:12:40.478 +05:30 [INF] Executing JsonResult, writing value of type '<>f__AnonymousType14`10[[System.Boolean, System.Private.CoreLib, Version=9.0.0.0, Culture=neutral, PublicKeyToken=7cec85d7bea7798e],[System.Int32, System.Private.CoreLib, Version=9.0.0.0, Culture=neutral, PublicKeyToken=7cec85d7bea7798e],[System.String, System.Private.CoreLib, Version=9.0.0.0, Culture=neutral, PublicKeyToken=7cec85d7bea7798e],[System.String, System.Private.CoreLib, Version=9.0.0.0, Culture=neutral, PublicKeyToken=7cec85d7bea7798e],[System.String, System.Private.CoreLib, Version=9.0.0.0, Culture=neutral, PublicKeyToken=7cec85d7bea7798e],[System.Int32, System.Private.CoreLib, Version=9.0.0.0, Culture=neutral, PublicKeyToken=7cec85d7bea7798e],[System.Int32, System.Private.CoreLib, Version=9.0.0.0, Culture=neutral, PublicKeyToken=7cec85d7bea7798e],[System.Int32, System.Private.CoreLib, Version=9.0.0.0, Culture=neutral, PublicKeyToken=7cec85d7bea7798e],[System.Int32, System.Private.CoreLib, Version=9.0.0.0, Culture=neutral, PublicKeyToken=7cec85d7bea7798e],[System.Int32, System.Private.CoreLib, Version=9.0.0.0, Culture=neutral, PublicKeyToken=7cec85d7bea7798e]]'.
2026-06-29 22:12:40.495 +05:30 [INF] Executed action Portfolio_Management_System.Controllers.AdminController.GetExperienceDetails (Portfolio Management System) in 677.4811ms
2026-06-29 22:12:40.495 +05:30 [INF] Executed endpoint 'Portfolio_Management_System.Controllers.AdminController.GetExperienceDetails (Portfolio Management System)'
2026-06-29 22:12:40.495 +05:30 [INF] HTTP GET /Admin/GetExperienceDetails responded 200 in 797.4253 ms
2026-06-29 22:12:40.495 +05:30 [INF] Request finished HTTP/2 GET https://localhost:44341/Admin/GetExperienceDetails - 200 null application/json; charset=utf-8 798.331ms
2026-06-29 22:12:43.366 +05:30 [INF] Request starting HTTP/2 GET https://localhost:44341/Admin/AutoTube/CustomVideo - null null
2026-06-29 22:12:43.377 +05:30 [INF] Executing endpoint 'Portfolio_Management_System.Controllers.AdminAutoTubeController.CustomVideo (Portfolio Management System)'
2026-06-29 22:12:43.391 +05:30 [INF] Route matched with {action = "CustomVideo", controller = "AdminAutoTube"}. Executing controller action with signature Microsoft.AspNetCore.Mvc.IActionResult CustomVideo() on controller Portfolio_Management_System.Controllers.AdminAutoTubeController (Portfolio Management System).
2026-06-29 22:12:43.511 +05:30 [INF] Executing ViewResult, running view ~/Views/Admin/CustomVideo.cshtml.
2026-06-29 22:12:43.723 +05:30 [INF] Executed ViewResult - view ~/Views/Admin/CustomVideo.cshtml executed in 212.8349ms.
2026-06-29 22:12:43.723 +05:30 [INF] Executed action Portfolio_Management_System.Controllers.AdminAutoTubeController.CustomVideo (Portfolio Management System) in 331.5699ms
2026-06-29 22:12:43.723 +05:30 [INF] Executed endpoint 'Portfolio_Management_System.Controllers.AdminAutoTubeController.CustomVideo (Portfolio Management System)'
2026-06-29 22:12:43.723 +05:30 [INF] HTTP GET /Admin/AutoTube/CustomVideo responded 200 in 347.7423 ms
2026-06-29 22:12:43.764 +05:30 [INF] Request starting HTTP/2 GET https://localhost:44341/css/admin.css?v=639183679637181091 - null null
2026-06-29 22:12:43.777 +05:30 [INF] Request starting HTTP/2 GET https://localhost:44341/_framework/aspnetcore-browser-refresh.js - null null
2026-06-29 22:12:43.778 +05:30 [INF] Request finished HTTP/2 GET https://localhost:44341/_framework/aspnetcore-browser-refresh.js - 200 16539 application/javascript; charset=utf-8 1.0413ms
2026-06-29 22:12:43.784 +05:30 [INF] Sending file. Request path: '/css/admin.css'. Physical path: 'C:\Users\ak731\Desktop\DSA\Portfolio Management System\wwwroot\css\admin.css'
2026-06-29 22:12:43.784 +05:30 [INF] HTTP GET /css/admin.css responded 200 in 20.3996 ms
2026-06-29 22:12:43.792 +05:30 [INF] Request finished HTTP/2 GET https://localhost:44341/css/admin.css?v=639183679637181091 - 200 19854 text/css 28.3998ms
2026-06-29 22:12:43.793 +05:30 [INF] Request starting HTTP/2 GET https://localhost:44341/_vs/browserLink - null null
2026-06-29 22:12:43.798 +05:30 [INF] Request finished HTTP/2 GET https://localhost:44341/Admin/AutoTube/CustomVideo - 200 null text/html; charset=utf-8 431.6188ms
2026-06-29 22:12:43.849 +05:30 [INF] Request finished HTTP/2 GET https://localhost:44341/_vs/browserLink - 200 null text/javascript; charset=UTF-8 55.6934ms
2026-06-29 22:12:44.098 +05:30 [INF] Request starting HTTP/2 GET https://localhost:44341/Admin/GetRecentMessages - null null
2026-06-29 22:12:44.099 +05:30 [INF] Executing endpoint 'Portfolio_Management_System.Controllers.AdminController.GetRecentMessages (Portfolio Management System)'
2026-06-29 22:12:44.099 +05:30 [INF] Route matched with {action = "GetRecentMessages", controller = "Admin"}. Executing controller action with signature System.Threading.Tasks.Task`1[Microsoft.AspNetCore.Mvc.IActionResult] GetRecentMessages() on controller Portfolio_Management_System.Controllers.AdminController (Portfolio Management System).
2026-06-29 22:12:44.100 +05:30 [INF] Request starting HTTP/2 GET https://localhost:44341/Admin/GetUnreadMessagesCount - null null
2026-06-29 22:12:44.101 +05:30 [INF] Executing endpoint 'Portfolio_Management_System.Controllers.AdminController.GetUnreadMessagesCount (Portfolio Management System)'
2026-06-29 22:12:44.101 +05:30 [INF] Route matched with {action = "GetUnreadMessagesCount", controller = "Admin"}. Executing controller action with signature System.Threading.Tasks.Task`1[Microsoft.AspNetCore.Mvc.IActionResult] GetUnreadMessagesCount() on controller Portfolio_Management_System.Controllers.AdminController (Portfolio Management System).
2026-06-29 22:12:44.272 +05:30 [INF] Executing JsonResult, writing value of type 'System.Collections.Generic.List`1[[<>f__AnonymousType17`7[[System.Int32, System.Private.CoreLib, Version=9.0.0.0, Culture=neutral, PublicKeyToken=7cec85d7bea7798e],[System.String, System.Private.CoreLib, Version=9.0.0.0, Culture=neutral, PublicKeyToken=7cec85d7bea7798e],[System.String, System.Private.CoreLib, Version=9.0.0.0, Culture=neutral, PublicKeyToken=7cec85d7bea7798e],[System.String, System.Private.CoreLib, Version=9.0.0.0, Culture=neutral, PublicKeyToken=7cec85d7bea7798e],[System.String, System.Private.CoreLib, Version=9.0.0.0, Culture=neutral, PublicKeyToken=7cec85d7bea7798e],[System.Boolean, System.Private.CoreLib, Version=9.0.0.0, Culture=neutral, PublicKeyToken=7cec85d7bea7798e],[System.DateTime, System.Private.CoreLib, Version=9.0.0.0, Culture=neutral, PublicKeyToken=7cec85d7bea7798e]], Portfolio Management System, Version=1.0.0.0, Culture=neutral, PublicKeyToken=null]]'.
2026-06-29 22:12:44.272 +05:30 [INF] Executed action Portfolio_Management_System.Controllers.AdminController.GetRecentMessages (Portfolio Management System) in 172.8569ms
2026-06-29 22:12:44.273 +05:30 [INF] Executed endpoint 'Portfolio_Management_System.Controllers.AdminController.GetRecentMessages (Portfolio Management System)'
2026-06-29 22:12:44.273 +05:30 [INF] HTTP GET /Admin/GetRecentMessages responded 200 in 175.2339 ms
2026-06-29 22:12:44.275 +05:30 [INF] Executing JsonResult, writing value of type 'System.Int32'.
2026-06-29 22:12:44.275 +05:30 [INF] Executed action Portfolio_Management_System.Controllers.AdminController.GetUnreadMessagesCount (Portfolio Management System) in 174.2632ms
2026-06-29 22:12:44.276 +05:30 [INF] Executed endpoint 'Portfolio_Management_System.Controllers.AdminController.GetUnreadMessagesCount (Portfolio Management System)'
2026-06-29 22:12:44.276 +05:30 [INF] HTTP GET /Admin/GetUnreadMessagesCount responded 200 in 175.2946 ms
2026-06-29 22:12:44.277 +05:30 [INF] Request finished HTTP/2 GET https://localhost:44341/Admin/GetUnreadMessagesCount - 200 null application/json; charset=utf-8 176.3734ms
2026-06-29 22:12:44.279 +05:30 [INF] Request finished HTTP/2 GET https://localhost:44341/Admin/GetRecentMessages - 200 null application/json; charset=utf-8 176.4353ms
2026-06-29 22:12:53.411 +05:30 [INF] Request starting HTTP/2 POST https://localhost:44341/Admin/AutoTube/UploadScript - multipart/form-data; boundary=----WebKitFormBoundary5vGAqoBxYE4ABTdP 12842804
2026-06-29 22:12:53.416 +05:30 [INF] CORS policy execution successful.
2026-06-29 22:12:53.417 +05:30 [INF] Executing endpoint 'Portfolio_Management_System.Controllers.AdminAutoTubeController.UploadScript (Portfolio Management System)'
2026-06-29 22:12:53.440 +05:30 [INF] Route matched with {action = "UploadScript", controller = "AdminAutoTube"}. Executing controller action with signature System.Threading.Tasks.Task`1[Microsoft.AspNetCore.Mvc.IActionResult] UploadScript(System.String, Microsoft.AspNetCore.Http.IFormFile) on controller Portfolio_Management_System.Controllers.AdminAutoTubeController (Portfolio Management System).
2026-06-29 22:12:57.417 +05:30 [INF] Request starting HTTP/2 GET https://localhost:44341/Gallery - null null
2026-06-29 22:12:57.816 +05:30 [INF] Executing endpoint 'Portfolio_Management_System.Controllers.GalleryController.Index (Portfolio Management System)'
2026-06-29 22:12:57.843 +05:30 [INF] Route matched with {action = "Index", controller = "Gallery"}. Executing controller action with signature System.Threading.Tasks.Task`1[Microsoft.AspNetCore.Mvc.IActionResult] Index(System.String) on controller Portfolio_Management_System.Controllers.GalleryController (Portfolio Management System).
2026-06-29 22:12:58.517 +05:30 [INF] Executing ViewResult, running view Index.
2026-06-29 22:12:58.842 +05:30 [INF] Executed ViewResult - view Index executed in 327.0701ms.
2026-06-29 22:12:58.843 +05:30 [INF] Executed action Portfolio_Management_System.Controllers.GalleryController.Index (Portfolio Management System) in 999.7566ms
2026-06-29 22:12:58.843 +05:30 [INF] Executed endpoint 'Portfolio_Management_System.Controllers.GalleryController.Index (Portfolio Management System)'
2026-06-29 22:12:58.844 +05:30 [INF] HTTP GET /Gallery responded 200 in 1029.0091 ms
2026-06-29 22:12:58.846 +05:30 [INF] Request finished HTTP/2 GET https://localhost:44341/Gallery - 200 null text/html; charset=utf-8 1429.9028ms
2026-06-29 22:12:58.974 +05:30 [INF] Request starting HTTP/2 GET https://localhost:44341/_vs/browserLink - null null
2026-06-29 22:12:59.010 +05:30 [INF] Request starting HTTP/2 GET https://localhost:44341/_framework/aspnetcore-browser-refresh.js - null null
2026-06-29 22:12:59.026 +05:30 [INF] Request finished HTTP/2 GET https://localhost:44341/_framework/aspnetcore-browser-refresh.js - 200 16539 application/javascript; charset=utf-8 7.457ms
2026-06-29 22:12:59.106 +05:30 [INF] Request finished HTTP/2 GET https://localhost:44341/_vs/browserLink - 200 null text/javascript; charset=UTF-8 131.5793ms
2026-06-29 22:12:59.256 +05:30 [INF] Request starting HTTP/2 GET https://localhost:44341/uploads/gallery/images/tech_artwork.png - null null
2026-06-29 22:12:59.374 +05:30 [INF] The file /uploads/gallery/images/tech_artwork.png was not modified
2026-06-29 22:12:59.374 +05:30 [INF] HTTP GET /uploads/gallery/images/tech_artwork.png responded 304 in 117.8419 ms
2026-06-29 22:12:59.374 +05:30 [INF] Request finished HTTP/2 GET https://localhost:44341/uploads/gallery/images/tech_artwork.png - 304 null image/png 118.4124ms
2026-06-29 22:13:04.329 +05:30 [INF] Start processing HTTP request POST http://localhost:8000/api/script/format_custom
2026-06-29 22:13:04.330 +05:30 [INF] Sending HTTP request POST http://localhost:8000/api/script/format_custom
2026-06-29 22:13:09.864 +05:30 [INF] Received HTTP response headers after 5533.6378ms - 200
2026-06-29 22:13:09.864 +05:30 [INF] End processing HTTP request after 5535.725ms - 200
2026-06-29 22:13:11.049 +05:30 [INF] Executed DbCommand (173ms) [Parameters=[], CommandType='"Text"', CommandTimeout='30']
SELECT TOP(1) [t].[Id], [t].[Category], [t].[CompetitionScore], [t].[FetchedAt], [t].[IsSelected], [t].[Keywords], [t].[PopularityScore], [t].[SelectedAt], [t].[Source], [t].[Title], [t].[ViralityScore]
FROM [TrendTopics] AS [t]
WHERE [t].[Title] = N'Custom Video'
2026-06-29 22:13:11.937 +05:30 [INF] Executed DbCommand (186ms) [Parameters=[@p0='?' (Size = 500), @p1='?' (DbType = DateTime2), @p2='?' (Size = 4000), @p3='?' (Size = 1000), @p4='?' (Size = 50), @p5='?' (DbType = DateTime2), @p6='?' (DbType = DateTime2), @p7='?' (Size = 4000), @p8='?' (Size = 4000), @p9='?' (Size = 2000), @p10='?' (Size = 500), @p11='?' (Size = 500), @p12='?' (DbType = Int32), @p13='?' (DbType = DateTime2), @p14='?' (Size = 500), @p15='?' (Size = 20), @p16='?' (Size = 50)], CommandType='"Text"', CommandTimeout='30']
SET IMPLICIT_TRANSACTIONS OFF;
SET NOCOUNT ON;
INSERT INTO [Videos] ([AudioFilePath], [CreatedAt], [Description], [Hook], [PlaylistId], [PublishedAt], [ScheduledPublishAt], [ScriptJson], [Status], [Tags], [ThumbnailPath], [Title], [TrendTopicId], [UpdatedAt], [VideoFilePath], [Visibility], [YouTubeVideoId])
OUTPUT INSERTED.[Id]
VALUES (@p0, @p1, @p2, @p3, @p4, @p5, @p6, @p7, @p8, @p9, @p10, @p11, @p12, @p13, @p14, @p15, @p16);
2026-06-29 22:13:12.013 +05:30 [INF] Executing JsonResult, writing value of type '<>f__AnonymousType11`3[[System.Boolean, System.Private.CoreLib, Version=9.0.0.0, Culture=neutral, PublicKeyToken=7cec85d7bea7798e],[System.String, System.Private.CoreLib, Version=9.0.0.0, Culture=neutral, PublicKeyToken=7cec85d7bea7798e],[System.Int32, System.Private.CoreLib, Version=9.0.0.0, Culture=neutral, PublicKeyToken=7cec85d7bea7798e]]'.
2026-06-29 22:13:12.017 +05:30 [INF] Executed action Portfolio_Management_System.Controllers.AdminAutoTubeController.UploadScript (Portfolio Management System) in 18577.3625ms
2026-06-29 22:13:12.017 +05:30 [INF] Executed endpoint 'Portfolio_Management_System.Controllers.AdminAutoTubeController.UploadScript (Portfolio Management System)'
2026-06-29 22:13:12.021 +05:30 [INF] HTTP POST /Admin/AutoTube/UploadScript responded 200 in 18609.0820 ms
2026-06-29 22:13:12.027 +05:30 [INF] Background task started to render and upload custom video ID 2
2026-06-29 22:13:12.031 +05:30 [INF] Request finished HTTP/2 POST https://localhost:44341/Admin/AutoTube/UploadScript - 200 null application/json; charset=utf-8 18620.2136ms
2026-06-29 22:13:12.038 +05:30 [INF] Start processing HTTP request POST http://localhost:8000/api/video/render
2026-06-29 22:13:12.038 +05:30 [INF] Sending HTTP request POST http://localhost:8000/api/video/render
2026-06-29 22:13:12.611 +05:30 [INF] Request starting HTTP/2 GET https://localhost:44341/Gallery?type=video - null null
2026-06-29 22:13:12.616 +05:30 [INF] Executing endpoint 'Portfolio_Management_System.Controllers.GalleryController.Index (Portfolio Management System)'
2026-06-29 22:13:12.616 +05:30 [INF] Route matched with {action = "Index", controller = "Gallery"}. Executing controller action with signature System.Threading.Tasks.Task`1[Microsoft.AspNetCore.Mvc.IActionResult] Index(System.String) on controller Portfolio_Management_System.Controllers.GalleryController (Portfolio Management System).
2026-06-29 22:13:12.990 +05:30 [INF] Executing ViewResult, running view Index.
2026-06-29 22:13:13.020 +05:30 [INF] Received HTTP response headers after 981.7144ms - 200
2026-06-29 22:13:13.020 +05:30 [INF] End processing HTTP request after 982.1445ms - 200
2026-06-29 22:13:13.028 +05:30 [INF] Start processing HTTP request POST http://localhost:8000/api/youtube/upload
2026-06-29 22:13:13.028 +05:30 [INF] Sending HTTP request POST http://localhost:8000/api/youtube/upload
2026-06-29 22:13:13.039 +05:30 [INF] Received HTTP response headers after 10.8243ms - 200
2026-06-29 22:13:13.039 +05:30 [INF] End processing HTTP request after 12.494ms - 200
2026-06-29 22:13:13.178 +05:30 [INF] Executed ViewResult - view Index executed in 187.7864ms.
2026-06-29 22:13:13.178 +05:30 [INF] Executed action Portfolio_Management_System.Controllers.GalleryController.Index (Portfolio Management System) in 561.7603ms
2026-06-29 22:13:13.178 +05:30 [INF] Executed endpoint 'Portfolio_Management_System.Controllers.GalleryController.Index (Portfolio Management System)'
2026-06-29 22:13:13.178 +05:30 [INF] HTTP GET /Gallery responded 200 in 562.8247 ms
2026-06-29 22:13:13.179 +05:30 [INF] Request finished HTTP/2 GET https://localhost:44341/Gallery?type=video - 200 null text/html; charset=utf-8 568.4366ms
2026-06-29 22:13:13.228 +05:30 [INF] Request starting HTTP/2 GET https://localhost:44341/_framework/aspnetcore-browser-refresh.js - null null
2026-06-29 22:13:13.229 +05:30 [INF] Request finished HTTP/2 GET https://localhost:44341/_framework/aspnetcore-browser-refresh.js - 200 16539 application/javascript; charset=utf-8 0.6607ms
2026-06-29 22:13:13.260 +05:30 [INF] Request starting HTTP/2 GET https://localhost:44341/_vs/browserLink - null null
2026-06-29 22:13:13.308 +05:30 [INF] Request finished HTTP/2 GET https://localhost:44341/_vs/browserLink - 200 null text/javascript; charset=UTF-8 47.8231ms
2026-06-29 22:13:14.131 +05:30 [INF] Request starting HTTP/2 GET https://localhost:44341/Admin/GetUnreadMessagesCount - null null
2026-06-29 22:13:14.132 +05:30 [INF] Executing endpoint 'Portfolio_Management_System.Controllers.AdminController.GetUnreadMessagesCount (Portfolio Management System)'
2026-06-29 22:13:14.132 +05:30 [INF] Route matched with {action = "GetUnreadMessagesCount", controller = "Admin"}. Executing controller action with signature System.Threading.Tasks.Task`1[Microsoft.AspNetCore.Mvc.IActionResult] GetUnreadMessagesCount() on controller Portfolio_Management_System.Controllers.AdminController (Portfolio Management System).
2026-06-29 22:13:14.147 +05:30 [INF] Request starting HTTP/2 GET https://localhost:44341/Admin/GetRecentMessages - null null
2026-06-29 22:13:14.147 +05:30 [INF] Executing endpoint 'Portfolio_Management_System.Controllers.AdminController.GetRecentMessages (Portfolio Management System)'
2026-06-29 22:13:14.147 +05:30 [INF] Route matched with {action = "GetRecentMessages", controller = "Admin"}. Executing controller action with signature System.Threading.Tasks.Task`1[Microsoft.AspNetCore.Mvc.IActionResult] GetRecentMessages() on controller Portfolio_Management_System.Controllers.AdminController (Portfolio Management System).
2026-06-29 22:13:14.307 +05:30 [INF] Executing JsonResult, writing value of type 'System.Int32'.
2026-06-29 22:13:14.310 +05:30 [INF] Executed action Portfolio_Management_System.Controllers.AdminController.GetUnreadMessagesCount (Portfolio Management System) in 178.1881ms
2026-06-29 22:13:14.313 +05:30 [INF] Executed endpoint 'Portfolio_Management_System.Controllers.AdminController.GetUnreadMessagesCount (Portfolio Management System)'
2026-06-29 22:13:14.313 +05:30 [INF] HTTP GET /Admin/GetUnreadMessagesCount responded 200 in 181.8585 ms
2026-06-29 22:13:14.313 +05:30 [INF] Request finished HTTP/2 GET https://localhost:44341/Admin/GetUnreadMessagesCount - 200 null application/json; charset=utf-8 182.6159ms
2026-06-29 22:13:14.322 +05:30 [INF] Executing JsonResult, writing value of type 'System.Collections.Generic.List`1[[<>f__AnonymousType17`7[[System.Int32, System.Private.CoreLib, Version=9.0.0.0, Culture=neutral, PublicKeyToken=7cec85d7bea7798e],[System.String, System.Private.CoreLib, Version=9.0.0.0, Culture=neutral, PublicKeyToken=7cec85d7bea7798e],[System.String, System.Private.CoreLib, Version=9.0.0.0, Culture=neutral, PublicKeyToken=7cec85d7bea7798e],[System.String, System.Private.CoreLib, Version=9.0.0.0, Culture=neutral, PublicKeyToken=7cec85d7bea7798e],[System.String, System.Private.CoreLib, Version=9.0.0.0, Culture=neutral, PublicKeyToken=7cec85d7bea7798e],[System.Boolean, System.Private.CoreLib, Version=9.0.0.0, Culture=neutral, PublicKeyToken=7cec85d7bea7798e],[System.DateTime, System.Private.CoreLib, Version=9.0.0.0, Culture=neutral, PublicKeyToken=7cec85d7bea7798e]], Portfolio Management System, Version=1.0.0.0, Culture=neutral, PublicKeyToken=null]]'.
2026-06-29 22:13:14.323 +05:30 [INF] Executed action Portfolio_Management_System.Controllers.AdminController.GetRecentMessages (Portfolio Management System) in 176.2042ms
2026-06-29 22:13:14.324 +05:30 [INF] Executed endpoint 'Portfolio_Management_System.Controllers.AdminController.GetRecentMessages (Portfolio Management System)'
2026-06-29 22:13:14.324 +05:30 [INF] HTTP GET /Admin/GetRecentMessages responded 200 in 177.4372 ms
2026-06-29 22:13:14.330 +05:30 [INF] Request finished HTTP/2 GET https://localhost:44341/Admin/GetRecentMessages - 200 null application/json; charset=utf-8 183.1155ms
2026-06-29 22:13:44.087 +05:30 [INF] Request starting HTTP/2 GET https://localhost:44341/Admin/GetRecentMessages - null null
2026-06-29 22:13:44.089 +05:30 [INF] Request starting HTTP/2 GET https://localhost:44341/Admin/GetUnreadMessagesCount - null null
2026-06-29 22:13:44.091 +05:30 [INF] Executing endpoint 'Portfolio_Management_System.Controllers.AdminController.GetRecentMessages (Portfolio Management System)'
2026-06-29 22:13:44.091 +05:30 [INF] Executing endpoint 'Portfolio_Management_System.Controllers.AdminController.GetUnreadMessagesCount (Portfolio Management System)'
2026-06-29 22:13:44.092 +05:30 [INF] Route matched with {action = "GetRecentMessages", controller = "Admin"}. Executing controller action with signature System.Threading.Tasks.Task`1[Microsoft.AspNetCore.Mvc.IActionResult] GetRecentMessages() on controller Portfolio_Management_System.Controllers.AdminController (Portfolio Management System).
2026-06-29 22:13:44.092 +05:30 [INF] Route matched with {action = "GetUnreadMessagesCount", controller = "Admin"}. Executing controller action with signature System.Threading.Tasks.Task`1[Microsoft.AspNetCore.Mvc.IActionResult] GetUnreadMessagesCount() on controller Portfolio_Management_System.Controllers.AdminController (Portfolio Management System).
2026-06-29 22:13:44.267 +05:30 [INF] Executing JsonResult, writing value of type 'System.Int32'.
2026-06-29 22:13:44.268 +05:30 [INF] Executed action Portfolio_Management_System.Controllers.AdminController.GetUnreadMessagesCount (Portfolio Management System) in 176.4217ms
2026-06-29 22:13:44.268 +05:30 [INF] Executed endpoint 'Portfolio_Management_System.Controllers.AdminController.GetUnreadMessagesCount (Portfolio Management System)'
2026-06-29 22:13:44.271 +05:30 [INF] HTTP GET /Admin/GetUnreadMessagesCount responded 200 in 180.6638 ms
2026-06-29 22:13:44.274 +05:30 [INF] Request finished HTTP/2 GET https://localhost:44341/Admin/GetUnreadMessagesCount - 200 null application/json; charset=utf-8 186.7276ms
2026-06-29 22:13:44.274 +05:30 [INF] Executing JsonResult, writing value of type 'System.Collections.Generic.List`1[[<>f__AnonymousType17`7[[System.Int32, System.Private.CoreLib, Version=9.0.0.0, Culture=neutral, PublicKeyToken=7cec85d7bea7798e],[System.String, System.Private.CoreLib, Version=9.0.0.0, Culture=neutral, PublicKeyToken=7cec85d7bea7798e],[System.String, System.Private.CoreLib, Version=9.0.0.0, Culture=neutral, PublicKeyToken=7cec85d7bea7798e],[System.String, System.Private.CoreLib, Version=9.0.0.0, Culture=neutral, PublicKeyToken=7cec85d7bea7798e],[System.String, System.Private.CoreLib, Version=9.0.0.0, Culture=neutral, PublicKeyToken=7cec85d7bea7798e],[System.Boolean, System.Private.CoreLib, Version=9.0.0.0, Culture=neutral, PublicKeyToken=7cec85d7bea7798e],[System.DateTime, System.Private.CoreLib, Version=9.0.0.0, Culture=neutral, PublicKeyToken=7cec85d7bea7798e]], Portfolio Management System, Version=1.0.0.0, Culture=neutral, PublicKeyToken=null]]'.
2026-06-29 22:13:44.275 +05:30 [INF] Executed action Portfolio_Management_System.Controllers.AdminController.GetRecentMessages (Portfolio Management System) in 183.0279ms
2026-06-29 22:13:44.275 +05:30 [INF] Executed endpoint 'Portfolio_Management_System.Controllers.AdminController.GetRecentMessages (Portfolio Management System)'
2026-06-29 22:13:44.275 +05:30 [INF] HTTP GET /Admin/GetRecentMessages responded 200 in 187.8132 ms
2026-06-29 22:13:44.275 +05:30 [INF] Request finished HTTP/2 GET https://localhost:44341/Admin/GetRecentMessages - 200 null application/json; charset=utf-8 189.0965ms
2026-06-29 22:14:14.707 +05:30 [INF] Request starting HTTP/2 GET https://localhost:44341/Admin/GetUnreadMessagesCount - null null
2026-06-29 22:14:14.708 +05:30 [INF] Request starting HTTP/2 GET https://localhost:44341/Admin/GetRecentMessages - null null
2026-06-29 22:14:14.775 +05:30 [INF] Executing endpoint 'Portfolio_Management_System.Controllers.AdminController.GetUnreadMessagesCount (Portfolio Management System)'
2026-06-29 22:14:14.775 +05:30 [INF] Executing endpoint 'Portfolio_Management_System.Controllers.AdminController.GetRecentMessages (Portfolio Management System)'
2026-06-29 22:14:14.776 +05:30 [INF] Route matched with {action = "GetRecentMessages", controller = "Admin"}. Executing controller action with signature System.Threading.Tasks.Task`1[Microsoft.AspNetCore.Mvc.IActionResult] GetRecentMessages() on controller Portfolio_Management_System.Controllers.AdminController (Portfolio Management System).
2026-06-29 22:14:14.776 +05:30 [INF] Route matched with {action = "GetUnreadMessagesCount", controller = "Admin"}. Executing controller action with signature System.Threading.Tasks.Task`1[Microsoft.AspNetCore.Mvc.IActionResult] GetUnreadMessagesCount() on controller Portfolio_Management_System.Controllers.AdminController (Portfolio Management System).
2026-06-29 22:14:14.970 +05:30 [INF] Executing JsonResult, writing value of type 'System.Collections.Generic.List`1[[<>f__AnonymousType17`7[[System.Int32, System.Private.CoreLib, Version=9.0.0.0, Culture=neutral, PublicKeyToken=7cec85d7bea7798e],[System.String, System.Private.CoreLib, Version=9.0.0.0, Culture=neutral, PublicKeyToken=7cec85d7bea7798e],[System.String, System.Private.CoreLib, Version=9.0.0.0, Culture=neutral, PublicKeyToken=7cec85d7bea7798e],[System.String, System.Private.CoreLib, Version=9.0.0.0, Culture=neutral, PublicKeyToken=7cec85d7bea7798e],[System.String, System.Private.CoreLib, Version=9.0.0.0, Culture=neutral, PublicKeyToken=7cec85d7bea7798e],[System.Boolean, System.Private.CoreLib, Version=9.0.0.0, Culture=neutral, PublicKeyToken=7cec85d7bea7798e],[System.DateTime, System.Private.CoreLib, Version=9.0.0.0, Culture=neutral, PublicKeyToken=7cec85d7bea7798e]], Portfolio Management System, Version=1.0.0.0, Culture=neutral, PublicKeyToken=null]]'.
2026-06-29 22:14:14.973 +05:30 [INF] Executing JsonResult, writing value of type 'System.Int32'.
2026-06-29 22:14:14.975 +05:30 [INF] Executed action Portfolio_Management_System.Controllers.AdminController.GetUnreadMessagesCount (Portfolio Management System) in 197.7665ms
2026-06-29 22:14:14.975 +05:30 [INF] Executed endpoint 'Portfolio_Management_System.Controllers.AdminController.GetUnreadMessagesCount (Portfolio Management System)'
2026-06-29 22:14:14.977 +05:30 [INF] Executed action Portfolio_Management_System.Controllers.AdminController.GetRecentMessages (Portfolio Management System) in 200.2325ms
2026-06-29 22:14:14.977 +05:30 [INF] Executed endpoint 'Portfolio_Management_System.Controllers.AdminController.GetRecentMessages (Portfolio Management System)'
2026-06-29 22:14:14.977 +05:30 [INF] HTTP GET /Admin/GetRecentMessages responded 200 in 269.2210 ms
2026-06-29 22:14:14.979 +05:30 [INF] Request finished HTTP/2 GET https://localhost:44341/Admin/GetRecentMessages - 200 null application/json; charset=utf-8 275.6935ms
2026-06-29 22:14:14.975 +05:30 [INF] HTTP GET /Admin/GetUnreadMessagesCount responded 200 in 267.6924 ms
2026-06-29 22:14:14.984 +05:30 [INF] Request finished HTTP/2 GET https://localhost:44341/Admin/GetUnreadMessagesCount - 200 null application/json; charset=utf-8 278.6911ms
2026-06-29 22:14:44.084 +05:30 [INF] Request starting HTTP/2 GET https://localhost:44341/Admin/GetRecentMessages - null null
2026-06-29 22:14:44.083 +05:30 [INF] Request starting HTTP/2 GET https://localhost:44341/Admin/GetUnreadMessagesCount - null null
2026-06-29 22:14:44.146 +05:30 [INF] Executing endpoint 'Portfolio_Management_System.Controllers.AdminController.GetRecentMessages (Portfolio Management System)'
2026-06-29 22:14:44.146 +05:30 [INF] Route matched with {action = "GetRecentMessages", controller = "Admin"}. Executing controller action with signature System.Threading.Tasks.Task`1[Microsoft.AspNetCore.Mvc.IActionResult] GetRecentMessages() on controller Portfolio_Management_System.Controllers.AdminController (Portfolio Management System).
2026-06-29 22:14:44.147 +05:30 [INF] Executing endpoint 'Portfolio_Management_System.Controllers.AdminController.GetUnreadMessagesCount (Portfolio Management System)'
2026-06-29 22:14:44.147 +05:30 [INF] Route matched with {action = "GetUnreadMessagesCount", controller = "Admin"}. Executing controller action with signature System.Threading.Tasks.Task`1[Microsoft.AspNetCore.Mvc.IActionResult] GetUnreadMessagesCount() on controller Portfolio_Management_System.Controllers.AdminController (Portfolio Management System).
2026-06-29 22:14:44.318 +05:30 [INF] Executing JsonResult, writing value of type 'System.Int32'.
2026-06-29 22:14:44.319 +05:30 [INF] Executing JsonResult, writing value of type 'System.Collections.Generic.List`1[[<>f__AnonymousType17`7[[System.Int32, System.Private.CoreLib, Version=9.0.0.0, Culture=neutral, PublicKeyToken=7cec85d7bea7798e],[System.String, System.Private.CoreLib, Version=9.0.0.0, Culture=neutral, PublicKeyToken=7cec85d7bea7798e],[System.String, System.Private.CoreLib, Version=9.0.0.0, Culture=neutral, PublicKeyToken=7cec85d7bea7798e],[System.String, System.Private.CoreLib, Version=9.0.0.0, Culture=neutral, PublicKeyToken=7cec85d7bea7798e],[System.String, System.Private.CoreLib, Version=9.0.0.0, Culture=neutral, PublicKeyToken=7cec85d7bea7798e],[System.Boolean, System.Private.CoreLib, Version=9.0.0.0, Culture=neutral, PublicKeyToken=7cec85d7bea7798e],[System.DateTime, System.Private.CoreLib, Version=9.0.0.0, Culture=neutral, PublicKeyToken=7cec85d7bea7798e]], Portfolio Management System, Version=1.0.0.0, Culture=neutral, PublicKeyToken=null]]'.
2026-06-29 22:14:44.322 +05:30 [INF] Executed action Portfolio_Management_System.Controllers.AdminController.GetUnreadMessagesCount (Portfolio Management System) in 174.6726ms
2026-06-29 22:14:44.322 +05:30 [INF] Executed action Portfolio_Management_System.Controllers.AdminController.GetRecentMessages (Portfolio Management System) in 175.3077ms
2026-06-29 22:14:44.322 +05:30 [INF] Executed endpoint 'Portfolio_Management_System.Controllers.AdminController.GetRecentMessages (Portfolio Management System)'
2026-06-29 22:14:44.322 +05:30 [INF] HTTP GET /Admin/GetRecentMessages responded 200 in 238.1315 ms
2026-06-29 22:14:44.322 +05:30 [INF] Executed endpoint 'Portfolio_Management_System.Controllers.AdminController.GetUnreadMessagesCount (Portfolio Management System)'
2026-06-29 22:14:44.322 +05:30 [INF] HTTP GET /Admin/GetUnreadMessagesCount responded 200 in 206.7429 ms
2026-06-29 22:14:44.324 +05:30 [INF] Request finished HTTP/2 GET https://localhost:44341/Admin/GetUnreadMessagesCount - 200 null application/json; charset=utf-8 241.0135ms
2026-06-29 22:14:44.324 +05:30 [INF] Request finished HTTP/2 GET https://localhost:44341/Admin/GetRecentMessages - 200 null application/json; charset=utf-8 240.5674ms
2026-06-29 22:15:14.080 +05:30 [INF] Request starting HTTP/2 GET https://localhost:44341/Admin/GetUnreadMessagesCount - null null
2026-06-29 22:15:14.082 +05:30 [INF] Request starting HTTP/2 GET https://localhost:44341/Admin/GetRecentMessages - null null
2026-06-29 22:15:14.089 +05:30 [INF] Executing endpoint 'Portfolio_Management_System.Controllers.AdminController.GetUnreadMessagesCount (Portfolio Management System)'
2026-06-29 22:15:14.112 +05:30 [INF] Route matched with {action = "GetUnreadMessagesCount", controller = "Admin"}. Executing controller action with signature System.Threading.Tasks.Task`1[Microsoft.AspNetCore.Mvc.IActionResult] GetUnreadMessagesCount() on controller Portfolio_Management_System.Controllers.AdminController (Portfolio Management System).
2026-06-29 22:15:14.112 +05:30 [INF] Executing endpoint 'Portfolio_Management_System.Controllers.AdminController.GetRecentMessages (Portfolio Management System)'
2026-06-29 22:15:14.113 +05:30 [INF] Route matched with {action = "GetRecentMessages", controller = "Admin"}. Executing controller action with signature System.Threading.Tasks.Task`1[Microsoft.AspNetCore.Mvc.IActionResult] GetRecentMessages() on controller Portfolio_Management_System.Controllers.AdminController (Portfolio Management System).
2026-06-29 22:15:14.305 +05:30 [INF] Executing JsonResult, writing value of type 'System.Int32'.
2026-06-29 22:15:14.306 +05:30 [INF] Executed action Portfolio_Management_System.Controllers.AdminController.GetUnreadMessagesCount (Portfolio Management System) in 193.4216ms
2026-06-29 22:15:14.306 +05:30 [INF] Executed endpoint 'Portfolio_Management_System.Controllers.AdminController.GetUnreadMessagesCount (Portfolio Management System)'
2026-06-29 22:15:14.312 +05:30 [INF] HTTP GET /Admin/GetUnreadMessagesCount responded 200 in 227.7594 ms
2026-06-29 22:15:14.309 +05:30 [INF] Executing JsonResult, writing value of type 'System.Collections.Generic.List`1[[<>f__AnonymousType17`7[[System.Int32, System.Private.CoreLib, Version=9.0.0.0, Culture=neutral, PublicKeyToken=7cec85d7bea7798e],[System.String, System.Private.CoreLib, Version=9.0.0.0, Culture=neutral, PublicKeyToken=7cec85d7bea7798e],[System.String, System.Private.CoreLib, Version=9.0.0.0, Culture=neutral, PublicKeyToken=7cec85d7bea7798e],[System.String, System.Private.CoreLib, Version=9.0.0.0, Culture=neutral, PublicKeyToken=7cec85d7bea7798e],[System.String, System.Private.CoreLib, Version=9.0.0.0, Culture=neutral, PublicKeyToken=7cec85d7bea7798e],[System.Boolean, System.Private.CoreLib, Version=9.0.0.0, Culture=neutral, PublicKeyToken=7cec85d7bea7798e],[System.DateTime, System.Private.CoreLib, Version=9.0.0.0, Culture=neutral, PublicKeyToken=7cec85d7bea7798e]], Portfolio Management System, Version=1.0.0.0, Culture=neutral, PublicKeyToken=null]]'.
2026-06-29 22:15:14.318 +05:30 [INF] Request finished HTTP/2 GET https://localhost:44341/Admin/GetUnreadMessagesCount - 200 null application/json; charset=utf-8 237.673ms
2026-06-29 22:15:14.318 +05:30 [INF] Executed action Portfolio_Management_System.Controllers.AdminController.GetRecentMessages (Portfolio Management System) in 205.082ms
2026-06-29 22:15:14.318 +05:30 [INF] Executed endpoint 'Portfolio_Management_System.Controllers.AdminController.GetRecentMessages (Portfolio Management System)'
2026-06-29 22:15:14.319 +05:30 [INF] HTTP GET /Admin/GetRecentMessages responded 200 in 231.3885 ms
2026-06-29 22:15:14.320 +05:30 [INF] Request finished HTTP/2 GET https://localhost:44341/Admin/GetRecentMessages - 200 null application/json; charset=utf-8 238.6031ms
2026-06-29 22:15:44.113 +05:30 [INF] Request starting HTTP/2 GET https://localhost:44341/Admin/GetUnreadMessagesCount - null null
2026-06-29 22:15:44.113 +05:30 [INF] Request starting HTTP/2 GET https://localhost:44341/Admin/GetRecentMessages - null null
2026-06-29 22:15:44.144 +05:30 [INF] Executing endpoint 'Portfolio_Management_System.Controllers.AdminController.GetUnreadMessagesCount (Portfolio Management System)'
2026-06-29 22:15:44.144 +05:30 [INF] Executing endpoint 'Portfolio_Management_System.Controllers.AdminController.GetRecentMessages (Portfolio Management System)'
2026-06-29 22:15:44.144 +05:30 [INF] Route matched with {action = "GetUnreadMessagesCount", controller = "Admin"}. Executing controller action with signature System.Threading.Tasks.Task`1[Microsoft.AspNetCore.Mvc.IActionResult] GetUnreadMessagesCount() on controller Portfolio_Management_System.Controllers.AdminController (Portfolio Management System).
2026-06-29 22:15:44.144 +05:30 [INF] Route matched with {action = "GetRecentMessages", controller = "Admin"}. Executing controller action with signature System.Threading.Tasks.Task`1[Microsoft.AspNetCore.Mvc.IActionResult] GetRecentMessages() on controller Portfolio_Management_System.Controllers.AdminController (Portfolio Management System).
2026-06-29 22:15:44.322 +05:30 [INF] Executing JsonResult, writing value of type 'System.Collections.Generic.List`1[[<>f__AnonymousType17`7[[System.Int32, System.Private.CoreLib, Version=9.0.0.0, Culture=neutral, PublicKeyToken=7cec85d7bea7798e],[System.String, System.Private.CoreLib, Version=9.0.0.0, Culture=neutral, PublicKeyToken=7cec85d7bea7798e],[System.String, System.Private.CoreLib, Version=9.0.0.0, Culture=neutral, PublicKeyToken=7cec85d7bea7798e],[System.String, System.Private.CoreLib, Version=9.0.0.0, Culture=neutral, PublicKeyToken=7cec85d7bea7798e],[System.String, System.Private.CoreLib, Version=9.0.0.0, Culture=neutral, PublicKeyToken=7cec85d7bea7798e],[System.Boolean, System.Private.CoreLib, Version=9.0.0.0, Culture=neutral, PublicKeyToken=7cec85d7bea7798e],[System.DateTime, System.Private.CoreLib, Version=9.0.0.0, Culture=neutral, PublicKeyToken=7cec85d7bea7798e]], Portfolio Management System, Version=1.0.0.0, Culture=neutral, PublicKeyToken=null]]'.
2026-06-29 22:15:44.322 +05:30 [INF] Executed action Portfolio_Management_System.Controllers.AdminController.GetRecentMessages (Portfolio Management System) in 177.9789ms
2026-06-29 22:15:44.323 +05:30 [INF] Executed endpoint 'Portfolio_Management_System.Controllers.AdminController.GetRecentMessages (Portfolio Management System)'
2026-06-29 22:15:44.323 +05:30 [INF] HTTP GET /Admin/GetRecentMessages responded 200 in 179.8606 ms
2026-06-29 22:15:44.324 +05:30 [INF] Request finished HTTP/2 GET https://localhost:44341/Admin/GetRecentMessages - 200 null application/json; charset=utf-8 241.8732ms
2026-06-29 22:15:44.326 +05:30 [INF] Executing JsonResult, writing value of type 'System.Int32'.
2026-06-29 22:15:44.327 +05:30 [INF] Executed action Portfolio_Management_System.Controllers.AdminController.GetUnreadMessagesCount (Portfolio Management System) in 182.4073ms
2026-06-29 22:15:44.327 +05:30 [INF] Executed endpoint 'Portfolio_Management_System.Controllers.AdminController.GetUnreadMessagesCount (Portfolio Management System)'
2026-06-29 22:15:44.327 +05:30 [INF] HTTP GET /Admin/GetUnreadMessagesCount responded 200 in 213.7387 ms
2026-06-29 22:15:44.328 +05:30 [INF] Request finished HTTP/2 GET https://localhost:44341/Admin/GetUnreadMessagesCount - 200 null application/json; charset=utf-8 244.7499ms
2026-06-29 22:16:14.090 +05:30 [INF] Request starting HTTP/2 GET https://localhost:44341/Admin/GetUnreadMessagesCount - null null
2026-06-29 22:16:14.092 +05:30 [INF] Executing endpoint 'Portfolio_Management_System.Controllers.AdminController.GetUnreadMessagesCount (Portfolio Management System)'
2026-06-29 22:16:14.093 +05:30 [INF] Route matched with {action = "GetUnreadMessagesCount", controller = "Admin"}. Executing controller action with signature System.Threading.Tasks.Task`1[Microsoft.AspNetCore.Mvc.IActionResult] GetUnreadMessagesCount() on controller Portfolio_Management_System.Controllers.AdminController (Portfolio Management System).
2026-06-29 22:16:14.128 +05:30 [INF] Request starting HTTP/2 GET https://localhost:44341/Admin/GetRecentMessages - null null
2026-06-29 22:16:14.160 +05:30 [INF] Executing endpoint 'Portfolio_Management_System.Controllers.AdminController.GetRecentMessages (Portfolio Management System)'
2026-06-29 22:16:14.160 +05:30 [INF] Route matched with {action = "GetRecentMessages", controller = "Admin"}. Executing controller action with signature System.Threading.Tasks.Task`1[Microsoft.AspNetCore.Mvc.IActionResult] GetRecentMessages() on controller Portfolio_Management_System.Controllers.AdminController (Portfolio Management System).
2026-06-29 22:16:14.329 +05:30 [INF] Executing JsonResult, writing value of type 'System.Int32'.
2026-06-29 22:16:14.332 +05:30 [INF] Executed action Portfolio_Management_System.Controllers.AdminController.GetUnreadMessagesCount (Portfolio Management System) in 203.0541ms
2026-06-29 22:16:14.332 +05:30 [INF] Executed endpoint 'Portfolio_Management_System.Controllers.AdminController.GetUnreadMessagesCount (Portfolio Management System)'
2026-06-29 22:16:14.332 +05:30 [INF] HTTP GET /Admin/GetUnreadMessagesCount responded 200 in 241.4841 ms
2026-06-29 22:16:14.333 +05:30 [INF] Request finished HTTP/2 GET https://localhost:44341/Admin/GetUnreadMessagesCount - 200 null application/json; charset=utf-8 242.7516ms
2026-06-29 22:16:14.364 +05:30 [INF] Executing JsonResult, writing value of type 'System.Collections.Generic.List`1[[<>f__AnonymousType17`7[[System.Int32, System.Private.CoreLib, Version=9.0.0.0, Culture=neutral, PublicKeyToken=7cec85d7bea7798e],[System.String, System.Private.CoreLib, Version=9.0.0.0, Culture=neutral, PublicKeyToken=7cec85d7bea7798e],[System.String, System.Private.CoreLib, Version=9.0.0.0, Culture=neutral, PublicKeyToken=7cec85d7bea7798e],[System.String, System.Private.CoreLib, Version=9.0.0.0, Culture=neutral, PublicKeyToken=7cec85d7bea7798e],[System.String, System.Private.CoreLib, Version=9.0.0.0, Culture=neutral, PublicKeyToken=7cec85d7bea7798e],[System.Boolean, System.Private.CoreLib, Version=9.0.0.0, Culture=neutral, PublicKeyToken=7cec85d7bea7798e],[System.DateTime, System.Private.CoreLib, Version=9.0.0.0, Culture=neutral, PublicKeyToken=7cec85d7bea7798e]], Portfolio Management System, Version=1.0.0.0, Culture=neutral, PublicKeyToken=null]]'.
2026-06-29 22:16:14.365 +05:30 [INF] Executed action Portfolio_Management_System.Controllers.AdminController.GetRecentMessages (Portfolio Management System) in 204.5417ms
2026-06-29 22:16:14.366 +05:30 [INF] Executed endpoint 'Portfolio_Management_System.Controllers.AdminController.GetRecentMessages (Portfolio Management System)'
2026-06-29 22:16:14.366 +05:30 [INF] HTTP GET /Admin/GetRecentMessages responded 200 in 236.9927 ms
2026-06-29 22:16:14.367 +05:30 [INF] Request finished HTTP/2 GET https://localhost:44341/Admin/GetRecentMessages - 200 null application/json; charset=utf-8 274.1052ms
2026-06-29 22:16:44.079 +05:30 [INF] Request starting HTTP/2 GET https://localhost:44341/Admin/GetUnreadMessagesCount - null null
2026-06-29 22:16:44.080 +05:30 [INF] Request starting HTTP/2 GET https://localhost:44341/Admin/GetRecentMessages - null null
2026-06-29 22:16:44.145 +05:30 [INF] Executing endpoint 'Portfolio_Management_System.Controllers.AdminController.GetRecentMessages (Portfolio Management System)'
2026-06-29 22:16:44.145 +05:30 [INF] Executing endpoint 'Portfolio_Management_System.Controllers.AdminController.GetUnreadMessagesCount (Portfolio Management System)'
2026-06-29 22:16:44.146 +05:30 [INF] Route matched with {action = "GetRecentMessages", controller = "Admin"}. Executing controller action with signature System.Threading.Tasks.Task`1[Microsoft.AspNetCore.Mvc.IActionResult] GetRecentMessages() on controller Portfolio_Management_System.Controllers.AdminController (Portfolio Management System).
2026-06-29 22:16:44.146 +05:30 [INF] Route matched with {action = "GetUnreadMessagesCount", controller = "Admin"}. Executing controller action with signature System.Threading.Tasks.Task`1[Microsoft.AspNetCore.Mvc.IActionResult] GetUnreadMessagesCount() on controller Portfolio_Management_System.Controllers.AdminController (Portfolio Management System).
2026-06-29 22:16:44.340 +05:30 [INF] Executing JsonResult, writing value of type 'System.Int32'.
2026-06-29 22:16:44.341 +05:30 [INF] Executed action Portfolio_Management_System.Controllers.AdminController.GetUnreadMessagesCount (Portfolio Management System) in 195.1337ms
2026-06-29 22:16:44.341 +05:30 [INF] Executed endpoint 'Portfolio_Management_System.Controllers.AdminController.GetUnreadMessagesCount (Portfolio Management System)'
2026-06-29 22:16:44.378 +05:30 [INF] Executing JsonResult, writing value of type 'System.Collections.Generic.List`1[[<>f__AnonymousType17`7[[System.Int32, System.Private.CoreLib, Version=9.0.0.0, Culture=neutral, PublicKeyToken=7cec85d7bea7798e],[System.String, System.Private.CoreLib, Version=9.0.0.0, Culture=neutral, PublicKeyToken=7cec85d7bea7798e],[System.String, System.Private.CoreLib, Version=9.0.0.0, Culture=neutral, PublicKeyToken=7cec85d7bea7798e],[System.String, System.Private.CoreLib, Version=9.0.0.0, Culture=neutral, PublicKeyToken=7cec85d7bea7798e],[System.String, System.Private.CoreLib, Version=9.0.0.0, Culture=neutral, PublicKeyToken=7cec85d7bea7798e],[System.Boolean, System.Private.CoreLib, Version=9.0.0.0, Culture=neutral, PublicKeyToken=7cec85d7bea7798e],[System.DateTime, System.Private.CoreLib, Version=9.0.0.0, Culture=neutral, PublicKeyToken=7cec85d7bea7798e]], Portfolio Management System, Version=1.0.0.0, Culture=neutral, PublicKeyToken=null]]'.
2026-06-29 22:16:44.378 +05:30 [INF] HTTP GET /Admin/GetUnreadMessagesCount responded 200 in 297.5831 ms
2026-06-29 22:16:44.385 +05:30 [INF] Executed action Portfolio_Management_System.Controllers.AdminController.GetRecentMessages (Portfolio Management System) in 239.0434ms
2026-06-29 22:16:44.385 +05:30 [INF] Executed endpoint 'Portfolio_Management_System.Controllers.AdminController.GetRecentMessages (Portfolio Management System)'
2026-06-29 22:16:44.385 +05:30 [INF] HTTP GET /Admin/GetRecentMessages responded 200 in 304.2338 ms
2026-06-29 22:16:44.385 +05:30 [INF] Request finished HTTP/2 GET https://localhost:44341/Admin/GetRecentMessages - 200 null application/json; charset=utf-8 305.0168ms
2026-06-29 22:16:44.386 +05:30 [INF] Request finished HTTP/2 GET https://localhost:44341/Admin/GetUnreadMessagesCount - 200 null application/json; charset=utf-8 307.3532ms
2026-06-29 22:17:14.084 +05:30 [INF] Request starting HTTP/2 GET https://localhost:44341/Admin/GetRecentMessages - null null
2026-06-29 22:17:14.085 +05:30 [INF] Request starting HTTP/2 GET https://localhost:44341/Admin/GetUnreadMessagesCount - null null
2026-06-29 22:17:14.149 +05:30 [INF] Executing endpoint 'Portfolio_Management_System.Controllers.AdminController.GetRecentMessages (Portfolio Management System)'
2026-06-29 22:17:14.149 +05:30 [INF] Executing endpoint 'Portfolio_Management_System.Controllers.AdminController.GetUnreadMessagesCount (Portfolio Management System)'
2026-06-29 22:17:14.149 +05:30 [INF] Route matched with {action = "GetRecentMessages", controller = "Admin"}. Executing controller action with signature System.Threading.Tasks.Task`1[Microsoft.AspNetCore.Mvc.IActionResult] GetRecentMessages() on controller Portfolio_Management_System.Controllers.AdminController (Portfolio Management System).
2026-06-29 22:17:14.149 +05:30 [INF] Route matched with {action = "GetUnreadMessagesCount", controller = "Admin"}. Executing controller action with signature System.Threading.Tasks.Task`1[Microsoft.AspNetCore.Mvc.IActionResult] GetUnreadMessagesCount() on controller Portfolio_Management_System.Controllers.AdminController (Portfolio Management System).
2026-06-29 22:17:14.342 +05:30 [INF] Executing JsonResult, writing value of type 'System.Int32'.
2026-06-29 22:17:14.342 +05:30 [INF] Executing JsonResult, writing value of type 'System.Collections.Generic.List`1[[<>f__AnonymousType17`7[[System.Int32, System.Private.CoreLib, Version=9.0.0.0, Culture=neutral, PublicKeyToken=7cec85d7bea7798e],[System.String, System.Private.CoreLib, Version=9.0.0.0, Culture=neutral, PublicKeyToken=7cec85d7bea7798e],[System.String, System.Private.CoreLib, Version=9.0.0.0, Culture=neutral, PublicKeyToken=7cec85d7bea7798e],[System.String, System.Private.CoreLib, Version=9.0.0.0, Culture=neutral, PublicKeyToken=7cec85d7bea7798e],[System.String, System.Private.CoreLib, Version=9.0.0.0, Culture=neutral, PublicKeyToken=7cec85d7bea7798e],[System.Boolean, System.Private.CoreLib, Version=9.0.0.0, Culture=neutral, PublicKeyToken=7cec85d7bea7798e],[System.DateTime, System.Private.CoreLib, Version=9.0.0.0, Culture=neutral, PublicKeyToken=7cec85d7bea7798e]], Portfolio Management System, Version=1.0.0.0, Culture=neutral, PublicKeyToken=null]]'.
2026-06-29 22:17:14.382 +05:30 [INF] Executed action Portfolio_Management_System.Controllers.AdminController.GetUnreadMessagesCount (Portfolio Management System) in 232.0231ms
2026-06-29 22:17:14.382 +05:30 [INF] Executed action Portfolio_Management_System.Controllers.AdminController.GetRecentMessages (Portfolio Management System) in 232.0831ms
2026-06-29 22:17:14.382 +05:30 [INF] Executed endpoint 'Portfolio_Management_System.Controllers.AdminController.GetUnreadMessagesCount (Portfolio Management System)'
2026-06-29 22:17:14.382 +05:30 [INF] Executed endpoint 'Portfolio_Management_System.Controllers.AdminController.GetRecentMessages (Portfolio Management System)'
2026-06-29 22:17:14.382 +05:30 [INF] HTTP GET /Admin/GetUnreadMessagesCount responded 200 in 268.8317 ms
2026-06-29 22:17:14.382 +05:30 [INF] HTTP GET /Admin/GetRecentMessages responded 200 in 297.4314 ms
2026-06-29 22:17:14.382 +05:30 [INF] Request finished HTTP/2 GET https://localhost:44341/Admin/GetRecentMessages - 200 null application/json; charset=utf-8 298.6483ms
2026-06-29 22:17:14.382 +05:30 [INF] Request finished HTTP/2 GET https://localhost:44341/Admin/GetUnreadMessagesCount - 200 null application/json; charset=utf-8 297.2481ms
2026-06-29 22:17:44.124 +05:30 [INF] Request starting HTTP/2 GET https://localhost:44341/Admin/GetUnreadMessagesCount - null null
2026-06-29 22:17:44.124 +05:30 [INF] Request starting HTTP/2 GET https://localhost:44341/Admin/GetRecentMessages - null null
2026-06-29 22:17:44.141 +05:30 [INF] Executing endpoint 'Portfolio_Management_System.Controllers.AdminController.GetRecentMessages (Portfolio Management System)'
2026-06-29 22:17:44.141 +05:30 [INF] Executing endpoint 'Portfolio_Management_System.Controllers.AdminController.GetUnreadMessagesCount (Portfolio Management System)'
2026-06-29 22:17:44.142 +05:30 [INF] Route matched with {action = "GetUnreadMessagesCount", controller = "Admin"}. Executing controller action with signature System.Threading.Tasks.Task`1[Microsoft.AspNetCore.Mvc.IActionResult] GetUnreadMessagesCount() on controller Portfolio_Management_System.Controllers.AdminController (Portfolio Management System).
2026-06-29 22:17:44.142 +05:30 [INF] Route matched with {action = "GetRecentMessages", controller = "Admin"}. Executing controller action with signature System.Threading.Tasks.Task`1[Microsoft.AspNetCore.Mvc.IActionResult] GetRecentMessages() on controller Portfolio_Management_System.Controllers.AdminController (Portfolio Management System).
2026-06-29 22:17:44.318 +05:30 [INF] Executing JsonResult, writing value of type 'System.Int32'.
2026-06-29 22:17:44.320 +05:30 [INF] Executed action Portfolio_Management_System.Controllers.AdminController.GetUnreadMessagesCount (Portfolio Management System) in 177.7243ms
2026-06-29 22:17:44.320 +05:30 [INF] Executed endpoint 'Portfolio_Management_System.Controllers.AdminController.GetUnreadMessagesCount (Portfolio Management System)'
2026-06-29 22:17:44.324 +05:30 [INF] HTTP GET /Admin/GetUnreadMessagesCount responded 200 in 199.2555 ms
2026-06-29 22:17:44.324 +05:30 [INF] Executing JsonResult, writing value of type 'System.Collections.Generic.List`1[[<>f__AnonymousType17`7[[System.Int32, System.Private.CoreLib, Version=9.0.0.0, Culture=neutral, PublicKeyToken=7cec85d7bea7798e],[System.String, System.Private.CoreLib, Version=9.0.0.0, Culture=neutral, PublicKeyToken=7cec85d7bea7798e],[System.String, System.Private.CoreLib, Version=9.0.0.0, Culture=neutral, PublicKeyToken=7cec85d7bea7798e],[System.String, System.Private.CoreLib, Version=9.0.0.0, Culture=neutral, PublicKeyToken=7cec85d7bea7798e],[System.String, System.Private.CoreLib, Version=9.0.0.0, Culture=neutral, PublicKeyToken=7cec85d7bea7798e],[System.Boolean, System.Private.CoreLib, Version=9.0.0.0, Culture=neutral, PublicKeyToken=7cec85d7bea7798e],[System.DateTime, System.Private.CoreLib, Version=9.0.0.0, Culture=neutral, PublicKeyToken=7cec85d7bea7798e]], Portfolio Management System, Version=1.0.0.0, Culture=neutral, PublicKeyToken=null]]'.
2026-06-29 22:17:44.324 +05:30 [INF] Request finished HTTP/2 GET https://localhost:44341/Admin/GetUnreadMessagesCount - 200 null application/json; charset=utf-8 200.3877ms
2026-06-29 22:17:44.325 +05:30 [INF] Executed action Portfolio_Management_System.Controllers.AdminController.GetRecentMessages (Portfolio Management System) in 182.1116ms
2026-06-29 22:17:44.325 +05:30 [INF] Executed endpoint 'Portfolio_Management_System.Controllers.AdminController.GetRecentMessages (Portfolio Management System)'
2026-06-29 22:17:44.325 +05:30 [INF] HTTP GET /Admin/GetRecentMessages responded 200 in 200.2572 ms
2026-06-29 22:17:44.325 +05:30 [INF] Request finished HTTP/2 GET https://localhost:44341/Admin/GetRecentMessages - 200 null application/json; charset=utf-8 200.8569ms
2026-06-29 22:18:14.080 +05:30 [INF] Request starting HTTP/2 GET https://localhost:44341/Admin/GetUnreadMessagesCount - null null
2026-06-29 22:18:14.081 +05:30 [INF] Request starting HTTP/2 GET https://localhost:44341/Admin/GetRecentMessages - null null
2026-06-29 22:18:14.116 +05:30 [INF] Executing endpoint 'Portfolio_Management_System.Controllers.AdminController.GetRecentMessages (Portfolio Management System)'
2026-06-29 22:18:14.116 +05:30 [INF] Executing endpoint 'Portfolio_Management_System.Controllers.AdminController.GetUnreadMessagesCount (Portfolio Management System)'
2026-06-29 22:18:14.118 +05:30 [INF] Route matched with {action = "GetUnreadMessagesCount", controller = "Admin"}. Executing controller action with signature System.Threading.Tasks.Task`1[Microsoft.AspNetCore.Mvc.IActionResult] GetUnreadMessagesCount() on controller Portfolio_Management_System.Controllers.AdminController (Portfolio Management System).
2026-06-29 22:18:14.118 +05:30 [INF] Route matched with {action = "GetRecentMessages", controller = "Admin"}. Executing controller action with signature System.Threading.Tasks.Task`1[Microsoft.AspNetCore.Mvc.IActionResult] GetRecentMessages() on controller Portfolio_Management_System.Controllers.AdminController (Portfolio Management System).
2026-06-29 22:18:14.322 +05:30 [INF] Executing JsonResult, writing value of type 'System.Collections.Generic.List`1[[<>f__AnonymousType17`7[[System.Int32, System.Private.CoreLib, Version=9.0.0.0, Culture=neutral, PublicKeyToken=7cec85d7bea7798e],[System.String, System.Private.CoreLib, Version=9.0.0.0, Culture=neutral, PublicKeyToken=7cec85d7bea7798e],[System.String, System.Private.CoreLib, Version=9.0.0.0, Culture=neutral, PublicKeyToken=7cec85d7bea7798e],[System.String, System.Private.CoreLib, Version=9.0.0.0, Culture=neutral, PublicKeyToken=7cec85d7bea7798e],[System.String, System.Private.CoreLib, Version=9.0.0.0, Culture=neutral, PublicKeyToken=7cec85d7bea7798e],[System.Boolean, System.Private.CoreLib, Version=9.0.0.0, Culture=neutral, PublicKeyToken=7cec85d7bea7798e],[System.DateTime, System.Private.CoreLib, Version=9.0.0.0, Culture=neutral, PublicKeyToken=7cec85d7bea7798e]], Portfolio Management System, Version=1.0.0.0, Culture=neutral, PublicKeyToken=null]]'.
2026-06-29 22:18:14.322 +05:30 [INF] Executing JsonResult, writing value of type 'System.Int32'.
2026-06-29 22:18:14.323 +05:30 [INF] Executed action Portfolio_Management_System.Controllers.AdminController.GetUnreadMessagesCount (Portfolio Management System) in 204.5576ms
2026-06-29 22:18:14.323 +05:30 [INF] Executed endpoint 'Portfolio_Management_System.Controllers.AdminController.GetUnreadMessagesCount (Portfolio Management System)'
2026-06-29 22:18:14.323 +05:30 [INF] Executed action Portfolio_Management_System.Controllers.AdminController.GetRecentMessages (Portfolio Management System) in 204.7932ms
2026-06-29 22:18:14.323 +05:30 [INF] HTTP GET /Admin/GetUnreadMessagesCount responded 200 in 243.2350 ms
2026-06-29 22:18:14.323 +05:30 [INF] Executed endpoint 'Portfolio_Management_System.Controllers.AdminController.GetRecentMessages (Portfolio Management System)'
2026-06-29 22:18:14.324 +05:30 [INF] HTTP GET /Admin/GetRecentMessages responded 200 in 242.2189 ms
2026-06-29 22:18:14.324 +05:30 [INF] Request finished HTTP/2 GET https://localhost:44341/Admin/GetUnreadMessagesCount - 200 null application/json; charset=utf-8 244.1347ms
2026-06-29 22:18:14.324 +05:30 [INF] Request finished HTTP/2 GET https://localhost:44341/Admin/GetRecentMessages - 200 null application/json; charset=utf-8 243.1232ms
2026-06-29 22:18:44.081 +05:30 [INF] Request starting HTTP/2 GET https://localhost:44341/Admin/GetRecentMessages - null null
2026-06-29 22:18:44.082 +05:30 [INF] Executing endpoint 'Portfolio_Management_System.Controllers.AdminController.GetRecentMessages (Portfolio Management System)'
2026-06-29 22:18:44.082 +05:30 [INF] Route matched with {action = "GetRecentMessages", controller = "Admin"}. Executing controller action with signature System.Threading.Tasks.Task`1[Microsoft.AspNetCore.Mvc.IActionResult] GetRecentMessages() on controller Portfolio_Management_System.Controllers.AdminController (Portfolio Management System).
2026-06-29 22:18:44.082 +05:30 [INF] Request starting HTTP/2 GET https://localhost:44341/Admin/GetUnreadMessagesCount - null null
2026-06-29 22:18:44.083 +05:30 [INF] Executing endpoint 'Portfolio_Management_System.Controllers.AdminController.GetUnreadMessagesCount (Portfolio Management System)'
2026-06-29 22:18:44.083 +05:30 [INF] Route matched with {action = "GetUnreadMessagesCount", controller = "Admin"}. Executing controller action with signature System.Threading.Tasks.Task`1[Microsoft.AspNetCore.Mvc.IActionResult] GetUnreadMessagesCount() on controller Portfolio_Management_System.Controllers.AdminController (Portfolio Management System).
2026-06-29 22:18:44.262 +05:30 [INF] Executing JsonResult, writing value of type 'System.Collections.Generic.List`1[[<>f__AnonymousType17`7[[System.Int32, System.Private.CoreLib, Version=9.0.0.0, Culture=neutral, PublicKeyToken=7cec85d7bea7798e],[System.String, System.Private.CoreLib, Version=9.0.0.0, Culture=neutral, PublicKeyToken=7cec85d7bea7798e],[System.String, System.Private.CoreLib, Version=9.0.0.0, Culture=neutral, PublicKeyToken=7cec85d7bea7798e],[System.String, System.Private.CoreLib, Version=9.0.0.0, Culture=neutral, PublicKeyToken=7cec85d7bea7798e],[System.String, System.Private.CoreLib, Version=9.0.0.0, Culture=neutral, PublicKeyToken=7cec85d7bea7798e],[System.Boolean, System.Private.CoreLib, Version=9.0.0.0, Culture=neutral, PublicKeyToken=7cec85d7bea7798e],[System.DateTime, System.Private.CoreLib, Version=9.0.0.0, Culture=neutral, PublicKeyToken=7cec85d7bea7798e]], Portfolio Management System, Version=1.0.0.0, Culture=neutral, PublicKeyToken=null]]'.
2026-06-29 22:18:44.265 +05:30 [INF] Executed action Portfolio_Management_System.Controllers.AdminController.GetRecentMessages (Portfolio Management System) in 182.5736ms
2026-06-29 22:18:44.265 +05:30 [INF] Executed endpoint 'Portfolio_Management_System.Controllers.AdminController.GetRecentMessages (Portfolio Management System)'
2026-06-29 22:18:44.266 +05:30 [INF] HTTP GET /Admin/GetRecentMessages responded 200 in 183.9777 ms
2026-06-29 22:18:44.268 +05:30 [INF] Executing JsonResult, writing value of type 'System.Int32'.
2026-06-29 22:18:44.266 +05:30 [INF] Request finished HTTP/2 GET https://localhost:44341/Admin/GetRecentMessages - 200 null application/json; charset=utf-8 185.5726ms
2026-06-29 22:18:44.270 +05:30 [INF] Executed action Portfolio_Management_System.Controllers.AdminController.GetUnreadMessagesCount (Portfolio Management System) in 186.448ms
2026-06-29 22:18:44.273 +05:30 [INF] Executed endpoint 'Portfolio_Management_System.Controllers.AdminController.GetUnreadMessagesCount (Portfolio Management System)'
2026-06-29 22:18:44.274 +05:30 [INF] HTTP GET /Admin/GetUnreadMessagesCount responded 200 in 191.2125 ms
2026-06-29 22:18:44.278 +05:30 [INF] Request finished HTTP/2 GET https://localhost:44341/Admin/GetUnreadMessagesCount - 200 null application/json; charset=utf-8 197.5263ms
2026-06-29 22:19:14.092 +05:30 [INF] Request starting HTTP/2 GET https://localhost:44341/Admin/GetUnreadMessagesCount - null null
2026-06-29 22:19:14.092 +05:30 [INF] Request starting HTTP/2 GET https://localhost:44341/Admin/GetRecentMessages - null null
2026-06-29 22:19:14.094 +05:30 [INF] Executing endpoint 'Portfolio_Management_System.Controllers.AdminController.GetUnreadMessagesCount (Portfolio Management System)'
2026-06-29 22:19:14.094 +05:30 [INF] Executing endpoint 'Portfolio_Management_System.Controllers.AdminController.GetRecentMessages (Portfolio Management System)'
2026-06-29 22:19:14.094 +05:30 [INF] Route matched with {action = "GetRecentMessages", controller = "Admin"}. Executing controller action with signature System.Threading.Tasks.Task`1[Microsoft.AspNetCore.Mvc.IActionResult] GetRecentMessages() on controller Portfolio_Management_System.Controllers.AdminController (Portfolio Management System).
2026-06-29 22:19:14.094 +05:30 [INF] Route matched with {action = "GetUnreadMessagesCount", controller = "Admin"}. Executing controller action with signature System.Threading.Tasks.Task`1[Microsoft.AspNetCore.Mvc.IActionResult] GetUnreadMessagesCount() on controller Portfolio_Management_System.Controllers.AdminController (Portfolio Management System).
2026-06-29 22:19:14.270 +05:30 [INF] Executing JsonResult, writing value of type 'System.Collections.Generic.List`1[[<>f__AnonymousType17`7[[System.Int32, System.Private.CoreLib, Version=9.0.0.0, Culture=neutral, PublicKeyToken=7cec85d7bea7798e],[System.String, System.Private.CoreLib, Version=9.0.0.0, Culture=neutral, PublicKeyToken=7cec85d7bea7798e],[System.String, System.Private.CoreLib, Version=9.0.0.0, Culture=neutral, PublicKeyToken=7cec85d7bea7798e],[System.String, System.Private.CoreLib, Version=9.0.0.0, Culture=neutral, PublicKeyToken=7cec85d7bea7798e],[System.String, System.Private.CoreLib, Version=9.0.0.0, Culture=neutral, PublicKeyToken=7cec85d7bea7798e],[System.Boolean, System.Private.CoreLib, Version=9.0.0.0, Culture=neutral, PublicKeyToken=7cec85d7bea7798e],[System.DateTime, System.Private.CoreLib, Version=9.0.0.0, Culture=neutral, PublicKeyToken=7cec85d7bea7798e]], Portfolio Management System, Version=1.0.0.0, Culture=neutral, PublicKeyToken=null]]'.
2026-06-29 22:19:14.271 +05:30 [INF] Executed action Portfolio_Management_System.Controllers.AdminController.GetRecentMessages (Portfolio Management System) in 176.0433ms
2026-06-29 22:19:14.271 +05:30 [INF] Executed endpoint 'Portfolio_Management_System.Controllers.AdminController.GetRecentMessages (Portfolio Management System)'
2026-06-29 22:19:14.308 +05:30 [INF] HTTP GET /Admin/GetRecentMessages responded 200 in 215.2532 ms
2026-06-29 22:19:14.310 +05:30 [INF] Executing JsonResult, writing value of type 'System.Int32'.
2026-06-29 22:19:14.342 +05:30 [INF] Request finished HTTP/2 GET https://localhost:44341/Admin/GetRecentMessages - 200 null application/json; charset=utf-8 250.3964ms
2026-06-29 22:19:14.343 +05:30 [INF] Executed action Portfolio_Management_System.Controllers.AdminController.GetUnreadMessagesCount (Portfolio Management System) in 248.1831ms
2026-06-29 22:19:14.343 +05:30 [INF] Executed endpoint 'Portfolio_Management_System.Controllers.AdminController.GetUnreadMessagesCount (Portfolio Management System)'
2026-06-29 22:19:14.344 +05:30 [INF] HTTP GET /Admin/GetUnreadMessagesCount responded 200 in 251.6953 ms
2026-06-29 22:19:14.344 +05:30 [INF] Request finished HTTP/2 GET https://localhost:44341/Admin/GetUnreadMessagesCount - 200 null application/json; charset=utf-8 252.7271ms
2026-06-29 22:19:44.078 +05:30 [INF] Request starting HTTP/2 GET https://localhost:44341/Admin/GetUnreadMessagesCount - null null
2026-06-29 22:19:44.078 +05:30 [INF] Executing endpoint 'Portfolio_Management_System.Controllers.AdminController.GetUnreadMessagesCount (Portfolio Management System)'
2026-06-29 22:19:44.079 +05:30 [INF] Route matched with {action = "GetUnreadMessagesCount", controller = "Admin"}. Executing controller action with signature System.Threading.Tasks.Task`1[Microsoft.AspNetCore.Mvc.IActionResult] GetUnreadMessagesCount() on controller Portfolio_Management_System.Controllers.AdminController (Portfolio Management System).
2026-06-29 22:19:44.081 +05:30 [INF] Request starting HTTP/2 GET https://localhost:44341/Admin/GetRecentMessages - null null
2026-06-29 22:19:44.082 +05:30 [INF] Executing endpoint 'Portfolio_Management_System.Controllers.AdminController.GetRecentMessages (Portfolio Management System)'
2026-06-29 22:19:44.082 +05:30 [INF] Route matched with {action = "GetRecentMessages", controller = "Admin"}. Executing controller action with signature System.Threading.Tasks.Task`1[Microsoft.AspNetCore.Mvc.IActionResult] GetRecentMessages() on controller Portfolio_Management_System.Controllers.AdminController (Portfolio Management System).
2026-06-29 22:19:44.252 +05:30 [INF] Executing JsonResult, writing value of type 'System.Int32'.
2026-06-29 22:19:44.284 +05:30 [INF] Executed action Portfolio_Management_System.Controllers.AdminController.GetUnreadMessagesCount (Portfolio Management System) in 205.3582ms
2026-06-29 22:19:44.284 +05:30 [INF] Executed endpoint 'Portfolio_Management_System.Controllers.AdminController.GetUnreadMessagesCount (Portfolio Management System)'
2026-06-29 22:19:44.285 +05:30 [INF] HTTP GET /Admin/GetUnreadMessagesCount responded 200 in 206.4039 ms
2026-06-29 22:19:44.286 +05:30 [INF] Executing JsonResult, writing value of type 'System.Collections.Generic.List`1[[<>f__AnonymousType17`7[[System.Int32, System.Private.CoreLib, Version=9.0.0.0, Culture=neutral, PublicKeyToken=7cec85d7bea7798e],[System.String, System.Private.CoreLib, Version=9.0.0.0, Culture=neutral, PublicKeyToken=7cec85d7bea7798e],[System.String, System.Private.CoreLib, Version=9.0.0.0, Culture=neutral, PublicKeyToken=7cec85d7bea7798e],[System.String, System.Private.CoreLib, Version=9.0.0.0, Culture=neutral, PublicKeyToken=7cec85d7bea7798e],[System.String, System.Private.CoreLib, Version=9.0.0.0, Culture=neutral, PublicKeyToken=7cec85d7bea7798e],[System.Boolean, System.Private.CoreLib, Version=9.0.0.0, Culture=neutral, PublicKeyToken=7cec85d7bea7798e],[System.DateTime, System.Private.CoreLib, Version=9.0.0.0, Culture=neutral, PublicKeyToken=7cec85d7bea7798e]], Portfolio Management System, Version=1.0.0.0, Culture=neutral, PublicKeyToken=null]]'.
2026-06-29 22:19:44.286 +05:30 [INF] Request finished HTTP/2 GET https://localhost:44341/Admin/GetUnreadMessagesCount - 200 null application/json; charset=utf-8 208.5568ms
2026-06-29 22:19:44.287 +05:30 [INF] Executed action Portfolio_Management_System.Controllers.AdminController.GetRecentMessages (Portfolio Management System) in 205.3416ms
2026-06-29 22:19:44.287 +05:30 [INF] Executed endpoint 'Portfolio_Management_System.Controllers.AdminController.GetRecentMessages (Portfolio Management System)'
2026-06-29 22:19:44.287 +05:30 [INF] HTTP GET /Admin/GetRecentMessages responded 200 in 205.8993 ms
2026-06-29 22:19:44.288 +05:30 [INF] Request finished HTTP/2 GET https://localhost:44341/Admin/GetRecentMessages - 200 null application/json; charset=utf-8 206.332ms
2026-06-29 22:20:14.090 +05:30 [INF] Request starting HTTP/2 GET https://localhost:44341/Admin/GetUnreadMessagesCount - null null
2026-06-29 22:20:14.090 +05:30 [INF] Executing endpoint 'Portfolio_Management_System.Controllers.AdminController.GetUnreadMessagesCount (Portfolio Management System)'
2026-06-29 22:20:14.099 +05:30 [INF] Route matched with {action = "GetUnreadMessagesCount", controller = "Admin"}. Executing controller action with signature System.Threading.Tasks.Task`1[Microsoft.AspNetCore.Mvc.IActionResult] GetUnreadMessagesCount() on controller Portfolio_Management_System.Controllers.AdminController (Portfolio Management System).
2026-06-29 22:20:14.091 +05:30 [INF] Request starting HTTP/2 GET https://localhost:44341/Admin/GetRecentMessages - null null
2026-06-29 22:20:14.109 +05:30 [INF] Executing endpoint 'Portfolio_Management_System.Controllers.AdminController.GetRecentMessages (Portfolio Management System)'
2026-06-29 22:20:14.109 +05:30 [INF] Route matched with {action = "GetRecentMessages", controller = "Admin"}. Executing controller action with signature System.Threading.Tasks.Task`1[Microsoft.AspNetCore.Mvc.IActionResult] GetRecentMessages() on controller Portfolio_Management_System.Controllers.AdminController (Portfolio Management System).
2026-06-29 22:20:14.303 +05:30 [INF] Executing JsonResult, writing value of type 'System.Int32'.
2026-06-29 22:20:14.303 +05:30 [INF] Executing JsonResult, writing value of type 'System.Collections.Generic.List`1[[<>f__AnonymousType17`7[[System.Int32, System.Private.CoreLib, Version=9.0.0.0, Culture=neutral, PublicKeyToken=7cec85d7bea7798e],[System.String, System.Private.CoreLib, Version=9.0.0.0, Culture=neutral, PublicKeyToken=7cec85d7bea7798e],[System.String, System.Private.CoreLib, Version=9.0.0.0, Culture=neutral, PublicKeyToken=7cec85d7bea7798e],[System.String, System.Private.CoreLib, Version=9.0.0.0, Culture=neutral, PublicKeyToken=7cec85d7bea7798e],[System.String, System.Private.CoreLib, Version=9.0.0.0, Culture=neutral, PublicKeyToken=7cec85d7bea7798e],[System.Boolean, System.Private.CoreLib, Version=9.0.0.0, Culture=neutral, PublicKeyToken=7cec85d7bea7798e],[System.DateTime, System.Private.CoreLib, Version=9.0.0.0, Culture=neutral, PublicKeyToken=7cec85d7bea7798e]], Portfolio Management System, Version=1.0.0.0, Culture=neutral, PublicKeyToken=null]]'.
2026-06-29 22:20:14.335 +05:30 [INF] Executed action Portfolio_Management_System.Controllers.AdminController.GetRecentMessages (Portfolio Management System) in 225.0579ms
2026-06-29 22:20:14.335 +05:30 [INF] Executed action Portfolio_Management_System.Controllers.AdminController.GetUnreadMessagesCount (Portfolio Management System) in 226.4653ms
2026-06-29 22:20:14.335 +05:30 [INF] Executed endpoint 'Portfolio_Management_System.Controllers.AdminController.GetRecentMessages (Portfolio Management System)'
2026-06-29 22:20:14.335 +05:30 [INF] Executed endpoint 'Portfolio_Management_System.Controllers.AdminController.GetUnreadMessagesCount (Portfolio Management System)'
2026-06-29 22:20:14.335 +05:30 [INF] HTTP GET /Admin/GetUnreadMessagesCount responded 200 in 245.3539 ms
2026-06-29 22:20:14.335 +05:30 [INF] HTTP GET /Admin/GetRecentMessages responded 200 in 226.7237 ms
2026-06-29 22:20:14.335 +05:30 [INF] Request finished HTTP/2 GET https://localhost:44341/Admin/GetRecentMessages - 200 null application/json; charset=utf-8 244.8078ms
2026-06-29 22:20:14.335 +05:30 [INF] Request finished HTTP/2 GET https://localhost:44341/Admin/GetUnreadMessagesCount - 200 null application/json; charset=utf-8 246.5957ms
2026-06-29 22:20:44.088 +05:30 [INF] Request starting HTTP/2 GET https://localhost:44341/Admin/GetUnreadMessagesCount - null null
2026-06-29 22:20:44.091 +05:30 [INF] Executing endpoint 'Portfolio_Management_System.Controllers.AdminController.GetUnreadMessagesCount (Portfolio Management System)'
2026-06-29 22:20:44.120 +05:30 [INF] Request starting HTTP/2 GET https://localhost:44341/Admin/GetRecentMessages - null null
2026-06-29 22:20:44.120 +05:30 [INF] Route matched with {action = "GetUnreadMessagesCount", controller = "Admin"}. Executing controller action with signature System.Threading.Tasks.Task`1[Microsoft.AspNetCore.Mvc.IActionResult] GetUnreadMessagesCount() on controller Portfolio_Management_System.Controllers.AdminController (Portfolio Management System).
2026-06-29 22:20:44.151 +05:30 [INF] Executing endpoint 'Portfolio_Management_System.Controllers.AdminController.GetRecentMessages (Portfolio Management System)'
2026-06-29 22:20:44.151 +05:30 [INF] Route matched with {action = "GetRecentMessages", controller = "Admin"}. Executing controller action with signature System.Threading.Tasks.Task`1[Microsoft.AspNetCore.Mvc.IActionResult] GetRecentMessages() on controller Portfolio_Management_System.Controllers.AdminController (Portfolio Management System).
2026-06-29 22:20:44.289 +05:30 [INF] Executing JsonResult, writing value of type 'System.Int32'.
2026-06-29 22:20:44.290 +05:30 [INF] Executed action Portfolio_Management_System.Controllers.AdminController.GetUnreadMessagesCount (Portfolio Management System) in 170.072ms
2026-06-29 22:20:44.291 +05:30 [INF] Executed endpoint 'Portfolio_Management_System.Controllers.AdminController.GetUnreadMessagesCount (Portfolio Management System)'
2026-06-29 22:20:44.291 +05:30 [INF] HTTP GET /Admin/GetUnreadMessagesCount responded 200 in 201.8142 ms
2026-06-29 22:20:44.291 +05:30 [INF] Request finished HTTP/2 GET https://localhost:44341/Admin/GetUnreadMessagesCount - 200 null application/json; charset=utf-8 203.2523ms
2026-06-29 22:20:44.323 +05:30 [INF] Executing JsonResult, writing value of type 'System.Collections.Generic.List`1[[<>f__AnonymousType17`7[[System.Int32, System.Private.CoreLib, Version=9.0.0.0, Culture=neutral, PublicKeyToken=7cec85d7bea7798e],[System.String, System.Private.CoreLib, Version=9.0.0.0, Culture=neutral, PublicKeyToken=7cec85d7bea7798e],[System.String, System.Private.CoreLib, Version=9.0.0.0, Culture=neutral, PublicKeyToken=7cec85d7bea7798e],[System.String, System.Private.CoreLib, Version=9.0.0.0, Culture=neutral, PublicKeyToken=7cec85d7bea7798e],[System.String, System.Private.CoreLib, Version=9.0.0.0, Culture=neutral, PublicKeyToken=7cec85d7bea7798e],[System.Boolean, System.Private.CoreLib, Version=9.0.0.0, Culture=neutral, PublicKeyToken=7cec85d7bea7798e],[System.DateTime, System.Private.CoreLib, Version=9.0.0.0, Culture=neutral, PublicKeyToken=7cec85d7bea7798e]], Portfolio Management System, Version=1.0.0.0, Culture=neutral, PublicKeyToken=null]]'.
2026-06-29 22:20:44.324 +05:30 [INF] Executed action Portfolio_Management_System.Controllers.AdminController.GetRecentMessages (Portfolio Management System) in 172.1291ms
2026-06-29 22:20:44.324 +05:30 [INF] Executed endpoint 'Portfolio_Management_System.Controllers.AdminController.GetRecentMessages (Portfolio Management System)'
2026-06-29 22:20:44.324 +05:30 [INF] HTTP GET /Admin/GetRecentMessages responded 200 in 203.9535 ms
2026-06-29 22:20:44.325 +05:30 [INF] Request finished HTTP/2 GET https://localhost:44341/Admin/GetRecentMessages - 200 null application/json; charset=utf-8 235.5121ms
2026-06-29 22:21:14.083 +05:30 [INF] Request starting HTTP/2 GET https://localhost:44341/Admin/GetRecentMessages - null null
2026-06-29 22:21:14.084 +05:30 [INF] Request starting HTTP/2 GET https://localhost:44341/Admin/GetUnreadMessagesCount - null null
2026-06-29 22:21:14.084 +05:30 [INF] Executing endpoint 'Portfolio_Management_System.Controllers.AdminController.GetRecentMessages (Portfolio Management System)'
2026-06-29 22:21:14.084 +05:30 [INF] Executing endpoint 'Portfolio_Management_System.Controllers.AdminController.GetUnreadMessagesCount (Portfolio Management System)'
2026-06-29 22:21:14.085 +05:30 [INF] Route matched with {action = "GetUnreadMessagesCount", controller = "Admin"}. Executing controller action with signature System.Threading.Tasks.Task`1[Microsoft.AspNetCore.Mvc.IActionResult] GetUnreadMessagesCount() on controller Portfolio_Management_System.Controllers.AdminController (Portfolio Management System).
2026-06-29 22:21:14.085 +05:30 [INF] Route matched with {action = "GetRecentMessages", controller = "Admin"}. Executing controller action with signature System.Threading.Tasks.Task`1[Microsoft.AspNetCore.Mvc.IActionResult] GetRecentMessages() on controller Portfolio_Management_System.Controllers.AdminController (Portfolio Management System).
2026-06-29 22:21:14.258 +05:30 [INF] Executing JsonResult, writing value of type 'System.Collections.Generic.List`1[[<>f__AnonymousType17`7[[System.Int32, System.Private.CoreLib, Version=9.0.0.0, Culture=neutral, PublicKeyToken=7cec85d7bea7798e],[System.String, System.Private.CoreLib, Version=9.0.0.0, Culture=neutral, PublicKeyToken=7cec85d7bea7798e],[System.String, System.Private.CoreLib, Version=9.0.0.0, Culture=neutral, PublicKeyToken=7cec85d7bea7798e],[System.String, System.Private.CoreLib, Version=9.0.0.0, Culture=neutral, PublicKeyToken=7cec85d7bea7798e],[System.String, System.Private.CoreLib, Version=9.0.0.0, Culture=neutral, PublicKeyToken=7cec85d7bea7798e],[System.Boolean, System.Private.CoreLib, Version=9.0.0.0, Culture=neutral, PublicKeyToken=7cec85d7bea7798e],[System.DateTime, System.Private.CoreLib, Version=9.0.0.0, Culture=neutral, PublicKeyToken=7cec85d7bea7798e]], Portfolio Management System, Version=1.0.0.0, Culture=neutral, PublicKeyToken=null]]'.
2026-06-29 22:21:14.259 +05:30 [INF] Executing JsonResult, writing value of type 'System.Int32'.
2026-06-29 22:21:14.259 +05:30 [INF] Executed action Portfolio_Management_System.Controllers.AdminController.GetRecentMessages (Portfolio Management System) in 173.4048ms
2026-06-29 22:21:14.264 +05:30 [INF] Executed endpoint 'Portfolio_Management_System.Controllers.AdminController.GetRecentMessages (Portfolio Management System)'
2026-06-29 22:21:14.266 +05:30 [INF] HTTP GET /Admin/GetRecentMessages responded 200 in 182.8680 ms
2026-06-29 22:21:14.267 +05:30 [INF] Executed action Portfolio_Management_System.Controllers.AdminController.GetUnreadMessagesCount (Portfolio Management System) in 181.4114ms
2026-06-29 22:21:14.267 +05:30 [INF] Executed endpoint 'Portfolio_Management_System.Controllers.AdminController.GetUnreadMessagesCount (Portfolio Management System)'
2026-06-29 22:21:14.267 +05:30 [INF] Request finished HTTP/2 GET https://localhost:44341/Admin/GetRecentMessages - 200 null application/json; charset=utf-8 183.7222ms
2026-06-29 22:21:14.267 +05:30 [INF] HTTP GET /Admin/GetUnreadMessagesCount responded 200 in 182.9774 ms
2026-06-29 22:21:14.267 +05:30 [INF] Request finished HTTP/2 GET https://localhost:44341/Admin/GetUnreadMessagesCount - 200 null application/json; charset=utf-8 183.5813ms
2026-06-29 22:21:44.082 +05:30 [INF] Request starting HTTP/2 GET https://localhost:44341/Admin/GetUnreadMessagesCount - null null
2026-06-29 22:21:44.082 +05:30 [INF] Request starting HTTP/2 GET https://localhost:44341/Admin/GetRecentMessages - null null
2026-06-29 22:21:44.083 +05:30 [INF] Executing endpoint 'Portfolio_Management_System.Controllers.AdminController.GetUnreadMessagesCount (Portfolio Management System)'
2026-06-29 22:21:44.083 +05:30 [INF] Executing endpoint 'Portfolio_Management_System.Controllers.AdminController.GetRecentMessages (Portfolio Management System)'
2026-06-29 22:21:44.083 +05:30 [INF] Route matched with {action = "GetUnreadMessagesCount", controller = "Admin"}. Executing controller action with signature System.Threading.Tasks.Task`1[Microsoft.AspNetCore.Mvc.IActionResult] GetUnreadMessagesCount() on controller Portfolio_Management_System.Controllers.AdminController (Portfolio Management System).
2026-06-29 22:21:44.083 +05:30 [INF] Route matched with {action = "GetRecentMessages", controller = "Admin"}. Executing controller action with signature System.Threading.Tasks.Task`1[Microsoft.AspNetCore.Mvc.IActionResult] GetRecentMessages() on controller Portfolio_Management_System.Controllers.AdminController (Portfolio Management System).
2026-06-29 22:21:44.255 +05:30 [INF] Executing JsonResult, writing value of type 'System.Collections.Generic.List`1[[<>f__AnonymousType17`7[[System.Int32, System.Private.CoreLib, Version=9.0.0.0, Culture=neutral, PublicKeyToken=7cec85d7bea7798e],[System.String, System.Private.CoreLib, Version=9.0.0.0, Culture=neutral, PublicKeyToken=7cec85d7bea7798e],[System.String, System.Private.CoreLib, Version=9.0.0.0, Culture=neutral, PublicKeyToken=7cec85d7bea7798e],[System.String, System.Private.CoreLib, Version=9.0.0.0, Culture=neutral, PublicKeyToken=7cec85d7bea7798e],[System.String, System.Private.CoreLib, Version=9.0.0.0, Culture=neutral, PublicKeyToken=7cec85d7bea7798e],[System.Boolean, System.Private.CoreLib, Version=9.0.0.0, Culture=neutral, PublicKeyToken=7cec85d7bea7798e],[System.DateTime, System.Private.CoreLib, Version=9.0.0.0, Culture=neutral, PublicKeyToken=7cec85d7bea7798e]], Portfolio Management System, Version=1.0.0.0, Culture=neutral, PublicKeyToken=null]]'.
2026-06-29 22:21:44.256 +05:30 [INF] Executing JsonResult, writing value of type 'System.Int32'.
2026-06-29 22:21:44.256 +05:30 [INF] Executed action Portfolio_Management_System.Controllers.AdminController.GetUnreadMessagesCount (Portfolio Management System) in 173.3208ms
2026-06-29 22:21:44.256 +05:30 [INF] Executed endpoint 'Portfolio_Management_System.Controllers.AdminController.GetUnreadMessagesCount (Portfolio Management System)'
2026-06-29 22:21:44.256 +05:30 [INF] Executed action Portfolio_Management_System.Controllers.AdminController.GetRecentMessages (Portfolio Management System) in 173.1257ms
2026-06-29 22:21:44.256 +05:30 [INF] HTTP GET /Admin/GetUnreadMessagesCount responded 200 in 173.9227 ms
2026-06-29 22:21:44.256 +05:30 [INF] Executed endpoint 'Portfolio_Management_System.Controllers.AdminController.GetRecentMessages (Portfolio Management System)'
2026-06-29 22:21:44.257 +05:30 [INF] HTTP GET /Admin/GetRecentMessages responded 200 in 174.2801 ms
2026-06-29 22:21:44.257 +05:30 [INF] Request finished HTTP/2 GET https://localhost:44341/Admin/GetUnreadMessagesCount - 200 null application/json; charset=utf-8 174.4636ms
2026-06-29 22:21:44.257 +05:30 [INF] Request finished HTTP/2 GET https://localhost:44341/Admin/GetRecentMessages - 200 null application/json; charset=utf-8 175.0452ms
2026-06-29 22:22:14.087 +05:30 [INF] Request starting HTTP/2 GET https://localhost:44341/Admin/GetUnreadMessagesCount - null null
2026-06-29 22:22:14.088 +05:30 [INF] Request starting HTTP/2 GET https://localhost:44341/Admin/GetRecentMessages - null null
2026-06-29 22:22:14.089 +05:30 [INF] Executing endpoint 'Portfolio_Management_System.Controllers.AdminController.GetUnreadMessagesCount (Portfolio Management System)'
2026-06-29 22:22:14.117 +05:30 [INF] Executing endpoint 'Portfolio_Management_System.Controllers.AdminController.GetRecentMessages (Portfolio Management System)'
2026-06-29 22:22:14.117 +05:30 [INF] Route matched with {action = "GetUnreadMessagesCount", controller = "Admin"}. Executing controller action with signature System.Threading.Tasks.Task`1[Microsoft.AspNetCore.Mvc.IActionResult] GetUnreadMessagesCount() on controller Portfolio_Management_System.Controllers.AdminController (Portfolio Management System).
2026-06-29 22:22:14.122 +05:30 [INF] Route matched with {action = "GetRecentMessages", controller = "Admin"}. Executing controller action with signature System.Threading.Tasks.Task`1[Microsoft.AspNetCore.Mvc.IActionResult] GetRecentMessages() on controller Portfolio_Management_System.Controllers.AdminController (Portfolio Management System).
2026-06-29 22:22:14.296 +05:30 [INF] Executing JsonResult, writing value of type 'System.Collections.Generic.List`1[[<>f__AnonymousType17`7[[System.Int32, System.Private.CoreLib, Version=9.0.0.0, Culture=neutral, PublicKeyToken=7cec85d7bea7798e],[System.String, System.Private.CoreLib, Version=9.0.0.0, Culture=neutral, PublicKeyToken=7cec85d7bea7798e],[System.String, System.Private.CoreLib, Version=9.0.0.0, Culture=neutral, PublicKeyToken=7cec85d7bea7798e],[System.String, System.Private.CoreLib, Version=9.0.0.0, Culture=neutral, PublicKeyToken=7cec85d7bea7798e],[System.String, System.Private.CoreLib, Version=9.0.0.0, Culture=neutral, PublicKeyToken=7cec85d7bea7798e],[System.Boolean, System.Private.CoreLib, Version=9.0.0.0, Culture=neutral, PublicKeyToken=7cec85d7bea7798e],[System.DateTime, System.Private.CoreLib, Version=9.0.0.0, Culture=neutral, PublicKeyToken=7cec85d7bea7798e]], Portfolio Management System, Version=1.0.0.0, Culture=neutral, PublicKeyToken=null]]'.
2026-06-29 22:22:14.296 +05:30 [INF] Executed action Portfolio_Management_System.Controllers.AdminController.GetRecentMessages (Portfolio Management System) in 174.6945ms
2026-06-29 22:22:14.297 +05:30 [INF] Executed endpoint 'Portfolio_Management_System.Controllers.AdminController.GetRecentMessages (Portfolio Management System)'
2026-06-29 22:22:14.297 +05:30 [INF] HTTP GET /Admin/GetRecentMessages responded 200 in 208.3067 ms
2026-06-29 22:22:14.296 +05:30 [INF] Executing JsonResult, writing value of type 'System.Int32'.
2026-06-29 22:22:14.297 +05:30 [INF] Request finished HTTP/2 GET https://localhost:44341/Admin/GetRecentMessages - 200 null application/json; charset=utf-8 209.3353ms
2026-06-29 22:22:14.340 +05:30 [INF] Executed action Portfolio_Management_System.Controllers.AdminController.GetUnreadMessagesCount (Portfolio Management System) in 222.9141ms
2026-06-29 22:22:14.344 +05:30 [INF] Executed endpoint 'Portfolio_Management_System.Controllers.AdminController.GetUnreadMessagesCount (Portfolio Management System)'
2026-06-29 22:22:14.349 +05:30 [INF] HTTP GET /Admin/GetUnreadMessagesCount responded 200 in 261.5659 ms
2026-06-29 22:22:14.350 +05:30 [INF] Request finished HTTP/2 GET https://localhost:44341/Admin/GetUnreadMessagesCount - 200 null application/json; charset=utf-8 263.3717ms
2026-06-29 22:22:44.088 +05:30 [INF] Request starting HTTP/2 GET https://localhost:44341/Admin/GetUnreadMessagesCount - null null
2026-06-29 22:22:44.089 +05:30 [INF] Executing endpoint 'Portfolio_Management_System.Controllers.AdminController.GetUnreadMessagesCount (Portfolio Management System)'
2026-06-29 22:22:44.089 +05:30 [INF] Route matched with {action = "GetUnreadMessagesCount", controller = "Admin"}. Executing controller action with signature System.Threading.Tasks.Task`1[Microsoft.AspNetCore.Mvc.IActionResult] GetUnreadMessagesCount() on controller Portfolio_Management_System.Controllers.AdminController (Portfolio Management System).
2026-06-29 22:22:44.089 +05:30 [INF] Request starting HTTP/2 GET https://localhost:44341/Admin/GetRecentMessages - null null
2026-06-29 22:22:44.126 +05:30 [INF] Executing endpoint 'Portfolio_Management_System.Controllers.AdminController.GetRecentMessages (Portfolio Management System)'
2026-06-29 22:22:44.126 +05:30 [INF] Route matched with {action = "GetRecentMessages", controller = "Admin"}. Executing controller action with signature System.Threading.Tasks.Task`1[Microsoft.AspNetCore.Mvc.IActionResult] GetRecentMessages() on controller Portfolio_Management_System.Controllers.AdminController (Portfolio Management System).
2026-06-29 22:22:44.289 +05:30 [INF] Executing JsonResult, writing value of type 'System.Int32'.
2026-06-29 22:22:44.290 +05:30 [INF] Executed action Portfolio_Management_System.Controllers.AdminController.GetUnreadMessagesCount (Portfolio Management System) in 199.8952ms
2026-06-29 22:22:44.290 +05:30 [INF] Executed endpoint 'Portfolio_Management_System.Controllers.AdminController.GetUnreadMessagesCount (Portfolio Management System)'
2026-06-29 22:22:44.290 +05:30 [INF] HTTP GET /Admin/GetUnreadMessagesCount responded 200 in 201.9786 ms
2026-06-29 22:22:44.291 +05:30 [INF] Request finished HTTP/2 GET https://localhost:44341/Admin/GetUnreadMessagesCount - 200 null application/json; charset=utf-8 203.1145ms
2026-06-29 22:22:44.295 +05:30 [INF] Executing JsonResult, writing value of type 'System.Collections.Generic.List`1[[<>f__AnonymousType17`7[[System.Int32, System.Private.CoreLib, Version=9.0.0.0, Culture=neutral, PublicKeyToken=7cec85d7bea7798e],[System.String, System.Private.CoreLib, Version=9.0.0.0, Culture=neutral, PublicKeyToken=7cec85d7bea7798e],[System.String, System.Private.CoreLib, Version=9.0.0.0, Culture=neutral, PublicKeyToken=7cec85d7bea7798e],[System.String, System.Private.CoreLib, Version=9.0.0.0, Culture=neutral, PublicKeyToken=7cec85d7bea7798e],[System.String, System.Private.CoreLib, Version=9.0.0.0, Culture=neutral, PublicKeyToken=7cec85d7bea7798e],[System.Boolean, System.Private.CoreLib, Version=9.0.0.0, Culture=neutral, PublicKeyToken=7cec85d7bea7798e],[System.DateTime, System.Private.CoreLib, Version=9.0.0.0, Culture=neutral, PublicKeyToken=7cec85d7bea7798e]], Portfolio Management System, Version=1.0.0.0, Culture=neutral, PublicKeyToken=null]]'.
2026-06-29 22:22:44.296 +05:30 [INF] Executed action Portfolio_Management_System.Controllers.AdminController.GetRecentMessages (Portfolio Management System) in 169.2401ms
2026-06-29 22:22:44.296 +05:30 [INF] Executed endpoint 'Portfolio_Management_System.Controllers.AdminController.GetRecentMessages (Portfolio Management System)'
2026-06-29 22:22:44.296 +05:30 [INF] HTTP GET /Admin/GetRecentMessages responded 200 in 170.4215 ms
2026-06-29 22:22:44.297 +05:30 [INF] Request finished HTTP/2 GET https://localhost:44341/Admin/GetRecentMessages - 200 null application/json; charset=utf-8 208.1262ms
2026-06-29 22:23:14.085 +05:30 [INF] Request starting HTTP/2 GET https://localhost:44341/Admin/GetUnreadMessagesCount - null null
2026-06-29 22:23:14.085 +05:30 [INF] Request starting HTTP/2 GET https://localhost:44341/Admin/GetRecentMessages - null null
2026-06-29 22:23:14.086 +05:30 [INF] Executing endpoint 'Portfolio_Management_System.Controllers.AdminController.GetRecentMessages (Portfolio Management System)'
2026-06-29 22:23:14.086 +05:30 [INF] Executing endpoint 'Portfolio_Management_System.Controllers.AdminController.GetUnreadMessagesCount (Portfolio Management System)'
2026-06-29 22:23:14.086 +05:30 [INF] Route matched with {action = "GetRecentMessages", controller = "Admin"}. Executing controller action with signature System.Threading.Tasks.Task`1[Microsoft.AspNetCore.Mvc.IActionResult] GetRecentMessages() on controller Portfolio_Management_System.Controllers.AdminController (Portfolio Management System).
2026-06-29 22:23:14.086 +05:30 [INF] Route matched with {action = "GetUnreadMessagesCount", controller = "Admin"}. Executing controller action with signature System.Threading.Tasks.Task`1[Microsoft.AspNetCore.Mvc.IActionResult] GetUnreadMessagesCount() on controller Portfolio_Management_System.Controllers.AdminController (Portfolio Management System).
2026-06-29 22:23:14.258 +05:30 [INF] Executing JsonResult, writing value of type 'System.Int32'.
2026-06-29 22:23:14.258 +05:30 [INF] Executed action Portfolio_Management_System.Controllers.AdminController.GetUnreadMessagesCount (Portfolio Management System) in 171.5878ms
2026-06-29 22:23:14.258 +05:30 [INF] Executed endpoint 'Portfolio_Management_System.Controllers.AdminController.GetUnreadMessagesCount (Portfolio Management System)'
2026-06-29 22:23:14.259 +05:30 [INF] HTTP GET /Admin/GetUnreadMessagesCount responded 200 in 173.0086 ms
2026-06-29 22:23:14.259 +05:30 [INF] Request finished HTTP/2 GET https://localhost:44341/Admin/GetUnreadMessagesCount - 200 null application/json; charset=utf-8 173.695ms
2026-06-29 22:23:14.261 +05:30 [INF] Executing JsonResult, writing value of type 'System.Collections.Generic.List`1[[<>f__AnonymousType17`7[[System.Int32, System.Private.CoreLib, Version=9.0.0.0, Culture=neutral, PublicKeyToken=7cec85d7bea7798e],[System.String, System.Private.CoreLib, Version=9.0.0.0, Culture=neutral, PublicKeyToken=7cec85d7bea7798e],[System.String, System.Private.CoreLib, Version=9.0.0.0, Culture=neutral, PublicKeyToken=7cec85d7bea7798e],[System.String, System.Private.CoreLib, Version=9.0.0.0, Culture=neutral, PublicKeyToken=7cec85d7bea7798e],[System.String, System.Private.CoreLib, Version=9.0.0.0, Culture=neutral, PublicKeyToken=7cec85d7bea7798e],[System.Boolean, System.Private.CoreLib, Version=9.0.0.0, Culture=neutral, PublicKeyToken=7cec85d7bea7798e],[System.DateTime, System.Private.CoreLib, Version=9.0.0.0, Culture=neutral, PublicKeyToken=7cec85d7bea7798e]], Portfolio Management System, Version=1.0.0.0, Culture=neutral, PublicKeyToken=null]]'.
2026-06-29 22:23:14.265 +05:30 [INF] Executed action Portfolio_Management_System.Controllers.AdminController.GetRecentMessages (Portfolio Management System) in 178.0686ms
2026-06-29 22:23:14.307 +05:30 [INF] Executed endpoint 'Portfolio_Management_System.Controllers.AdminController.GetRecentMessages (Portfolio Management System)'
2026-06-29 22:23:14.311 +05:30 [INF] HTTP GET /Admin/GetRecentMessages responded 200 in 225.3548 ms
2026-06-29 22:23:14.311 +05:30 [INF] Request finished HTTP/2 GET https://localhost:44341/Admin/GetRecentMessages - 200 null application/json; charset=utf-8 226.0003ms
2026-06-29 22:23:44.086 +05:30 [INF] Request starting HTTP/2 GET https://localhost:44341/Admin/GetRecentMessages - null null
2026-06-29 22:23:44.086 +05:30 [INF] Request starting HTTP/2 GET https://localhost:44341/Admin/GetUnreadMessagesCount - null null
2026-06-29 22:23:44.087 +05:30 [INF] Executing endpoint 'Portfolio_Management_System.Controllers.AdminController.GetUnreadMessagesCount (Portfolio Management System)'
2026-06-29 22:23:44.087 +05:30 [INF] Executing endpoint 'Portfolio_Management_System.Controllers.AdminController.GetRecentMessages (Portfolio Management System)'
2026-06-29 22:23:44.087 +05:30 [INF] Route matched with {action = "GetUnreadMessagesCount", controller = "Admin"}. Executing controller action with signature System.Threading.Tasks.Task`1[Microsoft.AspNetCore.Mvc.IActionResult] GetUnreadMessagesCount() on controller Portfolio_Management_System.Controllers.AdminController (Portfolio Management System).
2026-06-29 22:23:44.087 +05:30 [INF] Route matched with {action = "GetRecentMessages", controller = "Admin"}. Executing controller action with signature System.Threading.Tasks.Task`1[Microsoft.AspNetCore.Mvc.IActionResult] GetRecentMessages() on controller Portfolio_Management_System.Controllers.AdminController (Portfolio Management System).
2026-06-29 22:23:44.257 +05:30 [INF] Executing JsonResult, writing value of type 'System.Int32'.
2026-06-29 22:23:44.258 +05:30 [INF] Executed action Portfolio_Management_System.Controllers.AdminController.GetUnreadMessagesCount (Portfolio Management System) in 171.0806ms
2026-06-29 22:23:44.258 +05:30 [INF] Executed endpoint 'Portfolio_Management_System.Controllers.AdminController.GetUnreadMessagesCount (Portfolio Management System)'
2026-06-29 22:23:44.257 +05:30 [INF] Executing JsonResult, writing value of type 'System.Collections.Generic.List`1[[<>f__AnonymousType17`7[[System.Int32, System.Private.CoreLib, Version=9.0.0.0, Culture=neutral, PublicKeyToken=7cec85d7bea7798e],[System.String, System.Private.CoreLib, Version=9.0.0.0, Culture=neutral, PublicKeyToken=7cec85d7bea7798e],[System.String, System.Private.CoreLib, Version=9.0.0.0, Culture=neutral, PublicKeyToken=7cec85d7bea7798e],[System.String, System.Private.CoreLib, Version=9.0.0.0, Culture=neutral, PublicKeyToken=7cec85d7bea7798e],[System.String, System.Private.CoreLib, Version=9.0.0.0, Culture=neutral, PublicKeyToken=7cec85d7bea7798e],[System.Boolean, System.Private.CoreLib, Version=9.0.0.0, Culture=neutral, PublicKeyToken=7cec85d7bea7798e],[System.DateTime, System.Private.CoreLib, Version=9.0.0.0, Culture=neutral, PublicKeyToken=7cec85d7bea7798e]], Portfolio Management System, Version=1.0.0.0, Culture=neutral, PublicKeyToken=null]]'.
2026-06-29 22:23:44.258 +05:30 [INF] HTTP GET /Admin/GetUnreadMessagesCount responded 200 in 172.1577 ms
2026-06-29 22:23:44.259 +05:30 [INF] Request finished HTTP/2 GET https://localhost:44341/Admin/GetUnreadMessagesCount - 200 null application/json; charset=utf-8 174.8877ms
2026-06-29 22:23:44.259 +05:30 [INF] Executed action Portfolio_Management_System.Controllers.AdminController.GetRecentMessages (Portfolio Management System) in 172.1892ms
2026-06-29 22:23:44.259 +05:30 [INF] Executed endpoint 'Portfolio_Management_System.Controllers.AdminController.GetRecentMessages (Portfolio Management System)'
2026-06-29 22:23:44.259 +05:30 [INF] HTTP GET /Admin/GetRecentMessages responded 200 in 173.1998 ms
2026-06-29 22:23:44.263 +05:30 [INF] Request finished HTTP/2 GET https://localhost:44341/Admin/GetRecentMessages - 200 null application/json; charset=utf-8 179.0533ms
2026-06-29 22:24:14.077 +05:30 [INF] Request starting HTTP/2 GET https://localhost:44341/Admin/GetUnreadMessagesCount - null null
2026-06-29 22:24:14.078 +05:30 [INF] Request starting HTTP/2 GET https://localhost:44341/Admin/GetRecentMessages - null null
2026-06-29 22:24:14.079 +05:30 [INF] Executing endpoint 'Portfolio_Management_System.Controllers.AdminController.GetUnreadMessagesCount (Portfolio Management System)'
2026-06-29 22:24:14.081 +05:30 [INF] Route matched with {action = "GetUnreadMessagesCount", controller = "Admin"}. Executing controller action with signature System.Threading.Tasks.Task`1[Microsoft.AspNetCore.Mvc.IActionResult] GetUnreadMessagesCount() on controller Portfolio_Management_System.Controllers.AdminController (Portfolio Management System).
2026-06-29 22:24:14.085 +05:30 [INF] Executing endpoint 'Portfolio_Management_System.Controllers.AdminController.GetRecentMessages (Portfolio Management System)'
2026-06-29 22:24:14.085 +05:30 [INF] Route matched with {action = "GetRecentMessages", controller = "Admin"}. Executing controller action with signature System.Threading.Tasks.Task`1[Microsoft.AspNetCore.Mvc.IActionResult] GetRecentMessages() on controller Portfolio_Management_System.Controllers.AdminController (Portfolio Management System).
2026-06-29 22:24:14.255 +05:30 [INF] Executing JsonResult, writing value of type 'System.Collections.Generic.List`1[[<>f__AnonymousType17`7[[System.Int32, System.Private.CoreLib, Version=9.0.0.0, Culture=neutral, PublicKeyToken=7cec85d7bea7798e],[System.String, System.Private.CoreLib, Version=9.0.0.0, Culture=neutral, PublicKeyToken=7cec85d7bea7798e],[System.String, System.Private.CoreLib, Version=9.0.0.0, Culture=neutral, PublicKeyToken=7cec85d7bea7798e],[System.String, System.Private.CoreLib, Version=9.0.0.0, Culture=neutral, PublicKeyToken=7cec85d7bea7798e],[System.String, System.Private.CoreLib, Version=9.0.0.0, Culture=neutral, PublicKeyToken=7cec85d7bea7798e],[System.Boolean, System.Private.CoreLib, Version=9.0.0.0, Culture=neutral, PublicKeyToken=7cec85d7bea7798e],[System.DateTime, System.Private.CoreLib, Version=9.0.0.0, Culture=neutral, PublicKeyToken=7cec85d7bea7798e]], Portfolio Management System, Version=1.0.0.0, Culture=neutral, PublicKeyToken=null]]'.
2026-06-29 22:24:14.255 +05:30 [INF] Executing JsonResult, writing value of type 'System.Int32'.
2026-06-29 22:24:14.256 +05:30 [INF] Executed action Portfolio_Management_System.Controllers.AdminController.GetUnreadMessagesCount (Portfolio Management System) in 171.1495ms
2026-06-29 22:24:14.256 +05:30 [INF] Executed endpoint 'Portfolio_Management_System.Controllers.AdminController.GetUnreadMessagesCount (Portfolio Management System)'
2026-06-29 22:24:14.256 +05:30 [INF] HTTP GET /Admin/GetUnreadMessagesCount responded 200 in 178.3953 ms
2026-06-29 22:24:14.256 +05:30 [INF] Executed action Portfolio_Management_System.Controllers.AdminController.GetRecentMessages (Portfolio Management System) in 170.96ms
2026-06-29 22:24:14.256 +05:30 [INF] Executed endpoint 'Portfolio_Management_System.Controllers.AdminController.GetRecentMessages (Portfolio Management System)'
2026-06-29 22:24:14.256 +05:30 [INF] HTTP GET /Admin/GetRecentMessages responded 200 in 175.4724 ms
2026-06-29 22:24:14.256 +05:30 [INF] Request finished HTTP/2 GET https://localhost:44341/Admin/GetUnreadMessagesCount - 200 null application/json; charset=utf-8 179.2194ms
2026-06-29 22:24:14.257 +05:30 [INF] Request finished HTTP/2 GET https://localhost:44341/Admin/GetRecentMessages - 200 null application/json; charset=utf-8 178.3612ms
2026-06-29 22:24:44.245 +05:30 [INF] Request starting HTTP/2 GET https://localhost:44341/Admin/GetUnreadMessagesCount - null null
2026-06-29 22:24:44.245 +05:30 [INF] Request starting HTTP/2 GET https://localhost:44341/Admin/GetRecentMessages - null null
2026-06-29 22:24:44.290 +05:30 [INF] Executing endpoint 'Portfolio_Management_System.Controllers.AdminController.GetUnreadMessagesCount (Portfolio Management System)'
2026-06-29 22:24:44.294 +05:30 [INF] Executing endpoint 'Portfolio_Management_System.Controllers.AdminController.GetRecentMessages (Portfolio Management System)'
2026-06-29 22:24:44.308 +05:30 [INF] Route matched with {action = "GetUnreadMessagesCount", controller = "Admin"}. Executing controller action with signature System.Threading.Tasks.Task`1[Microsoft.AspNetCore.Mvc.IActionResult] GetUnreadMessagesCount() on controller Portfolio_Management_System.Controllers.AdminController (Portfolio Management System).
2026-06-29 22:24:44.307 +05:30 [INF] Route matched with {action = "GetRecentMessages", controller = "Admin"}. Executing controller action with signature System.Threading.Tasks.Task`1[Microsoft.AspNetCore.Mvc.IActionResult] GetRecentMessages() on controller Portfolio_Management_System.Controllers.AdminController (Portfolio Management System).
2026-06-29 22:24:44.496 +05:30 [INF] Executing JsonResult, writing value of type 'System.Int32'.
2026-06-29 22:24:44.496 +05:30 [INF] Executed action Portfolio_Management_System.Controllers.AdminController.GetUnreadMessagesCount (Portfolio Management System) in 185.9464ms
2026-06-29 22:24:44.496 +05:30 [INF] Executed endpoint 'Portfolio_Management_System.Controllers.AdminController.GetUnreadMessagesCount (Portfolio Management System)'
2026-06-29 22:24:44.502 +05:30 [INF] HTTP GET /Admin/GetUnreadMessagesCount responded 200 in 256.6873 ms
2026-06-29 22:24:44.502 +05:30 [INF] Request finished HTTP/2 GET https://localhost:44341/Admin/GetUnreadMessagesCount - 200 null application/json; charset=utf-8 257.4449ms
2026-06-29 22:24:44.503 +05:30 [INF] Executing JsonResult, writing value of type 'System.Collections.Generic.List`1[[<>f__AnonymousType17`7[[System.Int32, System.Private.CoreLib, Version=9.0.0.0, Culture=neutral, PublicKeyToken=7cec85d7bea7798e],[System.String, System.Private.CoreLib, Version=9.0.0.0, Culture=neutral, PublicKeyToken=7cec85d7bea7798e],[System.String, System.Private.CoreLib, Version=9.0.0.0, Culture=neutral, PublicKeyToken=7cec85d7bea7798e],[System.String, System.Private.CoreLib, Version=9.0.0.0, Culture=neutral, PublicKeyToken=7cec85d7bea7798e],[System.String, System.Private.CoreLib, Version=9.0.0.0, Culture=neutral, PublicKeyToken=7cec85d7bea7798e],[System.Boolean, System.Private.CoreLib, Version=9.0.0.0, Culture=neutral, PublicKeyToken=7cec85d7bea7798e],[System.DateTime, System.Private.CoreLib, Version=9.0.0.0, Culture=neutral, PublicKeyToken=7cec85d7bea7798e]], Portfolio Management System, Version=1.0.0.0, Culture=neutral, PublicKeyToken=null]]'.
2026-06-29 22:24:44.503 +05:30 [INF] Executed action Portfolio_Management_System.Controllers.AdminController.GetRecentMessages (Portfolio Management System) in 193.3367ms
2026-06-29 22:24:44.504 +05:30 [INF] Executed endpoint 'Portfolio_Management_System.Controllers.AdminController.GetRecentMessages (Portfolio Management System)'
2026-06-29 22:24:44.504 +05:30 [INF] HTTP GET /Admin/GetRecentMessages responded 200 in 257.9933 ms
2026-06-29 22:24:44.504 +05:30 [INF] Request finished HTTP/2 GET https://localhost:44341/Admin/GetRecentMessages - 200 null application/json; charset=utf-8 258.342ms
2026-06-29 22:25:14.088 +05:30 [INF] Request starting HTTP/2 GET https://localhost:44341/Admin/GetUnreadMessagesCount - null null
2026-06-29 22:25:14.125 +05:30 [INF] Executing endpoint 'Portfolio_Management_System.Controllers.AdminController.GetUnreadMessagesCount (Portfolio Management System)'
2026-06-29 22:25:14.211 +05:30 [INF] Request starting HTTP/2 GET https://localhost:44341/Admin/GetRecentMessages - null null
2026-06-29 22:25:14.212 +05:30 [INF] Route matched with {action = "GetUnreadMessagesCount", controller = "Admin"}. Executing controller action with signature System.Threading.Tasks.Task`1[Microsoft.AspNetCore.Mvc.IActionResult] GetUnreadMessagesCount() on controller Portfolio_Management_System.Controllers.AdminController (Portfolio Management System).
2026-06-29 22:25:14.232 +05:30 [INF] Executing endpoint 'Portfolio_Management_System.Controllers.AdminController.GetRecentMessages (Portfolio Management System)'
2026-06-29 22:25:14.244 +05:30 [INF] Route matched with {action = "GetRecentMessages", controller = "Admin"}. Executing controller action with signature System.Threading.Tasks.Task`1[Microsoft.AspNetCore.Mvc.IActionResult] GetRecentMessages() on controller Portfolio_Management_System.Controllers.AdminController (Portfolio Management System).
2026-06-29 22:25:14.409 +05:30 [INF] Executing JsonResult, writing value of type 'System.Int32'.
2026-06-29 22:25:14.410 +05:30 [INF] Executed action Portfolio_Management_System.Controllers.AdminController.GetUnreadMessagesCount (Portfolio Management System) in 183.252ms
2026-06-29 22:25:14.411 +05:30 [INF] Executed endpoint 'Portfolio_Management_System.Controllers.AdminController.GetUnreadMessagesCount (Portfolio Management System)'
2026-06-29 22:25:14.411 +05:30 [INF] HTTP GET /Admin/GetUnreadMessagesCount responded 200 in 322.2803 ms
2026-06-29 22:25:14.411 +05:30 [INF] Request finished HTTP/2 GET https://localhost:44341/Admin/GetUnreadMessagesCount - 200 null application/json; charset=utf-8 322.7425ms
2026-06-29 22:25:14.430 +05:30 [INF] Executing JsonResult, writing value of type 'System.Collections.Generic.List`1[[<>f__AnonymousType17`7[[System.Int32, System.Private.CoreLib, Version=9.0.0.0, Culture=neutral, PublicKeyToken=7cec85d7bea7798e],[System.String, System.Private.CoreLib, Version=9.0.0.0, Culture=neutral, PublicKeyToken=7cec85d7bea7798e],[System.String, System.Private.CoreLib, Version=9.0.0.0, Culture=neutral, PublicKeyToken=7cec85d7bea7798e],[System.String, System.Private.CoreLib, Version=9.0.0.0, Culture=neutral, PublicKeyToken=7cec85d7bea7798e],[System.String, System.Private.CoreLib, Version=9.0.0.0, Culture=neutral, PublicKeyToken=7cec85d7bea7798e],[System.Boolean, System.Private.CoreLib, Version=9.0.0.0, Culture=neutral, PublicKeyToken=7cec85d7bea7798e],[System.DateTime, System.Private.CoreLib, Version=9.0.0.0, Culture=neutral, PublicKeyToken=7cec85d7bea7798e]], Portfolio Management System, Version=1.0.0.0, Culture=neutral, PublicKeyToken=null]]'.
2026-06-29 22:25:14.439 +05:30 [INF] Executed action Portfolio_Management_System.Controllers.AdminController.GetRecentMessages (Portfolio Management System) in 193.2087ms
2026-06-29 22:25:14.447 +05:30 [INF] Executed endpoint 'Portfolio_Management_System.Controllers.AdminController.GetRecentMessages (Portfolio Management System)'
2026-06-29 22:25:14.448 +05:30 [INF] HTTP GET /Admin/GetRecentMessages responded 200 in 220.6466 ms
2026-06-29 22:25:14.448 +05:30 [INF] Request finished HTTP/2 GET https://localhost:44341/Admin/GetRecentMessages - 200 null application/json; charset=utf-8 236.8082ms
2026-06-29 22:25:44.090 +05:30 [INF] Request starting HTTP/2 GET https://localhost:44341/Admin/GetRecentMessages - null null
2026-06-29 22:25:44.091 +05:30 [INF] Request starting HTTP/2 GET https://localhost:44341/Admin/GetUnreadMessagesCount - null null
2026-06-29 22:25:44.091 +05:30 [INF] Executing endpoint 'Portfolio_Management_System.Controllers.AdminController.GetRecentMessages (Portfolio Management System)'
2026-06-29 22:25:44.092 +05:30 [INF] Route matched with {action = "GetRecentMessages", controller = "Admin"}. Executing controller action with signature System.Threading.Tasks.Task`1[Microsoft.AspNetCore.Mvc.IActionResult] GetRecentMessages() on controller Portfolio_Management_System.Controllers.AdminController (Portfolio Management System).
2026-06-29 22:25:44.092 +05:30 [INF] Executing endpoint 'Portfolio_Management_System.Controllers.AdminController.GetUnreadMessagesCount (Portfolio Management System)'
2026-06-29 22:25:44.099 +05:30 [INF] Route matched with {action = "GetUnreadMessagesCount", controller = "Admin"}. Executing controller action with signature System.Threading.Tasks.Task`1[Microsoft.AspNetCore.Mvc.IActionResult] GetUnreadMessagesCount() on controller Portfolio_Management_System.Controllers.AdminController (Portfolio Management System).
2026-06-29 22:25:44.267 +05:30 [INF] Executing JsonResult, writing value of type 'System.Int32'.
2026-06-29 22:25:44.267 +05:30 [INF] Executing JsonResult, writing value of type 'System.Collections.Generic.List`1[[<>f__AnonymousType17`7[[System.Int32, System.Private.CoreLib, Version=9.0.0.0, Culture=neutral, PublicKeyToken=7cec85d7bea7798e],[System.String, System.Private.CoreLib, Version=9.0.0.0, Culture=neutral, PublicKeyToken=7cec85d7bea7798e],[System.String, System.Private.CoreLib, Version=9.0.0.0, Culture=neutral, PublicKeyToken=7cec85d7bea7798e],[System.String, System.Private.CoreLib, Version=9.0.0.0, Culture=neutral, PublicKeyToken=7cec85d7bea7798e],[System.String, System.Private.CoreLib, Version=9.0.0.0, Culture=neutral, PublicKeyToken=7cec85d7bea7798e],[System.Boolean, System.Private.CoreLib, Version=9.0.0.0, Culture=neutral, PublicKeyToken=7cec85d7bea7798e],[System.DateTime, System.Private.CoreLib, Version=9.0.0.0, Culture=neutral, PublicKeyToken=7cec85d7bea7798e]], Portfolio Management System, Version=1.0.0.0, Culture=neutral, PublicKeyToken=null]]'.
2026-06-29 22:25:44.268 +05:30 [INF] Executed action Portfolio_Management_System.Controllers.AdminController.GetUnreadMessagesCount (Portfolio Management System) in 169.2295ms
2026-06-29 22:25:44.268 +05:30 [INF] Executed endpoint 'Portfolio_Management_System.Controllers.AdminController.GetUnreadMessagesCount (Portfolio Management System)'
2026-06-29 22:25:44.269 +05:30 [INF] Executed action Portfolio_Management_System.Controllers.AdminController.GetRecentMessages (Portfolio Management System) in 176.7988ms
2026-06-29 22:25:44.269 +05:30 [INF] Executed endpoint 'Portfolio_Management_System.Controllers.AdminController.GetRecentMessages (Portfolio Management System)'
2026-06-29 22:25:44.269 +05:30 [INF] HTTP GET /Admin/GetUnreadMessagesCount responded 200 in 177.1094 ms
2026-06-29 22:25:44.269 +05:30 [INF] HTTP GET /Admin/GetRecentMessages responded 200 in 178.3375 ms
2026-06-29 22:25:44.269 +05:30 [INF] Request finished HTTP/2 GET https://localhost:44341/Admin/GetRecentMessages - 200 null application/json; charset=utf-8 179.146ms
2026-06-29 22:25:44.270 +05:30 [INF] Request finished HTTP/2 GET https://localhost:44341/Admin/GetUnreadMessagesCount - 200 null application/json; charset=utf-8 178.2668ms
2026-06-29 22:26:14.083 +05:30 [INF] Request starting HTTP/2 GET https://localhost:44341/Admin/GetUnreadMessagesCount - null null
2026-06-29 22:26:14.083 +05:30 [INF] Executing endpoint 'Portfolio_Management_System.Controllers.AdminController.GetUnreadMessagesCount (Portfolio Management System)'
2026-06-29 22:26:14.083 +05:30 [INF] Route matched with {action = "GetUnreadMessagesCount", controller = "Admin"}. Executing controller action with signature System.Threading.Tasks.Task`1[Microsoft.AspNetCore.Mvc.IActionResult] GetUnreadMessagesCount() on controller Portfolio_Management_System.Controllers.AdminController (Portfolio Management System).
2026-06-29 22:26:14.086 +05:30 [INF] Request starting HTTP/2 GET https://localhost:44341/Admin/GetRecentMessages - null null
2026-06-29 22:26:14.102 +05:30 [INF] Executing endpoint 'Portfolio_Management_System.Controllers.AdminController.GetRecentMessages (Portfolio Management System)'
2026-06-29 22:26:14.102 +05:30 [INF] Route matched with {action = "GetRecentMessages", controller = "Admin"}. Executing controller action with signature System.Threading.Tasks.Task`1[Microsoft.AspNetCore.Mvc.IActionResult] GetRecentMessages() on controller Portfolio_Management_System.Controllers.AdminController (Portfolio Management System).
2026-06-29 22:26:14.254 +05:30 [INF] Executing JsonResult, writing value of type 'System.Int32'.
2026-06-29 22:26:14.254 +05:30 [INF] Executed action Portfolio_Management_System.Controllers.AdminController.GetUnreadMessagesCount (Portfolio Management System) in 170.3583ms
2026-06-29 22:26:14.254 +05:30 [INF] Executed endpoint 'Portfolio_Management_System.Controllers.AdminController.GetUnreadMessagesCount (Portfolio Management System)'
2026-06-29 22:26:14.254 +05:30 [INF] HTTP GET /Admin/GetUnreadMessagesCount responded 200 in 171.3757 ms
2026-06-29 22:26:14.255 +05:30 [INF] Request finished HTTP/2 GET https://localhost:44341/Admin/GetUnreadMessagesCount - 200 null application/json; charset=utf-8 172.063ms
2026-06-29 22:26:14.277 +05:30 [INF] Executing JsonResult, writing value of type 'System.Collections.Generic.List`1[[<>f__AnonymousType17`7[[System.Int32, System.Private.CoreLib, Version=9.0.0.0, Culture=neutral, PublicKeyToken=7cec85d7bea7798e],[System.String, System.Private.CoreLib, Version=9.0.0.0, Culture=neutral, PublicKeyToken=7cec85d7bea7798e],[System.String, System.Private.CoreLib, Version=9.0.0.0, Culture=neutral, PublicKeyToken=7cec85d7bea7798e],[System.String, System.Private.CoreLib, Version=9.0.0.0, Culture=neutral, PublicKeyToken=7cec85d7bea7798e],[System.String, System.Private.CoreLib, Version=9.0.0.0, Culture=neutral, PublicKeyToken=7cec85d7bea7798e],[System.Boolean, System.Private.CoreLib, Version=9.0.0.0, Culture=neutral, PublicKeyToken=7cec85d7bea7798e],[System.DateTime, System.Private.CoreLib, Version=9.0.0.0, Culture=neutral, PublicKeyToken=7cec85d7bea7798e]], Portfolio Management System, Version=1.0.0.0, Culture=neutral, PublicKeyToken=null]]'.
2026-06-29 22:26:14.279 +05:30 [INF] Executed action Portfolio_Management_System.Controllers.AdminController.GetRecentMessages (Portfolio Management System) in 176.729ms
2026-06-29 22:26:14.280 +05:30 [INF] Executed endpoint 'Portfolio_Management_System.Controllers.AdminController.GetRecentMessages (Portfolio Management System)'
2026-06-29 22:26:14.280 +05:30 [INF] HTTP GET /Admin/GetRecentMessages responded 200 in 177.9959 ms
2026-06-29 22:26:14.281 +05:30 [INF] Request finished HTTP/2 GET https://localhost:44341/Admin/GetRecentMessages - 200 null application/json; charset=utf-8 194.4277ms
2026-06-29 22:26:44.088 +05:30 [INF] Request starting HTTP/2 GET https://localhost:44341/Admin/GetUnreadMessagesCount - null null
2026-06-29 22:26:44.089 +05:30 [INF] Executing endpoint 'Portfolio_Management_System.Controllers.AdminController.GetUnreadMessagesCount (Portfolio Management System)'
2026-06-29 22:26:44.089 +05:30 [INF] Route matched with {action = "GetUnreadMessagesCount", controller = "Admin"}. Executing controller action with signature System.Threading.Tasks.Task`1[Microsoft.AspNetCore.Mvc.IActionResult] GetUnreadMessagesCount() on controller Portfolio_Management_System.Controllers.AdminController (Portfolio Management System).
2026-06-29 22:26:44.090 +05:30 [INF] Request starting HTTP/2 GET https://localhost:44341/Admin/GetRecentMessages - null null
2026-06-29 22:26:44.090 +05:30 [INF] Executing endpoint 'Portfolio_Management_System.Controllers.AdminController.GetRecentMessages (Portfolio Management System)'
2026-06-29 22:26:44.132 +05:30 [INF] Route matched with {action = "GetRecentMessages", controller = "Admin"}. Executing controller action with signature System.Threading.Tasks.Task`1[Microsoft.AspNetCore.Mvc.IActionResult] GetRecentMessages() on controller Portfolio_Management_System.Controllers.AdminController (Portfolio Management System).
2026-06-29 22:26:44.258 +05:30 [INF] Executing JsonResult, writing value of type 'System.Int32'.
2026-06-29 22:26:44.259 +05:30 [INF] Executed action Portfolio_Management_System.Controllers.AdminController.GetUnreadMessagesCount (Portfolio Management System) in 169.5283ms
2026-06-29 22:26:44.259 +05:30 [INF] Executed endpoint 'Portfolio_Management_System.Controllers.AdminController.GetUnreadMessagesCount (Portfolio Management System)'
2026-06-29 22:26:44.260 +05:30 [INF] HTTP GET /Admin/GetUnreadMessagesCount responded 200 in 171.4425 ms
2026-06-29 22:26:44.261 +05:30 [INF] Request finished HTTP/2 GET https://localhost:44341/Admin/GetUnreadMessagesCount - 200 null application/json; charset=utf-8 172.6309ms
2026-06-29 22:26:44.305 +05:30 [INF] Executing JsonResult, writing value of type 'System.Collections.Generic.List`1[[<>f__AnonymousType17`7[[System.Int32, System.Private.CoreLib, Version=9.0.0.0, Culture=neutral, PublicKeyToken=7cec85d7bea7798e],[System.String, System.Private.CoreLib, Version=9.0.0.0, Culture=neutral, PublicKeyToken=7cec85d7bea7798e],[System.String, System.Private.CoreLib, Version=9.0.0.0, Culture=neutral, PublicKeyToken=7cec85d7bea7798e],[System.String, System.Private.CoreLib, Version=9.0.0.0, Culture=neutral, PublicKeyToken=7cec85d7bea7798e],[System.String, System.Private.CoreLib, Version=9.0.0.0, Culture=neutral, PublicKeyToken=7cec85d7bea7798e],[System.Boolean, System.Private.CoreLib, Version=9.0.0.0, Culture=neutral, PublicKeyToken=7cec85d7bea7798e],[System.DateTime, System.Private.CoreLib, Version=9.0.0.0, Culture=neutral, PublicKeyToken=7cec85d7bea7798e]], Portfolio Management System, Version=1.0.0.0, Culture=neutral, PublicKeyToken=null]]'.
2026-06-29 22:26:44.306 +05:30 [INF] Executed action Portfolio_Management_System.Controllers.AdminController.GetRecentMessages (Portfolio Management System) in 170.3401ms
2026-06-29 22:26:44.306 +05:30 [INF] Executed endpoint 'Portfolio_Management_System.Controllers.AdminController.GetRecentMessages (Portfolio Management System)'
2026-06-29 22:26:44.306 +05:30 [INF] HTTP GET /Admin/GetRecentMessages responded 200 in 216.0570 ms
2026-06-29 22:26:44.307 +05:30 [INF] Request finished HTTP/2 GET https://localhost:44341/Admin/GetRecentMessages - 200 null application/json; charset=utf-8 216.9601ms
2026-06-29 22:27:14.083 +05:30 [INF] Request starting HTTP/2 GET https://localhost:44341/Admin/GetUnreadMessagesCount - null null
2026-06-29 22:27:14.084 +05:30 [INF] Executing endpoint 'Portfolio_Management_System.Controllers.AdminController.GetUnreadMessagesCount (Portfolio Management System)'
2026-06-29 22:27:14.084 +05:30 [INF] Route matched with {action = "GetUnreadMessagesCount", controller = "Admin"}. Executing controller action with signature System.Threading.Tasks.Task`1[Microsoft.AspNetCore.Mvc.IActionResult] GetUnreadMessagesCount() on controller Portfolio_Management_System.Controllers.AdminController (Portfolio Management System).
2026-06-29 22:27:14.085 +05:30 [INF] Request starting HTTP/2 GET https://localhost:44341/Admin/GetRecentMessages - null null
2026-06-29 22:27:14.091 +05:30 [INF] Executing endpoint 'Portfolio_Management_System.Controllers.AdminController.GetRecentMessages (Portfolio Management System)'
2026-06-29 22:27:14.131 +05:30 [INF] Route matched with {action = "GetRecentMessages", controller = "Admin"}. Executing controller action with signature System.Threading.Tasks.Task`1[Microsoft.AspNetCore.Mvc.IActionResult] GetRecentMessages() on controller Portfolio_Management_System.Controllers.AdminController (Portfolio Management System).
2026-06-29 22:27:14.253 +05:30 [INF] Executing JsonResult, writing value of type 'System.Int32'.
2026-06-29 22:27:14.255 +05:30 [INF] Executed action Portfolio_Management_System.Controllers.AdminController.GetUnreadMessagesCount (Portfolio Management System) in 170.7585ms
2026-06-29 22:27:14.255 +05:30 [INF] Executed endpoint 'Portfolio_Management_System.Controllers.AdminController.GetUnreadMessagesCount (Portfolio Management System)'
2026-06-29 22:27:14.255 +05:30 [INF] HTTP GET /Admin/GetUnreadMessagesCount responded 200 in 171.4333 ms
2026-06-29 22:27:14.255 +05:30 [INF] Request finished HTTP/2 GET https://localhost:44341/Admin/GetUnreadMessagesCount - 200 null application/json; charset=utf-8 172.5908ms
2026-06-29 22:27:14.310 +05:30 [INF] Executing JsonResult, writing value of type 'System.Collections.Generic.List`1[[<>f__AnonymousType17`7[[System.Int32, System.Private.CoreLib, Version=9.0.0.0, Culture=neutral, PublicKeyToken=7cec85d7bea7798e],[System.String, System.Private.CoreLib, Version=9.0.0.0, Culture=neutral, PublicKeyToken=7cec85d7bea7798e],[System.String, System.Private.CoreLib, Version=9.0.0.0, Culture=neutral, PublicKeyToken=7cec85d7bea7798e],[System.String, System.Private.CoreLib, Version=9.0.0.0, Culture=neutral, PublicKeyToken=7cec85d7bea7798e],[System.String, System.Private.CoreLib, Version=9.0.0.0, Culture=neutral, PublicKeyToken=7cec85d7bea7798e],[System.Boolean, System.Private.CoreLib, Version=9.0.0.0, Culture=neutral, PublicKeyToken=7cec85d7bea7798e],[System.DateTime, System.Private.CoreLib, Version=9.0.0.0, Culture=neutral, PublicKeyToken=7cec85d7bea7798e]], Portfolio Management System, Version=1.0.0.0, Culture=neutral, PublicKeyToken=null]]'.
2026-06-29 22:27:14.314 +05:30 [INF] Executed action Portfolio_Management_System.Controllers.AdminController.GetRecentMessages (Portfolio Management System) in 183.0677ms
2026-06-29 22:27:14.314 +05:30 [INF] Executed endpoint 'Portfolio_Management_System.Controllers.AdminController.GetRecentMessages (Portfolio Management System)'
2026-06-29 22:27:14.314 +05:30 [INF] HTTP GET /Admin/GetRecentMessages responded 200 in 228.5553 ms
2026-06-29 22:27:14.314 +05:30 [INF] Request finished HTTP/2 GET https://localhost:44341/Admin/GetRecentMessages - 200 null application/json; charset=utf-8 228.9471ms
2026-06-29 22:27:44.082 +05:30 [INF] Request starting HTTP/2 GET https://localhost:44341/Admin/GetUnreadMessagesCount - null null
2026-06-29 22:27:44.084 +05:30 [INF] Executing endpoint 'Portfolio_Management_System.Controllers.AdminController.GetUnreadMessagesCount (Portfolio Management System)'
2026-06-29 22:27:44.085 +05:30 [INF] Route matched with {action = "GetUnreadMessagesCount", controller = "Admin"}. Executing controller action with signature System.Threading.Tasks.Task`1[Microsoft.AspNetCore.Mvc.IActionResult] GetUnreadMessagesCount() on controller Portfolio_Management_System.Controllers.AdminController (Portfolio Management System).
2026-06-29 22:27:44.083 +05:30 [INF] Request starting HTTP/2 GET https://localhost:44341/Admin/GetRecentMessages - null null
2026-06-29 22:27:44.116 +05:30 [INF] Executing endpoint 'Portfolio_Management_System.Controllers.AdminController.GetRecentMessages (Portfolio Management System)'
2026-06-29 22:27:44.116 +05:30 [INF] Route matched with {action = "GetRecentMessages", controller = "Admin"}. Executing controller action with signature System.Threading.Tasks.Task`1[Microsoft.AspNetCore.Mvc.IActionResult] GetRecentMessages() on controller Portfolio_Management_System.Controllers.AdminController (Portfolio Management System).
2026-06-29 22:27:44.276 +05:30 [INF] Executing JsonResult, writing value of type 'System.Int32'.
2026-06-29 22:27:44.277 +05:30 [INF] Executed action Portfolio_Management_System.Controllers.AdminController.GetUnreadMessagesCount (Portfolio Management System) in 191.188ms
2026-06-29 22:27:44.277 +05:30 [INF] Executed endpoint 'Portfolio_Management_System.Controllers.AdminController.GetUnreadMessagesCount (Portfolio Management System)'
2026-06-29 22:27:44.277 +05:30 [INF] HTTP GET /Admin/GetUnreadMessagesCount responded 200 in 194.4009 ms
2026-06-29 22:27:44.278 +05:30 [INF] Request finished HTTP/2 GET https://localhost:44341/Admin/GetUnreadMessagesCount - 200 null application/json; charset=utf-8 195.9095ms
2026-06-29 22:27:44.304 +05:30 [INF] Executing JsonResult, writing value of type 'System.Collections.Generic.List`1[[<>f__AnonymousType17`7[[System.Int32, System.Private.CoreLib, Version=9.0.0.0, Culture=neutral, PublicKeyToken=7cec85d7bea7798e],[System.String, System.Private.CoreLib, Version=9.0.0.0, Culture=neutral, PublicKeyToken=7cec85d7bea7798e],[System.String, System.Private.CoreLib, Version=9.0.0.0, Culture=neutral, PublicKeyToken=7cec85d7bea7798e],[System.String, System.Private.CoreLib, Version=9.0.0.0, Culture=neutral, PublicKeyToken=7cec85d7bea7798e],[System.String, System.Private.CoreLib, Version=9.0.0.0, Culture=neutral, PublicKeyToken=7cec85d7bea7798e],[System.Boolean, System.Private.CoreLib, Version=9.0.0.0, Culture=neutral, PublicKeyToken=7cec85d7bea7798e],[System.DateTime, System.Private.CoreLib, Version=9.0.0.0, Culture=neutral, PublicKeyToken=7cec85d7bea7798e]], Portfolio Management System, Version=1.0.0.0, Culture=neutral, PublicKeyToken=null]]'.
2026-06-29 22:27:44.304 +05:30 [INF] Executed action Portfolio_Management_System.Controllers.AdminController.GetRecentMessages (Portfolio Management System) in 188.1635ms
2026-06-29 22:27:44.304 +05:30 [INF] Executed endpoint 'Portfolio_Management_System.Controllers.AdminController.GetRecentMessages (Portfolio Management System)'
2026-06-29 22:27:44.304 +05:30 [INF] HTTP GET /Admin/GetRecentMessages responded 200 in 192.8370 ms
2026-06-29 22:27:44.305 +05:30 [INF] Request finished HTTP/2 GET https://localhost:44341/Admin/GetRecentMessages - 200 null application/json; charset=utf-8 221.6521ms
2026-06-29 22:28:14.084 +05:30 [INF] Request starting HTTP/2 GET https://localhost:44341/Admin/GetUnreadMessagesCount - null null
2026-06-29 22:28:14.084 +05:30 [INF] Executing endpoint 'Portfolio_Management_System.Controllers.AdminController.GetUnreadMessagesCount (Portfolio Management System)'
2026-06-29 22:28:14.085 +05:30 [INF] Route matched with {action = "GetUnreadMessagesCount", controller = "Admin"}. Executing controller action with signature System.Threading.Tasks.Task`1[Microsoft.AspNetCore.Mvc.IActionResult] GetUnreadMessagesCount() on controller Portfolio_Management_System.Controllers.AdminController (Portfolio Management System).
2026-06-29 22:28:14.085 +05:30 [INF] Request starting HTTP/2 GET https://localhost:44341/Admin/GetRecentMessages - null null
2026-06-29 22:28:14.111 +05:30 [INF] Executing endpoint 'Portfolio_Management_System.Controllers.AdminController.GetRecentMessages (Portfolio Management System)'
2026-06-29 22:28:14.115 +05:30 [INF] Route matched with {action = "GetRecentMessages", controller = "Admin"}. Executing controller action with signature System.Threading.Tasks.Task`1[Microsoft.AspNetCore.Mvc.IActionResult] GetRecentMessages() on controller Portfolio_Management_System.Controllers.AdminController (Portfolio Management System).
2026-06-29 22:28:14.259 +05:30 [INF] Executing JsonResult, writing value of type 'System.Int32'.
2026-06-29 22:28:14.259 +05:30 [INF] Executed action Portfolio_Management_System.Controllers.AdminController.GetUnreadMessagesCount (Portfolio Management System) in 174.7865ms
2026-06-29 22:28:14.260 +05:30 [INF] Executed endpoint 'Portfolio_Management_System.Controllers.AdminController.GetUnreadMessagesCount (Portfolio Management System)'
2026-06-29 22:28:14.260 +05:30 [INF] HTTP GET /Admin/GetUnreadMessagesCount responded 200 in 175.7684 ms
2026-06-29 22:28:14.260 +05:30 [INF] Request finished HTTP/2 GET https://localhost:44341/Admin/GetUnreadMessagesCount - 200 null application/json; charset=utf-8 176.3949ms
2026-06-29 22:28:14.293 +05:30 [INF] Executing JsonResult, writing value of type 'System.Collections.Generic.List`1[[<>f__AnonymousType17`7[[System.Int32, System.Private.CoreLib, Version=9.0.0.0, Culture=neutral, PublicKeyToken=7cec85d7bea7798e],[System.String, System.Private.CoreLib, Version=9.0.0.0, Culture=neutral, PublicKeyToken=7cec85d7bea7798e],[System.String, System.Private.CoreLib, Version=9.0.0.0, Culture=neutral, PublicKeyToken=7cec85d7bea7798e],[System.String, System.Private.CoreLib, Version=9.0.0.0, Culture=neutral, PublicKeyToken=7cec85d7bea7798e],[System.String, System.Private.CoreLib, Version=9.0.0.0, Culture=neutral, PublicKeyToken=7cec85d7bea7798e],[System.Boolean, System.Private.CoreLib, Version=9.0.0.0, Culture=neutral, PublicKeyToken=7cec85d7bea7798e],[System.DateTime, System.Private.CoreLib, Version=9.0.0.0, Culture=neutral, PublicKeyToken=7cec85d7bea7798e]], Portfolio Management System, Version=1.0.0.0, Culture=neutral, PublicKeyToken=null]]'.
2026-06-29 22:28:14.294 +05:30 [INF] Executed action Portfolio_Management_System.Controllers.AdminController.GetRecentMessages (Portfolio Management System) in 179.326ms
2026-06-29 22:28:14.294 +05:30 [INF] Executed endpoint 'Portfolio_Management_System.Controllers.AdminController.GetRecentMessages (Portfolio Management System)'
2026-06-29 22:28:14.294 +05:30 [INF] HTTP GET /Admin/GetRecentMessages responded 200 in 209.6181 ms
2026-06-29 22:28:14.294 +05:30 [INF] Request finished HTTP/2 GET https://localhost:44341/Admin/GetRecentMessages - 200 null application/json; charset=utf-8 209.9705ms
2026-06-29 22:28:44.080 +05:30 [INF] Request starting HTTP/2 GET https://localhost:44341/Admin/GetUnreadMessagesCount - null null
2026-06-29 22:28:44.080 +05:30 [INF] Executing endpoint 'Portfolio_Management_System.Controllers.AdminController.GetUnreadMessagesCount (Portfolio Management System)'
2026-06-29 22:28:44.080 +05:30 [INF] Route matched with {action = "GetUnreadMessagesCount", controller = "Admin"}. Executing controller action with signature System.Threading.Tasks.Task`1[Microsoft.AspNetCore.Mvc.IActionResult] GetUnreadMessagesCount() on controller Portfolio_Management_System.Controllers.AdminController (Portfolio Management System).
2026-06-29 22:28:44.082 +05:30 [INF] Request starting HTTP/2 GET https://localhost:44341/Admin/GetRecentMessages - null null
2026-06-29 22:28:44.082 +05:30 [INF] Executing endpoint 'Portfolio_Management_System.Controllers.AdminController.GetRecentMessages (Portfolio Management System)'
2026-06-29 22:28:44.086 +05:30 [INF] Route matched with {action = "GetRecentMessages", controller = "Admin"}. Executing controller action with signature System.Threading.Tasks.Task`1[Microsoft.AspNetCore.Mvc.IActionResult] GetRecentMessages() on controller Portfolio_Management_System.Controllers.AdminController (Portfolio Management System).
2026-06-29 22:28:44.251 +05:30 [INF] Executing JsonResult, writing value of type 'System.Int32'.
2026-06-29 22:28:44.253 +05:30 [INF] Executed action Portfolio_Management_System.Controllers.AdminController.GetUnreadMessagesCount (Portfolio Management System) in 172.9299ms
2026-06-29 22:28:44.253 +05:30 [INF] Executed endpoint 'Portfolio_Management_System.Controllers.AdminController.GetUnreadMessagesCount (Portfolio Management System)'
2026-06-29 22:28:44.254 +05:30 [INF] HTTP GET /Admin/GetUnreadMessagesCount responded 200 in 173.8999 ms
2026-06-29 22:28:44.254 +05:30 [INF] Request finished HTTP/2 GET https://localhost:44341/Admin/GetUnreadMessagesCount - 200 null application/json; charset=utf-8 174.4228ms
2026-06-29 22:28:44.260 +05:30 [INF] Executing JsonResult, writing value of type 'System.Collections.Generic.List`1[[<>f__AnonymousType17`7[[System.Int32, System.Private.CoreLib, Version=9.0.0.0, Culture=neutral, PublicKeyToken=7cec85d7bea7798e],[System.String, System.Private.CoreLib, Version=9.0.0.0, Culture=neutral, PublicKeyToken=7cec85d7bea7798e],[System.String, System.Private.CoreLib, Version=9.0.0.0, Culture=neutral, PublicKeyToken=7cec85d7bea7798e],[System.String, System.Private.CoreLib, Version=9.0.0.0, Culture=neutral, PublicKeyToken=7cec85d7bea7798e],[System.String, System.Private.CoreLib, Version=9.0.0.0, Culture=neutral, PublicKeyToken=7cec85d7bea7798e],[System.Boolean, System.Private.CoreLib, Version=9.0.0.0, Culture=neutral, PublicKeyToken=7cec85d7bea7798e],[System.DateTime, System.Private.CoreLib, Version=9.0.0.0, Culture=neutral, PublicKeyToken=7cec85d7bea7798e]], Portfolio Management System, Version=1.0.0.0, Culture=neutral, PublicKeyToken=null]]'.
2026-06-29 22:28:44.261 +05:30 [INF] Executed action Portfolio_Management_System.Controllers.AdminController.GetRecentMessages (Portfolio Management System) in 174.8752ms
2026-06-29 22:28:44.261 +05:30 [INF] Executed endpoint 'Portfolio_Management_System.Controllers.AdminController.GetRecentMessages (Portfolio Management System)'
2026-06-29 22:28:44.261 +05:30 [INF] HTTP GET /Admin/GetRecentMessages responded 200 in 179.7002 ms
2026-06-29 22:28:44.262 +05:30 [INF] Request finished HTTP/2 GET https://localhost:44341/Admin/GetRecentMessages - 200 null application/json; charset=utf-8 180.107ms
2026-06-29 22:29:14.097 +05:30 [INF] Request starting HTTP/2 GET https://localhost:44341/Admin/GetRecentMessages - null null
2026-06-29 22:29:14.097 +05:30 [INF] Executing endpoint 'Portfolio_Management_System.Controllers.AdminController.GetRecentMessages (Portfolio Management System)'
2026-06-29 22:29:14.097 +05:30 [INF] Route matched with {action = "GetRecentMessages", controller = "Admin"}. Executing controller action with signature System.Threading.Tasks.Task`1[Microsoft.AspNetCore.Mvc.IActionResult] GetRecentMessages() on controller Portfolio_Management_System.Controllers.AdminController (Portfolio Management System).
2026-06-29 22:29:14.101 +05:30 [INF] Request starting HTTP/2 GET https://localhost:44341/Admin/GetUnreadMessagesCount - null null
2026-06-29 22:29:14.107 +05:30 [INF] Executing endpoint 'Portfolio_Management_System.Controllers.AdminController.GetUnreadMessagesCount (Portfolio Management System)'
2026-06-29 22:29:14.107 +05:30 [INF] Route matched with {action = "GetUnreadMessagesCount", controller = "Admin"}. Executing controller action with signature System.Threading.Tasks.Task`1[Microsoft.AspNetCore.Mvc.IActionResult] GetUnreadMessagesCount() on controller Portfolio_Management_System.Controllers.AdminController (Portfolio Management System).
2026-06-29 22:29:14.273 +05:30 [INF] Executing JsonResult, writing value of type 'System.Collections.Generic.List`1[[<>f__AnonymousType17`7[[System.Int32, System.Private.CoreLib, Version=9.0.0.0, Culture=neutral, PublicKeyToken=7cec85d7bea7798e],[System.String, System.Private.CoreLib, Version=9.0.0.0, Culture=neutral, PublicKeyToken=7cec85d7bea7798e],[System.String, System.Private.CoreLib, Version=9.0.0.0, Culture=neutral, PublicKeyToken=7cec85d7bea7798e],[System.String, System.Private.CoreLib, Version=9.0.0.0, Culture=neutral, PublicKeyToken=7cec85d7bea7798e],[System.String, System.Private.CoreLib, Version=9.0.0.0, Culture=neutral, PublicKeyToken=7cec85d7bea7798e],[System.Boolean, System.Private.CoreLib, Version=9.0.0.0, Culture=neutral, PublicKeyToken=7cec85d7bea7798e],[System.DateTime, System.Private.CoreLib, Version=9.0.0.0, Culture=neutral, PublicKeyToken=7cec85d7bea7798e]], Portfolio Management System, Version=1.0.0.0, Culture=neutral, PublicKeyToken=null]]'.
2026-06-29 22:29:14.275 +05:30 [INF] Executed action Portfolio_Management_System.Controllers.AdminController.GetRecentMessages (Portfolio Management System) in 177.5115ms
2026-06-29 22:29:14.275 +05:30 [INF] Executed endpoint 'Portfolio_Management_System.Controllers.AdminController.GetRecentMessages (Portfolio Management System)'
2026-06-29 22:29:14.275 +05:30 [INF] HTTP GET /Admin/GetRecentMessages responded 200 in 178.2227 ms
2026-06-29 22:29:14.275 +05:30 [INF] Request finished HTTP/2 GET https://localhost:44341/Admin/GetRecentMessages - 200 null application/json; charset=utf-8 178.8722ms
2026-06-29 22:29:14.368 +05:30 [INF] Executing JsonResult, writing value of type 'System.Int32'.
2026-06-29 22:29:14.411 +05:30 [INF] Executed action Portfolio_Management_System.Controllers.AdminController.GetUnreadMessagesCount (Portfolio Management System) in 303.6677ms
2026-06-29 22:29:14.411 +05:30 [INF] Executed endpoint 'Portfolio_Management_System.Controllers.AdminController.GetUnreadMessagesCount (Portfolio Management System)'
2026-06-29 22:29:14.411 +05:30 [INF] HTTP GET /Admin/GetUnreadMessagesCount responded 200 in 310.0274 ms
2026-06-29 22:29:14.411 +05:30 [INF] Request finished HTTP/2 GET https://localhost:44341/Admin/GetUnreadMessagesCount - 200 null application/json; charset=utf-8 310.3722ms
2026-06-29 22:29:44.152 +05:30 [INF] Request starting HTTP/2 GET https://localhost:44341/Admin/GetRecentMessages - null null
2026-06-29 22:29:44.167 +05:30 [INF] Executing endpoint 'Portfolio_Management_System.Controllers.AdminController.GetRecentMessages (Portfolio Management System)'
2026-06-29 22:29:44.179 +05:30 [INF] Route matched with {action = "GetRecentMessages", controller = "Admin"}. Executing controller action with signature System.Threading.Tasks.Task`1[Microsoft.AspNetCore.Mvc.IActionResult] GetRecentMessages() on controller Portfolio_Management_System.Controllers.AdminController (Portfolio Management System).
2026-06-29 22:29:44.213 +05:30 [INF] Request starting HTTP/2 GET https://localhost:44341/Admin/GetUnreadMessagesCount - null null
2026-06-29 22:29:44.213 +05:30 [INF] Executing endpoint 'Portfolio_Management_System.Controllers.AdminController.GetUnreadMessagesCount (Portfolio Management System)'
2026-06-29 22:29:44.213 +05:30 [INF] Route matched with {action = "GetUnreadMessagesCount", controller = "Admin"}. Executing controller action with signature System.Threading.Tasks.Task`1[Microsoft.AspNetCore.Mvc.IActionResult] GetUnreadMessagesCount() on controller Portfolio_Management_System.Controllers.AdminController (Portfolio Management System).
2026-06-29 22:29:44.354 +05:30 [INF] Executing JsonResult, writing value of type 'System.Collections.Generic.List`1[[<>f__AnonymousType17`7[[System.Int32, System.Private.CoreLib, Version=9.0.0.0, Culture=neutral, PublicKeyToken=7cec85d7bea7798e],[System.String, System.Private.CoreLib, Version=9.0.0.0, Culture=neutral, PublicKeyToken=7cec85d7bea7798e],[System.String, System.Private.CoreLib, Version=9.0.0.0, Culture=neutral, PublicKeyToken=7cec85d7bea7798e],[System.String, System.Private.CoreLib, Version=9.0.0.0, Culture=neutral, PublicKeyToken=7cec85d7bea7798e],[System.String, System.Private.CoreLib, Version=9.0.0.0, Culture=neutral, PublicKeyToken=7cec85d7bea7798e],[System.Boolean, System.Private.CoreLib, Version=9.0.0.0, Culture=neutral, PublicKeyToken=7cec85d7bea7798e],[System.DateTime, System.Private.CoreLib, Version=9.0.0.0, Culture=neutral, PublicKeyToken=7cec85d7bea7798e]], Portfolio Management System, Version=1.0.0.0, Culture=neutral, PublicKeyToken=null]]'.
2026-06-29 22:29:44.357 +05:30 [INF] Executed action Portfolio_Management_System.Controllers.AdminController.GetRecentMessages (Portfolio Management System) in 177.0093ms
2026-06-29 22:29:44.357 +05:30 [INF] Executed endpoint 'Portfolio_Management_System.Controllers.AdminController.GetRecentMessages (Portfolio Management System)'
2026-06-29 22:29:44.357 +05:30 [INF] HTTP GET /Admin/GetRecentMessages responded 200 in 204.4069 ms
2026-06-29 22:29:44.358 +05:30 [INF] Request finished HTTP/2 GET https://localhost:44341/Admin/GetRecentMessages - 200 null application/json; charset=utf-8 206.2717ms
2026-06-29 22:29:44.507 +05:30 [INF] Executing JsonResult, writing value of type 'System.Int32'.
2026-06-29 22:29:44.507 +05:30 [INF] Executed action Portfolio_Management_System.Controllers.AdminController.GetUnreadMessagesCount (Portfolio Management System) in 294.0904ms
2026-06-29 22:29:44.508 +05:30 [INF] Executed endpoint 'Portfolio_Management_System.Controllers.AdminController.GetUnreadMessagesCount (Portfolio Management System)'
2026-06-29 22:29:44.508 +05:30 [INF] HTTP GET /Admin/GetUnreadMessagesCount responded 200 in 294.8596 ms
2026-06-29 22:29:44.508 +05:30 [INF] Request finished HTTP/2 GET https://localhost:44341/Admin/GetUnreadMessagesCount - 200 null application/json; charset=utf-8 295.2293ms
2026-06-29 22:30:14.179 +05:30 [INF] Request starting HTTP/2 GET https://localhost:44341/Admin/GetUnreadMessagesCount - null null
2026-06-29 22:30:14.196 +05:30 [INF] Request starting HTTP/2 GET https://localhost:44341/Admin/GetRecentMessages - null null
2026-06-29 22:30:14.211 +05:30 [INF] Executing endpoint 'Portfolio_Management_System.Controllers.AdminController.GetRecentMessages (Portfolio Management System)'
2026-06-29 22:30:14.212 +05:30 [INF] Route matched with {action = "GetRecentMessages", controller = "Admin"}. Executing controller action with signature System.Threading.Tasks.Task`1[Microsoft.AspNetCore.Mvc.IActionResult] GetRecentMessages() on controller Portfolio_Management_System.Controllers.AdminController (Portfolio Management System).
2026-06-29 22:30:14.223 +05:30 [INF] Executing endpoint 'Portfolio_Management_System.Controllers.AdminController.GetUnreadMessagesCount (Portfolio Management System)'
2026-06-29 22:30:14.223 +05:30 [INF] Route matched with {action = "GetUnreadMessagesCount", controller = "Admin"}. Executing controller action with signature System.Threading.Tasks.Task`1[Microsoft.AspNetCore.Mvc.IActionResult] GetUnreadMessagesCount() on controller Portfolio_Management_System.Controllers.AdminController (Portfolio Management System).
2026-06-29 22:30:14.385 +05:30 [INF] Executing JsonResult, writing value of type 'System.Collections.Generic.List`1[[<>f__AnonymousType17`7[[System.Int32, System.Private.CoreLib, Version=9.0.0.0, Culture=neutral, PublicKeyToken=7cec85d7bea7798e],[System.String, System.Private.CoreLib, Version=9.0.0.0, Culture=neutral, PublicKeyToken=7cec85d7bea7798e],[System.String, System.Private.CoreLib, Version=9.0.0.0, Culture=neutral, PublicKeyToken=7cec85d7bea7798e],[System.String, System.Private.CoreLib, Version=9.0.0.0, Culture=neutral, PublicKeyToken=7cec85d7bea7798e],[System.String, System.Private.CoreLib, Version=9.0.0.0, Culture=neutral, PublicKeyToken=7cec85d7bea7798e],[System.Boolean, System.Private.CoreLib, Version=9.0.0.0, Culture=neutral, PublicKeyToken=7cec85d7bea7798e],[System.DateTime, System.Private.CoreLib, Version=9.0.0.0, Culture=neutral, PublicKeyToken=7cec85d7bea7798e]], Portfolio Management System, Version=1.0.0.0, Culture=neutral, PublicKeyToken=null]]'.
2026-06-29 22:30:14.386 +05:30 [INF] Executed action Portfolio_Management_System.Controllers.AdminController.GetRecentMessages (Portfolio Management System) in 174.253ms
2026-06-29 22:30:14.387 +05:30 [INF] Executed endpoint 'Portfolio_Management_System.Controllers.AdminController.GetRecentMessages (Portfolio Management System)'
2026-06-29 22:30:14.388 +05:30 [INF] HTTP GET /Admin/GetRecentMessages responded 200 in 182.6180 ms
2026-06-29 22:30:14.388 +05:30 [INF] Request finished HTTP/2 GET https://localhost:44341/Admin/GetRecentMessages - 200 null application/json; charset=utf-8 193.2884ms
2026-06-29 22:30:14.393 +05:30 [INF] Executing JsonResult, writing value of type 'System.Int32'.
2026-06-29 22:30:14.393 +05:30 [INF] Executed action Portfolio_Management_System.Controllers.AdminController.GetUnreadMessagesCount (Portfolio Management System) in 169.5063ms
2026-06-29 22:30:14.393 +05:30 [INF] Executed endpoint 'Portfolio_Management_System.Controllers.AdminController.GetUnreadMessagesCount (Portfolio Management System)'
2026-06-29 22:30:14.393 +05:30 [INF] HTTP GET /Admin/GetUnreadMessagesCount responded 200 in 213.4756 ms
2026-06-29 22:30:14.394 +05:30 [INF] Request finished HTTP/2 GET https://localhost:44341/Admin/GetUnreadMessagesCount - 200 null application/json; charset=utf-8 215.3963ms
2026-06-29 22:30:44.083 +05:30 [INF] Request starting HTTP/2 GET https://localhost:44341/Admin/GetUnreadMessagesCount - null null
2026-06-29 22:30:44.083 +05:30 [INF] Executing endpoint 'Portfolio_Management_System.Controllers.AdminController.GetUnreadMessagesCount (Portfolio Management System)'
2026-06-29 22:30:44.084 +05:30 [INF] Route matched with {action = "GetUnreadMessagesCount", controller = "Admin"}. Executing controller action with signature System.Threading.Tasks.Task`1[Microsoft.AspNetCore.Mvc.IActionResult] GetUnreadMessagesCount() on controller Portfolio_Management_System.Controllers.AdminController (Portfolio Management System).
2026-06-29 22:30:44.090 +05:30 [INF] Request starting HTTP/2 GET https://localhost:44341/Admin/GetRecentMessages - null null
2026-06-29 22:30:44.090 +05:30 [INF] Executing endpoint 'Portfolio_Management_System.Controllers.AdminController.GetRecentMessages (Portfolio Management System)'
2026-06-29 22:30:44.090 +05:30 [INF] Route matched with {action = "GetRecentMessages", controller = "Admin"}. Executing controller action with signature System.Threading.Tasks.Task`1[Microsoft.AspNetCore.Mvc.IActionResult] GetRecentMessages() on controller Portfolio_Management_System.Controllers.AdminController (Portfolio Management System).
2026-06-29 22:30:44.259 +05:30 [INF] Executing JsonResult, writing value of type 'System.Int32'.
2026-06-29 22:30:44.264 +05:30 [INF] Executing JsonResult, writing value of type 'System.Collections.Generic.List`1[[<>f__AnonymousType17`7[[System.Int32, System.Private.CoreLib, Version=9.0.0.0, Culture=neutral, PublicKeyToken=7cec85d7bea7798e],[System.String, System.Private.CoreLib, Version=9.0.0.0, Culture=neutral, PublicKeyToken=7cec85d7bea7798e],[System.String, System.Private.CoreLib, Version=9.0.0.0, Culture=neutral, PublicKeyToken=7cec85d7bea7798e],[System.String, System.Private.CoreLib, Version=9.0.0.0, Culture=neutral, PublicKeyToken=7cec85d7bea7798e],[System.String, System.Private.CoreLib, Version=9.0.0.0, Culture=neutral, PublicKeyToken=7cec85d7bea7798e],[System.Boolean, System.Private.CoreLib, Version=9.0.0.0, Culture=neutral, PublicKeyToken=7cec85d7bea7798e],[System.DateTime, System.Private.CoreLib, Version=9.0.0.0, Culture=neutral, PublicKeyToken=7cec85d7bea7798e]], Portfolio Management System, Version=1.0.0.0, Culture=neutral, PublicKeyToken=null]]'.
2026-06-29 22:30:44.264 +05:30 [INF] Executed action Portfolio_Management_System.Controllers.AdminController.GetUnreadMessagesCount (Portfolio Management System) in 179.7971ms
2026-06-29 22:30:44.265 +05:30 [INF] Executed endpoint 'Portfolio_Management_System.Controllers.AdminController.GetUnreadMessagesCount (Portfolio Management System)'
2026-06-29 22:30:44.265 +05:30 [INF] HTTP GET /Admin/GetUnreadMessagesCount responded 200 in 181.6945 ms
2026-06-29 22:30:44.265 +05:30 [INF] Executed action Portfolio_Management_System.Controllers.AdminController.GetRecentMessages (Portfolio Management System) in 174.8748ms
2026-06-29 22:30:44.265 +05:30 [INF] Request finished HTTP/2 GET https://localhost:44341/Admin/GetUnreadMessagesCount - 200 null application/json; charset=utf-8 182.219ms
2026-06-29 22:30:44.265 +05:30 [INF] Executed endpoint 'Portfolio_Management_System.Controllers.AdminController.GetRecentMessages (Portfolio Management System)'
2026-06-29 22:30:44.266 +05:30 [INF] HTTP GET /Admin/GetRecentMessages responded 200 in 175.8647 ms
2026-06-29 22:30:44.266 +05:30 [INF] Request finished HTTP/2 GET https://localhost:44341/Admin/GetRecentMessages - 200 null application/json; charset=utf-8 176.4194ms
2026-06-29 22:31:14.089 +05:30 [INF] Request starting HTTP/2 GET https://localhost:44341/Admin/GetUnreadMessagesCount - null null
2026-06-29 22:31:14.089 +05:30 [INF] Request starting HTTP/2 GET https://localhost:44341/Admin/GetRecentMessages - null null
2026-06-29 22:31:14.089 +05:30 [INF] Executing endpoint 'Portfolio_Management_System.Controllers.AdminController.GetUnreadMessagesCount (Portfolio Management System)'
2026-06-29 22:31:14.090 +05:30 [INF] Route matched with {action = "GetUnreadMessagesCount", controller = "Admin"}. Executing controller action with signature System.Threading.Tasks.Task`1[Microsoft.AspNetCore.Mvc.IActionResult] GetUnreadMessagesCount() on controller Portfolio_Management_System.Controllers.AdminController (Portfolio Management System).
2026-06-29 22:31:14.161 +05:30 [INF] Executing endpoint 'Portfolio_Management_System.Controllers.AdminController.GetRecentMessages (Portfolio Management System)'
2026-06-29 22:31:14.162 +05:30 [INF] Route matched with {action = "GetRecentMessages", controller = "Admin"}. Executing controller action with signature System.Threading.Tasks.Task`1[Microsoft.AspNetCore.Mvc.IActionResult] GetRecentMessages() on controller Portfolio_Management_System.Controllers.AdminController (Portfolio Management System).
2026-06-29 22:31:14.260 +05:30 [INF] Executing JsonResult, writing value of type 'System.Int32'.
2026-06-29 22:31:14.261 +05:30 [INF] Executed action Portfolio_Management_System.Controllers.AdminController.GetUnreadMessagesCount (Portfolio Management System) in 170.509ms
2026-06-29 22:31:14.261 +05:30 [INF] Executed endpoint 'Portfolio_Management_System.Controllers.AdminController.GetUnreadMessagesCount (Portfolio Management System)'
2026-06-29 22:31:14.261 +05:30 [INF] HTTP GET /Admin/GetUnreadMessagesCount responded 200 in 171.6124 ms
2026-06-29 22:31:14.261 +05:30 [INF] Request finished HTTP/2 GET https://localhost:44341/Admin/GetUnreadMessagesCount - 200 null application/json; charset=utf-8 172.0262ms
2026-06-29 22:31:14.333 +05:30 [INF] Executing JsonResult, writing value of type 'System.Collections.Generic.List`1[[<>f__AnonymousType17`7[[System.Int32, System.Private.CoreLib, Version=9.0.0.0, Culture=neutral, PublicKeyToken=7cec85d7bea7798e],[System.String, System.Private.CoreLib, Version=9.0.0.0, Culture=neutral, PublicKeyToken=7cec85d7bea7798e],[System.String, System.Private.CoreLib, Version=9.0.0.0, Culture=neutral, PublicKeyToken=7cec85d7bea7798e],[System.String, System.Private.CoreLib, Version=9.0.0.0, Culture=neutral, PublicKeyToken=7cec85d7bea7798e],[System.String, System.Private.CoreLib, Version=9.0.0.0, Culture=neutral, PublicKeyToken=7cec85d7bea7798e],[System.Boolean, System.Private.CoreLib, Version=9.0.0.0, Culture=neutral, PublicKeyToken=7cec85d7bea7798e],[System.DateTime, System.Private.CoreLib, Version=9.0.0.0, Culture=neutral, PublicKeyToken=7cec85d7bea7798e]], Portfolio Management System, Version=1.0.0.0, Culture=neutral, PublicKeyToken=null]]'.
2026-06-29 22:31:14.333 +05:30 [INF] Executed action Portfolio_Management_System.Controllers.AdminController.GetRecentMessages (Portfolio Management System) in 170.9854ms
2026-06-29 22:31:14.334 +05:30 [INF] Executed endpoint 'Portfolio_Management_System.Controllers.AdminController.GetRecentMessages (Portfolio Management System)'
2026-06-29 22:31:14.334 +05:30 [INF] HTTP GET /Admin/GetRecentMessages responded 200 in 244.8563 ms
2026-06-29 22:31:14.335 +05:30 [INF] Request finished HTTP/2 GET https://localhost:44341/Admin/GetRecentMessages - 200 null application/json; charset=utf-8 245.8645ms
2026-06-29 22:31:44.092 +05:30 [INF] Request starting HTTP/2 GET https://localhost:44341/Admin/GetRecentMessages - null null
2026-06-29 22:31:44.093 +05:30 [INF] Executing endpoint 'Portfolio_Management_System.Controllers.AdminController.GetRecentMessages (Portfolio Management System)'
2026-06-29 22:31:44.093 +05:30 [INF] Route matched with {action = "GetRecentMessages", controller = "Admin"}. Executing controller action with signature System.Threading.Tasks.Task`1[Microsoft.AspNetCore.Mvc.IActionResult] GetRecentMessages() on controller Portfolio_Management_System.Controllers.AdminController (Portfolio Management System).
2026-06-29 22:31:44.094 +05:30 [INF] Request starting HTTP/2 GET https://localhost:44341/Admin/GetUnreadMessagesCount - null null
2026-06-29 22:31:44.096 +05:30 [INF] Executing endpoint 'Portfolio_Management_System.Controllers.AdminController.GetUnreadMessagesCount (Portfolio Management System)'
2026-06-29 22:31:44.128 +05:30 [INF] Route matched with {action = "GetUnreadMessagesCount", controller = "Admin"}. Executing controller action with signature System.Threading.Tasks.Task`1[Microsoft.AspNetCore.Mvc.IActionResult] GetUnreadMessagesCount() on controller Portfolio_Management_System.Controllers.AdminController (Portfolio Management System).
2026-06-29 22:31:44.263 +05:30 [INF] Executing JsonResult, writing value of type 'System.Collections.Generic.List`1[[<>f__AnonymousType17`7[[System.Int32, System.Private.CoreLib, Version=9.0.0.0, Culture=neutral, PublicKeyToken=7cec85d7bea7798e],[System.String, System.Private.CoreLib, Version=9.0.0.0, Culture=neutral, PublicKeyToken=7cec85d7bea7798e],[System.String, System.Private.CoreLib, Version=9.0.0.0, Culture=neutral, PublicKeyToken=7cec85d7bea7798e],[System.String, System.Private.CoreLib, Version=9.0.0.0, Culture=neutral, PublicKeyToken=7cec85d7bea7798e],[System.String, System.Private.CoreLib, Version=9.0.0.0, Culture=neutral, PublicKeyToken=7cec85d7bea7798e],[System.Boolean, System.Private.CoreLib, Version=9.0.0.0, Culture=neutral, PublicKeyToken=7cec85d7bea7798e],[System.DateTime, System.Private.CoreLib, Version=9.0.0.0, Culture=neutral, PublicKeyToken=7cec85d7bea7798e]], Portfolio Management System, Version=1.0.0.0, Culture=neutral, PublicKeyToken=null]]'.
2026-06-29 22:31:44.263 +05:30 [INF] Executed action Portfolio_Management_System.Controllers.AdminController.GetRecentMessages (Portfolio Management System) in 169.8689ms
2026-06-29 22:31:44.263 +05:30 [INF] Executed endpoint 'Portfolio_Management_System.Controllers.AdminController.GetRecentMessages (Portfolio Management System)'
2026-06-29 22:31:44.263 +05:30 [INF] HTTP GET /Admin/GetRecentMessages responded 200 in 171.0554 ms
2026-06-29 22:31:44.264 +05:30 [INF] Request finished HTTP/2 GET https://localhost:44341/Admin/GetRecentMessages - 200 null application/json; charset=utf-8 171.4929ms
2026-06-29 22:31:44.297 +05:30 [INF] Executing JsonResult, writing value of type 'System.Int32'.
2026-06-29 22:31:44.298 +05:30 [INF] Executed action Portfolio_Management_System.Controllers.AdminController.GetUnreadMessagesCount (Portfolio Management System) in 169.5328ms
2026-06-29 22:31:44.298 +05:30 [INF] Executed endpoint 'Portfolio_Management_System.Controllers.AdminController.GetUnreadMessagesCount (Portfolio Management System)'
2026-06-29 22:31:44.298 +05:30 [INF] HTTP GET /Admin/GetUnreadMessagesCount responded 200 in 203.8656 ms
2026-06-29 22:31:44.299 +05:30 [INF] Request finished HTTP/2 GET https://localhost:44341/Admin/GetUnreadMessagesCount - 200 null application/json; charset=utf-8 204.5889ms
2026-06-29 22:32:14.103 +05:30 [INF] Request starting HTTP/2 GET https://localhost:44341/Admin/GetRecentMessages - null null
2026-06-29 22:32:14.103 +05:30 [INF] Request starting HTTP/2 GET https://localhost:44341/Admin/GetUnreadMessagesCount - null null
2026-06-29 22:32:14.104 +05:30 [INF] Executing endpoint 'Portfolio_Management_System.Controllers.AdminController.GetRecentMessages (Portfolio Management System)'
2026-06-29 22:32:14.104 +05:30 [INF] Route matched with {action = "GetRecentMessages", controller = "Admin"}. Executing controller action with signature System.Threading.Tasks.Task`1[Microsoft.AspNetCore.Mvc.IActionResult] GetRecentMessages() on controller Portfolio_Management_System.Controllers.AdminController (Portfolio Management System).
2026-06-29 22:32:14.105 +05:30 [INF] Executing endpoint 'Portfolio_Management_System.Controllers.AdminController.GetUnreadMessagesCount (Portfolio Management System)'
2026-06-29 22:32:14.105 +05:30 [INF] Route matched with {action = "GetUnreadMessagesCount", controller = "Admin"}. Executing controller action with signature System.Threading.Tasks.Task`1[Microsoft.AspNetCore.Mvc.IActionResult] GetUnreadMessagesCount() on controller Portfolio_Management_System.Controllers.AdminController (Portfolio Management System).
2026-06-29 22:32:14.273 +05:30 [INF] Executing JsonResult, writing value of type 'System.Int32'.
2026-06-29 22:32:14.274 +05:30 [INF] Executed action Portfolio_Management_System.Controllers.AdminController.GetUnreadMessagesCount (Portfolio Management System) in 168.6058ms
2026-06-29 22:32:14.300 +05:30 [INF] Executed endpoint 'Portfolio_Management_System.Controllers.AdminController.GetUnreadMessagesCount (Portfolio Management System)'
2026-06-29 22:32:14.301 +05:30 [INF] Executing JsonResult, writing value of type 'System.Collections.Generic.List`1[[<>f__AnonymousType17`7[[System.Int32, System.Private.CoreLib, Version=9.0.0.0, Culture=neutral, PublicKeyToken=7cec85d7bea7798e],[System.String, System.Private.CoreLib, Version=9.0.0.0, Culture=neutral, PublicKeyToken=7cec85d7bea7798e],[System.String, System.Private.CoreLib, Version=9.0.0.0, Culture=neutral, PublicKeyToken=7cec85d7bea7798e],[System.String, System.Private.CoreLib, Version=9.0.0.0, Culture=neutral, PublicKeyToken=7cec85d7bea7798e],[System.String, System.Private.CoreLib, Version=9.0.0.0, Culture=neutral, PublicKeyToken=7cec85d7bea7798e],[System.Boolean, System.Private.CoreLib, Version=9.0.0.0, Culture=neutral, PublicKeyToken=7cec85d7bea7798e],[System.DateTime, System.Private.CoreLib, Version=9.0.0.0, Culture=neutral, PublicKeyToken=7cec85d7bea7798e]], Portfolio Management System, Version=1.0.0.0, Culture=neutral, PublicKeyToken=null]]'.
2026-06-29 22:32:14.301 +05:30 [INF] HTTP GET /Admin/GetUnreadMessagesCount responded 200 in 197.5062 ms
2026-06-29 22:32:14.308 +05:30 [INF] Request finished HTTP/2 GET https://localhost:44341/Admin/GetUnreadMessagesCount - 200 null application/json; charset=utf-8 204.6822ms
2026-06-29 22:32:14.308 +05:30 [INF] Executed action Portfolio_Management_System.Controllers.AdminController.GetRecentMessages (Portfolio Management System) in 203.5194ms
2026-06-29 22:32:14.308 +05:30 [INF] Executed endpoint 'Portfolio_Management_System.Controllers.AdminController.GetRecentMessages (Portfolio Management System)'
2026-06-29 22:32:14.308 +05:30 [INF] HTTP GET /Admin/GetRecentMessages responded 200 in 204.9531 ms
2026-06-29 22:32:14.309 +05:30 [INF] Request finished HTTP/2 GET https://localhost:44341/Admin/GetRecentMessages - 200 null application/json; charset=utf-8 205.6286ms
2026-06-29 22:32:44.080 +05:30 [INF] Request starting HTTP/2 GET https://localhost:44341/Admin/GetRecentMessages - null null
2026-06-29 22:32:44.081 +05:30 [INF] Executing endpoint 'Portfolio_Management_System.Controllers.AdminController.GetRecentMessages (Portfolio Management System)'
2026-06-29 22:32:44.081 +05:30 [INF] Route matched with {action = "GetRecentMessages", controller = "Admin"}. Executing controller action with signature System.Threading.Tasks.Task`1[Microsoft.AspNetCore.Mvc.IActionResult] GetRecentMessages() on controller Portfolio_Management_System.Controllers.AdminController (Portfolio Management System).
2026-06-29 22:32:44.081 +05:30 [INF] Request starting HTTP/2 GET https://localhost:44341/Admin/GetUnreadMessagesCount - null null
2026-06-29 22:32:44.087 +05:30 [INF] Executing endpoint 'Portfolio_Management_System.Controllers.AdminController.GetUnreadMessagesCount (Portfolio Management System)'
2026-06-29 22:32:44.087 +05:30 [INF] Route matched with {action = "GetUnreadMessagesCount", controller = "Admin"}. Executing controller action with signature System.Threading.Tasks.Task`1[Microsoft.AspNetCore.Mvc.IActionResult] GetUnreadMessagesCount() on controller Portfolio_Management_System.Controllers.AdminController (Portfolio Management System).
2026-06-29 22:32:44.252 +05:30 [INF] Executing JsonResult, writing value of type 'System.Collections.Generic.List`1[[<>f__AnonymousType17`7[[System.Int32, System.Private.CoreLib, Version=9.0.0.0, Culture=neutral, PublicKeyToken=7cec85d7bea7798e],[System.String, System.Private.CoreLib, Version=9.0.0.0, Culture=neutral, PublicKeyToken=7cec85d7bea7798e],[System.String, System.Private.CoreLib, Version=9.0.0.0, Culture=neutral, PublicKeyToken=7cec85d7bea7798e],[System.String, System.Private.CoreLib, Version=9.0.0.0, Culture=neutral, PublicKeyToken=7cec85d7bea7798e],[System.String, System.Private.CoreLib, Version=9.0.0.0, Culture=neutral, PublicKeyToken=7cec85d7bea7798e],[System.Boolean, System.Private.CoreLib, Version=9.0.0.0, Culture=neutral, PublicKeyToken=7cec85d7bea7798e],[System.DateTime, System.Private.CoreLib, Version=9.0.0.0, Culture=neutral, PublicKeyToken=7cec85d7bea7798e]], Portfolio Management System, Version=1.0.0.0, Culture=neutral, PublicKeyToken=null]]'.
2026-06-29 22:32:44.255 +05:30 [INF] Executed action Portfolio_Management_System.Controllers.AdminController.GetRecentMessages (Portfolio Management System) in 173.877ms
2026-06-29 22:32:44.255 +05:30 [INF] Executed endpoint 'Portfolio_Management_System.Controllers.AdminController.GetRecentMessages (Portfolio Management System)'
2026-06-29 22:32:44.255 +05:30 [INF] HTTP GET /Admin/GetRecentMessages responded 200 in 174.9689 ms
2026-06-29 22:32:44.256 +05:30 [INF] Request finished HTTP/2 GET https://localhost:44341/Admin/GetRecentMessages - 200 null application/json; charset=utf-8 175.292ms
2026-06-29 22:32:44.258 +05:30 [INF] Executing JsonResult, writing value of type 'System.Int32'.
2026-06-29 22:32:44.260 +05:30 [INF] Executed action Portfolio_Management_System.Controllers.AdminController.GetUnreadMessagesCount (Portfolio Management System) in 172.4593ms
2026-06-29 22:32:44.260 +05:30 [INF] Executed endpoint 'Portfolio_Management_System.Controllers.AdminController.GetUnreadMessagesCount (Portfolio Management System)'
2026-06-29 22:32:44.260 +05:30 [INF] HTTP GET /Admin/GetUnreadMessagesCount responded 200 in 173.2477 ms
2026-06-29 22:32:44.260 +05:30 [INF] Request finished HTTP/2 GET https://localhost:44341/Admin/GetUnreadMessagesCount - 200 null application/json; charset=utf-8 179.2323ms
2026-06-29 22:33:14.097 +05:30 [INF] Request starting HTTP/2 GET https://localhost:44341/Admin/GetUnreadMessagesCount - null null
2026-06-29 22:33:14.110 +05:30 [INF] Executing endpoint 'Portfolio_Management_System.Controllers.AdminController.GetUnreadMessagesCount (Portfolio Management System)'
2026-06-29 22:33:14.110 +05:30 [INF] Route matched with {action = "GetUnreadMessagesCount", controller = "Admin"}. Executing controller action with signature System.Threading.Tasks.Task`1[Microsoft.AspNetCore.Mvc.IActionResult] GetUnreadMessagesCount() on controller Portfolio_Management_System.Controllers.AdminController (Portfolio Management System).
2026-06-29 22:33:14.110 +05:30 [INF] Request starting HTTP/2 GET https://localhost:44341/Admin/GetRecentMessages - null null
2026-06-29 22:33:14.110 +05:30 [INF] Executing endpoint 'Portfolio_Management_System.Controllers.AdminController.GetRecentMessages (Portfolio Management System)'
2026-06-29 22:33:14.111 +05:30 [INF] Route matched with {action = "GetRecentMessages", controller = "Admin"}. Executing controller action with signature System.Threading.Tasks.Task`1[Microsoft.AspNetCore.Mvc.IActionResult] GetRecentMessages() on controller Portfolio_Management_System.Controllers.AdminController (Portfolio Management System).
2026-06-29 22:33:14.281 +05:30 [INF] Executing JsonResult, writing value of type 'System.Collections.Generic.List`1[[<>f__AnonymousType17`7[[System.Int32, System.Private.CoreLib, Version=9.0.0.0, Culture=neutral, PublicKeyToken=7cec85d7bea7798e],[System.String, System.Private.CoreLib, Version=9.0.0.0, Culture=neutral, PublicKeyToken=7cec85d7bea7798e],[System.String, System.Private.CoreLib, Version=9.0.0.0, Culture=neutral, PublicKeyToken=7cec85d7bea7798e],[System.String, System.Private.CoreLib, Version=9.0.0.0, Culture=neutral, PublicKeyToken=7cec85d7bea7798e],[System.String, System.Private.CoreLib, Version=9.0.0.0, Culture=neutral, PublicKeyToken=7cec85d7bea7798e],[System.Boolean, System.Private.CoreLib, Version=9.0.0.0, Culture=neutral, PublicKeyToken=7cec85d7bea7798e],[System.DateTime, System.Private.CoreLib, Version=9.0.0.0, Culture=neutral, PublicKeyToken=7cec85d7bea7798e]], Portfolio Management System, Version=1.0.0.0, Culture=neutral, PublicKeyToken=null]]'.
2026-06-29 22:33:14.281 +05:30 [INF] Executed action Portfolio_Management_System.Controllers.AdminController.GetRecentMessages (Portfolio Management System) in 170.7591ms
2026-06-29 22:33:14.281 +05:30 [INF] Executed endpoint 'Portfolio_Management_System.Controllers.AdminController.GetRecentMessages (Portfolio Management System)'
2026-06-29 22:33:14.282 +05:30 [INF] HTTP GET /Admin/GetRecentMessages responded 200 in 171.1985 ms
2026-06-29 22:33:14.282 +05:30 [INF] Request finished HTTP/2 GET https://localhost:44341/Admin/GetRecentMessages - 200 null application/json; charset=utf-8 171.5698ms
2026-06-29 22:33:14.315 +05:30 [INF] Executing JsonResult, writing value of type 'System.Int32'.
2026-06-29 22:33:14.316 +05:30 [INF] Executed action Portfolio_Management_System.Controllers.AdminController.GetUnreadMessagesCount (Portfolio Management System) in 205.3047ms
2026-06-29 22:33:14.316 +05:30 [INF] Executed endpoint 'Portfolio_Management_System.Controllers.AdminController.GetUnreadMessagesCount (Portfolio Management System)'
2026-06-29 22:33:14.316 +05:30 [INF] HTTP GET /Admin/GetUnreadMessagesCount responded 200 in 218.1966 ms
2026-06-29 22:33:14.316 +05:30 [INF] Request finished HTTP/2 GET https://localhost:44341/Admin/GetUnreadMessagesCount - 200 null application/json; charset=utf-8 218.813ms
2026-06-29 22:33:44.092 +05:30 [INF] Request starting HTTP/2 GET https://localhost:44341/Admin/GetRecentMessages - null null
2026-06-29 22:33:44.093 +05:30 [INF] Executing endpoint 'Portfolio_Management_System.Controllers.AdminController.GetRecentMessages (Portfolio Management System)'
2026-06-29 22:33:44.093 +05:30 [INF] Route matched with {action = "GetRecentMessages", controller = "Admin"}. Executing controller action with signature System.Threading.Tasks.Task`1[Microsoft.AspNetCore.Mvc.IActionResult] GetRecentMessages() on controller Portfolio_Management_System.Controllers.AdminController (Portfolio Management System).
2026-06-29 22:33:44.092 +05:30 [INF] Request starting HTTP/2 GET https://localhost:44341/Admin/GetUnreadMessagesCount - null null
2026-06-29 22:33:44.095 +05:30 [INF] Executing endpoint 'Portfolio_Management_System.Controllers.AdminController.GetUnreadMessagesCount (Portfolio Management System)'
2026-06-29 22:33:44.095 +05:30 [INF] Route matched with {action = "GetUnreadMessagesCount", controller = "Admin"}. Executing controller action with signature System.Threading.Tasks.Task`1[Microsoft.AspNetCore.Mvc.IActionResult] GetUnreadMessagesCount() on controller Portfolio_Management_System.Controllers.AdminController (Portfolio Management System).
2026-06-29 22:33:44.268 +05:30 [INF] Executing JsonResult, writing value of type 'System.Collections.Generic.List`1[[<>f__AnonymousType17`7[[System.Int32, System.Private.CoreLib, Version=9.0.0.0, Culture=neutral, PublicKeyToken=7cec85d7bea7798e],[System.String, System.Private.CoreLib, Version=9.0.0.0, Culture=neutral, PublicKeyToken=7cec85d7bea7798e],[System.String, System.Private.CoreLib, Version=9.0.0.0, Culture=neutral, PublicKeyToken=7cec85d7bea7798e],[System.String, System.Private.CoreLib, Version=9.0.0.0, Culture=neutral, PublicKeyToken=7cec85d7bea7798e],[System.String, System.Private.CoreLib, Version=9.0.0.0, Culture=neutral, PublicKeyToken=7cec85d7bea7798e],[System.Boolean, System.Private.CoreLib, Version=9.0.0.0, Culture=neutral, PublicKeyToken=7cec85d7bea7798e],[System.DateTime, System.Private.CoreLib, Version=9.0.0.0, Culture=neutral, PublicKeyToken=7cec85d7bea7798e]], Portfolio Management System, Version=1.0.0.0, Culture=neutral, PublicKeyToken=null]]'.
2026-06-29 22:33:44.269 +05:30 [INF] Executed action Portfolio_Management_System.Controllers.AdminController.GetRecentMessages (Portfolio Management System) in 176.3371ms
2026-06-29 22:33:44.270 +05:30 [INF] Executed endpoint 'Portfolio_Management_System.Controllers.AdminController.GetRecentMessages (Portfolio Management System)'
2026-06-29 22:33:44.270 +05:30 [INF] HTTP GET /Admin/GetRecentMessages responded 200 in 176.9893 ms
2026-06-29 22:33:44.270 +05:30 [INF] Request finished HTTP/2 GET https://localhost:44341/Admin/GetRecentMessages - 200 null application/json; charset=utf-8 178.0042ms
2026-06-29 22:33:44.270 +05:30 [INF] Executing JsonResult, writing value of type 'System.Int32'.
2026-06-29 22:33:44.272 +05:30 [INF] Executed action Portfolio_Management_System.Controllers.AdminController.GetUnreadMessagesCount (Portfolio Management System) in 176.4269ms
2026-06-29 22:33:44.272 +05:30 [INF] Executed endpoint 'Portfolio_Management_System.Controllers.AdminController.GetUnreadMessagesCount (Portfolio Management System)'
2026-06-29 22:33:44.272 +05:30 [INF] HTTP GET /Admin/GetUnreadMessagesCount responded 200 in 178.4688 ms
2026-06-29 22:33:44.272 +05:30 [INF] Request finished HTTP/2 GET https://localhost:44341/Admin/GetUnreadMessagesCount - 200 null application/json; charset=utf-8 180.4259ms
2026-06-29 22:34:14.095 +05:30 [INF] Request starting HTTP/2 GET https://localhost:44341/Admin/GetRecentMessages - null null
2026-06-29 22:34:14.095 +05:30 [INF] Request starting HTTP/2 GET https://localhost:44341/Admin/GetUnreadMessagesCount - null null
2026-06-29 22:34:14.095 +05:30 [INF] Executing endpoint 'Portfolio_Management_System.Controllers.AdminController.GetUnreadMessagesCount (Portfolio Management System)'
2026-06-29 22:34:14.095 +05:30 [INF] Route matched with {action = "GetUnreadMessagesCount", controller = "Admin"}. Executing controller action with signature System.Threading.Tasks.Task`1[Microsoft.AspNetCore.Mvc.IActionResult] GetUnreadMessagesCount() on controller Portfolio_Management_System.Controllers.AdminController (Portfolio Management System).
2026-06-29 22:34:14.096 +05:30 [INF] Executing endpoint 'Portfolio_Management_System.Controllers.AdminController.GetRecentMessages (Portfolio Management System)'
2026-06-29 22:34:14.096 +05:30 [INF] Route matched with {action = "GetRecentMessages", controller = "Admin"}. Executing controller action with signature System.Threading.Tasks.Task`1[Microsoft.AspNetCore.Mvc.IActionResult] GetRecentMessages() on controller Portfolio_Management_System.Controllers.AdminController (Portfolio Management System).
2026-06-29 22:34:14.276 +05:30 [INF] Executing JsonResult, writing value of type 'System.Int32'.
2026-06-29 22:34:14.277 +05:30 [INF] Executing JsonResult, writing value of type 'System.Collections.Generic.List`1[[<>f__AnonymousType17`7[[System.Int32, System.Private.CoreLib, Version=9.0.0.0, Culture=neutral, PublicKeyToken=7cec85d7bea7798e],[System.String, System.Private.CoreLib, Version=9.0.0.0, Culture=neutral, PublicKeyToken=7cec85d7bea7798e],[System.String, System.Private.CoreLib, Version=9.0.0.0, Culture=neutral, PublicKeyToken=7cec85d7bea7798e],[System.String, System.Private.CoreLib, Version=9.0.0.0, Culture=neutral, PublicKeyToken=7cec85d7bea7798e],[System.String, System.Private.CoreLib, Version=9.0.0.0, Culture=neutral, PublicKeyToken=7cec85d7bea7798e],[System.Boolean, System.Private.CoreLib, Version=9.0.0.0, Culture=neutral, PublicKeyToken=7cec85d7bea7798e],[System.DateTime, System.Private.CoreLib, Version=9.0.0.0, Culture=neutral, PublicKeyToken=7cec85d7bea7798e]], Portfolio Management System, Version=1.0.0.0, Culture=neutral, PublicKeyToken=null]]'.
2026-06-29 22:34:14.277 +05:30 [INF] Executed action Portfolio_Management_System.Controllers.AdminController.GetRecentMessages (Portfolio Management System) in 180.9263ms
2026-06-29 22:34:14.277 +05:30 [INF] Executed endpoint 'Portfolio_Management_System.Controllers.AdminController.GetRecentMessages (Portfolio Management System)'
2026-06-29 22:34:14.277 +05:30 [INF] HTTP GET /Admin/GetRecentMessages responded 200 in 182.4237 ms
2026-06-29 22:34:14.278 +05:30 [INF] Executed action Portfolio_Management_System.Controllers.AdminController.GetUnreadMessagesCount (Portfolio Management System) in 182.1903ms
2026-06-29 22:34:14.278 +05:30 [INF] Executed endpoint 'Portfolio_Management_System.Controllers.AdminController.GetUnreadMessagesCount (Portfolio Management System)'
2026-06-29 22:34:14.278 +05:30 [INF] HTTP GET /Admin/GetUnreadMessagesCount responded 200 in 182.5879 ms
2026-06-29 22:34:14.278 +05:30 [INF] Request finished HTTP/2 GET https://localhost:44341/Admin/GetRecentMessages - 200 null application/json; charset=utf-8 182.8404ms
2026-06-29 22:34:14.278 +05:30 [INF] Request finished HTTP/2 GET https://localhost:44341/Admin/GetUnreadMessagesCount - 200 null application/json; charset=utf-8 182.9547ms
2026-06-29 22:34:44.089 +05:30 [INF] Request starting HTTP/2 GET https://localhost:44341/Admin/GetUnreadMessagesCount - null null
2026-06-29 22:34:44.089 +05:30 [INF] Request starting HTTP/2 GET https://localhost:44341/Admin/GetRecentMessages - null null
2026-06-29 22:34:44.090 +05:30 [INF] Executing endpoint 'Portfolio_Management_System.Controllers.AdminController.GetRecentMessages (Portfolio Management System)'
2026-06-29 22:34:44.091 +05:30 [INF] Route matched with {action = "GetRecentMessages", controller = "Admin"}. Executing controller action with signature System.Threading.Tasks.Task`1[Microsoft.AspNetCore.Mvc.IActionResult] GetRecentMessages() on controller Portfolio_Management_System.Controllers.AdminController (Portfolio Management System).
2026-06-29 22:34:44.091 +05:30 [INF] Executing endpoint 'Portfolio_Management_System.Controllers.AdminController.GetUnreadMessagesCount (Portfolio Management System)'
2026-06-29 22:34:44.091 +05:30 [INF] Route matched with {action = "GetUnreadMessagesCount", controller = "Admin"}. Executing controller action with signature System.Threading.Tasks.Task`1[Microsoft.AspNetCore.Mvc.IActionResult] GetUnreadMessagesCount() on controller Portfolio_Management_System.Controllers.AdminController (Portfolio Management System).
2026-06-29 22:34:44.265 +05:30 [INF] Executing JsonResult, writing value of type 'System.Collections.Generic.List`1[[<>f__AnonymousType17`7[[System.Int32, System.Private.CoreLib, Version=9.0.0.0, Culture=neutral, PublicKeyToken=7cec85d7bea7798e],[System.String, System.Private.CoreLib, Version=9.0.0.0, Culture=neutral, PublicKeyToken=7cec85d7bea7798e],[System.String, System.Private.CoreLib, Version=9.0.0.0, Culture=neutral, PublicKeyToken=7cec85d7bea7798e],[System.String, System.Private.CoreLib, Version=9.0.0.0, Culture=neutral, PublicKeyToken=7cec85d7bea7798e],[System.String, System.Private.CoreLib, Version=9.0.0.0, Culture=neutral, PublicKeyToken=7cec85d7bea7798e],[System.Boolean, System.Private.CoreLib, Version=9.0.0.0, Culture=neutral, PublicKeyToken=7cec85d7bea7798e],[System.DateTime, System.Private.CoreLib, Version=9.0.0.0, Culture=neutral, PublicKeyToken=7cec85d7bea7798e]], Portfolio Management System, Version=1.0.0.0, Culture=neutral, PublicKeyToken=null]]'.
2026-06-29 22:34:44.272 +05:30 [INF] Executed action Portfolio_Management_System.Controllers.AdminController.GetRecentMessages (Portfolio Management System) in 181.8076ms
2026-06-29 22:34:44.273 +05:30 [INF] Executed endpoint 'Portfolio_Management_System.Controllers.AdminController.GetRecentMessages (Portfolio Management System)'
2026-06-29 22:34:44.273 +05:30 [INF] HTTP GET /Admin/GetRecentMessages responded 200 in 183.3157 ms
2026-06-29 22:34:44.273 +05:30 [INF] Request finished HTTP/2 GET https://localhost:44341/Admin/GetRecentMessages - 200 null application/json; charset=utf-8 186.3349ms
2026-06-29 22:34:44.273 +05:30 [INF] Executing JsonResult, writing value of type 'System.Int32'.
2026-06-29 22:34:44.273 +05:30 [INF] Executed action Portfolio_Management_System.Controllers.AdminController.GetUnreadMessagesCount (Portfolio Management System) in 182.5267ms
2026-06-29 22:34:44.273 +05:30 [INF] Executed endpoint 'Portfolio_Management_System.Controllers.AdminController.GetUnreadMessagesCount (Portfolio Management System)'
2026-06-29 22:34:44.274 +05:30 [INF] HTTP GET /Admin/GetUnreadMessagesCount responded 200 in 184.1612 ms
2026-06-29 22:34:44.274 +05:30 [INF] Request finished HTTP/2 GET https://localhost:44341/Admin/GetUnreadMessagesCount - 200 null application/json; charset=utf-8 184.658ms
2026-06-29 22:35:14.087 +05:30 [INF] Request starting HTTP/2 GET https://localhost:44341/Admin/GetRecentMessages - null null
2026-06-29 22:35:14.087 +05:30 [INF] Request starting HTTP/2 GET https://localhost:44341/Admin/GetUnreadMessagesCount - null null
2026-06-29 22:35:14.087 +05:30 [INF] Executing endpoint 'Portfolio_Management_System.Controllers.AdminController.GetUnreadMessagesCount (Portfolio Management System)'
2026-06-29 22:35:14.088 +05:30 [INF] Executing endpoint 'Portfolio_Management_System.Controllers.AdminController.GetRecentMessages (Portfolio Management System)'
2026-06-29 22:35:14.088 +05:30 [INF] Route matched with {action = "GetRecentMessages", controller = "Admin"}. Executing controller action with signature System.Threading.Tasks.Task`1[Microsoft.AspNetCore.Mvc.IActionResult] GetRecentMessages() on controller Portfolio_Management_System.Controllers.AdminController (Portfolio Management System).
2026-06-29 22:35:14.088 +05:30 [INF] Route matched with {action = "GetUnreadMessagesCount", controller = "Admin"}. Executing controller action with signature System.Threading.Tasks.Task`1[Microsoft.AspNetCore.Mvc.IActionResult] GetUnreadMessagesCount() on controller Portfolio_Management_System.Controllers.AdminController (Portfolio Management System).
2026-06-29 22:35:14.267 +05:30 [INF] Executing JsonResult, writing value of type 'System.Collections.Generic.List`1[[<>f__AnonymousType17`7[[System.Int32, System.Private.CoreLib, Version=9.0.0.0, Culture=neutral, PublicKeyToken=7cec85d7bea7798e],[System.String, System.Private.CoreLib, Version=9.0.0.0, Culture=neutral, PublicKeyToken=7cec85d7bea7798e],[System.String, System.Private.CoreLib, Version=9.0.0.0, Culture=neutral, PublicKeyToken=7cec85d7bea7798e],[System.String, System.Private.CoreLib, Version=9.0.0.0, Culture=neutral, PublicKeyToken=7cec85d7bea7798e],[System.String, System.Private.CoreLib, Version=9.0.0.0, Culture=neutral, PublicKeyToken=7cec85d7bea7798e],[System.Boolean, System.Private.CoreLib, Version=9.0.0.0, Culture=neutral, PublicKeyToken=7cec85d7bea7798e],[System.DateTime, System.Private.CoreLib, Version=9.0.0.0, Culture=neutral, PublicKeyToken=7cec85d7bea7798e]], Portfolio Management System, Version=1.0.0.0, Culture=neutral, PublicKeyToken=null]]'.
2026-06-29 22:35:14.268 +05:30 [INF] Executed action Portfolio_Management_System.Controllers.AdminController.GetRecentMessages (Portfolio Management System) in 180.561ms
2026-06-29 22:35:14.271 +05:30 [INF] Executed endpoint 'Portfolio_Management_System.Controllers.AdminController.GetRecentMessages (Portfolio Management System)'
2026-06-29 22:35:14.273 +05:30 [INF] HTTP GET /Admin/GetRecentMessages responded 200 in 185.9573 ms
2026-06-29 22:35:14.274 +05:30 [INF] Request finished HTTP/2 GET https://localhost:44341/Admin/GetRecentMessages - 200 null application/json; charset=utf-8 186.5843ms
2026-06-29 22:35:14.275 +05:30 [INF] Executing JsonResult, writing value of type 'System.Int32'.
2026-06-29 22:35:14.276 +05:30 [INF] Executed action Portfolio_Management_System.Controllers.AdminController.GetUnreadMessagesCount (Portfolio Management System) in 188.0661ms
2026-06-29 22:35:14.276 +05:30 [INF] Executed endpoint 'Portfolio_Management_System.Controllers.AdminController.GetUnreadMessagesCount (Portfolio Management System)'
2026-06-29 22:35:14.276 +05:30 [INF] HTTP GET /Admin/GetUnreadMessagesCount responded 200 in 188.8152 ms
2026-06-29 22:35:14.276 +05:30 [INF] Request finished HTTP/2 GET https://localhost:44341/Admin/GetUnreadMessagesCount - 200 null application/json; charset=utf-8 189.1986ms
2026-06-29 22:35:44.188 +05:30 [INF] Request starting HTTP/2 GET https://localhost:44341/Admin/GetUnreadMessagesCount - null null
2026-06-29 22:35:44.192 +05:30 [INF] Executing endpoint 'Portfolio_Management_System.Controllers.AdminController.GetUnreadMessagesCount (Portfolio Management System)'
2026-06-29 22:35:44.193 +05:30 [INF] Route matched with {action = "GetUnreadMessagesCount", controller = "Admin"}. Executing controller action with signature System.Threading.Tasks.Task`1[Microsoft.AspNetCore.Mvc.IActionResult] GetUnreadMessagesCount() on controller Portfolio_Management_System.Controllers.AdminController (Portfolio Management System).
2026-06-29 22:35:44.194 +05:30 [INF] Request starting HTTP/2 GET https://localhost:44341/Admin/GetRecentMessages - null null
2026-06-29 22:35:44.194 +05:30 [INF] Executing endpoint 'Portfolio_Management_System.Controllers.AdminController.GetRecentMessages (Portfolio Management System)'
2026-06-29 22:35:44.194 +05:30 [INF] Route matched with {action = "GetRecentMessages", controller = "Admin"}. Executing controller action with signature System.Threading.Tasks.Task`1[Microsoft.AspNetCore.Mvc.IActionResult] GetRecentMessages() on controller Portfolio_Management_System.Controllers.AdminController (Portfolio Management System).
2026-06-29 22:35:44.397 +05:30 [INF] Executing JsonResult, writing value of type 'System.Collections.Generic.List`1[[<>f__AnonymousType17`7[[System.Int32, System.Private.CoreLib, Version=9.0.0.0, Culture=neutral, PublicKeyToken=7cec85d7bea7798e],[System.String, System.Private.CoreLib, Version=9.0.0.0, Culture=neutral, PublicKeyToken=7cec85d7bea7798e],[System.String, System.Private.CoreLib, Version=9.0.0.0, Culture=neutral, PublicKeyToken=7cec85d7bea7798e],[System.String, System.Private.CoreLib, Version=9.0.0.0, Culture=neutral, PublicKeyToken=7cec85d7bea7798e],[System.String, System.Private.CoreLib, Version=9.0.0.0, Culture=neutral, PublicKeyToken=7cec85d7bea7798e],[System.Boolean, System.Private.CoreLib, Version=9.0.0.0, Culture=neutral, PublicKeyToken=7cec85d7bea7798e],[System.DateTime, System.Private.CoreLib, Version=9.0.0.0, Culture=neutral, PublicKeyToken=7cec85d7bea7798e]], Portfolio Management System, Version=1.0.0.0, Culture=neutral, PublicKeyToken=null]]'.
2026-06-29 22:35:44.418 +05:30 [INF] Executed action Portfolio_Management_System.Controllers.AdminController.GetRecentMessages (Portfolio Management System) in 224.1772ms
2026-06-29 22:35:44.419 +05:30 [INF] Executed endpoint 'Portfolio_Management_System.Controllers.AdminController.GetRecentMessages (Portfolio Management System)'
2026-06-29 22:35:44.419 +05:30 [INF] HTTP GET /Admin/GetRecentMessages responded 200 in 224.9923 ms
2026-06-29 22:35:44.419 +05:30 [INF] Request finished HTTP/2 GET https://localhost:44341/Admin/GetRecentMessages - 200 null application/json; charset=utf-8 231.3462ms
2026-06-29 22:35:44.454 +05:30 [INF] Executing JsonResult, writing value of type 'System.Int32'.
2026-06-29 22:35:44.454 +05:30 [INF] Executed action Portfolio_Management_System.Controllers.AdminController.GetUnreadMessagesCount (Portfolio Management System) in 261.0623ms
2026-06-29 22:35:44.454 +05:30 [INF] Executed endpoint 'Portfolio_Management_System.Controllers.AdminController.GetUnreadMessagesCount (Portfolio Management System)'
2026-06-29 22:35:44.454 +05:30 [INF] HTTP GET /Admin/GetUnreadMessagesCount responded 200 in 265.5528 ms
2026-06-29 22:35:44.455 +05:30 [INF] Request finished HTTP/2 GET https://localhost:44341/Admin/GetUnreadMessagesCount - 200 null application/json; charset=utf-8 267.009ms
2026-06-29 22:36:14.145 +05:30 [INF] Request starting HTTP/2 GET https://localhost:44341/Admin/GetUnreadMessagesCount - null null
2026-06-29 22:36:14.155 +05:30 [INF] Executing endpoint 'Portfolio_Management_System.Controllers.AdminController.GetUnreadMessagesCount (Portfolio Management System)'
2026-06-29 22:36:14.155 +05:30 [INF] Route matched with {action = "GetUnreadMessagesCount", controller = "Admin"}. Executing controller action with signature System.Threading.Tasks.Task`1[Microsoft.AspNetCore.Mvc.IActionResult] GetUnreadMessagesCount() on controller Portfolio_Management_System.Controllers.AdminController (Portfolio Management System).
2026-06-29 22:36:14.239 +05:30 [INF] Request starting HTTP/2 GET https://localhost:44341/Admin/GetRecentMessages - null null
2026-06-29 22:36:14.312 +05:30 [INF] Executing endpoint 'Portfolio_Management_System.Controllers.AdminController.GetRecentMessages (Portfolio Management System)'
2026-06-29 22:36:14.312 +05:30 [INF] Route matched with {action = "GetRecentMessages", controller = "Admin"}. Executing controller action with signature System.Threading.Tasks.Task`1[Microsoft.AspNetCore.Mvc.IActionResult] GetRecentMessages() on controller Portfolio_Management_System.Controllers.AdminController (Portfolio Management System).
2026-06-29 22:36:14.366 +05:30 [INF] Executing JsonResult, writing value of type 'System.Int32'.
2026-06-29 22:36:14.367 +05:30 [INF] Executed action Portfolio_Management_System.Controllers.AdminController.GetUnreadMessagesCount (Portfolio Management System) in 211.8164ms
2026-06-29 22:36:14.367 +05:30 [INF] Executed endpoint 'Portfolio_Management_System.Controllers.AdminController.GetUnreadMessagesCount (Portfolio Management System)'
2026-06-29 22:36:14.367 +05:30 [INF] HTTP GET /Admin/GetUnreadMessagesCount responded 200 in 221.9210 ms
2026-06-29 22:36:14.369 +05:30 [INF] Request finished HTTP/2 GET https://localhost:44341/Admin/GetUnreadMessagesCount - 200 null application/json; charset=utf-8 224.9483ms
2026-06-29 22:36:14.492 +05:30 [INF] Executing JsonResult, writing value of type 'System.Collections.Generic.List`1[[<>f__AnonymousType17`7[[System.Int32, System.Private.CoreLib, Version=9.0.0.0, Culture=neutral, PublicKeyToken=7cec85d7bea7798e],[System.String, System.Private.CoreLib, Version=9.0.0.0, Culture=neutral, PublicKeyToken=7cec85d7bea7798e],[System.String, System.Private.CoreLib, Version=9.0.0.0, Culture=neutral, PublicKeyToken=7cec85d7bea7798e],[System.String, System.Private.CoreLib, Version=9.0.0.0, Culture=neutral, PublicKeyToken=7cec85d7bea7798e],[System.String, System.Private.CoreLib, Version=9.0.0.0, Culture=neutral, PublicKeyToken=7cec85d7bea7798e],[System.Boolean, System.Private.CoreLib, Version=9.0.0.0, Culture=neutral, PublicKeyToken=7cec85d7bea7798e],[System.DateTime, System.Private.CoreLib, Version=9.0.0.0, Culture=neutral, PublicKeyToken=7cec85d7bea7798e]], Portfolio Management System, Version=1.0.0.0, Culture=neutral, PublicKeyToken=null]]'.
2026-06-29 22:36:14.493 +05:30 [INF] Executed action Portfolio_Management_System.Controllers.AdminController.GetRecentMessages (Portfolio Management System) in 180.7498ms
2026-06-29 22:36:14.493 +05:30 [INF] Executed endpoint 'Portfolio_Management_System.Controllers.AdminController.GetRecentMessages (Portfolio Management System)'
2026-06-29 22:36:14.493 +05:30 [INF] HTTP GET /Admin/GetRecentMessages responded 200 in 181.2693 ms
2026-06-29 22:36:14.494 +05:30 [INF] Request finished HTTP/2 GET https://localhost:44341/Admin/GetRecentMessages - 200 null application/json; charset=utf-8 254.517ms
2026-06-29 22:36:44.084 +05:30 [INF] Request starting HTTP/2 GET https://localhost:44341/Admin/GetRecentMessages - null null
2026-06-29 22:36:44.085 +05:30 [INF] Executing endpoint 'Portfolio_Management_System.Controllers.AdminController.GetRecentMessages (Portfolio Management System)'
2026-06-29 22:36:44.085 +05:30 [INF] Route matched with {action = "GetRecentMessages", controller = "Admin"}. Executing controller action with signature System.Threading.Tasks.Task`1[Microsoft.AspNetCore.Mvc.IActionResult] GetRecentMessages() on controller Portfolio_Management_System.Controllers.AdminController (Portfolio Management System).
2026-06-29 22:36:44.085 +05:30 [INF] Request starting HTTP/2 GET https://localhost:44341/Admin/GetUnreadMessagesCount - null null
2026-06-29 22:36:44.086 +05:30 [INF] Executing endpoint 'Portfolio_Management_System.Controllers.AdminController.GetUnreadMessagesCount (Portfolio Management System)'
2026-06-29 22:36:44.086 +05:30 [INF] Route matched with {action = "GetUnreadMessagesCount", controller = "Admin"}. Executing controller action with signature System.Threading.Tasks.Task`1[Microsoft.AspNetCore.Mvc.IActionResult] GetUnreadMessagesCount() on controller Portfolio_Management_System.Controllers.AdminController (Portfolio Management System).
2026-06-29 22:36:44.257 +05:30 [INF] Executing JsonResult, writing value of type 'System.Int32'.
2026-06-29 22:36:44.258 +05:30 [INF] Executed action Portfolio_Management_System.Controllers.AdminController.GetUnreadMessagesCount (Portfolio Management System) in 171.9972ms
2026-06-29 22:36:44.258 +05:30 [INF] Executed endpoint 'Portfolio_Management_System.Controllers.AdminController.GetUnreadMessagesCount (Portfolio Management System)'
2026-06-29 22:36:44.258 +05:30 [INF] HTTP GET /Admin/GetUnreadMessagesCount responded 200 in 172.5561 ms
2026-06-29 22:36:44.259 +05:30 [INF] Request finished HTTP/2 GET https://localhost:44341/Admin/GetUnreadMessagesCount - 200 null application/json; charset=utf-8 174.7441ms
2026-06-29 22:36:44.300 +05:30 [INF] Executing JsonResult, writing value of type 'System.Collections.Generic.List`1[[<>f__AnonymousType17`7[[System.Int32, System.Private.CoreLib, Version=9.0.0.0, Culture=neutral, PublicKeyToken=7cec85d7bea7798e],[System.String, System.Private.CoreLib, Version=9.0.0.0, Culture=neutral, PublicKeyToken=7cec85d7bea7798e],[System.String, System.Private.CoreLib, Version=9.0.0.0, Culture=neutral, PublicKeyToken=7cec85d7bea7798e],[System.String, System.Private.CoreLib, Version=9.0.0.0, Culture=neutral, PublicKeyToken=7cec85d7bea7798e],[System.String, System.Private.CoreLib, Version=9.0.0.0, Culture=neutral, PublicKeyToken=7cec85d7bea7798e],[System.Boolean, System.Private.CoreLib, Version=9.0.0.0, Culture=neutral, PublicKeyToken=7cec85d7bea7798e],[System.DateTime, System.Private.CoreLib, Version=9.0.0.0, Culture=neutral, PublicKeyToken=7cec85d7bea7798e]], Portfolio Management System, Version=1.0.0.0, Culture=neutral, PublicKeyToken=null]]'.
2026-06-29 22:36:44.307 +05:30 [INF] Executed action Portfolio_Management_System.Controllers.AdminController.GetRecentMessages (Portfolio Management System) in 221.6826ms
2026-06-29 22:36:44.307 +05:30 [INF] Executed endpoint 'Portfolio_Management_System.Controllers.AdminController.GetRecentMessages (Portfolio Management System)'
2026-06-29 22:36:44.307 +05:30 [INF] HTTP GET /Admin/GetRecentMessages responded 200 in 222.8082 ms
2026-06-29 22:36:44.308 +05:30 [INF] Request finished HTTP/2 GET https://localhost:44341/Admin/GetRecentMessages - 200 null application/json; charset=utf-8 223.8346ms
2026-06-29 22:37:14.082 +05:30 [INF] Request starting HTTP/2 GET https://localhost:44341/Admin/GetUnreadMessagesCount - null null
2026-06-29 22:37:14.082 +05:30 [INF] Executing endpoint 'Portfolio_Management_System.Controllers.AdminController.GetUnreadMessagesCount (Portfolio Management System)'
2026-06-29 22:37:14.082 +05:30 [INF] Route matched with {action = "GetUnreadMessagesCount", controller = "Admin"}. Executing controller action with signature System.Threading.Tasks.Task`1[Microsoft.AspNetCore.Mvc.IActionResult] GetUnreadMessagesCount() on controller Portfolio_Management_System.Controllers.AdminController (Portfolio Management System).
2026-06-29 22:37:14.111 +05:30 [INF] Request starting HTTP/2 GET https://localhost:44341/Admin/GetRecentMessages - null null
2026-06-29 22:37:14.115 +05:30 [INF] Executing endpoint 'Portfolio_Management_System.Controllers.AdminController.GetRecentMessages (Portfolio Management System)'
2026-06-29 22:37:14.115 +05:30 [INF] Route matched with {action = "GetRecentMessages", controller = "Admin"}. Executing controller action with signature System.Threading.Tasks.Task`1[Microsoft.AspNetCore.Mvc.IActionResult] GetRecentMessages() on controller Portfolio_Management_System.Controllers.AdminController (Portfolio Management System).
2026-06-29 22:37:14.252 +05:30 [INF] Executing JsonResult, writing value of type 'System.Int32'.
2026-06-29 22:37:14.254 +05:30 [INF] Executed action Portfolio_Management_System.Controllers.AdminController.GetUnreadMessagesCount (Portfolio Management System) in 171.6772ms
2026-06-29 22:37:14.254 +05:30 [INF] Executed endpoint 'Portfolio_Management_System.Controllers.AdminController.GetUnreadMessagesCount (Portfolio Management System)'
2026-06-29 22:37:14.254 +05:30 [INF] HTTP GET /Admin/GetUnreadMessagesCount responded 200 in 172.5630 ms
2026-06-29 22:37:14.256 +05:30 [INF] Request finished HTTP/2 GET https://localhost:44341/Admin/GetUnreadMessagesCount - 200 null application/json; charset=utf-8 174.1431ms
2026-06-29 22:37:14.288 +05:30 [INF] Executing JsonResult, writing value of type 'System.Collections.Generic.List`1[[<>f__AnonymousType17`7[[System.Int32, System.Private.CoreLib, Version=9.0.0.0, Culture=neutral, PublicKeyToken=7cec85d7bea7798e],[System.String, System.Private.CoreLib, Version=9.0.0.0, Culture=neutral, PublicKeyToken=7cec85d7bea7798e],[System.String, System.Private.CoreLib, Version=9.0.0.0, Culture=neutral, PublicKeyToken=7cec85d7bea7798e],[System.String, System.Private.CoreLib, Version=9.0.0.0, Culture=neutral, PublicKeyToken=7cec85d7bea7798e],[System.String, System.Private.CoreLib, Version=9.0.0.0, Culture=neutral, PublicKeyToken=7cec85d7bea7798e],[System.Boolean, System.Private.CoreLib, Version=9.0.0.0, Culture=neutral, PublicKeyToken=7cec85d7bea7798e],[System.DateTime, System.Private.CoreLib, Version=9.0.0.0, Culture=neutral, PublicKeyToken=7cec85d7bea7798e]], Portfolio Management System, Version=1.0.0.0, Culture=neutral, PublicKeyToken=null]]'.
2026-06-29 22:37:14.288 +05:30 [INF] Executed action Portfolio_Management_System.Controllers.AdminController.GetRecentMessages (Portfolio Management System) in 172.699ms
2026-06-29 22:37:14.288 +05:30 [INF] Executed endpoint 'Portfolio_Management_System.Controllers.AdminController.GetRecentMessages (Portfolio Management System)'
2026-06-29 22:37:14.289 +05:30 [INF] HTTP GET /Admin/GetRecentMessages responded 200 in 173.5680 ms
2026-06-29 22:37:14.289 +05:30 [INF] Request finished HTTP/2 GET https://localhost:44341/Admin/GetRecentMessages - 200 null application/json; charset=utf-8 206.1397ms
2026-06-29 22:37:44.079 +05:30 [INF] Request starting HTTP/2 GET https://localhost:44341/Admin/GetUnreadMessagesCount - null null
2026-06-29 22:37:44.080 +05:30 [INF] Executing endpoint 'Portfolio_Management_System.Controllers.AdminController.GetUnreadMessagesCount (Portfolio Management System)'
2026-06-29 22:37:44.080 +05:30 [INF] Route matched with {action = "GetUnreadMessagesCount", controller = "Admin"}. Executing controller action with signature System.Threading.Tasks.Task`1[Microsoft.AspNetCore.Mvc.IActionResult] GetUnreadMessagesCount() on controller Portfolio_Management_System.Controllers.AdminController (Portfolio Management System).
2026-06-29 22:37:44.081 +05:30 [INF] Request starting HTTP/2 GET https://localhost:44341/Admin/GetRecentMessages - null null
2026-06-29 22:37:44.081 +05:30 [INF] Executing endpoint 'Portfolio_Management_System.Controllers.AdminController.GetRecentMessages (Portfolio Management System)'
2026-06-29 22:37:44.081 +05:30 [INF] Route matched with {action = "GetRecentMessages", controller = "Admin"}. Executing controller action with signature System.Threading.Tasks.Task`1[Microsoft.AspNetCore.Mvc.IActionResult] GetRecentMessages() on controller Portfolio_Management_System.Controllers.AdminController (Portfolio Management System).
2026-06-29 22:37:44.250 +05:30 [INF] Executing JsonResult, writing value of type 'System.Collections.Generic.List`1[[<>f__AnonymousType17`7[[System.Int32, System.Private.CoreLib, Version=9.0.0.0, Culture=neutral, PublicKeyToken=7cec85d7bea7798e],[System.String, System.Private.CoreLib, Version=9.0.0.0, Culture=neutral, PublicKeyToken=7cec85d7bea7798e],[System.String, System.Private.CoreLib, Version=9.0.0.0, Culture=neutral, PublicKeyToken=7cec85d7bea7798e],[System.String, System.Private.CoreLib, Version=9.0.0.0, Culture=neutral, PublicKeyToken=7cec85d7bea7798e],[System.String, System.Private.CoreLib, Version=9.0.0.0, Culture=neutral, PublicKeyToken=7cec85d7bea7798e],[System.Boolean, System.Private.CoreLib, Version=9.0.0.0, Culture=neutral, PublicKeyToken=7cec85d7bea7798e],[System.DateTime, System.Private.CoreLib, Version=9.0.0.0, Culture=neutral, PublicKeyToken=7cec85d7bea7798e]], Portfolio Management System, Version=1.0.0.0, Culture=neutral, PublicKeyToken=null]]'.
2026-06-29 22:37:44.251 +05:30 [INF] Executing JsonResult, writing value of type 'System.Int32'.
2026-06-29 22:37:44.251 +05:30 [INF] Executed action Portfolio_Management_System.Controllers.AdminController.GetUnreadMessagesCount (Portfolio Management System) in 171.0493ms
2026-06-29 22:37:44.251 +05:30 [INF] Executed endpoint 'Portfolio_Management_System.Controllers.AdminController.GetUnreadMessagesCount (Portfolio Management System)'
2026-06-29 22:37:44.252 +05:30 [INF] HTTP GET /Admin/GetUnreadMessagesCount responded 200 in 171.8583 ms
2026-06-29 22:37:44.252 +05:30 [INF] Request finished HTTP/2 GET https://localhost:44341/Admin/GetUnreadMessagesCount - 200 null application/json; charset=utf-8 172.3375ms
2026-06-29 22:37:44.300 +05:30 [INF] Executed action Portfolio_Management_System.Controllers.AdminController.GetRecentMessages (Portfolio Management System) in 218.1ms
2026-06-29 22:37:44.300 +05:30 [INF] Executed endpoint 'Portfolio_Management_System.Controllers.AdminController.GetRecentMessages (Portfolio Management System)'
2026-06-29 22:37:44.300 +05:30 [INF] HTTP GET /Admin/GetRecentMessages responded 200 in 219.0746 ms
2026-06-29 22:37:44.300 +05:30 [INF] Request finished HTTP/2 GET https://localhost:44341/Admin/GetRecentMessages - 200 null application/json; charset=utf-8 219.4629ms
2026-06-29 22:38:14.081 +05:30 [INF] Request starting HTTP/2 GET https://localhost:44341/Admin/GetUnreadMessagesCount - null null
2026-06-29 22:38:14.082 +05:30 [INF] Executing endpoint 'Portfolio_Management_System.Controllers.AdminController.GetUnreadMessagesCount (Portfolio Management System)'
2026-06-29 22:38:14.082 +05:30 [INF] Route matched with {action = "GetUnreadMessagesCount", controller = "Admin"}. Executing controller action with signature System.Threading.Tasks.Task`1[Microsoft.AspNetCore.Mvc.IActionResult] GetUnreadMessagesCount() on controller Portfolio_Management_System.Controllers.AdminController (Portfolio Management System).
2026-06-29 22:38:14.082 +05:30 [INF] Request starting HTTP/2 GET https://localhost:44341/Admin/GetRecentMessages - null null
2026-06-29 22:38:14.091 +05:30 [INF] Executing endpoint 'Portfolio_Management_System.Controllers.AdminController.GetRecentMessages (Portfolio Management System)'
2026-06-29 22:38:14.097 +05:30 [INF] Route matched with {action = "GetRecentMessages", controller = "Admin"}. Executing controller action with signature System.Threading.Tasks.Task`1[Microsoft.AspNetCore.Mvc.IActionResult] GetRecentMessages() on controller Portfolio_Management_System.Controllers.AdminController (Portfolio Management System).
2026-06-29 22:38:14.261 +05:30 [INF] Executing JsonResult, writing value of type 'System.Int32'.
2026-06-29 22:38:14.263 +05:30 [INF] Executed action Portfolio_Management_System.Controllers.AdminController.GetUnreadMessagesCount (Portfolio Management System) in 180.7981ms
2026-06-29 22:38:14.263 +05:30 [INF] Executed endpoint 'Portfolio_Management_System.Controllers.AdminController.GetUnreadMessagesCount (Portfolio Management System)'
2026-06-29 22:38:14.263 +05:30 [INF] HTTP GET /Admin/GetUnreadMessagesCount responded 200 in 182.3646 ms
2026-06-29 22:38:14.264 +05:30 [INF] Request finished HTTP/2 GET https://localhost:44341/Admin/GetUnreadMessagesCount - 200 null application/json; charset=utf-8 183.1676ms
2026-06-29 22:38:14.285 +05:30 [INF] Executing JsonResult, writing value of type 'System.Collections.Generic.List`1[[<>f__AnonymousType17`7[[System.Int32, System.Private.CoreLib, Version=9.0.0.0, Culture=neutral, PublicKeyToken=7cec85d7bea7798e],[System.String, System.Private.CoreLib, Version=9.0.0.0, Culture=neutral, PublicKeyToken=7cec85d7bea7798e],[System.String, System.Private.CoreLib, Version=9.0.0.0, Culture=neutral, PublicKeyToken=7cec85d7bea7798e],[System.String, System.Private.CoreLib, Version=9.0.0.0, Culture=neutral, PublicKeyToken=7cec85d7bea7798e],[System.String, System.Private.CoreLib, Version=9.0.0.0, Culture=neutral, PublicKeyToken=7cec85d7bea7798e],[System.Boolean, System.Private.CoreLib, Version=9.0.0.0, Culture=neutral, PublicKeyToken=7cec85d7bea7798e],[System.DateTime, System.Private.CoreLib, Version=9.0.0.0, Culture=neutral, PublicKeyToken=7cec85d7bea7798e]], Portfolio Management System, Version=1.0.0.0, Culture=neutral, PublicKeyToken=null]]'.
2026-06-29 22:38:14.287 +05:30 [INF] Executed action Portfolio_Management_System.Controllers.AdminController.GetRecentMessages (Portfolio Management System) in 189.4957ms
2026-06-29 22:38:14.287 +05:30 [INF] Executed endpoint 'Portfolio_Management_System.Controllers.AdminController.GetRecentMessages (Portfolio Management System)'
2026-06-29 22:38:14.288 +05:30 [INF] HTTP GET /Admin/GetRecentMessages responded 200 in 205.0710 ms
2026-06-29 22:38:14.288 +05:30 [INF] Request finished HTTP/2 GET https://localhost:44341/Admin/GetRecentMessages - 200 null application/json; charset=utf-8 205.7524ms
2026-06-29 22:38:44.092 +05:30 [INF] Request starting HTTP/2 GET https://localhost:44341/Admin/GetUnreadMessagesCount - null null
2026-06-29 22:38:44.093 +05:30 [INF] Executing endpoint 'Portfolio_Management_System.Controllers.AdminController.GetUnreadMessagesCount (Portfolio Management System)'
2026-06-29 22:38:44.093 +05:30 [INF] Route matched with {action = "GetUnreadMessagesCount", controller = "Admin"}. Executing controller action with signature System.Threading.Tasks.Task`1[Microsoft.AspNetCore.Mvc.IActionResult] GetUnreadMessagesCount() on controller Portfolio_Management_System.Controllers.AdminController (Portfolio Management System).
2026-06-29 22:38:44.094 +05:30 [INF] Request starting HTTP/2 GET https://localhost:44341/Admin/GetRecentMessages - null null
2026-06-29 22:38:44.094 +05:30 [INF] Executing endpoint 'Portfolio_Management_System.Controllers.AdminController.GetRecentMessages (Portfolio Management System)'
2026-06-29 22:38:44.095 +05:30 [INF] Route matched with {action = "GetRecentMessages", controller = "Admin"}. Executing controller action with signature System.Threading.Tasks.Task`1[Microsoft.AspNetCore.Mvc.IActionResult] GetRecentMessages() on controller Portfolio_Management_System.Controllers.AdminController (Portfolio Management System).
2026-06-29 22:38:44.263 +05:30 [INF] Executing JsonResult, writing value of type 'System.Collections.Generic.List`1[[<>f__AnonymousType17`7[[System.Int32, System.Private.CoreLib, Version=9.0.0.0, Culture=neutral, PublicKeyToken=7cec85d7bea7798e],[System.String, System.Private.CoreLib, Version=9.0.0.0, Culture=neutral, PublicKeyToken=7cec85d7bea7798e],[System.String, System.Private.CoreLib, Version=9.0.0.0, Culture=neutral, PublicKeyToken=7cec85d7bea7798e],[System.String, System.Private.CoreLib, Version=9.0.0.0, Culture=neutral, PublicKeyToken=7cec85d7bea7798e],[System.String, System.Private.CoreLib, Version=9.0.0.0, Culture=neutral, PublicKeyToken=7cec85d7bea7798e],[System.Boolean, System.Private.CoreLib, Version=9.0.0.0, Culture=neutral, PublicKeyToken=7cec85d7bea7798e],[System.DateTime, System.Private.CoreLib, Version=9.0.0.0, Culture=neutral, PublicKeyToken=7cec85d7bea7798e]], Portfolio Management System, Version=1.0.0.0, Culture=neutral, PublicKeyToken=null]]'.
2026-06-29 22:38:44.264 +05:30 [INF] Executed action Portfolio_Management_System.Controllers.AdminController.GetRecentMessages (Portfolio Management System) in 168.849ms
2026-06-29 22:38:44.264 +05:30 [INF] Executed endpoint 'Portfolio_Management_System.Controllers.AdminController.GetRecentMessages (Portfolio Management System)'
2026-06-29 22:38:44.264 +05:30 [INF] Executing JsonResult, writing value of type 'System.Int32'.
2026-06-29 22:38:44.264 +05:30 [INF] HTTP GET /Admin/GetRecentMessages responded 200 in 169.7391 ms
2026-06-29 22:38:44.311 +05:30 [INF] Executed action Portfolio_Management_System.Controllers.AdminController.GetUnreadMessagesCount (Portfolio Management System) in 217.9979ms
2026-06-29 22:38:44.311 +05:30 [INF] Executed endpoint 'Portfolio_Management_System.Controllers.AdminController.GetUnreadMessagesCount (Portfolio Management System)'
2026-06-29 22:38:44.311 +05:30 [INF] HTTP GET /Admin/GetUnreadMessagesCount responded 200 in 218.5486 ms
2026-06-29 22:38:44.311 +05:30 [INF] Request finished HTTP/2 GET https://localhost:44341/Admin/GetRecentMessages - 200 null application/json; charset=utf-8 217.3194ms
2026-06-29 22:38:44.311 +05:30 [INF] Request finished HTTP/2 GET https://localhost:44341/Admin/GetUnreadMessagesCount - 200 null application/json; charset=utf-8 219.1113ms
2026-06-29 22:39:14.082 +05:30 [INF] Request starting HTTP/2 GET https://localhost:44341/Admin/GetUnreadMessagesCount - null null
2026-06-29 22:39:14.083 +05:30 [INF] Executing endpoint 'Portfolio_Management_System.Controllers.AdminController.GetUnreadMessagesCount (Portfolio Management System)'
2026-06-29 22:39:14.083 +05:30 [INF] Route matched with {action = "GetUnreadMessagesCount", controller = "Admin"}. Executing controller action with signature System.Threading.Tasks.Task`1[Microsoft.AspNetCore.Mvc.IActionResult] GetUnreadMessagesCount() on controller Portfolio_Management_System.Controllers.AdminController (Portfolio Management System).
2026-06-29 22:39:14.083 +05:30 [INF] Request starting HTTP/2 GET https://localhost:44341/Admin/GetRecentMessages - null null
2026-06-29 22:39:14.084 +05:30 [INF] Executing endpoint 'Portfolio_Management_System.Controllers.AdminController.GetRecentMessages (Portfolio Management System)'
2026-06-29 22:39:14.084 +05:30 [INF] Route matched with {action = "GetRecentMessages", controller = "Admin"}. Executing controller action with signature System.Threading.Tasks.Task`1[Microsoft.AspNetCore.Mvc.IActionResult] GetRecentMessages() on controller Portfolio_Management_System.Controllers.AdminController (Portfolio Management System).
2026-06-29 22:39:14.281 +05:30 [INF] Executing JsonResult, writing value of type 'System.Collections.Generic.List`1[[<>f__AnonymousType17`7[[System.Int32, System.Private.CoreLib, Version=9.0.0.0, Culture=neutral, PublicKeyToken=7cec85d7bea7798e],[System.String, System.Private.CoreLib, Version=9.0.0.0, Culture=neutral, PublicKeyToken=7cec85d7bea7798e],[System.String, System.Private.CoreLib, Version=9.0.0.0, Culture=neutral, PublicKeyToken=7cec85d7bea7798e],[System.String, System.Private.CoreLib, Version=9.0.0.0, Culture=neutral, PublicKeyToken=7cec85d7bea7798e],[System.String, System.Private.CoreLib, Version=9.0.0.0, Culture=neutral, PublicKeyToken=7cec85d7bea7798e],[System.Boolean, System.Private.CoreLib, Version=9.0.0.0, Culture=neutral, PublicKeyToken=7cec85d7bea7798e],[System.DateTime, System.Private.CoreLib, Version=9.0.0.0, Culture=neutral, PublicKeyToken=7cec85d7bea7798e]], Portfolio Management System, Version=1.0.0.0, Culture=neutral, PublicKeyToken=null]]'.
2026-06-29 22:39:14.284 +05:30 [INF] Executed action Portfolio_Management_System.Controllers.AdminController.GetRecentMessages (Portfolio Management System) in 199.7688ms
2026-06-29 22:39:14.284 +05:30 [INF] Executed endpoint 'Portfolio_Management_System.Controllers.AdminController.GetRecentMessages (Portfolio Management System)'
2026-06-29 22:39:14.284 +05:30 [INF] HTTP GET /Admin/GetRecentMessages responded 200 in 200.7311 ms
2026-06-29 22:39:14.285 +05:30 [INF] Request finished HTTP/2 GET https://localhost:44341/Admin/GetRecentMessages - 200 null application/json; charset=utf-8 201.5203ms
2026-06-29 22:39:14.312 +05:30 [INF] Executing JsonResult, writing value of type 'System.Int32'.
2026-06-29 22:39:14.313 +05:30 [INF] Executed action Portfolio_Management_System.Controllers.AdminController.GetUnreadMessagesCount (Portfolio Management System) in 229.1821ms
2026-06-29 22:39:14.313 +05:30 [INF] Executed endpoint 'Portfolio_Management_System.Controllers.AdminController.GetUnreadMessagesCount (Portfolio Management System)'
2026-06-29 22:39:14.313 +05:30 [INF] HTTP GET /Admin/GetUnreadMessagesCount responded 200 in 230.4399 ms
2026-06-29 22:39:14.313 +05:30 [INF] Request finished HTTP/2 GET https://localhost:44341/Admin/GetUnreadMessagesCount - 200 null application/json; charset=utf-8 231.0165ms
2026-06-29 22:39:44.077 +05:30 [INF] Request starting HTTP/2 GET https://localhost:44341/Admin/GetUnreadMessagesCount - null null
2026-06-29 22:39:44.078 +05:30 [INF] Executing endpoint 'Portfolio_Management_System.Controllers.AdminController.GetUnreadMessagesCount (Portfolio Management System)'
2026-06-29 22:39:44.078 +05:30 [INF] Route matched with {action = "GetUnreadMessagesCount", controller = "Admin"}. Executing controller action with signature System.Threading.Tasks.Task`1[Microsoft.AspNetCore.Mvc.IActionResult] GetUnreadMessagesCount() on controller Portfolio_Management_System.Controllers.AdminController (Portfolio Management System).
2026-06-29 22:39:44.079 +05:30 [INF] Request starting HTTP/2 GET https://localhost:44341/Admin/GetRecentMessages - null null
2026-06-29 22:39:44.079 +05:30 [INF] Executing endpoint 'Portfolio_Management_System.Controllers.AdminController.GetRecentMessages (Portfolio Management System)'
2026-06-29 22:39:44.080 +05:30 [INF] Route matched with {action = "GetRecentMessages", controller = "Admin"}. Executing controller action with signature System.Threading.Tasks.Task`1[Microsoft.AspNetCore.Mvc.IActionResult] GetRecentMessages() on controller Portfolio_Management_System.Controllers.AdminController (Portfolio Management System).
2026-06-29 22:39:44.248 +05:30 [INF] Executing JsonResult, writing value of type 'System.Int32'.
2026-06-29 22:39:44.248 +05:30 [INF] Executing JsonResult, writing value of type 'System.Collections.Generic.List`1[[<>f__AnonymousType17`7[[System.Int32, System.Private.CoreLib, Version=9.0.0.0, Culture=neutral, PublicKeyToken=7cec85d7bea7798e],[System.String, System.Private.CoreLib, Version=9.0.0.0, Culture=neutral, PublicKeyToken=7cec85d7bea7798e],[System.String, System.Private.CoreLib, Version=9.0.0.0, Culture=neutral, PublicKeyToken=7cec85d7bea7798e],[System.String, System.Private.CoreLib, Version=9.0.0.0, Culture=neutral, PublicKeyToken=7cec85d7bea7798e],[System.String, System.Private.CoreLib, Version=9.0.0.0, Culture=neutral, PublicKeyToken=7cec85d7bea7798e],[System.Boolean, System.Private.CoreLib, Version=9.0.0.0, Culture=neutral, PublicKeyToken=7cec85d7bea7798e],[System.DateTime, System.Private.CoreLib, Version=9.0.0.0, Culture=neutral, PublicKeyToken=7cec85d7bea7798e]], Portfolio Management System, Version=1.0.0.0, Culture=neutral, PublicKeyToken=null]]'.
2026-06-29 22:39:44.248 +05:30 [INF] Executed action Portfolio_Management_System.Controllers.AdminController.GetUnreadMessagesCount (Portfolio Management System) in 169.9527ms
2026-06-29 22:39:44.249 +05:30 [INF] Executed endpoint 'Portfolio_Management_System.Controllers.AdminController.GetUnreadMessagesCount (Portfolio Management System)'
2026-06-29 22:39:44.249 +05:30 [INF] Executed action Portfolio_Management_System.Controllers.AdminController.GetRecentMessages (Portfolio Management System) in 169.1072ms
2026-06-29 22:39:44.249 +05:30 [INF] HTTP GET /Admin/GetUnreadMessagesCount responded 200 in 171.0807 ms
2026-06-29 22:39:44.249 +05:30 [INF] Executed endpoint 'Portfolio_Management_System.Controllers.AdminController.GetRecentMessages (Portfolio Management System)'
2026-06-29 22:39:44.249 +05:30 [INF] HTTP GET /Admin/GetRecentMessages responded 200 in 169.6090 ms
2026-06-29 22:39:44.249 +05:30 [INF] Request finished HTTP/2 GET https://localhost:44341/Admin/GetUnreadMessagesCount - 200 null application/json; charset=utf-8 171.6529ms
2026-06-29 22:39:44.249 +05:30 [INF] Request finished HTTP/2 GET https://localhost:44341/Admin/GetRecentMessages - 200 null application/json; charset=utf-8 169.8619ms
2026-06-29 22:40:14.092 +05:30 [INF] Request starting HTTP/2 GET https://localhost:44341/Admin/GetUnreadMessagesCount - null null
2026-06-29 22:40:14.093 +05:30 [INF] Executing endpoint 'Portfolio_Management_System.Controllers.AdminController.GetUnreadMessagesCount (Portfolio Management System)'
2026-06-29 22:40:14.093 +05:30 [INF] Route matched with {action = "GetUnreadMessagesCount", controller = "Admin"}. Executing controller action with signature System.Threading.Tasks.Task`1[Microsoft.AspNetCore.Mvc.IActionResult] GetUnreadMessagesCount() on controller Portfolio_Management_System.Controllers.AdminController (Portfolio Management System).
2026-06-29 22:40:14.095 +05:30 [INF] Request starting HTTP/2 GET https://localhost:44341/Admin/GetRecentMessages - null null
2026-06-29 22:40:14.096 +05:30 [INF] Executing endpoint 'Portfolio_Management_System.Controllers.AdminController.GetRecentMessages (Portfolio Management System)'
2026-06-29 22:40:14.124 +05:30 [INF] Route matched with {action = "GetRecentMessages", controller = "Admin"}. Executing controller action with signature System.Threading.Tasks.Task`1[Microsoft.AspNetCore.Mvc.IActionResult] GetRecentMessages() on controller Portfolio_Management_System.Controllers.AdminController (Portfolio Management System).
2026-06-29 22:40:14.263 +05:30 [INF] Executing JsonResult, writing value of type 'System.Int32'.
2026-06-29 22:40:14.264 +05:30 [INF] Executed action Portfolio_Management_System.Controllers.AdminController.GetUnreadMessagesCount (Portfolio Management System) in 170.8881ms
2026-06-29 22:40:14.264 +05:30 [INF] Executed endpoint 'Portfolio_Management_System.Controllers.AdminController.GetUnreadMessagesCount (Portfolio Management System)'
2026-06-29 22:40:14.264 +05:30 [INF] HTTP GET /Admin/GetUnreadMessagesCount responded 200 in 171.9332 ms
2026-06-29 22:40:14.265 +05:30 [INF] Request finished HTTP/2 GET https://localhost:44341/Admin/GetUnreadMessagesCount - 200 null application/json; charset=utf-8 172.6863ms
2026-06-29 22:40:14.302 +05:30 [INF] Executing JsonResult, writing value of type 'System.Collections.Generic.List`1[[<>f__AnonymousType17`7[[System.Int32, System.Private.CoreLib, Version=9.0.0.0, Culture=neutral, PublicKeyToken=7cec85d7bea7798e],[System.String, System.Private.CoreLib, Version=9.0.0.0, Culture=neutral, PublicKeyToken=7cec85d7bea7798e],[System.String, System.Private.CoreLib, Version=9.0.0.0, Culture=neutral, PublicKeyToken=7cec85d7bea7798e],[System.String, System.Private.CoreLib, Version=9.0.0.0, Culture=neutral, PublicKeyToken=7cec85d7bea7798e],[System.String, System.Private.CoreLib, Version=9.0.0.0, Culture=neutral, PublicKeyToken=7cec85d7bea7798e],[System.Boolean, System.Private.CoreLib, Version=9.0.0.0, Culture=neutral, PublicKeyToken=7cec85d7bea7798e],[System.DateTime, System.Private.CoreLib, Version=9.0.0.0, Culture=neutral, PublicKeyToken=7cec85d7bea7798e]], Portfolio Management System, Version=1.0.0.0, Culture=neutral, PublicKeyToken=null]]'.
2026-06-29 22:40:14.303 +05:30 [INF] Executed action Portfolio_Management_System.Controllers.AdminController.GetRecentMessages (Portfolio Management System) in 172.7109ms
2026-06-29 22:40:14.303 +05:30 [INF] Executed endpoint 'Portfolio_Management_System.Controllers.AdminController.GetRecentMessages (Portfolio Management System)'
2026-06-29 22:40:14.303 +05:30 [INF] HTTP GET /Admin/GetRecentMessages responded 200 in 208.2817 ms
2026-06-29 22:40:14.303 +05:30 [INF] Request finished HTTP/2 GET https://localhost:44341/Admin/GetRecentMessages - 200 null application/json; charset=utf-8 208.7101ms
2026-06-29 22:40:44.095 +05:30 [INF] Request starting HTTP/2 GET https://localhost:44341/Admin/GetUnreadMessagesCount - null null
2026-06-29 22:40:44.095 +05:30 [INF] Executing endpoint 'Portfolio_Management_System.Controllers.AdminController.GetUnreadMessagesCount (Portfolio Management System)'
2026-06-29 22:40:44.096 +05:30 [INF] Route matched with {action = "GetUnreadMessagesCount", controller = "Admin"}. Executing controller action with signature System.Threading.Tasks.Task`1[Microsoft.AspNetCore.Mvc.IActionResult] GetUnreadMessagesCount() on controller Portfolio_Management_System.Controllers.AdminController (Portfolio Management System).
2026-06-29 22:40:44.097 +05:30 [INF] Request starting HTTP/2 GET https://localhost:44341/Admin/GetRecentMessages - null null
2026-06-29 22:40:44.097 +05:30 [INF] Executing endpoint 'Portfolio_Management_System.Controllers.AdminController.GetRecentMessages (Portfolio Management System)'
2026-06-29 22:40:44.103 +05:30 [INF] Route matched with {action = "GetRecentMessages", controller = "Admin"}. Executing controller action with signature System.Threading.Tasks.Task`1[Microsoft.AspNetCore.Mvc.IActionResult] GetRecentMessages() on controller Portfolio_Management_System.Controllers.AdminController (Portfolio Management System).
2026-06-29 22:40:44.270 +05:30 [INF] Executing JsonResult, writing value of type 'System.Int32'.
2026-06-29 22:40:44.271 +05:30 [INF] Executed action Portfolio_Management_System.Controllers.AdminController.GetUnreadMessagesCount (Portfolio Management System) in 175.2165ms
2026-06-29 22:40:44.271 +05:30 [INF] Executed endpoint 'Portfolio_Management_System.Controllers.AdminController.GetUnreadMessagesCount (Portfolio Management System)'
2026-06-29 22:40:44.272 +05:30 [INF] HTTP GET /Admin/GetUnreadMessagesCount responded 200 in 176.9699 ms
2026-06-29 22:40:44.272 +05:30 [INF] Request finished HTTP/2 GET https://localhost:44341/Admin/GetUnreadMessagesCount - 200 null application/json; charset=utf-8 177.5013ms
2026-06-29 22:40:44.281 +05:30 [INF] Executing JsonResult, writing value of type 'System.Collections.Generic.List`1[[<>f__AnonymousType17`7[[System.Int32, System.Private.CoreLib, Version=9.0.0.0, Culture=neutral, PublicKeyToken=7cec85d7bea7798e],[System.String, System.Private.CoreLib, Version=9.0.0.0, Culture=neutral, PublicKeyToken=7cec85d7bea7798e],[System.String, System.Private.CoreLib, Version=9.0.0.0, Culture=neutral, PublicKeyToken=7cec85d7bea7798e],[System.String, System.Private.CoreLib, Version=9.0.0.0, Culture=neutral, PublicKeyToken=7cec85d7bea7798e],[System.String, System.Private.CoreLib, Version=9.0.0.0, Culture=neutral, PublicKeyToken=7cec85d7bea7798e],[System.Boolean, System.Private.CoreLib, Version=9.0.0.0, Culture=neutral, PublicKeyToken=7cec85d7bea7798e],[System.DateTime, System.Private.CoreLib, Version=9.0.0.0, Culture=neutral, PublicKeyToken=7cec85d7bea7798e]], Portfolio Management System, Version=1.0.0.0, Culture=neutral, PublicKeyToken=null]]'.
2026-06-29 22:40:44.283 +05:30 [INF] Executed action Portfolio_Management_System.Controllers.AdminController.GetRecentMessages (Portfolio Management System) in 179.4191ms
2026-06-29 22:40:44.283 +05:30 [INF] Executed endpoint 'Portfolio_Management_System.Controllers.AdminController.GetRecentMessages (Portfolio Management System)'
2026-06-29 22:40:44.283 +05:30 [INF] HTTP GET /Admin/GetRecentMessages responded 200 in 186.4574 ms
2026-06-29 22:40:44.285 +05:30 [INF] Request finished HTTP/2 GET https://localhost:44341/Admin/GetRecentMessages - 200 null application/json; charset=utf-8 188.3644ms
2026-06-29 22:41:14.084 +05:30 [INF] Request starting HTTP/2 GET https://localhost:44341/Admin/GetUnreadMessagesCount - null null
2026-06-29 22:41:14.086 +05:30 [INF] Request starting HTTP/2 GET https://localhost:44341/Admin/GetRecentMessages - null null
2026-06-29 22:41:14.093 +05:30 [INF] Executing endpoint 'Portfolio_Management_System.Controllers.AdminController.GetRecentMessages (Portfolio Management System)'
2026-06-29 22:41:14.093 +05:30 [INF] Executing endpoint 'Portfolio_Management_System.Controllers.AdminController.GetUnreadMessagesCount (Portfolio Management System)'
2026-06-29 22:41:14.099 +05:30 [INF] Route matched with {action = "GetRecentMessages", controller = "Admin"}. Executing controller action with signature System.Threading.Tasks.Task`1[Microsoft.AspNetCore.Mvc.IActionResult] GetRecentMessages() on controller Portfolio_Management_System.Controllers.AdminController (Portfolio Management System).
2026-06-29 22:41:14.099 +05:30 [INF] Route matched with {action = "GetUnreadMessagesCount", controller = "Admin"}. Executing controller action with signature System.Threading.Tasks.Task`1[Microsoft.AspNetCore.Mvc.IActionResult] GetUnreadMessagesCount() on controller Portfolio_Management_System.Controllers.AdminController (Portfolio Management System).
2026-06-29 22:41:14.272 +05:30 [INF] Executing JsonResult, writing value of type 'System.Int32'.
2026-06-29 22:41:14.273 +05:30 [INF] Executing JsonResult, writing value of type 'System.Collections.Generic.List`1[[<>f__AnonymousType17`7[[System.Int32, System.Private.CoreLib, Version=9.0.0.0, Culture=neutral, PublicKeyToken=7cec85d7bea7798e],[System.String, System.Private.CoreLib, Version=9.0.0.0, Culture=neutral, PublicKeyToken=7cec85d7bea7798e],[System.String, System.Private.CoreLib, Version=9.0.0.0, Culture=neutral, PublicKeyToken=7cec85d7bea7798e],[System.String, System.Private.CoreLib, Version=9.0.0.0, Culture=neutral, PublicKeyToken=7cec85d7bea7798e],[System.String, System.Private.CoreLib, Version=9.0.0.0, Culture=neutral, PublicKeyToken=7cec85d7bea7798e],[System.Boolean, System.Private.CoreLib, Version=9.0.0.0, Culture=neutral, PublicKeyToken=7cec85d7bea7798e],[System.DateTime, System.Private.CoreLib, Version=9.0.0.0, Culture=neutral, PublicKeyToken=7cec85d7bea7798e]], Portfolio Management System, Version=1.0.0.0, Culture=neutral, PublicKeyToken=null]]'.
2026-06-29 22:41:14.273 +05:30 [INF] Executed action Portfolio_Management_System.Controllers.AdminController.GetUnreadMessagesCount (Portfolio Management System) in 172.1196ms
2026-06-29 22:41:14.273 +05:30 [INF] Executed endpoint 'Portfolio_Management_System.Controllers.AdminController.GetUnreadMessagesCount (Portfolio Management System)'
2026-06-29 22:41:14.273 +05:30 [INF] HTTP GET /Admin/GetUnreadMessagesCount responded 200 in 188.4938 ms
2026-06-29 22:41:14.274 +05:30 [INF] Request finished HTTP/2 GET https://localhost:44341/Admin/GetUnreadMessagesCount - 200 null application/json; charset=utf-8 189.5285ms
2026-06-29 22:41:14.288 +05:30 [INF] Executed action Portfolio_Management_System.Controllers.AdminController.GetRecentMessages (Portfolio Management System) in 188.1793ms
2026-06-29 22:41:14.288 +05:30 [INF] Executed endpoint 'Portfolio_Management_System.Controllers.AdminController.GetRecentMessages (Portfolio Management System)'
2026-06-29 22:41:14.288 +05:30 [INF] HTTP GET /Admin/GetRecentMessages responded 200 in 202.1543 ms
2026-06-29 22:41:14.288 +05:30 [INF] Request finished HTTP/2 GET https://localhost:44341/Admin/GetRecentMessages - 200 null application/json; charset=utf-8 202.5881ms
2026-06-29 22:41:44.092 +05:30 [INF] Request starting HTTP/2 GET https://localhost:44341/Admin/GetRecentMessages - null null
2026-06-29 22:41:44.093 +05:30 [INF] Executing endpoint 'Portfolio_Management_System.Controllers.AdminController.GetRecentMessages (Portfolio Management System)'
2026-06-29 22:41:44.093 +05:30 [INF] Request starting HTTP/2 GET https://localhost:44341/Admin/GetUnreadMessagesCount - null null
2026-06-29 22:41:44.093 +05:30 [INF] Route matched with {action = "GetRecentMessages", controller = "Admin"}. Executing controller action with signature System.Threading.Tasks.Task`1[Microsoft.AspNetCore.Mvc.IActionResult] GetRecentMessages() on controller Portfolio_Management_System.Controllers.AdminController (Portfolio Management System).
2026-06-29 22:41:44.093 +05:30 [INF] Executing endpoint 'Portfolio_Management_System.Controllers.AdminController.GetUnreadMessagesCount (Portfolio Management System)'
2026-06-29 22:41:44.093 +05:30 [INF] Route matched with {action = "GetUnreadMessagesCount", controller = "Admin"}. Executing controller action with signature System.Threading.Tasks.Task`1[Microsoft.AspNetCore.Mvc.IActionResult] GetUnreadMessagesCount() on controller Portfolio_Management_System.Controllers.AdminController (Portfolio Management System).
2026-06-29 22:41:44.264 +05:30 [INF] Executing JsonResult, writing value of type 'System.Int32'.
2026-06-29 22:41:44.274 +05:30 [INF] Executing JsonResult, writing value of type 'System.Collections.Generic.List`1[[<>f__AnonymousType17`7[[System.Int32, System.Private.CoreLib, Version=9.0.0.0, Culture=neutral, PublicKeyToken=7cec85d7bea7798e],[System.String, System.Private.CoreLib, Version=9.0.0.0, Culture=neutral, PublicKeyToken=7cec85d7bea7798e],[System.String, System.Private.CoreLib, Version=9.0.0.0, Culture=neutral, PublicKeyToken=7cec85d7bea7798e],[System.String, System.Private.CoreLib, Version=9.0.0.0, Culture=neutral, PublicKeyToken=7cec85d7bea7798e],[System.String, System.Private.CoreLib, Version=9.0.0.0, Culture=neutral, PublicKeyToken=7cec85d7bea7798e],[System.Boolean, System.Private.CoreLib, Version=9.0.0.0, Culture=neutral, PublicKeyToken=7cec85d7bea7798e],[System.DateTime, System.Private.CoreLib, Version=9.0.0.0, Culture=neutral, PublicKeyToken=7cec85d7bea7798e]], Portfolio Management System, Version=1.0.0.0, Culture=neutral, PublicKeyToken=null]]'.
2026-06-29 22:41:44.279 +05:30 [INF] Executed action Portfolio_Management_System.Controllers.AdminController.GetUnreadMessagesCount (Portfolio Management System) in 186.1128ms
2026-06-29 22:41:44.279 +05:30 [INF] Executed endpoint 'Portfolio_Management_System.Controllers.AdminController.GetUnreadMessagesCount (Portfolio Management System)'
2026-06-29 22:41:44.279 +05:30 [INF] HTTP GET /Admin/GetUnreadMessagesCount responded 200 in 186.5264 ms
2026-06-29 22:41:44.279 +05:30 [INF] Request finished HTTP/2 GET https://localhost:44341/Admin/GetUnreadMessagesCount - 200 null application/json; charset=utf-8 186.8093ms
2026-06-29 22:41:44.280 +05:30 [INF] Executed action Portfolio_Management_System.Controllers.AdminController.GetRecentMessages (Portfolio Management System) in 187.1394ms
2026-06-29 22:41:44.280 +05:30 [INF] Executed endpoint 'Portfolio_Management_System.Controllers.AdminController.GetRecentMessages (Portfolio Management System)'
2026-06-29 22:41:44.280 +05:30 [INF] HTTP GET /Admin/GetRecentMessages responded 200 in 187.9477 ms
2026-06-29 22:41:44.281 +05:30 [INF] Request finished HTTP/2 GET https://localhost:44341/Admin/GetRecentMessages - 200 null application/json; charset=utf-8 188.5875ms
2026-06-29 22:42:14.095 +05:30 [INF] Request starting HTTP/2 GET https://localhost:44341/Admin/GetRecentMessages - null null
2026-06-29 22:42:14.096 +05:30 [INF] Request starting HTTP/2 GET https://localhost:44341/Admin/GetUnreadMessagesCount - null null
2026-06-29 22:42:14.098 +05:30 [INF] Executing endpoint 'Portfolio_Management_System.Controllers.AdminController.GetUnreadMessagesCount (Portfolio Management System)'
2026-06-29 22:42:14.098 +05:30 [INF] Executing endpoint 'Portfolio_Management_System.Controllers.AdminController.GetRecentMessages (Portfolio Management System)'
2026-06-29 22:42:14.098 +05:30 [INF] Route matched with {action = "GetUnreadMessagesCount", controller = "Admin"}. Executing controller action with signature System.Threading.Tasks.Task`1[Microsoft.AspNetCore.Mvc.IActionResult] GetUnreadMessagesCount() on controller Portfolio_Management_System.Controllers.AdminController (Portfolio Management System).
2026-06-29 22:42:14.098 +05:30 [INF] Route matched with {action = "GetRecentMessages", controller = "Admin"}. Executing controller action with signature System.Threading.Tasks.Task`1[Microsoft.AspNetCore.Mvc.IActionResult] GetRecentMessages() on controller Portfolio_Management_System.Controllers.AdminController (Portfolio Management System).
2026-06-29 22:42:14.275 +05:30 [INF] Executing JsonResult, writing value of type 'System.Int32'.
2026-06-29 22:42:14.280 +05:30 [INF] Executing JsonResult, writing value of type 'System.Collections.Generic.List`1[[<>f__AnonymousType17`7[[System.Int32, System.Private.CoreLib, Version=9.0.0.0, Culture=neutral, PublicKeyToken=7cec85d7bea7798e],[System.String, System.Private.CoreLib, Version=9.0.0.0, Culture=neutral, PublicKeyToken=7cec85d7bea7798e],[System.String, System.Private.CoreLib, Version=9.0.0.0, Culture=neutral, PublicKeyToken=7cec85d7bea7798e],[System.String, System.Private.CoreLib, Version=9.0.0.0, Culture=neutral, PublicKeyToken=7cec85d7bea7798e],[System.String, System.Private.CoreLib, Version=9.0.0.0, Culture=neutral, PublicKeyToken=7cec85d7bea7798e],[System.Boolean, System.Private.CoreLib, Version=9.0.0.0, Culture=neutral, PublicKeyToken=7cec85d7bea7798e],[System.DateTime, System.Private.CoreLib, Version=9.0.0.0, Culture=neutral, PublicKeyToken=7cec85d7bea7798e]], Portfolio Management System, Version=1.0.0.0, Culture=neutral, PublicKeyToken=null]]'.
2026-06-29 22:42:14.282 +05:30 [INF] Executed action Portfolio_Management_System.Controllers.AdminController.GetUnreadMessagesCount (Portfolio Management System) in 183.1738ms
2026-06-29 22:42:14.282 +05:30 [INF] Executed endpoint 'Portfolio_Management_System.Controllers.AdminController.GetUnreadMessagesCount (Portfolio Management System)'
2026-06-29 22:42:14.282 +05:30 [INF] HTTP GET /Admin/GetUnreadMessagesCount responded 200 in 183.7371 ms
2026-06-29 22:42:14.282 +05:30 [INF] Request finished HTTP/2 GET https://localhost:44341/Admin/GetUnreadMessagesCount - 200 null application/json; charset=utf-8 186.2358ms
2026-06-29 22:42:14.287 +05:30 [INF] Executed action Portfolio_Management_System.Controllers.AdminController.GetRecentMessages (Portfolio Management System) in 188.1911ms
2026-06-29 22:42:14.287 +05:30 [INF] Executed endpoint 'Portfolio_Management_System.Controllers.AdminController.GetRecentMessages (Portfolio Management System)'
2026-06-29 22:42:14.287 +05:30 [INF] HTTP GET /Admin/GetRecentMessages responded 200 in 188.8700 ms
2026-06-29 22:42:14.287 +05:30 [INF] Request finished HTTP/2 GET https://localhost:44341/Admin/GetRecentMessages - 200 null application/json; charset=utf-8 192.0216ms
2026-06-29 22:42:44.156 +05:30 [INF] Request starting HTTP/2 GET https://localhost:44341/Admin/GetUnreadMessagesCount - null null
2026-06-29 22:42:44.156 +05:30 [INF] Executing endpoint 'Portfolio_Management_System.Controllers.AdminController.GetUnreadMessagesCount (Portfolio Management System)'
2026-06-29 22:42:44.156 +05:30 [INF] Route matched with {action = "GetUnreadMessagesCount", controller = "Admin"}. Executing controller action with signature System.Threading.Tasks.Task`1[Microsoft.AspNetCore.Mvc.IActionResult] GetUnreadMessagesCount() on controller Portfolio_Management_System.Controllers.AdminController (Portfolio Management System).
2026-06-29 22:42:44.159 +05:30 [INF] Request starting HTTP/2 GET https://localhost:44341/Admin/GetRecentMessages - null null
2026-06-29 22:42:44.159 +05:30 [INF] Executing endpoint 'Portfolio_Management_System.Controllers.AdminController.GetRecentMessages (Portfolio Management System)'
2026-06-29 22:42:44.193 +05:30 [INF] Route matched with {action = "GetRecentMessages", controller = "Admin"}. Executing controller action with signature System.Threading.Tasks.Task`1[Microsoft.AspNetCore.Mvc.IActionResult] GetRecentMessages() on controller Portfolio_Management_System.Controllers.AdminController (Portfolio Management System).
2026-06-29 22:42:44.340 +05:30 [INF] Executing JsonResult, writing value of type 'System.Int32'.
2026-06-29 22:42:44.341 +05:30 [INF] Executed action Portfolio_Management_System.Controllers.AdminController.GetUnreadMessagesCount (Portfolio Management System) in 184.8984ms
2026-06-29 22:42:44.341 +05:30 [INF] Executed endpoint 'Portfolio_Management_System.Controllers.AdminController.GetUnreadMessagesCount (Portfolio Management System)'
2026-06-29 22:42:44.341 +05:30 [INF] HTTP GET /Admin/GetUnreadMessagesCount responded 200 in 185.3639 ms
2026-06-29 22:42:44.342 +05:30 [INF] Request finished HTTP/2 GET https://localhost:44341/Admin/GetUnreadMessagesCount - 200 null application/json; charset=utf-8 185.6889ms
2026-06-29 22:42:44.367 +05:30 [INF] Executing JsonResult, writing value of type 'System.Collections.Generic.List`1[[<>f__AnonymousType17`7[[System.Int32, System.Private.CoreLib, Version=9.0.0.0, Culture=neutral, PublicKeyToken=7cec85d7bea7798e],[System.String, System.Private.CoreLib, Version=9.0.0.0, Culture=neutral, PublicKeyToken=7cec85d7bea7798e],[System.String, System.Private.CoreLib, Version=9.0.0.0, Culture=neutral, PublicKeyToken=7cec85d7bea7798e],[System.String, System.Private.CoreLib, Version=9.0.0.0, Culture=neutral, PublicKeyToken=7cec85d7bea7798e],[System.String, System.Private.CoreLib, Version=9.0.0.0, Culture=neutral, PublicKeyToken=7cec85d7bea7798e],[System.Boolean, System.Private.CoreLib, Version=9.0.0.0, Culture=neutral, PublicKeyToken=7cec85d7bea7798e],[System.DateTime, System.Private.CoreLib, Version=9.0.0.0, Culture=neutral, PublicKeyToken=7cec85d7bea7798e]], Portfolio Management System, Version=1.0.0.0, Culture=neutral, PublicKeyToken=null]]'.
2026-06-29 22:42:44.370 +05:30 [INF] Executed action Portfolio_Management_System.Controllers.AdminController.GetRecentMessages (Portfolio Management System) in 175.9513ms
2026-06-29 22:42:44.370 +05:30 [INF] Executed endpoint 'Portfolio_Management_System.Controllers.AdminController.GetRecentMessages (Portfolio Management System)'
2026-06-29 22:42:44.370 +05:30 [INF] HTTP GET /Admin/GetRecentMessages responded 200 in 210.6892 ms
2026-06-29 22:42:44.370 +05:30 [INF] Request finished HTTP/2 GET https://localhost:44341/Admin/GetRecentMessages - 200 null application/json; charset=utf-8 210.9659ms
2026-06-29 22:43:14.088 +05:30 [INF] Request starting HTTP/2 GET https://localhost:44341/Admin/GetUnreadMessagesCount - null null
2026-06-29 22:43:14.089 +05:30 [INF] Executing endpoint 'Portfolio_Management_System.Controllers.AdminController.GetUnreadMessagesCount (Portfolio Management System)'
2026-06-29 22:43:14.089 +05:30 [INF] Route matched with {action = "GetUnreadMessagesCount", controller = "Admin"}. Executing controller action with signature System.Threading.Tasks.Task`1[Microsoft.AspNetCore.Mvc.IActionResult] GetUnreadMessagesCount() on controller Portfolio_Management_System.Controllers.AdminController (Portfolio Management System).
2026-06-29 22:43:14.089 +05:30 [INF] Request starting HTTP/2 GET https://localhost:44341/Admin/GetRecentMessages - null null
2026-06-29 22:43:14.090 +05:30 [INF] Executing endpoint 'Portfolio_Management_System.Controllers.AdminController.GetRecentMessages (Portfolio Management System)'
2026-06-29 22:43:14.090 +05:30 [INF] Route matched with {action = "GetRecentMessages", controller = "Admin"}. Executing controller action with signature System.Threading.Tasks.Task`1[Microsoft.AspNetCore.Mvc.IActionResult] GetRecentMessages() on controller Portfolio_Management_System.Controllers.AdminController (Portfolio Management System).
2026-06-29 22:43:14.277 +05:30 [INF] Executing JsonResult, writing value of type 'System.Int32'.
2026-06-29 22:43:14.277 +05:30 [INF] Executing JsonResult, writing value of type 'System.Collections.Generic.List`1[[<>f__AnonymousType17`7[[System.Int32, System.Private.CoreLib, Version=9.0.0.0, Culture=neutral, PublicKeyToken=7cec85d7bea7798e],[System.String, System.Private.CoreLib, Version=9.0.0.0, Culture=neutral, PublicKeyToken=7cec85d7bea7798e],[System.String, System.Private.CoreLib, Version=9.0.0.0, Culture=neutral, PublicKeyToken=7cec85d7bea7798e],[System.String, System.Private.CoreLib, Version=9.0.0.0, Culture=neutral, PublicKeyToken=7cec85d7bea7798e],[System.String, System.Private.CoreLib, Version=9.0.0.0, Culture=neutral, PublicKeyToken=7cec85d7bea7798e],[System.Boolean, System.Private.CoreLib, Version=9.0.0.0, Culture=neutral, PublicKeyToken=7cec85d7bea7798e],[System.DateTime, System.Private.CoreLib, Version=9.0.0.0, Culture=neutral, PublicKeyToken=7cec85d7bea7798e]], Portfolio Management System, Version=1.0.0.0, Culture=neutral, PublicKeyToken=null]]'.
2026-06-29 22:43:14.278 +05:30 [INF] Executed action Portfolio_Management_System.Controllers.AdminController.GetUnreadMessagesCount (Portfolio Management System) in 189.1318ms
2026-06-29 22:43:14.278 +05:30 [INF] Executed endpoint 'Portfolio_Management_System.Controllers.AdminController.GetUnreadMessagesCount (Portfolio Management System)'
2026-06-29 22:43:14.278 +05:30 [INF] HTTP GET /Admin/GetUnreadMessagesCount responded 200 in 189.8793 ms
2026-06-29 22:43:14.279 +05:30 [INF] Request finished HTTP/2 GET https://localhost:44341/Admin/GetUnreadMessagesCount - 200 null application/json; charset=utf-8 190.3055ms
2026-06-29 22:43:14.279 +05:30 [INF] Executed action Portfolio_Management_System.Controllers.AdminController.GetRecentMessages (Portfolio Management System) in 188.6458ms
2026-06-29 22:43:14.279 +05:30 [INF] Executed endpoint 'Portfolio_Management_System.Controllers.AdminController.GetRecentMessages (Portfolio Management System)'
2026-06-29 22:43:14.279 +05:30 [INF] HTTP GET /Admin/GetRecentMessages responded 200 in 189.4018 ms
2026-06-29 22:43:14.279 +05:30 [INF] Request finished HTTP/2 GET https://localhost:44341/Admin/GetRecentMessages - 200 null application/json; charset=utf-8 189.7918ms
2026-06-29 22:43:44.085 +05:30 [INF] Request starting HTTP/2 GET https://localhost:44341/Admin/GetUnreadMessagesCount - null null
2026-06-29 22:43:44.086 +05:30 [INF] Executing endpoint 'Portfolio_Management_System.Controllers.AdminController.GetUnreadMessagesCount (Portfolio Management System)'
2026-06-29 22:43:44.087 +05:30 [INF] Route matched with {action = "GetUnreadMessagesCount", controller = "Admin"}. Executing controller action with signature System.Threading.Tasks.Task`1[Microsoft.AspNetCore.Mvc.IActionResult] GetUnreadMessagesCount() on controller Portfolio_Management_System.Controllers.AdminController (Portfolio Management System).
2026-06-29 22:43:44.088 +05:30 [INF] Request starting HTTP/2 GET https://localhost:44341/Admin/GetRecentMessages - null null
2026-06-29 22:43:44.088 +05:30 [INF] Executing endpoint 'Portfolio_Management_System.Controllers.AdminController.GetRecentMessages (Portfolio Management System)'
2026-06-29 22:43:44.088 +05:30 [INF] Route matched with {action = "GetRecentMessages", controller = "Admin"}. Executing controller action with signature System.Threading.Tasks.Task`1[Microsoft.AspNetCore.Mvc.IActionResult] GetRecentMessages() on controller Portfolio_Management_System.Controllers.AdminController (Portfolio Management System).
2026-06-29 22:43:44.258 +05:30 [INF] Executing JsonResult, writing value of type 'System.Int32'.
2026-06-29 22:43:44.259 +05:30 [INF] Executed action Portfolio_Management_System.Controllers.AdminController.GetUnreadMessagesCount (Portfolio Management System) in 172.4737ms
2026-06-29 22:43:44.259 +05:30 [INF] Executed endpoint 'Portfolio_Management_System.Controllers.AdminController.GetUnreadMessagesCount (Portfolio Management System)'
2026-06-29 22:43:44.260 +05:30 [INF] HTTP GET /Admin/GetUnreadMessagesCount responded 200 in 174.0533 ms
2026-06-29 22:43:44.261 +05:30 [INF] Request finished HTTP/2 GET https://localhost:44341/Admin/GetUnreadMessagesCount - 200 null application/json; charset=utf-8 175.3206ms
2026-06-29 22:43:44.264 +05:30 [INF] Executing JsonResult, writing value of type 'System.Collections.Generic.List`1[[<>f__AnonymousType17`7[[System.Int32, System.Private.CoreLib, Version=9.0.0.0, Culture=neutral, PublicKeyToken=7cec85d7bea7798e],[System.String, System.Private.CoreLib, Version=9.0.0.0, Culture=neutral, PublicKeyToken=7cec85d7bea7798e],[System.String, System.Private.CoreLib, Version=9.0.0.0, Culture=neutral, PublicKeyToken=7cec85d7bea7798e],[System.String, System.Private.CoreLib, Version=9.0.0.0, Culture=neutral, PublicKeyToken=7cec85d7bea7798e],[System.String, System.Private.CoreLib, Version=9.0.0.0, Culture=neutral, PublicKeyToken=7cec85d7bea7798e],[System.Boolean, System.Private.CoreLib, Version=9.0.0.0, Culture=neutral, PublicKeyToken=7cec85d7bea7798e],[System.DateTime, System.Private.CoreLib, Version=9.0.0.0, Culture=neutral, PublicKeyToken=7cec85d7bea7798e]], Portfolio Management System, Version=1.0.0.0, Culture=neutral, PublicKeyToken=null]]'.
2026-06-29 22:43:44.301 +05:30 [INF] Executed action Portfolio_Management_System.Controllers.AdminController.GetRecentMessages (Portfolio Management System) in 213.2158ms
2026-06-29 22:43:44.302 +05:30 [INF] Executed endpoint 'Portfolio_Management_System.Controllers.AdminController.GetRecentMessages (Portfolio Management System)'
2026-06-29 22:43:44.302 +05:30 [INF] HTTP GET /Admin/GetRecentMessages responded 200 in 213.7030 ms
2026-06-29 22:43:44.302 +05:30 [INF] Request finished HTTP/2 GET https://localhost:44341/Admin/GetRecentMessages - 200 null application/json; charset=utf-8 214.0317ms
2026-06-29 22:44:14.084 +05:30 [INF] Request starting HTTP/2 GET https://localhost:44341/Admin/GetRecentMessages - null null
2026-06-29 22:44:14.085 +05:30 [INF] Executing endpoint 'Portfolio_Management_System.Controllers.AdminController.GetRecentMessages (Portfolio Management System)'
2026-06-29 22:44:14.085 +05:30 [INF] Route matched with {action = "GetRecentMessages", controller = "Admin"}. Executing controller action with signature System.Threading.Tasks.Task`1[Microsoft.AspNetCore.Mvc.IActionResult] GetRecentMessages() on controller Portfolio_Management_System.Controllers.AdminController (Portfolio Management System).
2026-06-29 22:44:14.085 +05:30 [INF] Request starting HTTP/2 GET https://localhost:44341/Admin/GetUnreadMessagesCount - null null
2026-06-29 22:44:14.091 +05:30 [INF] Executing endpoint 'Portfolio_Management_System.Controllers.AdminController.GetUnreadMessagesCount (Portfolio Management System)'
2026-06-29 22:44:14.097 +05:30 [INF] Route matched with {action = "GetUnreadMessagesCount", controller = "Admin"}. Executing controller action with signature System.Threading.Tasks.Task`1[Microsoft.AspNetCore.Mvc.IActionResult] GetUnreadMessagesCount() on controller Portfolio_Management_System.Controllers.AdminController (Portfolio Management System).
2026-06-29 22:44:14.256 +05:30 [INF] Executing JsonResult, writing value of type 'System.Collections.Generic.List`1[[<>f__AnonymousType17`7[[System.Int32, System.Private.CoreLib, Version=9.0.0.0, Culture=neutral, PublicKeyToken=7cec85d7bea7798e],[System.String, System.Private.CoreLib, Version=9.0.0.0, Culture=neutral, PublicKeyToken=7cec85d7bea7798e],[System.String, System.Private.CoreLib, Version=9.0.0.0, Culture=neutral, PublicKeyToken=7cec85d7bea7798e],[System.String, System.Private.CoreLib, Version=9.0.0.0, Culture=neutral, PublicKeyToken=7cec85d7bea7798e],[System.String, System.Private.CoreLib, Version=9.0.0.0, Culture=neutral, PublicKeyToken=7cec85d7bea7798e],[System.Boolean, System.Private.CoreLib, Version=9.0.0.0, Culture=neutral, PublicKeyToken=7cec85d7bea7798e],[System.DateTime, System.Private.CoreLib, Version=9.0.0.0, Culture=neutral, PublicKeyToken=7cec85d7bea7798e]], Portfolio Management System, Version=1.0.0.0, Culture=neutral, PublicKeyToken=null]]'.
2026-06-29 22:44:14.257 +05:30 [INF] Executed action Portfolio_Management_System.Controllers.AdminController.GetRecentMessages (Portfolio Management System) in 171.5602ms
2026-06-29 22:44:14.257 +05:30 [INF] Executed endpoint 'Portfolio_Management_System.Controllers.AdminController.GetRecentMessages (Portfolio Management System)'
2026-06-29 22:44:14.258 +05:30 [INF] HTTP GET /Admin/GetRecentMessages responded 200 in 172.9875 ms
2026-06-29 22:44:14.258 +05:30 [INF] Request finished HTTP/2 GET https://localhost:44341/Admin/GetRecentMessages - 200 null application/json; charset=utf-8 173.8706ms
2026-06-29 22:44:14.267 +05:30 [INF] Executing JsonResult, writing value of type 'System.Int32'.
2026-06-29 22:44:14.267 +05:30 [INF] Executed action Portfolio_Management_System.Controllers.AdminController.GetUnreadMessagesCount (Portfolio Management System) in 170.1001ms
2026-06-29 22:44:14.267 +05:30 [INF] Executed endpoint 'Portfolio_Management_System.Controllers.AdminController.GetUnreadMessagesCount (Portfolio Management System)'
2026-06-29 22:44:14.267 +05:30 [INF] HTTP GET /Admin/GetUnreadMessagesCount responded 200 in 181.2584 ms
2026-06-29 22:44:14.267 +05:30 [INF] Request finished HTTP/2 GET https://localhost:44341/Admin/GetUnreadMessagesCount - 200 null application/json; charset=utf-8 182.1465ms
2026-06-29 22:44:22.503 +05:30 [INF] Request starting HTTP/2 GET https://localhost:44341/css/admin.css?v=639183679637181091&__browserLink_refresh=e905d9a359304740b8f8937c757320e8 - null null
2026-06-29 22:44:22.653 +05:30 [INF] Sending file. Request path: '/css/admin.css'. Physical path: 'C:\Users\ak731\Desktop\DSA\Portfolio Management System\wwwroot\css\admin.css'
2026-06-29 22:44:22.653 +05:30 [INF] HTTP GET /css/admin.css responded 200 in 142.1938 ms
2026-06-29 22:44:22.654 +05:30 [INF] Request finished HTTP/2 GET https://localhost:44341/css/admin.css?v=639183679637181091&__browserLink_refresh=e905d9a359304740b8f8937c757320e8 - 200 19965 text/css 151.1582ms
2026-06-29 22:44:44.086 +05:30 [INF] Request starting HTTP/2 GET https://localhost:44341/Admin/GetUnreadMessagesCount - null null
2026-06-29 22:44:44.086 +05:30 [INF] Request starting HTTP/2 GET https://localhost:44341/Admin/GetRecentMessages - null null
2026-06-29 22:44:44.087 +05:30 [INF] Executing endpoint 'Portfolio_Management_System.Controllers.AdminController.GetRecentMessages (Portfolio Management System)'
2026-06-29 22:44:44.087 +05:30 [INF] Executing endpoint 'Portfolio_Management_System.Controllers.AdminController.GetUnreadMessagesCount (Portfolio Management System)'
2026-06-29 22:44:44.087 +05:30 [INF] Route matched with {action = "GetRecentMessages", controller = "Admin"}. Executing controller action with signature System.Threading.Tasks.Task`1[Microsoft.AspNetCore.Mvc.IActionResult] GetRecentMessages() on controller Portfolio_Management_System.Controllers.AdminController (Portfolio Management System).
2026-06-29 22:44:44.087 +05:30 [INF] Route matched with {action = "GetUnreadMessagesCount", controller = "Admin"}. Executing controller action with signature System.Threading.Tasks.Task`1[Microsoft.AspNetCore.Mvc.IActionResult] GetUnreadMessagesCount() on controller Portfolio_Management_System.Controllers.AdminController (Portfolio Management System).
2026-06-29 22:44:44.257 +05:30 [INF] Executing JsonResult, writing value of type 'System.Collections.Generic.List`1[[<>f__AnonymousType17`7[[System.Int32, System.Private.CoreLib, Version=9.0.0.0, Culture=neutral, PublicKeyToken=7cec85d7bea7798e],[System.String, System.Private.CoreLib, Version=9.0.0.0, Culture=neutral, PublicKeyToken=7cec85d7bea7798e],[System.String, System.Private.CoreLib, Version=9.0.0.0, Culture=neutral, PublicKeyToken=7cec85d7bea7798e],[System.String, System.Private.CoreLib, Version=9.0.0.0, Culture=neutral, PublicKeyToken=7cec85d7bea7798e],[System.String, System.Private.CoreLib, Version=9.0.0.0, Culture=neutral, PublicKeyToken=7cec85d7bea7798e],[System.Boolean, System.Private.CoreLib, Version=9.0.0.0, Culture=neutral, PublicKeyToken=7cec85d7bea7798e],[System.DateTime, System.Private.CoreLib, Version=9.0.0.0, Culture=neutral, PublicKeyToken=7cec85d7bea7798e]], Portfolio Management System, Version=1.0.0.0, Culture=neutral, PublicKeyToken=null]]'.
2026-06-29 22:44:44.258 +05:30 [INF] Executed action Portfolio_Management_System.Controllers.AdminController.GetRecentMessages (Portfolio Management System) in 170.3034ms
2026-06-29 22:44:44.258 +05:30 [INF] Executed endpoint 'Portfolio_Management_System.Controllers.AdminController.GetRecentMessages (Portfolio Management System)'
2026-06-29 22:44:44.258 +05:30 [INF] HTTP GET /Admin/GetRecentMessages responded 200 in 171.4788 ms
2026-06-29 22:44:44.258 +05:30 [INF] Request finished HTTP/2 GET https://localhost:44341/Admin/GetRecentMessages - 200 null application/json; charset=utf-8 171.8726ms
2026-06-29 22:44:44.261 +05:30 [INF] Executing JsonResult, writing value of type 'System.Int32'.
2026-06-29 22:44:44.262 +05:30 [INF] Executed action Portfolio_Management_System.Controllers.AdminController.GetUnreadMessagesCount (Portfolio Management System) in 174.9384ms
2026-06-29 22:44:44.263 +05:30 [INF] Executed endpoint 'Portfolio_Management_System.Controllers.AdminController.GetUnreadMessagesCount (Portfolio Management System)'
2026-06-29 22:44:44.263 +05:30 [INF] HTTP GET /Admin/GetUnreadMessagesCount responded 200 in 176.6719 ms
2026-06-29 22:44:44.265 +05:30 [INF] Request finished HTTP/2 GET https://localhost:44341/Admin/GetUnreadMessagesCount - 200 null application/json; charset=utf-8 177.4513ms
2026-06-29 22:45:14.128 +05:30 [INF] Request starting HTTP/2 GET https://localhost:44341/Admin/GetUnreadMessagesCount - null null
2026-06-29 22:45:14.128 +05:30 [INF] Executing endpoint 'Portfolio_Management_System.Controllers.AdminController.GetUnreadMessagesCount (Portfolio Management System)'
2026-06-29 22:45:14.129 +05:30 [INF] Route matched with {action = "GetUnreadMessagesCount", controller = "Admin"}. Executing controller action with signature System.Threading.Tasks.Task`1[Microsoft.AspNetCore.Mvc.IActionResult] GetUnreadMessagesCount() on controller Portfolio_Management_System.Controllers.AdminController (Portfolio Management System).
2026-06-29 22:45:14.133 +05:30 [INF] Request starting HTTP/2 GET https://localhost:44341/Admin/GetRecentMessages - null null
2026-06-29 22:45:14.134 +05:30 [INF] Executing endpoint 'Portfolio_Management_System.Controllers.AdminController.GetRecentMessages (Portfolio Management System)'
2026-06-29 22:45:14.134 +05:30 [INF] Route matched with {action = "GetRecentMessages", controller = "Admin"}. Executing controller action with signature System.Threading.Tasks.Task`1[Microsoft.AspNetCore.Mvc.IActionResult] GetRecentMessages() on controller Portfolio_Management_System.Controllers.AdminController (Portfolio Management System).
2026-06-29 22:45:14.304 +05:30 [INF] Executing JsonResult, writing value of type 'System.Int32'.
2026-06-29 22:45:14.305 +05:30 [INF] Executed action Portfolio_Management_System.Controllers.AdminController.GetUnreadMessagesCount (Portfolio Management System) in 176.2356ms
2026-06-29 22:45:14.305 +05:30 [INF] Executed endpoint 'Portfolio_Management_System.Controllers.AdminController.GetUnreadMessagesCount (Portfolio Management System)'
2026-06-29 22:45:14.305 +05:30 [INF] HTTP GET /Admin/GetUnreadMessagesCount responded 200 in 176.8631 ms
2026-06-29 22:45:14.305 +05:30 [INF] Request finished HTTP/2 GET https://localhost:44341/Admin/GetUnreadMessagesCount - 200 null application/json; charset=utf-8 177.2788ms
2026-06-29 22:45:14.306 +05:30 [INF] Executing JsonResult, writing value of type 'System.Collections.Generic.List`1[[<>f__AnonymousType17`7[[System.Int32, System.Private.CoreLib, Version=9.0.0.0, Culture=neutral, PublicKeyToken=7cec85d7bea7798e],[System.String, System.Private.CoreLib, Version=9.0.0.0, Culture=neutral, PublicKeyToken=7cec85d7bea7798e],[System.String, System.Private.CoreLib, Version=9.0.0.0, Culture=neutral, PublicKeyToken=7cec85d7bea7798e],[System.String, System.Private.CoreLib, Version=9.0.0.0, Culture=neutral, PublicKeyToken=7cec85d7bea7798e],[System.String, System.Private.CoreLib, Version=9.0.0.0, Culture=neutral, PublicKeyToken=7cec85d7bea7798e],[System.Boolean, System.Private.CoreLib, Version=9.0.0.0, Culture=neutral, PublicKeyToken=7cec85d7bea7798e],[System.DateTime, System.Private.CoreLib, Version=9.0.0.0, Culture=neutral, PublicKeyToken=7cec85d7bea7798e]], Portfolio Management System, Version=1.0.0.0, Culture=neutral, PublicKeyToken=null]]'.
2026-06-29 22:45:14.306 +05:30 [INF] Executed action Portfolio_Management_System.Controllers.AdminController.GetRecentMessages (Portfolio Management System) in 172.0392ms
2026-06-29 22:45:14.307 +05:30 [INF] Executed endpoint 'Portfolio_Management_System.Controllers.AdminController.GetRecentMessages (Portfolio Management System)'
2026-06-29 22:45:14.307 +05:30 [INF] HTTP GET /Admin/GetRecentMessages responded 200 in 172.6114 ms
2026-06-29 22:45:14.307 +05:30 [INF] Request finished HTTP/2 GET https://localhost:44341/Admin/GetRecentMessages - 200 null application/json; charset=utf-8 173.7214ms
2026-06-29 22:45:44.098 +05:30 [INF] Request starting HTTP/2 GET https://localhost:44341/Admin/GetUnreadMessagesCount - null null
2026-06-29 22:45:44.099 +05:30 [INF] Executing endpoint 'Portfolio_Management_System.Controllers.AdminController.GetUnreadMessagesCount (Portfolio Management System)'
2026-06-29 22:45:44.099 +05:30 [INF] Route matched with {action = "GetUnreadMessagesCount", controller = "Admin"}. Executing controller action with signature System.Threading.Tasks.Task`1[Microsoft.AspNetCore.Mvc.IActionResult] GetUnreadMessagesCount() on controller Portfolio_Management_System.Controllers.AdminController (Portfolio Management System).
2026-06-29 22:45:44.100 +05:30 [INF] Request starting HTTP/2 GET https://localhost:44341/Admin/GetRecentMessages - null null
2026-06-29 22:45:44.101 +05:30 [INF] Executing endpoint 'Portfolio_Management_System.Controllers.AdminController.GetRecentMessages (Portfolio Management System)'
2026-06-29 22:45:44.101 +05:30 [INF] Route matched with {action = "GetRecentMessages", controller = "Admin"}. Executing controller action with signature System.Threading.Tasks.Task`1[Microsoft.AspNetCore.Mvc.IActionResult] GetRecentMessages() on controller Portfolio_Management_System.Controllers.AdminController (Portfolio Management System).
2026-06-29 22:45:44.270 +05:30 [INF] Executing JsonResult, writing value of type 'System.Int32'.
2026-06-29 22:45:44.270 +05:30 [INF] Executed action Portfolio_Management_System.Controllers.AdminController.GetUnreadMessagesCount (Portfolio Management System) in 171.3791ms
2026-06-29 22:45:44.271 +05:30 [INF] Executed endpoint 'Portfolio_Management_System.Controllers.AdminController.GetUnreadMessagesCount (Portfolio Management System)'
2026-06-29 22:45:44.271 +05:30 [INF] HTTP GET /Admin/GetUnreadMessagesCount responded 200 in 172.2999 ms
2026-06-29 22:45:44.271 +05:30 [INF] Request finished HTTP/2 GET https://localhost:44341/Admin/GetUnreadMessagesCount - 200 null application/json; charset=utf-8 173.3465ms
2026-06-29 22:45:44.272 +05:30 [INF] Executing JsonResult, writing value of type 'System.Collections.Generic.List`1[[<>f__AnonymousType17`7[[System.Int32, System.Private.CoreLib, Version=9.0.0.0, Culture=neutral, PublicKeyToken=7cec85d7bea7798e],[System.String, System.Private.CoreLib, Version=9.0.0.0, Culture=neutral, PublicKeyToken=7cec85d7bea7798e],[System.String, System.Private.CoreLib, Version=9.0.0.0, Culture=neutral, PublicKeyToken=7cec85d7bea7798e],[System.String, System.Private.CoreLib, Version=9.0.0.0, Culture=neutral, PublicKeyToken=7cec85d7bea7798e],[System.String, System.Private.CoreLib, Version=9.0.0.0, Culture=neutral, PublicKeyToken=7cec85d7bea7798e],[System.Boolean, System.Private.CoreLib, Version=9.0.0.0, Culture=neutral, PublicKeyToken=7cec85d7bea7798e],[System.DateTime, System.Private.CoreLib, Version=9.0.0.0, Culture=neutral, PublicKeyToken=7cec85d7bea7798e]], Portfolio Management System, Version=1.0.0.0, Culture=neutral, PublicKeyToken=null]]'.
2026-06-29 22:45:44.272 +05:30 [INF] Executed action Portfolio_Management_System.Controllers.AdminController.GetRecentMessages (Portfolio Management System) in 170.6771ms
2026-06-29 22:45:44.272 +05:30 [INF] Executed endpoint 'Portfolio_Management_System.Controllers.AdminController.GetRecentMessages (Portfolio Management System)'
2026-06-29 22:45:44.272 +05:30 [INF] HTTP GET /Admin/GetRecentMessages responded 200 in 171.1895 ms
2026-06-29 22:45:44.272 +05:30 [INF] Request finished HTTP/2 GET https://localhost:44341/Admin/GetRecentMessages - 200 null application/json; charset=utf-8 172.5264ms
2026-06-29 22:46:14.080 +05:30 [INF] Request starting HTTP/2 GET https://localhost:44341/Admin/GetUnreadMessagesCount - null null
2026-06-29 22:46:14.081 +05:30 [INF] Executing endpoint 'Portfolio_Management_System.Controllers.AdminController.GetUnreadMessagesCount (Portfolio Management System)'
2026-06-29 22:46:14.081 +05:30 [INF] Route matched with {action = "GetUnreadMessagesCount", controller = "Admin"}. Executing controller action with signature System.Threading.Tasks.Task`1[Microsoft.AspNetCore.Mvc.IActionResult] GetUnreadMessagesCount() on controller Portfolio_Management_System.Controllers.AdminController (Portfolio Management System).
2026-06-29 22:46:14.082 +05:30 [INF] Request starting HTTP/2 GET https://localhost:44341/Admin/GetRecentMessages - null null
2026-06-29 22:46:14.082 +05:30 [INF] Executing endpoint 'Portfolio_Management_System.Controllers.AdminController.GetRecentMessages (Portfolio Management System)'
2026-06-29 22:46:14.083 +05:30 [INF] Route matched with {action = "GetRecentMessages", controller = "Admin"}. Executing controller action with signature System.Threading.Tasks.Task`1[Microsoft.AspNetCore.Mvc.IActionResult] GetRecentMessages() on controller Portfolio_Management_System.Controllers.AdminController (Portfolio Management System).
2026-06-29 22:46:14.250 +05:30 [INF] Executing JsonResult, writing value of type 'System.Int32'.
2026-06-29 22:46:14.258 +05:30 [INF] Executed action Portfolio_Management_System.Controllers.AdminController.GetUnreadMessagesCount (Portfolio Management System) in 176.4095ms
2026-06-29 22:46:14.260 +05:30 [INF] Executed endpoint 'Portfolio_Management_System.Controllers.AdminController.GetUnreadMessagesCount (Portfolio Management System)'
2026-06-29 22:46:14.260 +05:30 [INF] HTTP GET /Admin/GetUnreadMessagesCount responded 200 in 180.1422 ms
2026-06-29 22:46:14.260 +05:30 [INF] Executing JsonResult, writing value of type 'System.Collections.Generic.List`1[[<>f__AnonymousType17`7[[System.Int32, System.Private.CoreLib, Version=9.0.0.0, Culture=neutral, PublicKeyToken=7cec85d7bea7798e],[System.String, System.Private.CoreLib, Version=9.0.0.0, Culture=neutral, PublicKeyToken=7cec85d7bea7798e],[System.String, System.Private.CoreLib, Version=9.0.0.0, Culture=neutral, PublicKeyToken=7cec85d7bea7798e],[System.String, System.Private.CoreLib, Version=9.0.0.0, Culture=neutral, PublicKeyToken=7cec85d7bea7798e],[System.String, System.Private.CoreLib, Version=9.0.0.0, Culture=neutral, PublicKeyToken=7cec85d7bea7798e],[System.Boolean, System.Private.CoreLib, Version=9.0.0.0, Culture=neutral, PublicKeyToken=7cec85d7bea7798e],[System.DateTime, System.Private.CoreLib, Version=9.0.0.0, Culture=neutral, PublicKeyToken=7cec85d7bea7798e]], Portfolio Management System, Version=1.0.0.0, Culture=neutral, PublicKeyToken=null]]'.
2026-06-29 22:46:14.260 +05:30 [INF] Request finished HTTP/2 GET https://localhost:44341/Admin/GetUnreadMessagesCount - 200 null application/json; charset=utf-8 180.6553ms
2026-06-29 22:46:14.268 +05:30 [INF] Executed action Portfolio_Management_System.Controllers.AdminController.GetRecentMessages (Portfolio Management System) in 185.0138ms
2026-06-29 22:46:14.268 +05:30 [INF] Executed endpoint 'Portfolio_Management_System.Controllers.AdminController.GetRecentMessages (Portfolio Management System)'
2026-06-29 22:46:14.268 +05:30 [INF] HTTP GET /Admin/GetRecentMessages responded 200 in 185.8142 ms
2026-06-29 22:46:14.268 +05:30 [INF] Request finished HTTP/2 GET https://localhost:44341/Admin/GetRecentMessages - 200 null application/json; charset=utf-8 186.1399ms
2026-06-29 22:46:44.115 +05:30 [INF] Request starting HTTP/2 GET https://localhost:44341/Admin/GetUnreadMessagesCount - null null
2026-06-29 22:46:44.116 +05:30 [INF] Executing endpoint 'Portfolio_Management_System.Controllers.AdminController.GetUnreadMessagesCount (Portfolio Management System)'
2026-06-29 22:46:44.116 +05:30 [INF] Route matched with {action = "GetUnreadMessagesCount", controller = "Admin"}. Executing controller action with signature System.Threading.Tasks.Task`1[Microsoft.AspNetCore.Mvc.IActionResult] GetUnreadMessagesCount() on controller Portfolio_Management_System.Controllers.AdminController (Portfolio Management System).
2026-06-29 22:46:44.117 +05:30 [INF] Request starting HTTP/2 GET https://localhost:44341/Admin/GetRecentMessages - null null
2026-06-29 22:46:44.118 +05:30 [INF] Executing endpoint 'Portfolio_Management_System.Controllers.AdminController.GetRecentMessages (Portfolio Management System)'
2026-06-29 22:46:44.119 +05:30 [INF] Route matched with {action = "GetRecentMessages", controller = "Admin"}. Executing controller action with signature System.Threading.Tasks.Task`1[Microsoft.AspNetCore.Mvc.IActionResult] GetRecentMessages() on controller Portfolio_Management_System.Controllers.AdminController (Portfolio Management System).
2026-06-29 22:46:44.325 +05:30 [INF] Executing JsonResult, writing value of type 'System.Collections.Generic.List`1[[<>f__AnonymousType17`7[[System.Int32, System.Private.CoreLib, Version=9.0.0.0, Culture=neutral, PublicKeyToken=7cec85d7bea7798e],[System.String, System.Private.CoreLib, Version=9.0.0.0, Culture=neutral, PublicKeyToken=7cec85d7bea7798e],[System.String, System.Private.CoreLib, Version=9.0.0.0, Culture=neutral, PublicKeyToken=7cec85d7bea7798e],[System.String, System.Private.CoreLib, Version=9.0.0.0, Culture=neutral, PublicKeyToken=7cec85d7bea7798e],[System.String, System.Private.CoreLib, Version=9.0.0.0, Culture=neutral, PublicKeyToken=7cec85d7bea7798e],[System.Boolean, System.Private.CoreLib, Version=9.0.0.0, Culture=neutral, PublicKeyToken=7cec85d7bea7798e],[System.DateTime, System.Private.CoreLib, Version=9.0.0.0, Culture=neutral, PublicKeyToken=7cec85d7bea7798e]], Portfolio Management System, Version=1.0.0.0, Culture=neutral, PublicKeyToken=null]]'.
2026-06-29 22:46:44.325 +05:30 [INF] Executed action Portfolio_Management_System.Controllers.AdminController.GetRecentMessages (Portfolio Management System) in 206.5939ms
2026-06-29 22:46:44.325 +05:30 [INF] Executed endpoint 'Portfolio_Management_System.Controllers.AdminController.GetRecentMessages (Portfolio Management System)'
2026-06-29 22:46:44.326 +05:30 [INF] HTTP GET /Admin/GetRecentMessages responded 200 in 208.5180 ms
2026-06-29 22:46:44.326 +05:30 [INF] Request finished HTTP/2 GET https://localhost:44341/Admin/GetRecentMessages - 200 null application/json; charset=utf-8 210.6927ms
2026-06-29 22:46:44.326 +05:30 [INF] Executing JsonResult, writing value of type 'System.Int32'.
2026-06-29 22:46:44.327 +05:30 [INF] Executed action Portfolio_Management_System.Controllers.AdminController.GetUnreadMessagesCount (Portfolio Management System) in 210.5765ms
2026-06-29 22:46:44.327 +05:30 [INF] Executed endpoint 'Portfolio_Management_System.Controllers.AdminController.GetUnreadMessagesCount (Portfolio Management System)'
2026-06-29 22:46:44.327 +05:30 [INF] HTTP GET /Admin/GetUnreadMessagesCount responded 200 in 211.2176 ms
2026-06-29 22:46:44.327 +05:30 [INF] Request finished HTTP/2 GET https://localhost:44341/Admin/GetUnreadMessagesCount - 200 null application/json; charset=utf-8 212.1238ms
2026-06-29 22:47:14.121 +05:30 [INF] Request starting HTTP/2 GET https://localhost:44341/Admin/GetRecentMessages - null null
2026-06-29 22:47:14.141 +05:30 [INF] Request starting HTTP/2 GET https://localhost:44341/Admin/GetUnreadMessagesCount - null null
2026-06-29 22:47:14.153 +05:30 [INF] Executing endpoint 'Portfolio_Management_System.Controllers.AdminController.GetRecentMessages (Portfolio Management System)'
2026-06-29 22:47:14.154 +05:30 [INF] Route matched with {action = "GetRecentMessages", controller = "Admin"}. Executing controller action with signature System.Threading.Tasks.Task`1[Microsoft.AspNetCore.Mvc.IActionResult] GetRecentMessages() on controller Portfolio_Management_System.Controllers.AdminController (Portfolio Management System).
2026-06-29 22:47:14.167 +05:30 [INF] Executing endpoint 'Portfolio_Management_System.Controllers.AdminController.GetUnreadMessagesCount (Portfolio Management System)'
2026-06-29 22:47:14.167 +05:30 [INF] Route matched with {action = "GetUnreadMessagesCount", controller = "Admin"}. Executing controller action with signature System.Threading.Tasks.Task`1[Microsoft.AspNetCore.Mvc.IActionResult] GetUnreadMessagesCount() on controller Portfolio_Management_System.Controllers.AdminController (Portfolio Management System).
2026-06-29 22:47:14.398 +05:30 [INF] Executing JsonResult, writing value of type 'System.Int32'.
2026-06-29 22:47:14.398 +05:30 [INF] Executing JsonResult, writing value of type 'System.Collections.Generic.List`1[[<>f__AnonymousType17`7[[System.Int32, System.Private.CoreLib, Version=9.0.0.0, Culture=neutral, PublicKeyToken=7cec85d7bea7798e],[System.String, System.Private.CoreLib, Version=9.0.0.0, Culture=neutral, PublicKeyToken=7cec85d7bea7798e],[System.String, System.Private.CoreLib, Version=9.0.0.0, Culture=neutral, PublicKeyToken=7cec85d7bea7798e],[System.String, System.Private.CoreLib, Version=9.0.0.0, Culture=neutral, PublicKeyToken=7cec85d7bea7798e],[System.String, System.Private.CoreLib, Version=9.0.0.0, Culture=neutral, PublicKeyToken=7cec85d7bea7798e],[System.Boolean, System.Private.CoreLib, Version=9.0.0.0, Culture=neutral, PublicKeyToken=7cec85d7bea7798e],[System.DateTime, System.Private.CoreLib, Version=9.0.0.0, Culture=neutral, PublicKeyToken=7cec85d7bea7798e]], Portfolio Management System, Version=1.0.0.0, Culture=neutral, PublicKeyToken=null]]'.
2026-06-29 22:47:14.398 +05:30 [INF] Executed action Portfolio_Management_System.Controllers.AdminController.GetUnreadMessagesCount (Portfolio Management System) in 230.8982ms
2026-06-29 22:47:14.398 +05:30 [INF] Executed endpoint 'Portfolio_Management_System.Controllers.AdminController.GetUnreadMessagesCount (Portfolio Management System)'
2026-06-29 22:47:14.399 +05:30 [INF] HTTP GET /Admin/GetUnreadMessagesCount responded 200 in 257.4859 ms
2026-06-29 22:47:14.399 +05:30 [INF] Executed action Portfolio_Management_System.Controllers.AdminController.GetRecentMessages (Portfolio Management System) in 245.0087ms
2026-06-29 22:47:14.399 +05:30 [INF] Executed endpoint 'Portfolio_Management_System.Controllers.AdminController.GetRecentMessages (Portfolio Management System)'
2026-06-29 22:47:14.399 +05:30 [INF] Request finished HTTP/2 GET https://localhost:44341/Admin/GetUnreadMessagesCount - 200 null application/json; charset=utf-8 257.8586ms
2026-06-29 22:47:14.399 +05:30 [INF] HTTP GET /Admin/GetRecentMessages responded 200 in 277.8504 ms
2026-06-29 22:47:14.399 +05:30 [INF] Request finished HTTP/2 GET https://localhost:44341/Admin/GetRecentMessages - 200 null application/json; charset=utf-8 280.8989ms
2026-06-29 22:47:44.144 +05:30 [INF] Request starting HTTP/2 GET https://localhost:44341/Admin/GetRecentMessages - null null
2026-06-29 22:47:44.153 +05:30 [INF] Executing endpoint 'Portfolio_Management_System.Controllers.AdminController.GetRecentMessages (Portfolio Management System)'
2026-06-29 22:47:44.153 +05:30 [INF] Route matched with {action = "GetRecentMessages", controller = "Admin"}. Executing controller action with signature System.Threading.Tasks.Task`1[Microsoft.AspNetCore.Mvc.IActionResult] GetRecentMessages() on controller Portfolio_Management_System.Controllers.AdminController (Portfolio Management System).
2026-06-29 22:47:44.308 +05:30 [INF] Request starting HTTP/2 GET https://localhost:44341/Admin/GetUnreadMessagesCount - null null
2026-06-29 22:47:44.318 +05:30 [INF] Executing endpoint 'Portfolio_Management_System.Controllers.AdminController.GetUnreadMessagesCount (Portfolio Management System)'
2026-06-29 22:47:44.318 +05:30 [INF] Route matched with {action = "GetUnreadMessagesCount", controller = "Admin"}. Executing controller action with signature System.Threading.Tasks.Task`1[Microsoft.AspNetCore.Mvc.IActionResult] GetUnreadMessagesCount() on controller Portfolio_Management_System.Controllers.AdminController (Portfolio Management System).
2026-06-29 22:47:44.340 +05:30 [INF] Executing JsonResult, writing value of type 'System.Collections.Generic.List`1[[<>f__AnonymousType17`7[[System.Int32, System.Private.CoreLib, Version=9.0.0.0, Culture=neutral, PublicKeyToken=7cec85d7bea7798e],[System.String, System.Private.CoreLib, Version=9.0.0.0, Culture=neutral, PublicKeyToken=7cec85d7bea7798e],[System.String, System.Private.CoreLib, Version=9.0.0.0, Culture=neutral, PublicKeyToken=7cec85d7bea7798e],[System.String, System.Private.CoreLib, Version=9.0.0.0, Culture=neutral, PublicKeyToken=7cec85d7bea7798e],[System.String, System.Private.CoreLib, Version=9.0.0.0, Culture=neutral, PublicKeyToken=7cec85d7bea7798e],[System.Boolean, System.Private.CoreLib, Version=9.0.0.0, Culture=neutral, PublicKeyToken=7cec85d7bea7798e],[System.DateTime, System.Private.CoreLib, Version=9.0.0.0, Culture=neutral, PublicKeyToken=7cec85d7bea7798e]], Portfolio Management System, Version=1.0.0.0, Culture=neutral, PublicKeyToken=null]]'.
2026-06-29 22:47:44.342 +05:30 [INF] Executed action Portfolio_Management_System.Controllers.AdminController.GetRecentMessages (Portfolio Management System) in 188.6428ms
2026-06-29 22:47:44.343 +05:30 [INF] Executed endpoint 'Portfolio_Management_System.Controllers.AdminController.GetRecentMessages (Portfolio Management System)'
2026-06-29 22:47:44.343 +05:30 [INF] HTTP GET /Admin/GetRecentMessages responded 200 in 197.7155 ms
2026-06-29 22:47:44.343 +05:30 [INF] Request finished HTTP/2 GET https://localhost:44341/Admin/GetRecentMessages - 200 null application/json; charset=utf-8 201.7844ms
2026-06-29 22:47:44.490 +05:30 [INF] Executing JsonResult, writing value of type 'System.Int32'.
2026-06-29 22:47:44.491 +05:30 [INF] Executed action Portfolio_Management_System.Controllers.AdminController.GetUnreadMessagesCount (Portfolio Management System) in 173.2305ms
2026-06-29 22:47:44.491 +05:30 [INF] Executed endpoint 'Portfolio_Management_System.Controllers.AdminController.GetUnreadMessagesCount (Portfolio Management System)'
2026-06-29 22:47:44.492 +05:30 [INF] HTTP GET /Admin/GetUnreadMessagesCount responded 200 in 176.9299 ms
2026-06-29 22:47:44.492 +05:30 [INF] Request finished HTTP/2 GET https://localhost:44341/Admin/GetUnreadMessagesCount - 200 null application/json; charset=utf-8 184.8559ms
2026-06-29 22:52:49.654 +05:30 [WRN] JWT SecretKey missing in configuration. JWT Auth not configured.
2026-06-29 22:52:56.167 +05:30 [INF] Executed DbCommand (174ms) [Parameters=[], CommandType='"Text"', CommandTimeout='30']
SELECT 1
2026-06-29 22:52:56.189 +05:30 [INF] Acquiring an exclusive lock for migration application. See https://aka.ms/efcore-docs-migrations-lock for more information if this takes too long.
2026-06-29 22:52:56.372 +05:30 [INF] Executed DbCommand (171ms) [Parameters=[], CommandType='"Text"', CommandTimeout='30']
DECLARE @result int;
EXEC @result = sp_getapplock @Resource = '__EFMigrationsLock', @LockOwner = 'Session', @LockMode = 'Exclusive';
SELECT @result
2026-06-29 22:52:56.951 +05:30 [INF] Executed DbCommand (170ms) [Parameters=[], CommandType='"Text"', CommandTimeout='30']
IF OBJECT_ID(N'[__EFMigrationsHistory]') IS NULL
BEGIN
    CREATE TABLE [__EFMigrationsHistory] (
        [MigrationId] nvarchar(150) NOT NULL,
        [ProductVersion] nvarchar(32) NOT NULL,
        CONSTRAINT [PK___EFMigrationsHistory] PRIMARY KEY ([MigrationId])
    );
END;
2026-06-29 22:52:57.548 +05:30 [INF] Executed DbCommand (174ms) [Parameters=[], CommandType='"Text"', CommandTimeout='30']
SELECT 1
2026-06-29 22:52:57.721 +05:30 [INF] Executed DbCommand (172ms) [Parameters=[], CommandType='"Text"', CommandTimeout='30']
SELECT OBJECT_ID(N'[__EFMigrationsHistory]');
2026-06-29 22:52:57.904 +05:30 [INF] Executed DbCommand (178ms) [Parameters=[], CommandType='"Text"', CommandTimeout='30']
SELECT [MigrationId], [ProductVersion]
FROM [__EFMigrationsHistory]
ORDER BY [MigrationId];
2026-06-29 22:52:57.922 +05:30 [INF] No migrations were applied. The database is already up to date.
2026-06-29 22:52:58.270 +05:30 [INF] Executed DbCommand (176ms) [Parameters=[], CommandType='"Text"', CommandTimeout='30']
DECLARE @result int;
EXEC @result = sp_releaseapplock @Resource = '__EFMigrationsLock', @LockOwner = 'Session';
SELECT @result
2026-06-29 22:52:58.974 +05:30 [INF] Started Python AI Server automatically in a new window.
2026-06-29 22:52:58.986 +05:30 [INF] Unified API starting on Development
2026-06-29 22:52:59.126 +05:30 [INF] User profile is available. Using 'C:\Users\ak731\AppData\Local\ASP.NET\DataProtection-Keys' as key repository and Windows DPAPI to encrypt keys at rest.
2026-06-29 22:52:59.223 +05:30 [INF] Daily YouTube Video Generator & Uploader Service started.
2026-06-29 22:52:59.223 +05:30 [INF] Gallery Auto-Uploader Background Service started.
2026-06-29 22:52:59.229 +05:30 [INF] Starting daily video generation...
2026-06-29 22:52:59.416 +05:30 [ERR] Error while executing FFmpeg video creation.
System.IO.IOException: The process cannot access the file 'C:\Users\ak731\Desktop\DSA\Portfolio Management System\wwwroot\uploads\generated_video.mp4' because it is being used by another process.
   at System.IO.FileSystem.DeleteFile(String fullPath)
   at Portfolio_Management_System.Services.DailyYoutubeUploaderService.GenerateVideoFileAsync(String topic, String outputPath) in C:\Users\ak731\Desktop\DSA\Portfolio Management System\Services\DailyYoutubeUploaderService.cs:line 117
2026-06-29 22:52:59.655 +05:30 [ERR] Failed to generate video file. Skipping upload.
2026-06-29 22:52:59.665 +05:30 [INF] Start processing HTTP request GET https://www.youtube.com/@CodeCrafters42
2026-06-29 22:52:59.718 +05:30 [INF] Sending HTTP request GET https://www.youtube.com/@CodeCrafters42
2026-06-29 22:52:59.765 +05:30 [INF] AutoTube Video Automation Background Scheduler started. Scheduled for 9:00 AM daily.
2026-06-29 22:52:59.766 +05:30 [INF] Next video generation cycle scheduled at "2026-06-30T09:00:00.0000000" (in 10.12 hours).
2026-06-29 22:53:01.103 +05:30 [INF] Request starting HTTP/2 GET https://localhost:44341/ - null null
2026-06-29 22:53:01.629 +05:30 [INF] Received HTTP response headers after 1893.0724ms - 404
2026-06-29 22:53:01.657 +05:30 [INF] End processing HTTP request after 2116.4827ms - 404
2026-06-29 22:53:01.857 +05:30 [INF] Executing endpoint 'Portfolio_Management_System.Controllers.HomeController.Index (Portfolio Management System)'
2026-06-29 22:53:01.935 +05:30 [INF] Route matched with {action = "Index", controller = "Home"}. Executing controller action with signature System.Threading.Tasks.Task`1[Microsoft.AspNetCore.Mvc.IActionResult] Index() on controller Portfolio_Management_System.Controllers.HomeController (Portfolio Management System).
2026-06-29 22:53:02.424 +05:30 [INF] Application started. Press Ctrl+C to shut down.
2026-06-29 22:53:02.425 +05:30 [INF] Hosting environment: Development
2026-06-29 22:53:02.425 +05:30 [INF] Content root path: C:\Users\ak731\Desktop\DSA\Portfolio Management System
2026-06-29 22:53:04.129 +05:30 [INF] Executing ViewResult, running view Index.
2026-06-29 22:53:04.724 +05:30 [INF] Accessing expired session, Key:7a2f2861-1a3d-135e-359a-d5b3c1a23604
2026-06-29 22:53:04.976 +05:30 [INF] Executed ViewResult - view Index executed in 808.4692ms.
2026-06-29 22:53:05.004 +05:30 [INF] Executed action Portfolio_Management_System.Controllers.HomeController.Index (Portfolio Management System) in 3067.1909ms
2026-06-29 22:53:05.008 +05:30 [INF] Executed endpoint 'Portfolio_Management_System.Controllers.HomeController.Index (Portfolio Management System)'
2026-06-29 22:53:05.033 +05:30 [INF] HTTP GET / responded 200 in 3674.4469 ms
2026-06-29 22:53:05.070 +05:30 [INF] Request finished HTTP/2 GET https://localhost:44341/ - 200 null text/html; charset=utf-8 4051.4038ms
2026-06-29 22:53:08.571 +05:30 [INF] Request starting HTTP/2 GET https://localhost:44341/_vs/browserLink - null null
2026-06-29 22:53:08.572 +05:30 [INF] Request starting HTTP/2 GET https://localhost:44341/_framework/aspnetcore-browser-refresh.js - null null
2026-06-29 22:53:08.601 +05:30 [INF] Request finished HTTP/2 GET https://localhost:44341/_framework/aspnetcore-browser-refresh.js - 200 16539 application/javascript; charset=utf-8 18.3895ms
2026-06-29 22:53:08.903 +05:30 [INF] Request finished HTTP/2 GET https://localhost:44341/_vs/browserLink - 200 null text/javascript; charset=UTF-8 332.2778ms
2026-06-29 22:53:16.248 +05:30 [INF] Request starting HTTP/2 GET https://localhost:44341/Admin/Login - null null
2026-06-29 22:53:16.267 +05:30 [INF] Executing endpoint 'Portfolio_Management_System.Controllers.AdminController.Login (Portfolio Management System)'
2026-06-29 22:53:16.273 +05:30 [INF] Route matched with {action = "Login", controller = "Admin"}. Executing controller action with signature Microsoft.AspNetCore.Mvc.IActionResult Login() on controller Portfolio_Management_System.Controllers.AdminController (Portfolio Management System).
2026-06-29 22:53:16.277 +05:30 [INF] Accessing expired session, Key:7a2f2861-1a3d-135e-359a-d5b3c1a23604
2026-06-29 22:53:16.285 +05:30 [INF] Executing ViewResult, running view Login.
2026-06-29 22:53:16.402 +05:30 [INF] Executed ViewResult - view Login executed in 120.4636ms.
2026-06-29 22:53:16.402 +05:30 [INF] Executed action Portfolio_Management_System.Controllers.AdminController.Login (Portfolio Management System) in 128.237ms
2026-06-29 22:53:16.402 +05:30 [INF] Executed endpoint 'Portfolio_Management_System.Controllers.AdminController.Login (Portfolio Management System)'
2026-06-29 22:53:16.402 +05:30 [INF] HTTP GET /Admin/Login responded 200 in 146.7557 ms
2026-06-29 22:53:16.406 +05:30 [INF] Request finished HTTP/2 GET https://localhost:44341/Admin/Login - 200 null text/html; charset=utf-8 158.1109ms
2026-06-29 22:53:16.492 +05:30 [INF] Request starting HTTP/2 GET https://localhost:44341/css/admin.css?v=639183703963096517 - null null
2026-06-29 22:53:16.494 +05:30 [INF] Request starting HTTP/2 GET https://localhost:44341/_vs/browserLink - null null
2026-06-29 22:53:16.498 +05:30 [INF] Request starting HTTP/2 GET https://localhost:44341/_framework/aspnetcore-browser-refresh.js - null null
2026-06-29 22:53:16.515 +05:30 [INF] Request finished HTTP/2 GET https://localhost:44341/_framework/aspnetcore-browser-refresh.js - 200 16539 application/javascript; charset=utf-8 4.7394ms
2026-06-29 22:53:16.561 +05:30 [INF] Request finished HTTP/2 GET https://localhost:44341/_vs/browserLink - 200 null text/javascript; charset=UTF-8 66.8004ms
2026-06-29 22:53:16.615 +05:30 [INF] Sending file. Request path: '/css/admin.css'. Physical path: 'C:\Users\ak731\Desktop\DSA\Portfolio Management System\wwwroot\css\admin.css'
2026-06-29 22:53:16.615 +05:30 [INF] HTTP GET /css/admin.css responded 200 in 122.5224 ms
2026-06-29 22:53:16.616 +05:30 [INF] Request finished HTTP/2 GET https://localhost:44341/css/admin.css?v=639183703963096517 - 200 19965 text/css 123.4133ms
2026-06-29 22:53:37.157 +05:30 [INF] Request starting HTTP/2 POST https://localhost:44341/Admin/Login - application/x-www-form-urlencoded 217
2026-06-29 22:53:37.250 +05:30 [INF] CORS policy execution successful.
2026-06-29 22:53:37.256 +05:30 [INF] Executing endpoint 'Portfolio_Management_System.Controllers.AdminController.Login (Portfolio Management System)'
2026-06-29 22:53:37.299 +05:30 [INF] Route matched with {action = "Login", controller = "Admin"}. Executing controller action with signature System.Threading.Tasks.Task`1[Microsoft.AspNetCore.Mvc.IActionResult] Login(Portfolio_Management_System.Models.AdminLoginModel) on controller Portfolio_Management_System.Controllers.AdminController (Portfolio Management System).
2026-06-29 22:53:37.619 +05:30 [INF] Accessing expired session, Key:7a2f2861-1a3d-135e-359a-d5b3c1a23604
2026-06-29 22:53:37.626 +05:30 [INF] Executing RedirectResult, redirecting to /Admin/Dashboard.
2026-06-29 22:53:37.627 +05:30 [INF] Executed action Portfolio_Management_System.Controllers.AdminController.Login (Portfolio Management System) in 327.9347ms
2026-06-29 22:53:37.628 +05:30 [INF] Executed endpoint 'Portfolio_Management_System.Controllers.AdminController.Login (Portfolio Management System)'
2026-06-29 22:53:37.640 +05:30 [INF] Session started; Key:7a2f2861-1a3d-135e-359a-d5b3c1a23604, Id:ca41dc34-6f26-47fb-e7ff-2b56baa62ec7
2026-06-29 22:53:37.648 +05:30 [INF] HTTP POST /Admin/Login responded 302 in 433.9711 ms
2026-06-29 22:53:37.659 +05:30 [INF] Request finished HTTP/2 POST https://localhost:44341/Admin/Login - 302 null null 502.6377ms
2026-06-29 22:53:37.670 +05:30 [INF] Request starting HTTP/2 GET https://localhost:44341/Admin/Dashboard - null null
2026-06-29 22:53:37.676 +05:30 [INF] Executing endpoint 'Portfolio_Management_System.Controllers.AdminController.Dashboard (Portfolio Management System)'
2026-06-29 22:53:37.692 +05:30 [INF] Route matched with {action = "Dashboard", controller = "Admin"}. Executing controller action with signature System.Threading.Tasks.Task`1[Microsoft.AspNetCore.Mvc.IActionResult] Dashboard() on controller Portfolio_Management_System.Controllers.AdminController (Portfolio Management System).
2026-06-29 22:53:38.355 +05:30 [ERR] Error getting recent messages
System.InvalidCastException: Unable to cast object of type 'System.Boolean' to type 'System.DateTime'.
   at Microsoft.Data.SqlClient.SqlBuffer.get_DateTime()
   at Microsoft.Data.SqlClient.SqlDataReader.GetDateTime(Int32 i)
   at Portfolio_Management_System.DAL.DbHelper.GetRecentMessagesAsync(Int32 count) in C:\Users\ak731\Desktop\DSA\Portfolio Management System\DAL\DbHelper.cs:line 1441
2026-06-29 22:53:38.805 +05:30 [ERR] Error getting recent visitors
System.InvalidCastException: Unable to cast object of type 'System.DateTime' to type 'System.Int32'.
   at Microsoft.Data.SqlClient.SqlBuffer.get_Int32()
   at Microsoft.Data.SqlClient.SqlDataReader.GetInt32(Int32 i)
   at Portfolio_Management_System.DAL.DbHelper.GetRecentVisitorsAsync(Int32 count) in C:\Users\ak731\Desktop\DSA\Portfolio Management System\DAL\DbHelper.cs:line 1482
2026-06-29 22:53:39.978 +05:30 [INF] Executing ViewResult, running view Dashboard.
2026-06-29 22:53:40.299 +05:30 [INF] Executed ViewResult - view Dashboard executed in 323.5807ms.
2026-06-29 22:53:40.299 +05:30 [INF] Executed action Portfolio_Management_System.Controllers.AdminController.Dashboard (Portfolio Management System) in 2606.7508ms
2026-06-29 22:53:40.301 +05:30 [INF] Executed endpoint 'Portfolio_Management_System.Controllers.AdminController.Dashboard (Portfolio Management System)'
2026-06-29 22:53:40.301 +05:30 [INF] HTTP GET /Admin/Dashboard responded 200 in 2625.2404 ms
2026-06-29 22:53:40.303 +05:30 [INF] Request finished HTTP/2 GET https://localhost:44341/Admin/Dashboard - 200 null text/html; charset=utf-8 2632.9172ms
2026-06-29 22:53:40.370 +05:30 [INF] Request starting HTTP/2 GET https://localhost:44341/_framework/aspnetcore-browser-refresh.js - null null
2026-06-29 22:53:40.371 +05:30 [INF] Request starting HTTP/2 GET https://localhost:44341/css/admin.css?v=639183704202210648 - null null
2026-06-29 22:53:40.386 +05:30 [INF] Request starting HTTP/2 GET https://localhost:44341/_vs/browserLink - null null
2026-06-29 22:53:40.388 +05:30 [INF] Request finished HTTP/2 GET https://localhost:44341/_framework/aspnetcore-browser-refresh.js - 200 16539 application/javascript; charset=utf-8 15.5203ms
2026-06-29 22:53:40.413 +05:30 [INF] Sending file. Request path: '/css/admin.css'. Physical path: 'C:\Users\ak731\Desktop\DSA\Portfolio Management System\wwwroot\css\admin.css'
2026-06-29 22:53:40.413 +05:30 [INF] HTTP GET /css/admin.css responded 200 in 41.0998 ms
2026-06-29 22:53:40.414 +05:30 [INF] Request finished HTTP/2 GET https://localhost:44341/css/admin.css?v=639183704202210648 - 200 19965 text/css 42.2207ms
2026-06-29 22:53:40.456 +05:30 [INF] Request finished HTTP/2 GET https://localhost:44341/_vs/browserLink - 200 null text/javascript; charset=UTF-8 68.0355ms
2026-06-29 22:53:41.396 +05:30 [INF] Request starting HTTP/2 GET https://localhost:44341/Admin/GetUnreadMessagesCount - null null
2026-06-29 22:53:41.396 +05:30 [INF] Executing endpoint 'Portfolio_Management_System.Controllers.AdminController.GetUnreadMessagesCount (Portfolio Management System)'
2026-06-29 22:53:41.417 +05:30 [INF] Request starting HTTP/2 GET https://localhost:44341/Admin/GetRecentMessages - null null
2026-06-29 22:53:41.417 +05:30 [INF] Executing endpoint 'Portfolio_Management_System.Controllers.AdminController.GetRecentMessages (Portfolio Management System)'
2026-06-29 22:53:41.422 +05:30 [INF] Request starting HTTP/2 GET https://localhost:44341/Admin/GetExperienceDetails - null null
2026-06-29 22:53:41.424 +05:30 [INF] Executing endpoint 'Portfolio_Management_System.Controllers.AdminController.GetExperienceDetails (Portfolio Management System)'
2026-06-29 22:53:41.452 +05:30 [INF] Route matched with {action = "GetUnreadMessagesCount", controller = "Admin"}. Executing controller action with signature System.Threading.Tasks.Task`1[Microsoft.AspNetCore.Mvc.IActionResult] GetUnreadMessagesCount() on controller Portfolio_Management_System.Controllers.AdminController (Portfolio Management System).
2026-06-29 22:53:41.452 +05:30 [INF] Route matched with {action = "GetExperienceDetails", controller = "Admin"}. Executing controller action with signature System.Threading.Tasks.Task`1[Microsoft.AspNetCore.Mvc.IActionResult] GetExperienceDetails() on controller Portfolio_Management_System.Controllers.AdminController (Portfolio Management System).
2026-06-29 22:53:41.455 +05:30 [INF] Route matched with {action = "GetRecentMessages", controller = "Admin"}. Executing controller action with signature System.Threading.Tasks.Task`1[Microsoft.AspNetCore.Mvc.IActionResult] GetRecentMessages() on controller Portfolio_Management_System.Controllers.AdminController (Portfolio Management System).
2026-06-29 22:53:41.642 +05:30 [INF] Executing JsonResult, writing value of type '<>f__AnonymousType14`10[[System.Boolean, System.Private.CoreLib, Version=9.0.0.0, Culture=neutral, PublicKeyToken=7cec85d7bea7798e],[System.Int32, System.Private.CoreLib, Version=9.0.0.0, Culture=neutral, PublicKeyToken=7cec85d7bea7798e],[System.String, System.Private.CoreLib, Version=9.0.0.0, Culture=neutral, PublicKeyToken=7cec85d7bea7798e],[System.String, System.Private.CoreLib, Version=9.0.0.0, Culture=neutral, PublicKeyToken=7cec85d7bea7798e],[System.String, System.Private.CoreLib, Version=9.0.0.0, Culture=neutral, PublicKeyToken=7cec85d7bea7798e],[System.Int32, System.Private.CoreLib, Version=9.0.0.0, Culture=neutral, PublicKeyToken=7cec85d7bea7798e],[System.Int32, System.Private.CoreLib, Version=9.0.0.0, Culture=neutral, PublicKeyToken=7cec85d7bea7798e],[System.Int32, System.Private.CoreLib, Version=9.0.0.0, Culture=neutral, PublicKeyToken=7cec85d7bea7798e],[System.Int32, System.Private.CoreLib, Version=9.0.0.0, Culture=neutral, PublicKeyToken=7cec85d7bea7798e],[System.Int32, System.Private.CoreLib, Version=9.0.0.0, Culture=neutral, PublicKeyToken=7cec85d7bea7798e]]'.
2026-06-29 22:53:41.650 +05:30 [INF] Executing JsonResult, writing value of type 'System.Collections.Generic.List`1[[<>f__AnonymousType17`7[[System.Int32, System.Private.CoreLib, Version=9.0.0.0, Culture=neutral, PublicKeyToken=7cec85d7bea7798e],[System.String, System.Private.CoreLib, Version=9.0.0.0, Culture=neutral, PublicKeyToken=7cec85d7bea7798e],[System.String, System.Private.CoreLib, Version=9.0.0.0, Culture=neutral, PublicKeyToken=7cec85d7bea7798e],[System.String, System.Private.CoreLib, Version=9.0.0.0, Culture=neutral, PublicKeyToken=7cec85d7bea7798e],[System.String, System.Private.CoreLib, Version=9.0.0.0, Culture=neutral, PublicKeyToken=7cec85d7bea7798e],[System.Boolean, System.Private.CoreLib, Version=9.0.0.0, Culture=neutral, PublicKeyToken=7cec85d7bea7798e],[System.DateTime, System.Private.CoreLib, Version=9.0.0.0, Culture=neutral, PublicKeyToken=7cec85d7bea7798e]], Portfolio Management System, Version=1.0.0.0, Culture=neutral, PublicKeyToken=null]]'.
2026-06-29 22:53:41.738 +05:30 [INF] Executed action Portfolio_Management_System.Controllers.AdminController.GetRecentMessages (Portfolio Management System) in 283.223ms
2026-06-29 22:53:41.738 +05:30 [INF] Executed endpoint 'Portfolio_Management_System.Controllers.AdminController.GetRecentMessages (Portfolio Management System)'
2026-06-29 22:53:41.746 +05:30 [INF] Executed action Portfolio_Management_System.Controllers.AdminController.GetExperienceDetails (Portfolio Management System) in 293.4709ms
2026-06-29 22:53:41.746 +05:30 [INF] Executed endpoint 'Portfolio_Management_System.Controllers.AdminController.GetExperienceDetails (Portfolio Management System)'
2026-06-29 22:53:41.746 +05:30 [INF] HTTP GET /Admin/GetExperienceDetails responded 200 in 323.8642 ms
2026-06-29 22:53:41.749 +05:30 [INF] HTTP GET /Admin/GetRecentMessages responded 200 in 331.9799 ms
2026-06-29 22:53:41.751 +05:30 [INF] Request finished HTTP/2 GET https://localhost:44341/Admin/GetExperienceDetails - 200 null application/json; charset=utf-8 328.3497ms
2026-06-29 22:53:41.751 +05:30 [INF] Request finished HTTP/2 GET https://localhost:44341/Admin/GetRecentMessages - 200 null application/json; charset=utf-8 349.9429ms
2026-06-29 22:53:42.555 +05:30 [INF] Executing JsonResult, writing value of type 'System.Int32'.
2026-06-29 22:53:42.559 +05:30 [INF] Executed action Portfolio_Management_System.Controllers.AdminController.GetUnreadMessagesCount (Portfolio Management System) in 1106.9027ms
2026-06-29 22:53:42.559 +05:30 [INF] Executed endpoint 'Portfolio_Management_System.Controllers.AdminController.GetUnreadMessagesCount (Portfolio Management System)'
2026-06-29 22:53:42.560 +05:30 [INF] HTTP GET /Admin/GetUnreadMessagesCount responded 200 in 1163.7811 ms
2026-06-29 22:53:42.561 +05:30 [INF] Request finished HTTP/2 GET https://localhost:44341/Admin/GetUnreadMessagesCount - 200 null application/json; charset=utf-8 1164.707ms
2026-06-29 22:53:51.518 +05:30 [INF] Request starting HTTP/2 GET https://localhost:44341/Admin/AutoTube/CustomVideo - null null
2026-06-29 22:53:51.526 +05:30 [INF] Executing endpoint 'Portfolio_Management_System.Controllers.AdminAutoTubeController.CustomVideo (Portfolio Management System)'
2026-06-29 22:53:51.551 +05:30 [INF] Route matched with {action = "CustomVideo", controller = "AdminAutoTube"}. Executing controller action with signature Microsoft.AspNetCore.Mvc.IActionResult CustomVideo() on controller Portfolio_Management_System.Controllers.AdminAutoTubeController (Portfolio Management System).
2026-06-29 22:53:51.721 +05:30 [INF] Executing ViewResult, running view ~/Views/Admin/CustomVideo.cshtml.
2026-06-29 22:53:51.906 +05:30 [INF] Executed ViewResult - view ~/Views/Admin/CustomVideo.cshtml executed in 185.934ms.
2026-06-29 22:53:51.906 +05:30 [INF] Executed action Portfolio_Management_System.Controllers.AdminAutoTubeController.CustomVideo (Portfolio Management System) in 355.3006ms
2026-06-29 22:53:51.906 +05:30 [INF] Executed endpoint 'Portfolio_Management_System.Controllers.AdminAutoTubeController.CustomVideo (Portfolio Management System)'
2026-06-29 22:53:51.906 +05:30 [INF] HTTP GET /Admin/AutoTube/CustomVideo responded 200 in 381.1312 ms
2026-06-29 22:53:51.950 +05:30 [INF] Request starting HTTP/2 GET https://localhost:44341/css/admin.css?v=639183704319031561 - null null
2026-06-29 22:53:51.952 +05:30 [INF] Request starting HTTP/2 GET https://localhost:44341/_framework/aspnetcore-browser-refresh.js - null null
2026-06-29 22:53:51.953 +05:30 [INF] Request finished HTTP/2 GET https://localhost:44341/_framework/aspnetcore-browser-refresh.js - 200 16539 application/javascript; charset=utf-8 0.8947ms
2026-06-29 22:53:51.963 +05:30 [INF] Request starting HTTP/2 GET https://localhost:44341/_vs/browserLink - null null
2026-06-29 22:53:51.973 +05:30 [INF] Sending file. Request path: '/css/admin.css'. Physical path: 'C:\Users\ak731\Desktop\DSA\Portfolio Management System\wwwroot\css\admin.css'
2026-06-29 22:53:51.986 +05:30 [INF] Request finished HTTP/2 GET https://localhost:44341/Admin/AutoTube/CustomVideo - 200 null text/html; charset=utf-8 467.4877ms
2026-06-29 22:53:51.986 +05:30 [INF] HTTP GET /css/admin.css responded 200 in 36.1974 ms
2026-06-29 22:53:51.986 +05:30 [INF] Request finished HTTP/2 GET https://localhost:44341/css/admin.css?v=639183704319031561 - 200 19965 text/css 38.2666ms
2026-06-29 22:53:52.048 +05:30 [INF] Request finished HTTP/2 GET https://localhost:44341/_vs/browserLink - 200 null text/javascript; charset=UTF-8 84.9317ms
2026-06-29 22:53:52.257 +05:30 [INF] Request starting HTTP/2 GET https://localhost:44341/Admin/GetRecentMessages - null null
2026-06-29 22:53:52.259 +05:30 [INF] Executing endpoint 'Portfolio_Management_System.Controllers.AdminController.GetRecentMessages (Portfolio Management System)'
2026-06-29 22:53:52.264 +05:30 [INF] Route matched with {action = "GetRecentMessages", controller = "Admin"}. Executing controller action with signature System.Threading.Tasks.Task`1[Microsoft.AspNetCore.Mvc.IActionResult] GetRecentMessages() on controller Portfolio_Management_System.Controllers.AdminController (Portfolio Management System).
2026-06-29 22:53:52.268 +05:30 [INF] Request starting HTTP/2 GET https://localhost:44341/Admin/GetUnreadMessagesCount - null null
2026-06-29 22:53:52.269 +05:30 [INF] Executing endpoint 'Portfolio_Management_System.Controllers.AdminController.GetUnreadMessagesCount (Portfolio Management System)'
2026-06-29 22:53:52.269 +05:30 [INF] Route matched with {action = "GetUnreadMessagesCount", controller = "Admin"}. Executing controller action with signature System.Threading.Tasks.Task`1[Microsoft.AspNetCore.Mvc.IActionResult] GetUnreadMessagesCount() on controller Portfolio_Management_System.Controllers.AdminController (Portfolio Management System).
2026-06-29 22:53:52.436 +05:30 [INF] Executing JsonResult, writing value of type 'System.Collections.Generic.List`1[[<>f__AnonymousType17`7[[System.Int32, System.Private.CoreLib, Version=9.0.0.0, Culture=neutral, PublicKeyToken=7cec85d7bea7798e],[System.String, System.Private.CoreLib, Version=9.0.0.0, Culture=neutral, PublicKeyToken=7cec85d7bea7798e],[System.String, System.Private.CoreLib, Version=9.0.0.0, Culture=neutral, PublicKeyToken=7cec85d7bea7798e],[System.String, System.Private.CoreLib, Version=9.0.0.0, Culture=neutral, PublicKeyToken=7cec85d7bea7798e],[System.String, System.Private.CoreLib, Version=9.0.0.0, Culture=neutral, PublicKeyToken=7cec85d7bea7798e],[System.Boolean, System.Private.CoreLib, Version=9.0.0.0, Culture=neutral, PublicKeyToken=7cec85d7bea7798e],[System.DateTime, System.Private.CoreLib, Version=9.0.0.0, Culture=neutral, PublicKeyToken=7cec85d7bea7798e]], Portfolio Management System, Version=1.0.0.0, Culture=neutral, PublicKeyToken=null]]'.
2026-06-29 22:53:52.436 +05:30 [INF] Executing JsonResult, writing value of type 'System.Int32'.
2026-06-29 22:53:52.437 +05:30 [INF] Executed action Portfolio_Management_System.Controllers.AdminController.GetUnreadMessagesCount (Portfolio Management System) in 167.8177ms
2026-06-29 22:53:52.437 +05:30 [INF] Executed action Portfolio_Management_System.Controllers.AdminController.GetRecentMessages (Portfolio Management System) in 172.79ms
2026-06-29 22:53:52.437 +05:30 [INF] Executed endpoint 'Portfolio_Management_System.Controllers.AdminController.GetUnreadMessagesCount (Portfolio Management System)'
2026-06-29 22:53:52.437 +05:30 [INF] Executed endpoint 'Portfolio_Management_System.Controllers.AdminController.GetRecentMessages (Portfolio Management System)'
2026-06-29 22:53:52.437 +05:30 [INF] HTTP GET /Admin/GetRecentMessages responded 200 in 179.4558 ms
2026-06-29 22:53:52.437 +05:30 [INF] HTTP GET /Admin/GetUnreadMessagesCount responded 200 in 169.0946 ms
2026-06-29 22:53:52.437 +05:30 [INF] Request finished HTTP/2 GET https://localhost:44341/Admin/GetUnreadMessagesCount - 200 null application/json; charset=utf-8 169.5838ms
2026-06-29 22:53:52.437 +05:30 [INF] Request finished HTTP/2 GET https://localhost:44341/Admin/GetRecentMessages - 200 null application/json; charset=utf-8 179.8874ms
2026-06-29 22:54:09.171 +05:30 [INF] Request starting HTTP/2 POST https://localhost:44341/Admin/AutoTube/UploadScript - multipart/form-data; boundary=----WebKitFormBoundaryKQaWOCVLR9vYzWsq 12842804
2026-06-29 22:54:09.178 +05:30 [INF] CORS policy execution successful.
2026-06-29 22:54:09.181 +05:30 [INF] Executing endpoint 'Portfolio_Management_System.Controllers.AdminAutoTubeController.UploadScript (Portfolio Management System)'
2026-06-29 22:54:09.210 +05:30 [INF] Route matched with {action = "UploadScript", controller = "AdminAutoTube"}. Executing controller action with signature System.Threading.Tasks.Task`1[Microsoft.AspNetCore.Mvc.IActionResult] UploadScript(System.String, Microsoft.AspNetCore.Http.IFormFile) on controller Portfolio_Management_System.Controllers.AdminAutoTubeController (Portfolio Management System).
2026-06-29 22:54:18.840 +05:30 [INF] Start processing HTTP request POST https://4c6781f19cafaa3c-103-95-164-161.serveousercontent.com/api/script/format_custom
2026-06-29 22:54:18.840 +05:30 [INF] Sending HTTP request POST https://4c6781f19cafaa3c-103-95-164-161.serveousercontent.com/api/script/format_custom
2026-06-29 22:54:22.244 +05:30 [INF] Request starting HTTP/2 GET https://localhost:44341/Admin/GetRecentMessages - null null
2026-06-29 22:54:22.244 +05:30 [INF] Request starting HTTP/2 GET https://localhost:44341/Admin/GetUnreadMessagesCount - null null
2026-06-29 22:54:22.245 +05:30 [INF] Executing endpoint 'Portfolio_Management_System.Controllers.AdminController.GetRecentMessages (Portfolio Management System)'
2026-06-29 22:54:22.245 +05:30 [INF] Route matched with {action = "GetRecentMessages", controller = "Admin"}. Executing controller action with signature System.Threading.Tasks.Task`1[Microsoft.AspNetCore.Mvc.IActionResult] GetRecentMessages() on controller Portfolio_Management_System.Controllers.AdminController (Portfolio Management System).
2026-06-29 22:54:22.245 +05:30 [INF] Executing endpoint 'Portfolio_Management_System.Controllers.AdminController.GetUnreadMessagesCount (Portfolio Management System)'
2026-06-29 22:54:22.245 +05:30 [INF] Route matched with {action = "GetUnreadMessagesCount", controller = "Admin"}. Executing controller action with signature System.Threading.Tasks.Task`1[Microsoft.AspNetCore.Mvc.IActionResult] GetUnreadMessagesCount() on controller Portfolio_Management_System.Controllers.AdminController (Portfolio Management System).
2026-06-29 22:54:22.412 +05:30 [INF] Executing JsonResult, writing value of type 'System.Int32'.
2026-06-29 22:54:22.412 +05:30 [INF] Executing JsonResult, writing value of type 'System.Collections.Generic.List`1[[<>f__AnonymousType17`7[[System.Int32, System.Private.CoreLib, Version=9.0.0.0, Culture=neutral, PublicKeyToken=7cec85d7bea7798e],[System.String, System.Private.CoreLib, Version=9.0.0.0, Culture=neutral, PublicKeyToken=7cec85d7bea7798e],[System.String, System.Private.CoreLib, Version=9.0.0.0, Culture=neutral, PublicKeyToken=7cec85d7bea7798e],[System.String, System.Private.CoreLib, Version=9.0.0.0, Culture=neutral, PublicKeyToken=7cec85d7bea7798e],[System.String, System.Private.CoreLib, Version=9.0.0.0, Culture=neutral, PublicKeyToken=7cec85d7bea7798e],[System.Boolean, System.Private.CoreLib, Version=9.0.0.0, Culture=neutral, PublicKeyToken=7cec85d7bea7798e],[System.DateTime, System.Private.CoreLib, Version=9.0.0.0, Culture=neutral, PublicKeyToken=7cec85d7bea7798e]], Portfolio Management System, Version=1.0.0.0, Culture=neutral, PublicKeyToken=null]]'.
2026-06-29 22:54:22.412 +05:30 [INF] Executed action Portfolio_Management_System.Controllers.AdminController.GetRecentMessages (Portfolio Management System) in 167.0364ms
2026-06-29 22:54:22.412 +05:30 [INF] Executed action Portfolio_Management_System.Controllers.AdminController.GetUnreadMessagesCount (Portfolio Management System) in 166.9148ms
2026-06-29 22:54:22.412 +05:30 [INF] Executed endpoint 'Portfolio_Management_System.Controllers.AdminController.GetUnreadMessagesCount (Portfolio Management System)'
2026-06-29 22:54:22.413 +05:30 [INF] HTTP GET /Admin/GetUnreadMessagesCount responded 200 in 168.6142 ms
2026-06-29 22:54:22.413 +05:30 [INF] Request finished HTTP/2 GET https://localhost:44341/Admin/GetUnreadMessagesCount - 200 null application/json; charset=utf-8 169.2284ms
2026-06-29 22:54:22.413 +05:30 [INF] Executed endpoint 'Portfolio_Management_System.Controllers.AdminController.GetRecentMessages (Portfolio Management System)'
2026-06-29 22:54:22.413 +05:30 [INF] HTTP GET /Admin/GetRecentMessages responded 200 in 169.3520 ms
2026-06-29 22:54:22.413 +05:30 [INF] Request finished HTTP/2 GET https://localhost:44341/Admin/GetRecentMessages - 200 null application/json; charset=utf-8 169.9243ms
2026-06-29 22:54:23.292 +05:30 [INF] Received HTTP response headers after 4450.7387ms - 200
2026-06-29 22:54:23.293 +05:30 [INF] End processing HTTP request after 4452.8564ms - 200
2026-06-29 22:54:24.337 +05:30 [INF] Executed DbCommand (168ms) [Parameters=[], CommandType='"Text"', CommandTimeout='30']
SELECT TOP(1) [t].[Id], [t].[Category], [t].[CompetitionScore], [t].[FetchedAt], [t].[IsSelected], [t].[Keywords], [t].[PopularityScore], [t].[SelectedAt], [t].[Source], [t].[Title], [t].[ViralityScore]
FROM [TrendTopics] AS [t]
WHERE [t].[Title] = N'Custom Video'
2026-06-29 22:54:25.580 +05:30 [INF] Executed DbCommand (217ms) [Parameters=[@p0='?' (Size = 500), @p1='?' (DbType = DateTime2), @p2='?' (Size = 4000), @p3='?' (Size = 1000), @p4='?' (Size = 50), @p5='?' (DbType = DateTime2), @p6='?' (DbType = DateTime2), @p7='?' (Size = 4000), @p8='?' (Size = 4000), @p9='?' (Size = 2000), @p10='?' (Size = 500), @p11='?' (Size = 500), @p12='?' (DbType = Int32), @p13='?' (DbType = DateTime2), @p14='?' (Size = 500), @p15='?' (Size = 20), @p16='?' (Size = 50)], CommandType='"Text"', CommandTimeout='30']
SET IMPLICIT_TRANSACTIONS OFF;
SET NOCOUNT ON;
INSERT INTO [Videos] ([AudioFilePath], [CreatedAt], [Description], [Hook], [PlaylistId], [PublishedAt], [ScheduledPublishAt], [ScriptJson], [Status], [Tags], [ThumbnailPath], [Title], [TrendTopicId], [UpdatedAt], [VideoFilePath], [Visibility], [YouTubeVideoId])
OUTPUT INSERTED.[Id]
VALUES (@p0, @p1, @p2, @p3, @p4, @p5, @p6, @p7, @p8, @p9, @p10, @p11, @p12, @p13, @p14, @p15, @p16);
2026-06-29 22:54:25.699 +05:30 [INF] Executing JsonResult, writing value of type '<>f__AnonymousType11`3[[System.Boolean, System.Private.CoreLib, Version=9.0.0.0, Culture=neutral, PublicKeyToken=7cec85d7bea7798e],[System.String, System.Private.CoreLib, Version=9.0.0.0, Culture=neutral, PublicKeyToken=7cec85d7bea7798e],[System.Int32, System.Private.CoreLib, Version=9.0.0.0, Culture=neutral, PublicKeyToken=7cec85d7bea7798e]]'.
2026-06-29 22:54:25.706 +05:30 [INF] Executed action Portfolio_Management_System.Controllers.AdminAutoTubeController.UploadScript (Portfolio Management System) in 16495.7979ms
2026-06-29 22:54:25.706 +05:30 [INF] Executed endpoint 'Portfolio_Management_System.Controllers.AdminAutoTubeController.UploadScript (Portfolio Management System)'
2026-06-29 22:54:25.710 +05:30 [INF] HTTP POST /Admin/AutoTube/UploadScript responded 200 in 16539.1230 ms
2026-06-29 22:54:25.722 +05:30 [INF] Background task started to render and upload custom video ID 3
2026-06-29 22:54:25.728 +05:30 [INF] Request finished HTTP/2 POST https://localhost:44341/Admin/AutoTube/UploadScript - 200 null application/json; charset=utf-8 16557.9291ms
2026-06-29 22:54:25.773 +05:30 [INF] Start processing HTTP request POST https://4c6781f19cafaa3c-103-95-164-161.serveousercontent.com/api/video/render
2026-06-29 22:54:25.777 +05:30 [INF] Sending HTTP request POST https://4c6781f19cafaa3c-103-95-164-161.serveousercontent.com/api/video/render
2026-06-29 22:54:30.426 +05:30 [INF] Received HTTP response headers after 4648.6205ms - 200
2026-06-29 22:54:30.427 +05:30 [INF] End processing HTTP request after 4653.1722ms - 200
2026-06-29 22:54:30.433 +05:30 [INF] Start processing HTTP request POST https://4c6781f19cafaa3c-103-95-164-161.serveousercontent.com/api/youtube/upload
2026-06-29 22:54:30.433 +05:30 [INF] Sending HTTP request POST https://4c6781f19cafaa3c-103-95-164-161.serveousercontent.com/api/youtube/upload
2026-06-29 22:54:30.781 +05:30 [INF] Received HTTP response headers after 347.8748ms - 200
2026-06-29 22:54:30.781 +05:30 [INF] End processing HTTP request after 348.3151ms - 200
2026-06-29 22:54:52.285 +05:30 [INF] Request starting HTTP/2 GET https://localhost:44341/Admin/GetUnreadMessagesCount - null null
2026-06-29 22:54:52.286 +05:30 [INF] Request starting HTTP/2 GET https://localhost:44341/Admin/GetRecentMessages - null null
2026-06-29 22:54:52.302 +05:30 [INF] Executing endpoint 'Portfolio_Management_System.Controllers.AdminController.GetUnreadMessagesCount (Portfolio Management System)'
2026-06-29 22:54:52.302 +05:30 [INF] Executing endpoint 'Portfolio_Management_System.Controllers.AdminController.GetRecentMessages (Portfolio Management System)'
2026-06-29 22:54:52.309 +05:30 [INF] Route matched with {action = "GetUnreadMessagesCount", controller = "Admin"}. Executing controller action with signature System.Threading.Tasks.Task`1[Microsoft.AspNetCore.Mvc.IActionResult] GetUnreadMessagesCount() on controller Portfolio_Management_System.Controllers.AdminController (Portfolio Management System).
2026-06-29 22:54:52.310 +05:30 [INF] Route matched with {action = "GetRecentMessages", controller = "Admin"}. Executing controller action with signature System.Threading.Tasks.Task`1[Microsoft.AspNetCore.Mvc.IActionResult] GetRecentMessages() on controller Portfolio_Management_System.Controllers.AdminController (Portfolio Management System).
2026-06-29 22:54:52.495 +05:30 [INF] Executing JsonResult, writing value of type 'System.Int32'.
2026-06-29 22:54:52.496 +05:30 [INF] Executing JsonResult, writing value of type 'System.Collections.Generic.List`1[[<>f__AnonymousType17`7[[System.Int32, System.Private.CoreLib, Version=9.0.0.0, Culture=neutral, PublicKeyToken=7cec85d7bea7798e],[System.String, System.Private.CoreLib, Version=9.0.0.0, Culture=neutral, PublicKeyToken=7cec85d7bea7798e],[System.String, System.Private.CoreLib, Version=9.0.0.0, Culture=neutral, PublicKeyToken=7cec85d7bea7798e],[System.String, System.Private.CoreLib, Version=9.0.0.0, Culture=neutral, PublicKeyToken=7cec85d7bea7798e],[System.String, System.Private.CoreLib, Version=9.0.0.0, Culture=neutral, PublicKeyToken=7cec85d7bea7798e],[System.Boolean, System.Private.CoreLib, Version=9.0.0.0, Culture=neutral, PublicKeyToken=7cec85d7bea7798e],[System.DateTime, System.Private.CoreLib, Version=9.0.0.0, Culture=neutral, PublicKeyToken=7cec85d7bea7798e]], Portfolio Management System, Version=1.0.0.0, Culture=neutral, PublicKeyToken=null]]'.
2026-06-29 22:54:52.501 +05:30 [INF] Executed action Portfolio_Management_System.Controllers.AdminController.GetUnreadMessagesCount (Portfolio Management System) in 191.1981ms
2026-06-29 22:54:52.501 +05:30 [INF] Executed endpoint 'Portfolio_Management_System.Controllers.AdminController.GetUnreadMessagesCount (Portfolio Management System)'
2026-06-29 22:54:52.501 +05:30 [INF] Executed action Portfolio_Management_System.Controllers.AdminController.GetRecentMessages (Portfolio Management System) in 191.2367ms
2026-06-29 22:54:52.501 +05:30 [INF] Executed endpoint 'Portfolio_Management_System.Controllers.AdminController.GetRecentMessages (Portfolio Management System)'
2026-06-29 22:54:52.501 +05:30 [INF] HTTP GET /Admin/GetUnreadMessagesCount responded 200 in 209.7694 ms
2026-06-29 22:54:52.502 +05:30 [INF] HTTP GET /Admin/GetRecentMessages responded 200 in 209.5147 ms
2026-06-29 22:54:52.504 +05:30 [INF] Request finished HTTP/2 GET https://localhost:44341/Admin/GetUnreadMessagesCount - 200 null application/json; charset=utf-8 220.4234ms
2026-06-29 22:54:52.505 +05:30 [INF] Request finished HTTP/2 GET https://localhost:44341/Admin/GetRecentMessages - 200 null application/json; charset=utf-8 220.9409ms
2026-06-29 22:55:22.311 +05:30 [INF] Request starting HTTP/2 GET https://localhost:44341/Admin/GetRecentMessages - null null
2026-06-29 22:55:22.311 +05:30 [INF] Request starting HTTP/2 GET https://localhost:44341/Admin/GetUnreadMessagesCount - null null
2026-06-29 22:55:22.321 +05:30 [INF] Executing endpoint 'Portfolio_Management_System.Controllers.AdminController.GetUnreadMessagesCount (Portfolio Management System)'
2026-06-29 22:55:22.321 +05:30 [INF] Executing endpoint 'Portfolio_Management_System.Controllers.AdminController.GetRecentMessages (Portfolio Management System)'
2026-06-29 22:55:22.323 +05:30 [INF] Route matched with {action = "GetUnreadMessagesCount", controller = "Admin"}. Executing controller action with signature System.Threading.Tasks.Task`1[Microsoft.AspNetCore.Mvc.IActionResult] GetUnreadMessagesCount() on controller Portfolio_Management_System.Controllers.AdminController (Portfolio Management System).
2026-06-29 22:55:22.323 +05:30 [INF] Route matched with {action = "GetRecentMessages", controller = "Admin"}. Executing controller action with signature System.Threading.Tasks.Task`1[Microsoft.AspNetCore.Mvc.IActionResult] GetRecentMessages() on controller Portfolio_Management_System.Controllers.AdminController (Portfolio Management System).
2026-06-29 22:55:22.575 +05:30 [INF] Executing JsonResult, writing value of type 'System.Int32'.
2026-06-29 22:55:22.575 +05:30 [INF] Executing JsonResult, writing value of type 'System.Collections.Generic.List`1[[<>f__AnonymousType17`7[[System.Int32, System.Private.CoreLib, Version=9.0.0.0, Culture=neutral, PublicKeyToken=7cec85d7bea7798e],[System.String, System.Private.CoreLib, Version=9.0.0.0, Culture=neutral, PublicKeyToken=7cec85d7bea7798e],[System.String, System.Private.CoreLib, Version=9.0.0.0, Culture=neutral, PublicKeyToken=7cec85d7bea7798e],[System.String, System.Private.CoreLib, Version=9.0.0.0, Culture=neutral, PublicKeyToken=7cec85d7bea7798e],[System.String, System.Private.CoreLib, Version=9.0.0.0, Culture=neutral, PublicKeyToken=7cec85d7bea7798e],[System.Boolean, System.Private.CoreLib, Version=9.0.0.0, Culture=neutral, PublicKeyToken=7cec85d7bea7798e],[System.DateTime, System.Private.CoreLib, Version=9.0.0.0, Culture=neutral, PublicKeyToken=7cec85d7bea7798e]], Portfolio Management System, Version=1.0.0.0, Culture=neutral, PublicKeyToken=null]]'.
2026-06-29 22:55:22.578 +05:30 [INF] Executed action Portfolio_Management_System.Controllers.AdminController.GetUnreadMessagesCount (Portfolio Management System) in 254.2493ms
2026-06-29 22:55:22.578 +05:30 [INF] Executed action Portfolio_Management_System.Controllers.AdminController.GetRecentMessages (Portfolio Management System) in 254.2303ms
2026-06-29 22:55:22.578 +05:30 [INF] Executed endpoint 'Portfolio_Management_System.Controllers.AdminController.GetUnreadMessagesCount (Portfolio Management System)'
2026-06-29 22:55:22.578 +05:30 [INF] Executed endpoint 'Portfolio_Management_System.Controllers.AdminController.GetRecentMessages (Portfolio Management System)'
2026-06-29 22:55:22.580 +05:30 [INF] HTTP GET /Admin/GetUnreadMessagesCount responded 200 in 266.8712 ms
2026-06-29 22:55:22.580 +05:30 [INF] HTTP GET /Admin/GetRecentMessages responded 200 in 266.8762 ms
2026-06-29 22:55:22.580 +05:30 [INF] Request finished HTTP/2 GET https://localhost:44341/Admin/GetUnreadMessagesCount - 200 null application/json; charset=utf-8 325.8858ms
2026-06-29 22:55:22.580 +05:30 [INF] Request finished HTTP/2 GET https://localhost:44341/Admin/GetRecentMessages - 200 null application/json; charset=utf-8 325.8888ms
2026-06-29 22:55:52.372 +05:30 [INF] Request starting HTTP/2 GET https://localhost:44341/Admin/GetRecentMessages - null null
2026-06-29 22:55:52.373 +05:30 [INF] Request starting HTTP/2 GET https://localhost:44341/Admin/GetUnreadMessagesCount - null null
2026-06-29 22:55:52.380 +05:30 [INF] Executing endpoint 'Portfolio_Management_System.Controllers.AdminController.GetUnreadMessagesCount (Portfolio Management System)'
2026-06-29 22:55:52.380 +05:30 [INF] Executing endpoint 'Portfolio_Management_System.Controllers.AdminController.GetRecentMessages (Portfolio Management System)'
2026-06-29 22:55:52.381 +05:30 [INF] Route matched with {action = "GetRecentMessages", controller = "Admin"}. Executing controller action with signature System.Threading.Tasks.Task`1[Microsoft.AspNetCore.Mvc.IActionResult] GetRecentMessages() on controller Portfolio_Management_System.Controllers.AdminController (Portfolio Management System).
2026-06-29 22:55:52.381 +05:30 [INF] Route matched with {action = "GetUnreadMessagesCount", controller = "Admin"}. Executing controller action with signature System.Threading.Tasks.Task`1[Microsoft.AspNetCore.Mvc.IActionResult] GetUnreadMessagesCount() on controller Portfolio_Management_System.Controllers.AdminController (Portfolio Management System).
2026-06-29 22:55:52.556 +05:30 [INF] Executing JsonResult, writing value of type 'System.Int32'.
2026-06-29 22:55:52.557 +05:30 [INF] Executing JsonResult, writing value of type 'System.Collections.Generic.List`1[[<>f__AnonymousType17`7[[System.Int32, System.Private.CoreLib, Version=9.0.0.0, Culture=neutral, PublicKeyToken=7cec85d7bea7798e],[System.String, System.Private.CoreLib, Version=9.0.0.0, Culture=neutral, PublicKeyToken=7cec85d7bea7798e],[System.String, System.Private.CoreLib, Version=9.0.0.0, Culture=neutral, PublicKeyToken=7cec85d7bea7798e],[System.String, System.Private.CoreLib, Version=9.0.0.0, Culture=neutral, PublicKeyToken=7cec85d7bea7798e],[System.String, System.Private.CoreLib, Version=9.0.0.0, Culture=neutral, PublicKeyToken=7cec85d7bea7798e],[System.Boolean, System.Private.CoreLib, Version=9.0.0.0, Culture=neutral, PublicKeyToken=7cec85d7bea7798e],[System.DateTime, System.Private.CoreLib, Version=9.0.0.0, Culture=neutral, PublicKeyToken=7cec85d7bea7798e]], Portfolio Management System, Version=1.0.0.0, Culture=neutral, PublicKeyToken=null]]'.
2026-06-29 22:55:52.568 +05:30 [INF] Executed action Portfolio_Management_System.Controllers.AdminController.GetRecentMessages (Portfolio Management System) in 186.1897ms
2026-06-29 22:55:52.569 +05:30 [INF] Executed endpoint 'Portfolio_Management_System.Controllers.AdminController.GetRecentMessages (Portfolio Management System)'
2026-06-29 22:55:52.569 +05:30 [INF] Executed action Portfolio_Management_System.Controllers.AdminController.GetUnreadMessagesCount (Portfolio Management System) in 186.8665ms
2026-06-29 22:55:52.569 +05:30 [INF] Executed endpoint 'Portfolio_Management_System.Controllers.AdminController.GetUnreadMessagesCount (Portfolio Management System)'
2026-06-29 22:55:52.569 +05:30 [INF] HTTP GET /Admin/GetRecentMessages responded 200 in 195.6399 ms
2026-06-29 22:55:52.569 +05:30 [INF] HTTP GET /Admin/GetUnreadMessagesCount responded 200 in 195.6132 ms
2026-06-29 22:55:52.571 +05:30 [INF] Request finished HTTP/2 GET https://localhost:44341/Admin/GetRecentMessages - 200 null application/json; charset=utf-8 198.9581ms
2026-06-29 22:55:52.571 +05:30 [INF] Request finished HTTP/2 GET https://localhost:44341/Admin/GetUnreadMessagesCount - 200 null application/json; charset=utf-8 198.4034ms
2026-06-29 22:56:22.246 +05:30 [INF] Request starting HTTP/2 GET https://localhost:44341/Admin/GetRecentMessages - null null
2026-06-29 22:56:22.246 +05:30 [INF] Request starting HTTP/2 GET https://localhost:44341/Admin/GetUnreadMessagesCount - null null
2026-06-29 22:56:22.246 +05:30 [INF] Executing endpoint 'Portfolio_Management_System.Controllers.AdminController.GetRecentMessages (Portfolio Management System)'
2026-06-29 22:56:22.247 +05:30 [INF] Route matched with {action = "GetRecentMessages", controller = "Admin"}. Executing controller action with signature System.Threading.Tasks.Task`1[Microsoft.AspNetCore.Mvc.IActionResult] GetRecentMessages() on controller Portfolio_Management_System.Controllers.AdminController (Portfolio Management System).
2026-06-29 22:56:22.247 +05:30 [INF] Executing endpoint 'Portfolio_Management_System.Controllers.AdminController.GetUnreadMessagesCount (Portfolio Management System)'
2026-06-29 22:56:22.247 +05:30 [INF] Route matched with {action = "GetUnreadMessagesCount", controller = "Admin"}. Executing controller action with signature System.Threading.Tasks.Task`1[Microsoft.AspNetCore.Mvc.IActionResult] GetUnreadMessagesCount() on controller Portfolio_Management_System.Controllers.AdminController (Portfolio Management System).
2026-06-29 22:56:22.428 +05:30 [INF] Executing JsonResult, writing value of type 'System.Int32'.
2026-06-29 22:56:22.457 +05:30 [INF] Executing JsonResult, writing value of type 'System.Collections.Generic.List`1[[<>f__AnonymousType17`7[[System.Int32, System.Private.CoreLib, Version=9.0.0.0, Culture=neutral, PublicKeyToken=7cec85d7bea7798e],[System.String, System.Private.CoreLib, Version=9.0.0.0, Culture=neutral, PublicKeyToken=7cec85d7bea7798e],[System.String, System.Private.CoreLib, Version=9.0.0.0, Culture=neutral, PublicKeyToken=7cec85d7bea7798e],[System.String, System.Private.CoreLib, Version=9.0.0.0, Culture=neutral, PublicKeyToken=7cec85d7bea7798e],[System.String, System.Private.CoreLib, Version=9.0.0.0, Culture=neutral, PublicKeyToken=7cec85d7bea7798e],[System.Boolean, System.Private.CoreLib, Version=9.0.0.0, Culture=neutral, PublicKeyToken=7cec85d7bea7798e],[System.DateTime, System.Private.CoreLib, Version=9.0.0.0, Culture=neutral, PublicKeyToken=7cec85d7bea7798e]], Portfolio Management System, Version=1.0.0.0, Culture=neutral, PublicKeyToken=null]]'.
2026-06-29 22:56:22.488 +05:30 [INF] Executed action Portfolio_Management_System.Controllers.AdminController.GetUnreadMessagesCount (Portfolio Management System) in 241.6428ms
2026-06-29 22:56:22.488 +05:30 [INF] Executed action Portfolio_Management_System.Controllers.AdminController.GetRecentMessages (Portfolio Management System) in 241.811ms
2026-06-29 22:56:22.489 +05:30 [INF] Executed endpoint 'Portfolio_Management_System.Controllers.AdminController.GetUnreadMessagesCount (Portfolio Management System)'
2026-06-29 22:56:22.489 +05:30 [INF] Executed endpoint 'Portfolio_Management_System.Controllers.AdminController.GetRecentMessages (Portfolio Management System)'
2026-06-29 22:56:22.489 +05:30 [INF] HTTP GET /Admin/GetRecentMessages responded 200 in 242.8304 ms
2026-06-29 22:56:22.489 +05:30 [INF] HTTP GET /Admin/GetUnreadMessagesCount responded 200 in 243.3846 ms
2026-06-29 22:56:22.491 +05:30 [INF] Request finished HTTP/2 GET https://localhost:44341/Admin/GetUnreadMessagesCount - 200 null application/json; charset=utf-8 243.8734ms
2026-06-29 22:56:22.491 +05:30 [INF] Request finished HTTP/2 GET https://localhost:44341/Admin/GetRecentMessages - 200 null application/json; charset=utf-8 244.8072ms
2026-06-29 22:56:52.267 +05:30 [INF] Request starting HTTP/2 GET https://localhost:44341/Admin/GetRecentMessages - null null
2026-06-29 22:56:52.269 +05:30 [INF] Executing endpoint 'Portfolio_Management_System.Controllers.AdminController.GetRecentMessages (Portfolio Management System)'
2026-06-29 22:56:52.270 +05:30 [INF] Route matched with {action = "GetRecentMessages", controller = "Admin"}. Executing controller action with signature System.Threading.Tasks.Task`1[Microsoft.AspNetCore.Mvc.IActionResult] GetRecentMessages() on controller Portfolio_Management_System.Controllers.AdminController (Portfolio Management System).
2026-06-29 22:56:52.341 +05:30 [INF] Request starting HTTP/2 GET https://localhost:44341/Admin/GetUnreadMessagesCount - null null
2026-06-29 22:56:52.357 +05:30 [INF] Executing endpoint 'Portfolio_Management_System.Controllers.AdminController.GetUnreadMessagesCount (Portfolio Management System)'
2026-06-29 22:56:52.357 +05:30 [INF] Route matched with {action = "GetUnreadMessagesCount", controller = "Admin"}. Executing controller action with signature System.Threading.Tasks.Task`1[Microsoft.AspNetCore.Mvc.IActionResult] GetUnreadMessagesCount() on controller Portfolio_Management_System.Controllers.AdminController (Portfolio Management System).
2026-06-29 22:56:52.460 +05:30 [INF] Executing JsonResult, writing value of type 'System.Collections.Generic.List`1[[<>f__AnonymousType17`7[[System.Int32, System.Private.CoreLib, Version=9.0.0.0, Culture=neutral, PublicKeyToken=7cec85d7bea7798e],[System.String, System.Private.CoreLib, Version=9.0.0.0, Culture=neutral, PublicKeyToken=7cec85d7bea7798e],[System.String, System.Private.CoreLib, Version=9.0.0.0, Culture=neutral, PublicKeyToken=7cec85d7bea7798e],[System.String, System.Private.CoreLib, Version=9.0.0.0, Culture=neutral, PublicKeyToken=7cec85d7bea7798e],[System.String, System.Private.CoreLib, Version=9.0.0.0, Culture=neutral, PublicKeyToken=7cec85d7bea7798e],[System.Boolean, System.Private.CoreLib, Version=9.0.0.0, Culture=neutral, PublicKeyToken=7cec85d7bea7798e],[System.DateTime, System.Private.CoreLib, Version=9.0.0.0, Culture=neutral, PublicKeyToken=7cec85d7bea7798e]], Portfolio Management System, Version=1.0.0.0, Culture=neutral, PublicKeyToken=null]]'.
2026-06-29 22:56:52.462 +05:30 [INF] Executed action Portfolio_Management_System.Controllers.AdminController.GetRecentMessages (Portfolio Management System) in 191.3797ms
2026-06-29 22:56:52.462 +05:30 [INF] Executed endpoint 'Portfolio_Management_System.Controllers.AdminController.GetRecentMessages (Portfolio Management System)'
2026-06-29 22:56:52.462 +05:30 [INF] HTTP GET /Admin/GetRecentMessages responded 200 in 194.3239 ms
2026-06-29 22:56:52.463 +05:30 [INF] Request finished HTTP/2 GET https://localhost:44341/Admin/GetRecentMessages - 200 null application/json; charset=utf-8 196.328ms
2026-06-29 22:56:52.536 +05:30 [INF] Executing JsonResult, writing value of type 'System.Int32'.
2026-06-29 22:56:52.539 +05:30 [INF] Executed action Portfolio_Management_System.Controllers.AdminController.GetUnreadMessagesCount (Portfolio Management System) in 182.2021ms
2026-06-29 22:56:52.540 +05:30 [INF] Executed endpoint 'Portfolio_Management_System.Controllers.AdminController.GetUnreadMessagesCount (Portfolio Management System)'
2026-06-29 22:56:52.540 +05:30 [INF] HTTP GET /Admin/GetUnreadMessagesCount responded 200 in 183.6793 ms
2026-06-29 22:56:53.308 +05:30 [INF] Request finished HTTP/2 GET https://localhost:44341/Admin/GetUnreadMessagesCount - 200 null application/json; charset=utf-8 966.6399ms
2026-06-29 22:57:22.248 +05:30 [INF] Request starting HTTP/2 GET https://localhost:44341/Admin/GetUnreadMessagesCount - null null
2026-06-29 22:57:22.249 +05:30 [INF] Executing endpoint 'Portfolio_Management_System.Controllers.AdminController.GetUnreadMessagesCount (Portfolio Management System)'
2026-06-29 22:57:22.250 +05:30 [INF] Route matched with {action = "GetUnreadMessagesCount", controller = "Admin"}. Executing controller action with signature System.Threading.Tasks.Task`1[Microsoft.AspNetCore.Mvc.IActionResult] GetUnreadMessagesCount() on controller Portfolio_Management_System.Controllers.AdminController (Portfolio Management System).
2026-06-29 22:57:22.332 +05:30 [INF] Request starting HTTP/2 GET https://localhost:44341/Admin/GetRecentMessages - null null
2026-06-29 22:57:22.377 +05:30 [INF] Executing endpoint 'Portfolio_Management_System.Controllers.AdminController.GetRecentMessages (Portfolio Management System)'
2026-06-29 22:57:22.377 +05:30 [INF] Route matched with {action = "GetRecentMessages", controller = "Admin"}. Executing controller action with signature System.Threading.Tasks.Task`1[Microsoft.AspNetCore.Mvc.IActionResult] GetRecentMessages() on controller Portfolio_Management_System.Controllers.AdminController (Portfolio Management System).
2026-06-29 22:57:22.425 +05:30 [INF] Executing JsonResult, writing value of type 'System.Int32'.
2026-06-29 22:57:22.426 +05:30 [INF] Executed action Portfolio_Management_System.Controllers.AdminController.GetUnreadMessagesCount (Portfolio Management System) in 176.2252ms
2026-06-29 22:57:22.426 +05:30 [INF] Executed endpoint 'Portfolio_Management_System.Controllers.AdminController.GetUnreadMessagesCount (Portfolio Management System)'
2026-06-29 22:57:22.426 +05:30 [INF] HTTP GET /Admin/GetUnreadMessagesCount responded 200 in 177.4577 ms
2026-06-29 22:57:22.428 +05:30 [INF] Request finished HTTP/2 GET https://localhost:44341/Admin/GetUnreadMessagesCount - 200 null application/json; charset=utf-8 180.4341ms
2026-06-29 22:57:22.544 +05:30 [INF] Executing JsonResult, writing value of type 'System.Collections.Generic.List`1[[<>f__AnonymousType17`7[[System.Int32, System.Private.CoreLib, Version=9.0.0.0, Culture=neutral, PublicKeyToken=7cec85d7bea7798e],[System.String, System.Private.CoreLib, Version=9.0.0.0, Culture=neutral, PublicKeyToken=7cec85d7bea7798e],[System.String, System.Private.CoreLib, Version=9.0.0.0, Culture=neutral, PublicKeyToken=7cec85d7bea7798e],[System.String, System.Private.CoreLib, Version=9.0.0.0, Culture=neutral, PublicKeyToken=7cec85d7bea7798e],[System.String, System.Private.CoreLib, Version=9.0.0.0, Culture=neutral, PublicKeyToken=7cec85d7bea7798e],[System.Boolean, System.Private.CoreLib, Version=9.0.0.0, Culture=neutral, PublicKeyToken=7cec85d7bea7798e],[System.DateTime, System.Private.CoreLib, Version=9.0.0.0, Culture=neutral, PublicKeyToken=7cec85d7bea7798e]], Portfolio Management System, Version=1.0.0.0, Culture=neutral, PublicKeyToken=null]]'.
2026-06-29 22:57:22.544 +05:30 [INF] Executed action Portfolio_Management_System.Controllers.AdminController.GetRecentMessages (Portfolio Management System) in 166.9587ms
2026-06-29 22:57:22.544 +05:30 [INF] Executed endpoint 'Portfolio_Management_System.Controllers.AdminController.GetRecentMessages (Portfolio Management System)'
2026-06-29 22:57:22.545 +05:30 [INF] HTTP GET /Admin/GetRecentMessages responded 200 in 167.7913 ms
2026-06-29 22:57:22.545 +05:30 [INF] Request finished HTTP/2 GET https://localhost:44341/Admin/GetRecentMessages - 200 null application/json; charset=utf-8 213.6735ms
2026-06-29 22:57:52.315 +05:30 [INF] Request starting HTTP/2 GET https://localhost:44341/Admin/GetUnreadMessagesCount - null null
2026-06-29 22:57:52.317 +05:30 [INF] Request starting HTTP/2 GET https://localhost:44341/Admin/GetRecentMessages - null null
2026-06-29 22:57:52.584 +05:30 [INF] Executing endpoint 'Portfolio_Management_System.Controllers.AdminController.GetUnreadMessagesCount (Portfolio Management System)'
2026-06-29 22:57:52.585 +05:30 [INF] Executing endpoint 'Portfolio_Management_System.Controllers.AdminController.GetRecentMessages (Portfolio Management System)'
2026-06-29 22:57:52.596 +05:30 [INF] Route matched with {action = "GetRecentMessages", controller = "Admin"}. Executing controller action with signature System.Threading.Tasks.Task`1[Microsoft.AspNetCore.Mvc.IActionResult] GetRecentMessages() on controller Portfolio_Management_System.Controllers.AdminController (Portfolio Management System).
2026-06-29 22:57:52.599 +05:30 [INF] Route matched with {action = "GetUnreadMessagesCount", controller = "Admin"}. Executing controller action with signature System.Threading.Tasks.Task`1[Microsoft.AspNetCore.Mvc.IActionResult] GetUnreadMessagesCount() on controller Portfolio_Management_System.Controllers.AdminController (Portfolio Management System).
2026-06-29 22:57:52.781 +05:30 [INF] Executing JsonResult, writing value of type 'System.Int32'.
2026-06-29 22:57:52.781 +05:30 [INF] Executing JsonResult, writing value of type 'System.Collections.Generic.List`1[[<>f__AnonymousType17`7[[System.Int32, System.Private.CoreLib, Version=9.0.0.0, Culture=neutral, PublicKeyToken=7cec85d7bea7798e],[System.String, System.Private.CoreLib, Version=9.0.0.0, Culture=neutral, PublicKeyToken=7cec85d7bea7798e],[System.String, System.Private.CoreLib, Version=9.0.0.0, Culture=neutral, PublicKeyToken=7cec85d7bea7798e],[System.String, System.Private.CoreLib, Version=9.0.0.0, Culture=neutral, PublicKeyToken=7cec85d7bea7798e],[System.String, System.Private.CoreLib, Version=9.0.0.0, Culture=neutral, PublicKeyToken=7cec85d7bea7798e],[System.Boolean, System.Private.CoreLib, Version=9.0.0.0, Culture=neutral, PublicKeyToken=7cec85d7bea7798e],[System.DateTime, System.Private.CoreLib, Version=9.0.0.0, Culture=neutral, PublicKeyToken=7cec85d7bea7798e]], Portfolio Management System, Version=1.0.0.0, Culture=neutral, PublicKeyToken=null]]'.
2026-06-29 22:57:52.790 +05:30 [INF] Executed action Portfolio_Management_System.Controllers.AdminController.GetUnreadMessagesCount (Portfolio Management System) in 191.6469ms
2026-06-29 22:57:52.792 +05:30 [INF] Executed endpoint 'Portfolio_Management_System.Controllers.AdminController.GetUnreadMessagesCount (Portfolio Management System)'
2026-06-29 22:57:52.791 +05:30 [INF] Executed action Portfolio_Management_System.Controllers.AdminController.GetRecentMessages (Portfolio Management System) in 194.3356ms
2026-06-29 22:57:52.792 +05:30 [INF] Executed endpoint 'Portfolio_Management_System.Controllers.AdminController.GetRecentMessages (Portfolio Management System)'
2026-06-29 22:57:52.793 +05:30 [INF] HTTP GET /Admin/GetRecentMessages responded 200 in 326.0720 ms
2026-06-29 22:57:52.792 +05:30 [INF] HTTP GET /Admin/GetUnreadMessagesCount responded 200 in 434.8635 ms
2026-06-29 22:57:52.796 +05:30 [INF] Request finished HTTP/2 GET https://localhost:44341/Admin/GetUnreadMessagesCount - 200 null application/json; charset=utf-8 484.7676ms
2026-06-29 22:57:52.797 +05:30 [INF] Request finished HTTP/2 GET https://localhost:44341/Admin/GetRecentMessages - 200 null application/json; charset=utf-8 485.1158ms
2026-06-29 22:58:22.332 +05:30 [INF] Request starting HTTP/2 GET https://localhost:44341/Admin/GetUnreadMessagesCount - null null
2026-06-29 22:58:22.332 +05:30 [INF] Request starting HTTP/2 GET https://localhost:44341/Admin/GetRecentMessages - null null
2026-06-29 22:58:22.399 +05:30 [INF] Executing endpoint 'Portfolio_Management_System.Controllers.AdminController.GetRecentMessages (Portfolio Management System)'
2026-06-29 22:58:22.399 +05:30 [INF] Executing endpoint 'Portfolio_Management_System.Controllers.AdminController.GetUnreadMessagesCount (Portfolio Management System)'
2026-06-29 22:58:22.406 +05:30 [INF] Route matched with {action = "GetRecentMessages", controller = "Admin"}. Executing controller action with signature System.Threading.Tasks.Task`1[Microsoft.AspNetCore.Mvc.IActionResult] GetRecentMessages() on controller Portfolio_Management_System.Controllers.AdminController (Portfolio Management System).
2026-06-29 22:58:22.406 +05:30 [INF] Route matched with {action = "GetUnreadMessagesCount", controller = "Admin"}. Executing controller action with signature System.Threading.Tasks.Task`1[Microsoft.AspNetCore.Mvc.IActionResult] GetUnreadMessagesCount() on controller Portfolio_Management_System.Controllers.AdminController (Portfolio Management System).
2026-06-29 22:58:22.661 +05:30 [INF] Executing JsonResult, writing value of type 'System.Int32'.
2026-06-29 22:58:22.664 +05:30 [INF] Executing JsonResult, writing value of type 'System.Collections.Generic.List`1[[<>f__AnonymousType17`7[[System.Int32, System.Private.CoreLib, Version=9.0.0.0, Culture=neutral, PublicKeyToken=7cec85d7bea7798e],[System.String, System.Private.CoreLib, Version=9.0.0.0, Culture=neutral, PublicKeyToken=7cec85d7bea7798e],[System.String, System.Private.CoreLib, Version=9.0.0.0, Culture=neutral, PublicKeyToken=7cec85d7bea7798e],[System.String, System.Private.CoreLib, Version=9.0.0.0, Culture=neutral, PublicKeyToken=7cec85d7bea7798e],[System.String, System.Private.CoreLib, Version=9.0.0.0, Culture=neutral, PublicKeyToken=7cec85d7bea7798e],[System.Boolean, System.Private.CoreLib, Version=9.0.0.0, Culture=neutral, PublicKeyToken=7cec85d7bea7798e],[System.DateTime, System.Private.CoreLib, Version=9.0.0.0, Culture=neutral, PublicKeyToken=7cec85d7bea7798e]], Portfolio Management System, Version=1.0.0.0, Culture=neutral, PublicKeyToken=null]]'.
2026-06-29 22:58:22.677 +05:30 [INF] Executed action Portfolio_Management_System.Controllers.AdminController.GetUnreadMessagesCount (Portfolio Management System) in 270.284ms
2026-06-29 22:58:22.678 +05:30 [INF] Executed endpoint 'Portfolio_Management_System.Controllers.AdminController.GetUnreadMessagesCount (Portfolio Management System)'
2026-06-29 22:58:22.679 +05:30 [INF] Executed action Portfolio_Management_System.Controllers.AdminController.GetRecentMessages (Portfolio Management System) in 271.8412ms
2026-06-29 22:58:22.680 +05:30 [INF] Executed endpoint 'Portfolio_Management_System.Controllers.AdminController.GetRecentMessages (Portfolio Management System)'
2026-06-29 22:58:22.680 +05:30 [INF] HTTP GET /Admin/GetRecentMessages responded 200 in 312.6270 ms
2026-06-29 22:58:22.685 +05:30 [INF] HTTP GET /Admin/GetUnreadMessagesCount responded 200 in 310.2651 ms
2026-06-29 22:58:22.687 +05:30 [INF] Request finished HTTP/2 GET https://localhost:44341/Admin/GetRecentMessages - 200 null application/json; charset=utf-8 394.0648ms
2026-06-29 22:58:22.689 +05:30 [INF] Request finished HTTP/2 GET https://localhost:44341/Admin/GetUnreadMessagesCount - 200 null application/json; charset=utf-8 395.7906ms
2026-06-29 22:58:52.254 +05:30 [INF] Request starting HTTP/2 GET https://localhost:44341/Admin/GetUnreadMessagesCount - null null
2026-06-29 22:58:52.282 +05:30 [INF] Request starting HTTP/2 GET https://localhost:44341/Admin/GetRecentMessages - null null
2026-06-29 22:58:52.328 +05:30 [INF] Executing endpoint 'Portfolio_Management_System.Controllers.AdminController.GetUnreadMessagesCount (Portfolio Management System)'
2026-06-29 22:58:52.329 +05:30 [INF] Route matched with {action = "GetUnreadMessagesCount", controller = "Admin"}. Executing controller action with signature System.Threading.Tasks.Task`1[Microsoft.AspNetCore.Mvc.IActionResult] GetUnreadMessagesCount() on controller Portfolio_Management_System.Controllers.AdminController (Portfolio Management System).
2026-06-29 22:58:52.329 +05:30 [INF] Executing endpoint 'Portfolio_Management_System.Controllers.AdminController.GetRecentMessages (Portfolio Management System)'
2026-06-29 22:58:52.330 +05:30 [INF] Route matched with {action = "GetRecentMessages", controller = "Admin"}. Executing controller action with signature System.Threading.Tasks.Task`1[Microsoft.AspNetCore.Mvc.IActionResult] GetRecentMessages() on controller Portfolio_Management_System.Controllers.AdminController (Portfolio Management System).
2026-06-29 22:58:52.510 +05:30 [INF] Executing JsonResult, writing value of type 'System.Int32'.
2026-06-29 22:58:52.510 +05:30 [INF] Executing JsonResult, writing value of type 'System.Collections.Generic.List`1[[<>f__AnonymousType17`7[[System.Int32, System.Private.CoreLib, Version=9.0.0.0, Culture=neutral, PublicKeyToken=7cec85d7bea7798e],[System.String, System.Private.CoreLib, Version=9.0.0.0, Culture=neutral, PublicKeyToken=7cec85d7bea7798e],[System.String, System.Private.CoreLib, Version=9.0.0.0, Culture=neutral, PublicKeyToken=7cec85d7bea7798e],[System.String, System.Private.CoreLib, Version=9.0.0.0, Culture=neutral, PublicKeyToken=7cec85d7bea7798e],[System.String, System.Private.CoreLib, Version=9.0.0.0, Culture=neutral, PublicKeyToken=7cec85d7bea7798e],[System.Boolean, System.Private.CoreLib, Version=9.0.0.0, Culture=neutral, PublicKeyToken=7cec85d7bea7798e],[System.DateTime, System.Private.CoreLib, Version=9.0.0.0, Culture=neutral, PublicKeyToken=7cec85d7bea7798e]], Portfolio Management System, Version=1.0.0.0, Culture=neutral, PublicKeyToken=null]]'.
2026-06-29 22:58:52.511 +05:30 [INF] Executed action Portfolio_Management_System.Controllers.AdminController.GetRecentMessages (Portfolio Management System) in 181.255ms
2026-06-29 22:58:52.511 +05:30 [INF] Executed endpoint 'Portfolio_Management_System.Controllers.AdminController.GetRecentMessages (Portfolio Management System)'
2026-06-29 22:58:52.512 +05:30 [INF] Executed action Portfolio_Management_System.Controllers.AdminController.GetUnreadMessagesCount (Portfolio Management System) in 182.6667ms
2026-06-29 22:58:52.512 +05:30 [INF] Executed endpoint 'Portfolio_Management_System.Controllers.AdminController.GetUnreadMessagesCount (Portfolio Management System)'
2026-06-29 22:58:52.512 +05:30 [INF] HTTP GET /Admin/GetRecentMessages responded 200 in 229.5791 ms
2026-06-29 22:58:52.512 +05:30 [INF] HTTP GET /Admin/GetUnreadMessagesCount responded 200 in 256.9068 ms
2026-06-29 22:58:52.557 +05:30 [INF] Request finished HTTP/2 GET https://localhost:44341/Admin/GetUnreadMessagesCount - 200 null application/json; charset=utf-8 303.4828ms
2026-06-29 22:58:52.557 +05:30 [INF] Request finished HTTP/2 GET https://localhost:44341/Admin/GetRecentMessages - 200 null application/json; charset=utf-8 240.8669ms
2026-06-29 22:59:22.252 +05:30 [INF] Request starting HTTP/2 GET https://localhost:44341/Admin/GetUnreadMessagesCount - null null
2026-06-29 22:59:22.252 +05:30 [INF] Request starting HTTP/2 GET https://localhost:44341/Admin/GetRecentMessages - null null
2026-06-29 22:59:22.258 +05:30 [INF] Executing endpoint 'Portfolio_Management_System.Controllers.AdminController.GetRecentMessages (Portfolio Management System)'
2026-06-29 22:59:22.258 +05:30 [INF] Executing endpoint 'Portfolio_Management_System.Controllers.AdminController.GetUnreadMessagesCount (Portfolio Management System)'
2026-06-29 22:59:22.261 +05:30 [INF] Route matched with {action = "GetUnreadMessagesCount", controller = "Admin"}. Executing controller action with signature System.Threading.Tasks.Task`1[Microsoft.AspNetCore.Mvc.IActionResult] GetUnreadMessagesCount() on controller Portfolio_Management_System.Controllers.AdminController (Portfolio Management System).
2026-06-29 22:59:22.261 +05:30 [INF] Route matched with {action = "GetRecentMessages", controller = "Admin"}. Executing controller action with signature System.Threading.Tasks.Task`1[Microsoft.AspNetCore.Mvc.IActionResult] GetRecentMessages() on controller Portfolio_Management_System.Controllers.AdminController (Portfolio Management System).
2026-06-29 22:59:22.431 +05:30 [INF] Executing JsonResult, writing value of type 'System.Int32'.
2026-06-29 22:59:22.431 +05:30 [INF] Executing JsonResult, writing value of type 'System.Collections.Generic.List`1[[<>f__AnonymousType17`7[[System.Int32, System.Private.CoreLib, Version=9.0.0.0, Culture=neutral, PublicKeyToken=7cec85d7bea7798e],[System.String, System.Private.CoreLib, Version=9.0.0.0, Culture=neutral, PublicKeyToken=7cec85d7bea7798e],[System.String, System.Private.CoreLib, Version=9.0.0.0, Culture=neutral, PublicKeyToken=7cec85d7bea7798e],[System.String, System.Private.CoreLib, Version=9.0.0.0, Culture=neutral, PublicKeyToken=7cec85d7bea7798e],[System.String, System.Private.CoreLib, Version=9.0.0.0, Culture=neutral, PublicKeyToken=7cec85d7bea7798e],[System.Boolean, System.Private.CoreLib, Version=9.0.0.0, Culture=neutral, PublicKeyToken=7cec85d7bea7798e],[System.DateTime, System.Private.CoreLib, Version=9.0.0.0, Culture=neutral, PublicKeyToken=7cec85d7bea7798e]], Portfolio Management System, Version=1.0.0.0, Culture=neutral, PublicKeyToken=null]]'.
2026-06-29 22:59:22.434 +05:30 [INF] Executed action Portfolio_Management_System.Controllers.AdminController.GetRecentMessages (Portfolio Management System) in 171.8681ms
2026-06-29 22:59:22.434 +05:30 [INF] Executed action Portfolio_Management_System.Controllers.AdminController.GetUnreadMessagesCount (Portfolio Management System) in 172.3781ms
2026-06-29 22:59:22.434 +05:30 [INF] Executed endpoint 'Portfolio_Management_System.Controllers.AdminController.GetRecentMessages (Portfolio Management System)'
2026-06-29 22:59:22.434 +05:30 [INF] Executed endpoint 'Portfolio_Management_System.Controllers.AdminController.GetUnreadMessagesCount (Portfolio Management System)'
2026-06-29 22:59:22.434 +05:30 [INF] HTTP GET /Admin/GetRecentMessages responded 200 in 181.2476 ms
2026-06-29 22:59:22.434 +05:30 [INF] HTTP GET /Admin/GetUnreadMessagesCount responded 200 in 181.9827 ms
2026-06-29 22:59:22.434 +05:30 [INF] Request finished HTTP/2 GET https://localhost:44341/Admin/GetUnreadMessagesCount - 200 null application/json; charset=utf-8 182.4843ms
2026-06-29 22:59:22.434 +05:30 [INF] Request finished HTTP/2 GET https://localhost:44341/Admin/GetRecentMessages - 200 null application/json; charset=utf-8 181.8505ms
2026-06-29 22:59:52.249 +05:30 [INF] Request starting HTTP/2 GET https://localhost:44341/Admin/GetUnreadMessagesCount - null null
2026-06-29 22:59:52.250 +05:30 [INF] Request starting HTTP/2 GET https://localhost:44341/Admin/GetRecentMessages - null null
2026-06-29 22:59:52.251 +05:30 [INF] Executing endpoint 'Portfolio_Management_System.Controllers.AdminController.GetUnreadMessagesCount (Portfolio Management System)'
2026-06-29 22:59:52.256 +05:30 [INF] Route matched with {action = "GetUnreadMessagesCount", controller = "Admin"}. Executing controller action with signature System.Threading.Tasks.Task`1[Microsoft.AspNetCore.Mvc.IActionResult] GetUnreadMessagesCount() on controller Portfolio_Management_System.Controllers.AdminController (Portfolio Management System).
2026-06-29 22:59:52.256 +05:30 [INF] Executing endpoint 'Portfolio_Management_System.Controllers.AdminController.GetRecentMessages (Portfolio Management System)'
2026-06-29 22:59:52.260 +05:30 [INF] Route matched with {action = "GetRecentMessages", controller = "Admin"}. Executing controller action with signature System.Threading.Tasks.Task`1[Microsoft.AspNetCore.Mvc.IActionResult] GetRecentMessages() on controller Portfolio_Management_System.Controllers.AdminController (Portfolio Management System).
2026-06-29 22:59:52.428 +05:30 [INF] Executing JsonResult, writing value of type 'System.Int32'.
2026-06-29 22:59:52.429 +05:30 [INF] Executed action Portfolio_Management_System.Controllers.AdminController.GetUnreadMessagesCount (Portfolio Management System) in 168.9768ms
2026-06-29 22:59:52.429 +05:30 [INF] Executed endpoint 'Portfolio_Management_System.Controllers.AdminController.GetUnreadMessagesCount (Portfolio Management System)'
2026-06-29 22:59:52.430 +05:30 [INF] HTTP GET /Admin/GetUnreadMessagesCount responded 200 in 180.3464 ms
2026-06-29 22:59:52.430 +05:30 [INF] Executing JsonResult, writing value of type 'System.Collections.Generic.List`1[[<>f__AnonymousType17`7[[System.Int32, System.Private.CoreLib, Version=9.0.0.0, Culture=neutral, PublicKeyToken=7cec85d7bea7798e],[System.String, System.Private.CoreLib, Version=9.0.0.0, Culture=neutral, PublicKeyToken=7cec85d7bea7798e],[System.String, System.Private.CoreLib, Version=9.0.0.0, Culture=neutral, PublicKeyToken=7cec85d7bea7798e],[System.String, System.Private.CoreLib, Version=9.0.0.0, Culture=neutral, PublicKeyToken=7cec85d7bea7798e],[System.String, System.Private.CoreLib, Version=9.0.0.0, Culture=neutral, PublicKeyToken=7cec85d7bea7798e],[System.Boolean, System.Private.CoreLib, Version=9.0.0.0, Culture=neutral, PublicKeyToken=7cec85d7bea7798e],[System.DateTime, System.Private.CoreLib, Version=9.0.0.0, Culture=neutral, PublicKeyToken=7cec85d7bea7798e]], Portfolio Management System, Version=1.0.0.0, Culture=neutral, PublicKeyToken=null]]'.
2026-06-29 22:59:52.431 +05:30 [INF] Request finished HTTP/2 GET https://localhost:44341/Admin/GetUnreadMessagesCount - 200 null application/json; charset=utf-8 181.5404ms
2026-06-29 22:59:52.431 +05:30 [INF] Executed action Portfolio_Management_System.Controllers.AdminController.GetRecentMessages (Portfolio Management System) in 170.19ms
2026-06-29 22:59:52.431 +05:30 [INF] Executed endpoint 'Portfolio_Management_System.Controllers.AdminController.GetRecentMessages (Portfolio Management System)'
2026-06-29 22:59:52.431 +05:30 [INF] HTTP GET /Admin/GetRecentMessages responded 200 in 180.6917 ms
2026-06-29 22:59:52.432 +05:30 [INF] Request finished HTTP/2 GET https://localhost:44341/Admin/GetRecentMessages - 200 null application/json; charset=utf-8 182.0627ms
2026-06-29 23:00:22.238 +05:30 [INF] Request starting HTTP/2 GET https://localhost:44341/Admin/GetRecentMessages - null null
2026-06-29 23:00:22.238 +05:30 [INF] Executing endpoint 'Portfolio_Management_System.Controllers.AdminController.GetRecentMessages (Portfolio Management System)'
2026-06-29 23:00:22.238 +05:30 [INF] Route matched with {action = "GetRecentMessages", controller = "Admin"}. Executing controller action with signature System.Threading.Tasks.Task`1[Microsoft.AspNetCore.Mvc.IActionResult] GetRecentMessages() on controller Portfolio_Management_System.Controllers.AdminController (Portfolio Management System).
2026-06-29 23:00:22.239 +05:30 [INF] Request starting HTTP/2 GET https://localhost:44341/Admin/GetUnreadMessagesCount - null null
2026-06-29 23:00:22.240 +05:30 [INF] Executing endpoint 'Portfolio_Management_System.Controllers.AdminController.GetUnreadMessagesCount (Portfolio Management System)'
2026-06-29 23:00:22.240 +05:30 [INF] Route matched with {action = "GetUnreadMessagesCount", controller = "Admin"}. Executing controller action with signature System.Threading.Tasks.Task`1[Microsoft.AspNetCore.Mvc.IActionResult] GetUnreadMessagesCount() on controller Portfolio_Management_System.Controllers.AdminController (Portfolio Management System).
2026-06-29 23:00:22.415 +05:30 [INF] Executing JsonResult, writing value of type 'System.Collections.Generic.List`1[[<>f__AnonymousType17`7[[System.Int32, System.Private.CoreLib, Version=9.0.0.0, Culture=neutral, PublicKeyToken=7cec85d7bea7798e],[System.String, System.Private.CoreLib, Version=9.0.0.0, Culture=neutral, PublicKeyToken=7cec85d7bea7798e],[System.String, System.Private.CoreLib, Version=9.0.0.0, Culture=neutral, PublicKeyToken=7cec85d7bea7798e],[System.String, System.Private.CoreLib, Version=9.0.0.0, Culture=neutral, PublicKeyToken=7cec85d7bea7798e],[System.String, System.Private.CoreLib, Version=9.0.0.0, Culture=neutral, PublicKeyToken=7cec85d7bea7798e],[System.Boolean, System.Private.CoreLib, Version=9.0.0.0, Culture=neutral, PublicKeyToken=7cec85d7bea7798e],[System.DateTime, System.Private.CoreLib, Version=9.0.0.0, Culture=neutral, PublicKeyToken=7cec85d7bea7798e]], Portfolio Management System, Version=1.0.0.0, Culture=neutral, PublicKeyToken=null]]'.
2026-06-29 23:00:22.423 +05:30 [INF] Executing JsonResult, writing value of type 'System.Int32'.
2026-06-29 23:00:22.428 +05:30 [INF] Executed action Portfolio_Management_System.Controllers.AdminController.GetRecentMessages (Portfolio Management System) in 189.5932ms
2026-06-29 23:00:22.428 +05:30 [INF] Executed action Portfolio_Management_System.Controllers.AdminController.GetUnreadMessagesCount (Portfolio Management System) in 188.0633ms
2026-06-29 23:00:22.428 +05:30 [INF] Executed endpoint 'Portfolio_Management_System.Controllers.AdminController.GetRecentMessages (Portfolio Management System)'
2026-06-29 23:00:22.428 +05:30 [INF] Executed endpoint 'Portfolio_Management_System.Controllers.AdminController.GetUnreadMessagesCount (Portfolio Management System)'
2026-06-29 23:00:22.428 +05:30 [INF] HTTP GET /Admin/GetUnreadMessagesCount responded 200 in 188.7044 ms
2026-06-29 23:00:22.429 +05:30 [INF] Request finished HTTP/2 GET https://localhost:44341/Admin/GetUnreadMessagesCount - 200 null application/json; charset=utf-8 189.4559ms
2026-06-29 23:00:22.428 +05:30 [INF] HTTP GET /Admin/GetRecentMessages responded 200 in 190.1476 ms
2026-06-29 23:00:22.430 +05:30 [INF] Request finished HTTP/2 GET https://localhost:44341/Admin/GetRecentMessages - 200 null application/json; charset=utf-8 191.8838ms
2026-06-29 23:00:52.316 +05:30 [INF] Request starting HTTP/2 GET https://localhost:44341/Admin/GetRecentMessages - null null
2026-06-29 23:00:52.316 +05:30 [INF] Request starting HTTP/2 GET https://localhost:44341/Admin/GetUnreadMessagesCount - null null
2026-06-29 23:00:52.319 +05:30 [INF] Executing endpoint 'Portfolio_Management_System.Controllers.AdminController.GetRecentMessages (Portfolio Management System)'
2026-06-29 23:00:52.319 +05:30 [INF] Executing endpoint 'Portfolio_Management_System.Controllers.AdminController.GetUnreadMessagesCount (Portfolio Management System)'
2026-06-29 23:00:52.320 +05:30 [INF] Route matched with {action = "GetUnreadMessagesCount", controller = "Admin"}. Executing controller action with signature System.Threading.Tasks.Task`1[Microsoft.AspNetCore.Mvc.IActionResult] GetUnreadMessagesCount() on controller Portfolio_Management_System.Controllers.AdminController (Portfolio Management System).
2026-06-29 23:00:52.320 +05:30 [INF] Route matched with {action = "GetRecentMessages", controller = "Admin"}. Executing controller action with signature System.Threading.Tasks.Task`1[Microsoft.AspNetCore.Mvc.IActionResult] GetRecentMessages() on controller Portfolio_Management_System.Controllers.AdminController (Portfolio Management System).
2026-06-29 23:00:52.491 +05:30 [INF] Executing JsonResult, writing value of type 'System.Int32'.
2026-06-29 23:00:52.491 +05:30 [INF] Executing JsonResult, writing value of type 'System.Collections.Generic.List`1[[<>f__AnonymousType17`7[[System.Int32, System.Private.CoreLib, Version=9.0.0.0, Culture=neutral, PublicKeyToken=7cec85d7bea7798e],[System.String, System.Private.CoreLib, Version=9.0.0.0, Culture=neutral, PublicKeyToken=7cec85d7bea7798e],[System.String, System.Private.CoreLib, Version=9.0.0.0, Culture=neutral, PublicKeyToken=7cec85d7bea7798e],[System.String, System.Private.CoreLib, Version=9.0.0.0, Culture=neutral, PublicKeyToken=7cec85d7bea7798e],[System.String, System.Private.CoreLib, Version=9.0.0.0, Culture=neutral, PublicKeyToken=7cec85d7bea7798e],[System.Boolean, System.Private.CoreLib, Version=9.0.0.0, Culture=neutral, PublicKeyToken=7cec85d7bea7798e],[System.DateTime, System.Private.CoreLib, Version=9.0.0.0, Culture=neutral, PublicKeyToken=7cec85d7bea7798e]], Portfolio Management System, Version=1.0.0.0, Culture=neutral, PublicKeyToken=null]]'.
2026-06-29 23:00:52.492 +05:30 [INF] Executed action Portfolio_Management_System.Controllers.AdminController.GetRecentMessages (Portfolio Management System) in 171.8596ms
2026-06-29 23:00:52.492 +05:30 [INF] Executed endpoint 'Portfolio_Management_System.Controllers.AdminController.GetRecentMessages (Portfolio Management System)'
2026-06-29 23:00:52.492 +05:30 [INF] HTTP GET /Admin/GetRecentMessages responded 200 in 175.5438 ms
2026-06-29 23:00:52.493 +05:30 [INF] Request finished HTTP/2 GET https://localhost:44341/Admin/GetRecentMessages - 200 null application/json; charset=utf-8 237.1632ms
2026-06-29 23:00:52.495 +05:30 [INF] Executed action Portfolio_Management_System.Controllers.AdminController.GetUnreadMessagesCount (Portfolio Management System) in 174.4828ms
2026-06-29 23:00:52.495 +05:30 [INF] Executed endpoint 'Portfolio_Management_System.Controllers.AdminController.GetUnreadMessagesCount (Portfolio Management System)'
2026-06-29 23:00:52.495 +05:30 [INF] HTTP GET /Admin/GetUnreadMessagesCount responded 200 in 178.0342 ms
2026-06-29 23:00:52.495 +05:30 [INF] Request finished HTTP/2 GET https://localhost:44341/Admin/GetUnreadMessagesCount - 200 null application/json; charset=utf-8 239.6197ms
2026-06-29 23:01:22.241 +05:30 [INF] Request starting HTTP/2 GET https://localhost:44341/Admin/GetUnreadMessagesCount - null null
2026-06-29 23:01:22.242 +05:30 [INF] Request starting HTTP/2 GET https://localhost:44341/Admin/GetRecentMessages - null null
2026-06-29 23:01:22.242 +05:30 [INF] Executing endpoint 'Portfolio_Management_System.Controllers.AdminController.GetUnreadMessagesCount (Portfolio Management System)'
2026-06-29 23:01:22.242 +05:30 [INF] Route matched with {action = "GetUnreadMessagesCount", controller = "Admin"}. Executing controller action with signature System.Threading.Tasks.Task`1[Microsoft.AspNetCore.Mvc.IActionResult] GetUnreadMessagesCount() on controller Portfolio_Management_System.Controllers.AdminController (Portfolio Management System).
2026-06-29 23:01:22.244 +05:30 [INF] Executing endpoint 'Portfolio_Management_System.Controllers.AdminController.GetRecentMessages (Portfolio Management System)'
2026-06-29 23:01:22.244 +05:30 [INF] Route matched with {action = "GetRecentMessages", controller = "Admin"}. Executing controller action with signature System.Threading.Tasks.Task`1[Microsoft.AspNetCore.Mvc.IActionResult] GetRecentMessages() on controller Portfolio_Management_System.Controllers.AdminController (Portfolio Management System).
2026-06-29 23:01:22.438 +05:30 [INF] Executing JsonResult, writing value of type 'System.Collections.Generic.List`1[[<>f__AnonymousType17`7[[System.Int32, System.Private.CoreLib, Version=9.0.0.0, Culture=neutral, PublicKeyToken=7cec85d7bea7798e],[System.String, System.Private.CoreLib, Version=9.0.0.0, Culture=neutral, PublicKeyToken=7cec85d7bea7798e],[System.String, System.Private.CoreLib, Version=9.0.0.0, Culture=neutral, PublicKeyToken=7cec85d7bea7798e],[System.String, System.Private.CoreLib, Version=9.0.0.0, Culture=neutral, PublicKeyToken=7cec85d7bea7798e],[System.String, System.Private.CoreLib, Version=9.0.0.0, Culture=neutral, PublicKeyToken=7cec85d7bea7798e],[System.Boolean, System.Private.CoreLib, Version=9.0.0.0, Culture=neutral, PublicKeyToken=7cec85d7bea7798e],[System.DateTime, System.Private.CoreLib, Version=9.0.0.0, Culture=neutral, PublicKeyToken=7cec85d7bea7798e]], Portfolio Management System, Version=1.0.0.0, Culture=neutral, PublicKeyToken=null]]'.
2026-06-29 23:01:22.465 +05:30 [INF] Executing JsonResult, writing value of type 'System.Int32'.
2026-06-29 23:01:22.470 +05:30 [INF] Executed action Portfolio_Management_System.Controllers.AdminController.GetRecentMessages (Portfolio Management System) in 226.4422ms
2026-06-29 23:01:22.470 +05:30 [INF] Executed endpoint 'Portfolio_Management_System.Controllers.AdminController.GetRecentMessages (Portfolio Management System)'
2026-06-29 23:01:22.470 +05:30 [INF] HTTP GET /Admin/GetRecentMessages responded 200 in 228.1897 ms
2026-06-29 23:01:22.471 +05:30 [INF] Executed action Portfolio_Management_System.Controllers.AdminController.GetUnreadMessagesCount (Portfolio Management System) in 228.0077ms
2026-06-29 23:01:22.471 +05:30 [INF] Executed endpoint 'Portfolio_Management_System.Controllers.AdminController.GetUnreadMessagesCount (Portfolio Management System)'
2026-06-29 23:01:22.471 +05:30 [INF] Request finished HTTP/2 GET https://localhost:44341/Admin/GetRecentMessages - 200 null application/json; charset=utf-8 228.6786ms
2026-06-29 23:01:22.471 +05:30 [INF] HTTP GET /Admin/GetUnreadMessagesCount responded 200 in 229.1606 ms
2026-06-29 23:01:22.471 +05:30 [INF] Request finished HTTP/2 GET https://localhost:44341/Admin/GetUnreadMessagesCount - 200 null application/json; charset=utf-8 229.6713ms
2026-06-29 23:01:52.251 +05:30 [INF] Request starting HTTP/2 GET https://localhost:44341/Admin/GetUnreadMessagesCount - null null
2026-06-29 23:01:52.252 +05:30 [INF] Executing endpoint 'Portfolio_Management_System.Controllers.AdminController.GetUnreadMessagesCount (Portfolio Management System)'
2026-06-29 23:01:52.252 +05:30 [INF] Route matched with {action = "GetUnreadMessagesCount", controller = "Admin"}. Executing controller action with signature System.Threading.Tasks.Task`1[Microsoft.AspNetCore.Mvc.IActionResult] GetUnreadMessagesCount() on controller Portfolio_Management_System.Controllers.AdminController (Portfolio Management System).
2026-06-29 23:01:52.252 +05:30 [INF] Request starting HTTP/2 GET https://localhost:44341/Admin/GetRecentMessages - null null
2026-06-29 23:01:52.253 +05:30 [INF] Executing endpoint 'Portfolio_Management_System.Controllers.AdminController.GetRecentMessages (Portfolio Management System)'
2026-06-29 23:01:52.253 +05:30 [INF] Route matched with {action = "GetRecentMessages", controller = "Admin"}. Executing controller action with signature System.Threading.Tasks.Task`1[Microsoft.AspNetCore.Mvc.IActionResult] GetRecentMessages() on controller Portfolio_Management_System.Controllers.AdminController (Portfolio Management System).
2026-06-29 23:01:52.420 +05:30 [INF] Executing JsonResult, writing value of type 'System.Int32'.
2026-06-29 23:01:52.421 +05:30 [INF] Executed action Portfolio_Management_System.Controllers.AdminController.GetUnreadMessagesCount (Portfolio Management System) in 168.496ms
2026-06-29 23:01:52.421 +05:30 [INF] Executed endpoint 'Portfolio_Management_System.Controllers.AdminController.GetUnreadMessagesCount (Portfolio Management System)'
2026-06-29 23:01:52.421 +05:30 [INF] HTTP GET /Admin/GetUnreadMessagesCount responded 200 in 169.4891 ms
2026-06-29 23:01:52.421 +05:30 [INF] Request finished HTTP/2 GET https://localhost:44341/Admin/GetUnreadMessagesCount - 200 null application/json; charset=utf-8 169.9023ms
2026-06-29 23:01:52.422 +05:30 [INF] Executing JsonResult, writing value of type 'System.Collections.Generic.List`1[[<>f__AnonymousType17`7[[System.Int32, System.Private.CoreLib, Version=9.0.0.0, Culture=neutral, PublicKeyToken=7cec85d7bea7798e],[System.String, System.Private.CoreLib, Version=9.0.0.0, Culture=neutral, PublicKeyToken=7cec85d7bea7798e],[System.String, System.Private.CoreLib, Version=9.0.0.0, Culture=neutral, PublicKeyToken=7cec85d7bea7798e],[System.String, System.Private.CoreLib, Version=9.0.0.0, Culture=neutral, PublicKeyToken=7cec85d7bea7798e],[System.String, System.Private.CoreLib, Version=9.0.0.0, Culture=neutral, PublicKeyToken=7cec85d7bea7798e],[System.Boolean, System.Private.CoreLib, Version=9.0.0.0, Culture=neutral, PublicKeyToken=7cec85d7bea7798e],[System.DateTime, System.Private.CoreLib, Version=9.0.0.0, Culture=neutral, PublicKeyToken=7cec85d7bea7798e]], Portfolio Management System, Version=1.0.0.0, Culture=neutral, PublicKeyToken=null]]'.
2026-06-29 23:01:52.423 +05:30 [INF] Executed action Portfolio_Management_System.Controllers.AdminController.GetRecentMessages (Portfolio Management System) in 169.8656ms
2026-06-29 23:01:52.423 +05:30 [INF] Executed endpoint 'Portfolio_Management_System.Controllers.AdminController.GetRecentMessages (Portfolio Management System)'
2026-06-29 23:01:52.423 +05:30 [INF] HTTP GET /Admin/GetRecentMessages responded 200 in 170.5676 ms
2026-06-29 23:01:52.423 +05:30 [INF] Request finished HTTP/2 GET https://localhost:44341/Admin/GetRecentMessages - 200 null application/json; charset=utf-8 171.2513ms
2026-06-29 23:02:22.252 +05:30 [INF] Request starting HTTP/2 GET https://localhost:44341/Admin/GetUnreadMessagesCount - null null
2026-06-29 23:02:22.252 +05:30 [INF] Executing endpoint 'Portfolio_Management_System.Controllers.AdminController.GetUnreadMessagesCount (Portfolio Management System)'
2026-06-29 23:02:22.252 +05:30 [INF] Route matched with {action = "GetUnreadMessagesCount", controller = "Admin"}. Executing controller action with signature System.Threading.Tasks.Task`1[Microsoft.AspNetCore.Mvc.IActionResult] GetUnreadMessagesCount() on controller Portfolio_Management_System.Controllers.AdminController (Portfolio Management System).
2026-06-29 23:02:22.253 +05:30 [INF] Request starting HTTP/2 GET https://localhost:44341/Admin/GetRecentMessages - null null
2026-06-29 23:02:22.257 +05:30 [INF] Executing endpoint 'Portfolio_Management_System.Controllers.AdminController.GetRecentMessages (Portfolio Management System)'
2026-06-29 23:02:22.263 +05:30 [INF] Route matched with {action = "GetRecentMessages", controller = "Admin"}. Executing controller action with signature System.Threading.Tasks.Task`1[Microsoft.AspNetCore.Mvc.IActionResult] GetRecentMessages() on controller Portfolio_Management_System.Controllers.AdminController (Portfolio Management System).
2026-06-29 23:02:22.421 +05:30 [INF] Executing JsonResult, writing value of type 'System.Int32'.
2026-06-29 23:02:22.422 +05:30 [INF] Executed action Portfolio_Management_System.Controllers.AdminController.GetUnreadMessagesCount (Portfolio Management System) in 169.3299ms
2026-06-29 23:02:22.422 +05:30 [INF] Executed endpoint 'Portfolio_Management_System.Controllers.AdminController.GetUnreadMessagesCount (Portfolio Management System)'
2026-06-29 23:02:22.423 +05:30 [INF] HTTP GET /Admin/GetUnreadMessagesCount responded 200 in 170.6891 ms
2026-06-29 23:02:22.423 +05:30 [INF] Request finished HTTP/2 GET https://localhost:44341/Admin/GetUnreadMessagesCount - 200 null application/json; charset=utf-8 172.0451ms
2026-06-29 23:02:22.439 +05:30 [INF] Executing JsonResult, writing value of type 'System.Collections.Generic.List`1[[<>f__AnonymousType17`7[[System.Int32, System.Private.CoreLib, Version=9.0.0.0, Culture=neutral, PublicKeyToken=7cec85d7bea7798e],[System.String, System.Private.CoreLib, Version=9.0.0.0, Culture=neutral, PublicKeyToken=7cec85d7bea7798e],[System.String, System.Private.CoreLib, Version=9.0.0.0, Culture=neutral, PublicKeyToken=7cec85d7bea7798e],[System.String, System.Private.CoreLib, Version=9.0.0.0, Culture=neutral, PublicKeyToken=7cec85d7bea7798e],[System.String, System.Private.CoreLib, Version=9.0.0.0, Culture=neutral, PublicKeyToken=7cec85d7bea7798e],[System.Boolean, System.Private.CoreLib, Version=9.0.0.0, Culture=neutral, PublicKeyToken=7cec85d7bea7798e],[System.DateTime, System.Private.CoreLib, Version=9.0.0.0, Culture=neutral, PublicKeyToken=7cec85d7bea7798e]], Portfolio Management System, Version=1.0.0.0, Culture=neutral, PublicKeyToken=null]]'.
2026-06-29 23:02:22.440 +05:30 [INF] Executed action Portfolio_Management_System.Controllers.AdminController.GetRecentMessages (Portfolio Management System) in 176.3823ms
2026-06-29 23:02:22.440 +05:30 [INF] Executed endpoint 'Portfolio_Management_System.Controllers.AdminController.GetRecentMessages (Portfolio Management System)'
2026-06-29 23:02:22.440 +05:30 [INF] HTTP GET /Admin/GetRecentMessages responded 200 in 187.2196 ms
2026-06-29 23:02:22.441 +05:30 [INF] Request finished HTTP/2 GET https://localhost:44341/Admin/GetRecentMessages - 200 null application/json; charset=utf-8 187.8545ms
2026-06-29 23:02:52.254 +05:30 [INF] Request starting HTTP/2 GET https://localhost:44341/Admin/GetRecentMessages - null null
2026-06-29 23:02:52.254 +05:30 [INF] Request starting HTTP/2 GET https://localhost:44341/Admin/GetUnreadMessagesCount - null null
2026-06-29 23:02:52.255 +05:30 [INF] Executing endpoint 'Portfolio_Management_System.Controllers.AdminController.GetUnreadMessagesCount (Portfolio Management System)'
2026-06-29 23:02:52.255 +05:30 [INF] Route matched with {action = "GetUnreadMessagesCount", controller = "Admin"}. Executing controller action with signature System.Threading.Tasks.Task`1[Microsoft.AspNetCore.Mvc.IActionResult] GetUnreadMessagesCount() on controller Portfolio_Management_System.Controllers.AdminController (Portfolio Management System).
2026-06-29 23:02:52.255 +05:30 [INF] Executing endpoint 'Portfolio_Management_System.Controllers.AdminController.GetRecentMessages (Portfolio Management System)'
2026-06-29 23:02:52.255 +05:30 [INF] Route matched with {action = "GetRecentMessages", controller = "Admin"}. Executing controller action with signature System.Threading.Tasks.Task`1[Microsoft.AspNetCore.Mvc.IActionResult] GetRecentMessages() on controller Portfolio_Management_System.Controllers.AdminController (Portfolio Management System).
2026-06-29 23:02:52.442 +05:30 [INF] Executing JsonResult, writing value of type 'System.Collections.Generic.List`1[[<>f__AnonymousType17`7[[System.Int32, System.Private.CoreLib, Version=9.0.0.0, Culture=neutral, PublicKeyToken=7cec85d7bea7798e],[System.String, System.Private.CoreLib, Version=9.0.0.0, Culture=neutral, PublicKeyToken=7cec85d7bea7798e],[System.String, System.Private.CoreLib, Version=9.0.0.0, Culture=neutral, PublicKeyToken=7cec85d7bea7798e],[System.String, System.Private.CoreLib, Version=9.0.0.0, Culture=neutral, PublicKeyToken=7cec85d7bea7798e],[System.String, System.Private.CoreLib, Version=9.0.0.0, Culture=neutral, PublicKeyToken=7cec85d7bea7798e],[System.Boolean, System.Private.CoreLib, Version=9.0.0.0, Culture=neutral, PublicKeyToken=7cec85d7bea7798e],[System.DateTime, System.Private.CoreLib, Version=9.0.0.0, Culture=neutral, PublicKeyToken=7cec85d7bea7798e]], Portfolio Management System, Version=1.0.0.0, Culture=neutral, PublicKeyToken=null]]'.
2026-06-29 23:02:52.446 +05:30 [INF] Executing JsonResult, writing value of type 'System.Int32'.
2026-06-29 23:02:52.447 +05:30 [INF] Executed action Portfolio_Management_System.Controllers.AdminController.GetRecentMessages (Portfolio Management System) in 191.9179ms
2026-06-29 23:02:52.447 +05:30 [INF] Executed endpoint 'Portfolio_Management_System.Controllers.AdminController.GetRecentMessages (Portfolio Management System)'
2026-06-29 23:02:52.447 +05:30 [INF] HTTP GET /Admin/GetRecentMessages responded 200 in 192.8706 ms
2026-06-29 23:02:52.458 +05:30 [INF] Request finished HTTP/2 GET https://localhost:44341/Admin/GetRecentMessages - 200 null application/json; charset=utf-8 204.9173ms
2026-06-29 23:02:52.459 +05:30 [INF] Executed action Portfolio_Management_System.Controllers.AdminController.GetUnreadMessagesCount (Portfolio Management System) in 203.7423ms
2026-06-29 23:02:52.459 +05:30 [INF] Executed endpoint 'Portfolio_Management_System.Controllers.AdminController.GetUnreadMessagesCount (Portfolio Management System)'
2026-06-29 23:02:52.459 +05:30 [INF] HTTP GET /Admin/GetUnreadMessagesCount responded 200 in 204.3624 ms
2026-06-29 23:02:52.461 +05:30 [INF] Request finished HTTP/2 GET https://localhost:44341/Admin/GetUnreadMessagesCount - 200 null application/json; charset=utf-8 206.9069ms
2026-06-29 23:03:22.254 +05:30 [INF] Request starting HTTP/2 GET https://localhost:44341/Admin/GetUnreadMessagesCount - null null
2026-06-29 23:03:22.255 +05:30 [INF] Request starting HTTP/2 GET https://localhost:44341/Admin/GetRecentMessages - null null
2026-06-29 23:03:22.312 +05:30 [INF] Executing endpoint 'Portfolio_Management_System.Controllers.AdminController.GetUnreadMessagesCount (Portfolio Management System)'
2026-06-29 23:03:22.312 +05:30 [INF] Executing endpoint 'Portfolio_Management_System.Controllers.AdminController.GetRecentMessages (Portfolio Management System)'
2026-06-29 23:03:22.312 +05:30 [INF] Route matched with {action = "GetUnreadMessagesCount", controller = "Admin"}. Executing controller action with signature System.Threading.Tasks.Task`1[Microsoft.AspNetCore.Mvc.IActionResult] GetUnreadMessagesCount() on controller Portfolio_Management_System.Controllers.AdminController (Portfolio Management System).
2026-06-29 23:03:22.312 +05:30 [INF] Route matched with {action = "GetRecentMessages", controller = "Admin"}. Executing controller action with signature System.Threading.Tasks.Task`1[Microsoft.AspNetCore.Mvc.IActionResult] GetRecentMessages() on controller Portfolio_Management_System.Controllers.AdminController (Portfolio Management System).
2026-06-29 23:03:22.480 +05:30 [INF] Executing JsonResult, writing value of type 'System.Int32'.
2026-06-29 23:03:22.480 +05:30 [INF] Executed action Portfolio_Management_System.Controllers.AdminController.GetUnreadMessagesCount (Portfolio Management System) in 168.2643ms
2026-06-29 23:03:22.481 +05:30 [INF] Executed endpoint 'Portfolio_Management_System.Controllers.AdminController.GetUnreadMessagesCount (Portfolio Management System)'
2026-06-29 23:03:22.487 +05:30 [INF] HTTP GET /Admin/GetUnreadMessagesCount responded 200 in 175.4393 ms
2026-06-29 23:03:22.516 +05:30 [INF] Request finished HTTP/2 GET https://localhost:44341/Admin/GetUnreadMessagesCount - 200 null application/json; charset=utf-8 262.6239ms
2026-06-29 23:03:22.517 +05:30 [INF] Executing JsonResult, writing value of type 'System.Collections.Generic.List`1[[<>f__AnonymousType17`7[[System.Int32, System.Private.CoreLib, Version=9.0.0.0, Culture=neutral, PublicKeyToken=7cec85d7bea7798e],[System.String, System.Private.CoreLib, Version=9.0.0.0, Culture=neutral, PublicKeyToken=7cec85d7bea7798e],[System.String, System.Private.CoreLib, Version=9.0.0.0, Culture=neutral, PublicKeyToken=7cec85d7bea7798e],[System.String, System.Private.CoreLib, Version=9.0.0.0, Culture=neutral, PublicKeyToken=7cec85d7bea7798e],[System.String, System.Private.CoreLib, Version=9.0.0.0, Culture=neutral, PublicKeyToken=7cec85d7bea7798e],[System.Boolean, System.Private.CoreLib, Version=9.0.0.0, Culture=neutral, PublicKeyToken=7cec85d7bea7798e],[System.DateTime, System.Private.CoreLib, Version=9.0.0.0, Culture=neutral, PublicKeyToken=7cec85d7bea7798e]], Portfolio Management System, Version=1.0.0.0, Culture=neutral, PublicKeyToken=null]]'.
2026-06-29 23:03:22.519 +05:30 [INF] Executed action Portfolio_Management_System.Controllers.AdminController.GetRecentMessages (Portfolio Management System) in 207.1445ms
2026-06-29 23:03:22.519 +05:30 [INF] Executed endpoint 'Portfolio_Management_System.Controllers.AdminController.GetRecentMessages (Portfolio Management System)'
2026-06-29 23:03:22.520 +05:30 [INF] HTTP GET /Admin/GetRecentMessages responded 200 in 208.9844 ms
2026-06-29 23:03:22.521 +05:30 [INF] Request finished HTTP/2 GET https://localhost:44341/Admin/GetRecentMessages - 200 null application/json; charset=utf-8 266.244ms
2026-06-29 23:03:52.289 +05:30 [INF] Request starting HTTP/2 GET https://localhost:44341/Admin/GetUnreadMessagesCount - null null
2026-06-29 23:03:52.290 +05:30 [INF] Executing endpoint 'Portfolio_Management_System.Controllers.AdminController.GetUnreadMessagesCount (Portfolio Management System)'
2026-06-29 23:03:52.291 +05:30 [INF] Route matched with {action = "GetUnreadMessagesCount", controller = "Admin"}. Executing controller action with signature System.Threading.Tasks.Task`1[Microsoft.AspNetCore.Mvc.IActionResult] GetUnreadMessagesCount() on controller Portfolio_Management_System.Controllers.AdminController (Portfolio Management System).
2026-06-29 23:03:52.295 +05:30 [INF] Request starting HTTP/2 GET https://localhost:44341/Admin/GetRecentMessages - null null
2026-06-29 23:03:52.295 +05:30 [INF] Executing endpoint 'Portfolio_Management_System.Controllers.AdminController.GetRecentMessages (Portfolio Management System)'
2026-06-29 23:03:52.295 +05:30 [INF] Route matched with {action = "GetRecentMessages", controller = "Admin"}. Executing controller action with signature System.Threading.Tasks.Task`1[Microsoft.AspNetCore.Mvc.IActionResult] GetRecentMessages() on controller Portfolio_Management_System.Controllers.AdminController (Portfolio Management System).
2026-06-29 23:03:52.489 +05:30 [INF] Executing JsonResult, writing value of type 'System.Int32'.
2026-06-29 23:03:52.489 +05:30 [INF] Executed action Portfolio_Management_System.Controllers.AdminController.GetUnreadMessagesCount (Portfolio Management System) in 198.3108ms
2026-06-29 23:03:52.490 +05:30 [INF] Executed endpoint 'Portfolio_Management_System.Controllers.AdminController.GetUnreadMessagesCount (Portfolio Management System)'
2026-06-29 23:03:52.490 +05:30 [INF] HTTP GET /Admin/GetUnreadMessagesCount responded 200 in 200.3233 ms
2026-06-29 23:03:52.490 +05:30 [INF] Request finished HTTP/2 GET https://localhost:44341/Admin/GetUnreadMessagesCount - 200 null application/json; charset=utf-8 203.2848ms
2026-06-29 23:03:52.566 +05:30 [INF] Executing JsonResult, writing value of type 'System.Collections.Generic.List`1[[<>f__AnonymousType17`7[[System.Int32, System.Private.CoreLib, Version=9.0.0.0, Culture=neutral, PublicKeyToken=7cec85d7bea7798e],[System.String, System.Private.CoreLib, Version=9.0.0.0, Culture=neutral, PublicKeyToken=7cec85d7bea7798e],[System.String, System.Private.CoreLib, Version=9.0.0.0, Culture=neutral, PublicKeyToken=7cec85d7bea7798e],[System.String, System.Private.CoreLib, Version=9.0.0.0, Culture=neutral, PublicKeyToken=7cec85d7bea7798e],[System.String, System.Private.CoreLib, Version=9.0.0.0, Culture=neutral, PublicKeyToken=7cec85d7bea7798e],[System.Boolean, System.Private.CoreLib, Version=9.0.0.0, Culture=neutral, PublicKeyToken=7cec85d7bea7798e],[System.DateTime, System.Private.CoreLib, Version=9.0.0.0, Culture=neutral, PublicKeyToken=7cec85d7bea7798e]], Portfolio Management System, Version=1.0.0.0, Culture=neutral, PublicKeyToken=null]]'.
2026-06-29 23:03:52.567 +05:30 [INF] Executed action Portfolio_Management_System.Controllers.AdminController.GetRecentMessages (Portfolio Management System) in 272.2582ms
2026-06-29 23:03:52.568 +05:30 [INF] Executed endpoint 'Portfolio_Management_System.Controllers.AdminController.GetRecentMessages (Portfolio Management System)'
2026-06-29 23:03:52.568 +05:30 [INF] HTTP GET /Admin/GetRecentMessages responded 200 in 272.8449 ms
2026-06-29 23:03:52.578 +05:30 [INF] Request finished HTTP/2 GET https://localhost:44341/Admin/GetRecentMessages - 200 null application/json; charset=utf-8 284.8602ms
2026-06-29 23:04:22.247 +05:30 [INF] Request starting HTTP/2 GET https://localhost:44341/Admin/GetRecentMessages - null null
2026-06-29 23:04:22.248 +05:30 [INF] Request starting HTTP/2 GET https://localhost:44341/Admin/GetUnreadMessagesCount - null null
2026-06-29 23:04:22.248 +05:30 [INF] Executing endpoint 'Portfolio_Management_System.Controllers.AdminController.GetUnreadMessagesCount (Portfolio Management System)'
2026-06-29 23:04:22.248 +05:30 [INF] Executing endpoint 'Portfolio_Management_System.Controllers.AdminController.GetRecentMessages (Portfolio Management System)'
2026-06-29 23:04:22.248 +05:30 [INF] Route matched with {action = "GetRecentMessages", controller = "Admin"}. Executing controller action with signature System.Threading.Tasks.Task`1[Microsoft.AspNetCore.Mvc.IActionResult] GetRecentMessages() on controller Portfolio_Management_System.Controllers.AdminController (Portfolio Management System).
2026-06-29 23:04:22.248 +05:30 [INF] Route matched with {action = "GetUnreadMessagesCount", controller = "Admin"}. Executing controller action with signature System.Threading.Tasks.Task`1[Microsoft.AspNetCore.Mvc.IActionResult] GetUnreadMessagesCount() on controller Portfolio_Management_System.Controllers.AdminController (Portfolio Management System).
2026-06-29 23:04:22.416 +05:30 [INF] Executing JsonResult, writing value of type 'System.Collections.Generic.List`1[[<>f__AnonymousType17`7[[System.Int32, System.Private.CoreLib, Version=9.0.0.0, Culture=neutral, PublicKeyToken=7cec85d7bea7798e],[System.String, System.Private.CoreLib, Version=9.0.0.0, Culture=neutral, PublicKeyToken=7cec85d7bea7798e],[System.String, System.Private.CoreLib, Version=9.0.0.0, Culture=neutral, PublicKeyToken=7cec85d7bea7798e],[System.String, System.Private.CoreLib, Version=9.0.0.0, Culture=neutral, PublicKeyToken=7cec85d7bea7798e],[System.String, System.Private.CoreLib, Version=9.0.0.0, Culture=neutral, PublicKeyToken=7cec85d7bea7798e],[System.Boolean, System.Private.CoreLib, Version=9.0.0.0, Culture=neutral, PublicKeyToken=7cec85d7bea7798e],[System.DateTime, System.Private.CoreLib, Version=9.0.0.0, Culture=neutral, PublicKeyToken=7cec85d7bea7798e]], Portfolio Management System, Version=1.0.0.0, Culture=neutral, PublicKeyToken=null]]'.
2026-06-29 23:04:22.416 +05:30 [INF] Executing JsonResult, writing value of type 'System.Int32'.
2026-06-29 23:04:22.417 +05:30 [INF] Executed action Portfolio_Management_System.Controllers.AdminController.GetRecentMessages (Portfolio Management System) in 168.8471ms
2026-06-29 23:04:22.417 +05:30 [INF] Executed action Portfolio_Management_System.Controllers.AdminController.GetUnreadMessagesCount (Portfolio Management System) in 168.7866ms
2026-06-29 23:04:22.417 +05:30 [INF] Executed endpoint 'Portfolio_Management_System.Controllers.AdminController.GetRecentMessages (Portfolio Management System)'
2026-06-29 23:04:22.417 +05:30 [INF] Executed endpoint 'Portfolio_Management_System.Controllers.AdminController.GetUnreadMessagesCount (Portfolio Management System)'
2026-06-29 23:04:22.417 +05:30 [INF] HTTP GET /Admin/GetUnreadMessagesCount responded 200 in 169.4969 ms
2026-06-29 23:04:22.417 +05:30 [INF] HTTP GET /Admin/GetRecentMessages responded 200 in 169.5593 ms
2026-06-29 23:04:22.418 +05:30 [INF] Request finished HTTP/2 GET https://localhost:44341/Admin/GetRecentMessages - 200 null application/json; charset=utf-8 171.0962ms
2026-06-29 23:04:22.418 +05:30 [INF] Request finished HTTP/2 GET https://localhost:44341/Admin/GetUnreadMessagesCount - 200 null application/json; charset=utf-8 171.0908ms
2026-06-29 23:04:52.248 +05:30 [INF] Request starting HTTP/2 GET https://localhost:44341/Admin/GetRecentMessages - null null
2026-06-29 23:04:52.248 +05:30 [INF] Request starting HTTP/2 GET https://localhost:44341/Admin/GetUnreadMessagesCount - null null
2026-06-29 23:04:52.250 +05:30 [INF] Executing endpoint 'Portfolio_Management_System.Controllers.AdminController.GetRecentMessages (Portfolio Management System)'
2026-06-29 23:04:52.250 +05:30 [INF] Route matched with {action = "GetRecentMessages", controller = "Admin"}. Executing controller action with signature System.Threading.Tasks.Task`1[Microsoft.AspNetCore.Mvc.IActionResult] GetRecentMessages() on controller Portfolio_Management_System.Controllers.AdminController (Portfolio Management System).
2026-06-29 23:04:52.251 +05:30 [INF] Executing endpoint 'Portfolio_Management_System.Controllers.AdminController.GetUnreadMessagesCount (Portfolio Management System)'
2026-06-29 23:04:52.251 +05:30 [INF] Route matched with {action = "GetUnreadMessagesCount", controller = "Admin"}. Executing controller action with signature System.Threading.Tasks.Task`1[Microsoft.AspNetCore.Mvc.IActionResult] GetUnreadMessagesCount() on controller Portfolio_Management_System.Controllers.AdminController (Portfolio Management System).
2026-06-29 23:04:52.417 +05:30 [INF] Executing JsonResult, writing value of type 'System.Int32'.
2026-06-29 23:04:52.417 +05:30 [INF] Executing JsonResult, writing value of type 'System.Collections.Generic.List`1[[<>f__AnonymousType17`7[[System.Int32, System.Private.CoreLib, Version=9.0.0.0, Culture=neutral, PublicKeyToken=7cec85d7bea7798e],[System.String, System.Private.CoreLib, Version=9.0.0.0, Culture=neutral, PublicKeyToken=7cec85d7bea7798e],[System.String, System.Private.CoreLib, Version=9.0.0.0, Culture=neutral, PublicKeyToken=7cec85d7bea7798e],[System.String, System.Private.CoreLib, Version=9.0.0.0, Culture=neutral, PublicKeyToken=7cec85d7bea7798e],[System.String, System.Private.CoreLib, Version=9.0.0.0, Culture=neutral, PublicKeyToken=7cec85d7bea7798e],[System.Boolean, System.Private.CoreLib, Version=9.0.0.0, Culture=neutral, PublicKeyToken=7cec85d7bea7798e],[System.DateTime, System.Private.CoreLib, Version=9.0.0.0, Culture=neutral, PublicKeyToken=7cec85d7bea7798e]], Portfolio Management System, Version=1.0.0.0, Culture=neutral, PublicKeyToken=null]]'.
2026-06-29 23:04:52.418 +05:30 [INF] Executed action Portfolio_Management_System.Controllers.AdminController.GetUnreadMessagesCount (Portfolio Management System) in 166.2546ms
2026-06-29 23:04:52.418 +05:30 [INF] Executed action Portfolio_Management_System.Controllers.AdminController.GetRecentMessages (Portfolio Management System) in 167.1143ms
2026-06-29 23:04:52.418 +05:30 [INF] Executed endpoint 'Portfolio_Management_System.Controllers.AdminController.GetUnreadMessagesCount (Portfolio Management System)'
2026-06-29 23:04:52.418 +05:30 [INF] Executed endpoint 'Portfolio_Management_System.Controllers.AdminController.GetRecentMessages (Portfolio Management System)'
2026-06-29 23:04:52.418 +05:30 [INF] HTTP GET /Admin/GetRecentMessages responded 200 in 169.2925 ms
2026-06-29 23:04:52.418 +05:30 [INF] HTTP GET /Admin/GetUnreadMessagesCount responded 200 in 168.1597 ms
2026-06-29 23:04:52.419 +05:30 [INF] Request finished HTTP/2 GET https://localhost:44341/Admin/GetRecentMessages - 200 null application/json; charset=utf-8 170.9994ms
2026-06-29 23:04:52.420 +05:30 [INF] Request finished HTTP/2 GET https://localhost:44341/Admin/GetUnreadMessagesCount - 200 null application/json; charset=utf-8 171.6049ms
2026-06-29 23:05:22.254 +05:30 [INF] Request starting HTTP/2 GET https://localhost:44341/Admin/GetUnreadMessagesCount - null null
2026-06-29 23:05:22.258 +05:30 [INF] Executing endpoint 'Portfolio_Management_System.Controllers.AdminController.GetUnreadMessagesCount (Portfolio Management System)'
2026-06-29 23:05:22.258 +05:30 [INF] Route matched with {action = "GetUnreadMessagesCount", controller = "Admin"}. Executing controller action with signature System.Threading.Tasks.Task`1[Microsoft.AspNetCore.Mvc.IActionResult] GetUnreadMessagesCount() on controller Portfolio_Management_System.Controllers.AdminController (Portfolio Management System).
2026-06-29 23:05:22.258 +05:30 [INF] Request starting HTTP/2 GET https://localhost:44341/Admin/GetRecentMessages - null null
2026-06-29 23:05:22.261 +05:30 [INF] Executing endpoint 'Portfolio_Management_System.Controllers.AdminController.GetRecentMessages (Portfolio Management System)'
2026-06-29 23:05:22.261 +05:30 [INF] Route matched with {action = "GetRecentMessages", controller = "Admin"}. Executing controller action with signature System.Threading.Tasks.Task`1[Microsoft.AspNetCore.Mvc.IActionResult] GetRecentMessages() on controller Portfolio_Management_System.Controllers.AdminController (Portfolio Management System).
2026-06-29 23:05:22.427 +05:30 [INF] Executing JsonResult, writing value of type 'System.Int32'.
2026-06-29 23:05:22.427 +05:30 [INF] Executed action Portfolio_Management_System.Controllers.AdminController.GetUnreadMessagesCount (Portfolio Management System) in 169.4804ms
2026-06-29 23:05:22.428 +05:30 [INF] Executed endpoint 'Portfolio_Management_System.Controllers.AdminController.GetUnreadMessagesCount (Portfolio Management System)'
2026-06-29 23:05:22.428 +05:30 [INF] HTTP GET /Admin/GetUnreadMessagesCount responded 200 in 173.0612 ms
2026-06-29 23:05:22.429 +05:30 [INF] Request finished HTTP/2 GET https://localhost:44341/Admin/GetUnreadMessagesCount - 200 null application/json; charset=utf-8 174.1852ms
2026-06-29 23:05:22.432 +05:30 [INF] Executing JsonResult, writing value of type 'System.Collections.Generic.List`1[[<>f__AnonymousType17`7[[System.Int32, System.Private.CoreLib, Version=9.0.0.0, Culture=neutral, PublicKeyToken=7cec85d7bea7798e],[System.String, System.Private.CoreLib, Version=9.0.0.0, Culture=neutral, PublicKeyToken=7cec85d7bea7798e],[System.String, System.Private.CoreLib, Version=9.0.0.0, Culture=neutral, PublicKeyToken=7cec85d7bea7798e],[System.String, System.Private.CoreLib, Version=9.0.0.0, Culture=neutral, PublicKeyToken=7cec85d7bea7798e],[System.String, System.Private.CoreLib, Version=9.0.0.0, Culture=neutral, PublicKeyToken=7cec85d7bea7798e],[System.Boolean, System.Private.CoreLib, Version=9.0.0.0, Culture=neutral, PublicKeyToken=7cec85d7bea7798e],[System.DateTime, System.Private.CoreLib, Version=9.0.0.0, Culture=neutral, PublicKeyToken=7cec85d7bea7798e]], Portfolio Management System, Version=1.0.0.0, Culture=neutral, PublicKeyToken=null]]'.
2026-06-29 23:05:22.476 +05:30 [INF] Executed action Portfolio_Management_System.Controllers.AdminController.GetRecentMessages (Portfolio Management System) in 214.4916ms
2026-06-29 23:05:22.476 +05:30 [INF] Executed endpoint 'Portfolio_Management_System.Controllers.AdminController.GetRecentMessages (Portfolio Management System)'
2026-06-29 23:05:22.476 +05:30 [INF] HTTP GET /Admin/GetRecentMessages responded 200 in 217.7445 ms
2026-06-29 23:05:22.477 +05:30 [INF] Request finished HTTP/2 GET https://localhost:44341/Admin/GetRecentMessages - 200 null application/json; charset=utf-8 218.4096ms
2026-06-29 23:05:52.245 +05:30 [INF] Request starting HTTP/2 GET https://localhost:44341/Admin/GetUnreadMessagesCount - null null
2026-06-29 23:05:52.245 +05:30 [INF] Request starting HTTP/2 GET https://localhost:44341/Admin/GetRecentMessages - null null
2026-06-29 23:05:52.248 +05:30 [INF] Executing endpoint 'Portfolio_Management_System.Controllers.AdminController.GetUnreadMessagesCount (Portfolio Management System)'
2026-06-29 23:05:52.248 +05:30 [INF] Route matched with {action = "GetUnreadMessagesCount", controller = "Admin"}. Executing controller action with signature System.Threading.Tasks.Task`1[Microsoft.AspNetCore.Mvc.IActionResult] GetUnreadMessagesCount() on controller Portfolio_Management_System.Controllers.AdminController (Portfolio Management System).
2026-06-29 23:05:52.252 +05:30 [INF] Executing endpoint 'Portfolio_Management_System.Controllers.AdminController.GetRecentMessages (Portfolio Management System)'
2026-06-29 23:05:52.253 +05:30 [INF] Route matched with {action = "GetRecentMessages", controller = "Admin"}. Executing controller action with signature System.Threading.Tasks.Task`1[Microsoft.AspNetCore.Mvc.IActionResult] GetRecentMessages() on controller Portfolio_Management_System.Controllers.AdminController (Portfolio Management System).
2026-06-29 23:05:52.419 +05:30 [INF] Executing JsonResult, writing value of type 'System.Int32'.
2026-06-29 23:05:52.419 +05:30 [INF] Executed action Portfolio_Management_System.Controllers.AdminController.GetUnreadMessagesCount (Portfolio Management System) in 171.3489ms
2026-06-29 23:05:52.420 +05:30 [INF] Executed endpoint 'Portfolio_Management_System.Controllers.AdminController.GetUnreadMessagesCount (Portfolio Management System)'
2026-06-29 23:05:52.421 +05:30 [INF] HTTP GET /Admin/GetUnreadMessagesCount responded 200 in 175.7230 ms
2026-06-29 23:05:52.422 +05:30 [INF] Executing JsonResult, writing value of type 'System.Collections.Generic.List`1[[<>f__AnonymousType17`7[[System.Int32, System.Private.CoreLib, Version=9.0.0.0, Culture=neutral, PublicKeyToken=7cec85d7bea7798e],[System.String, System.Private.CoreLib, Version=9.0.0.0, Culture=neutral, PublicKeyToken=7cec85d7bea7798e],[System.String, System.Private.CoreLib, Version=9.0.0.0, Culture=neutral, PublicKeyToken=7cec85d7bea7798e],[System.String, System.Private.CoreLib, Version=9.0.0.0, Culture=neutral, PublicKeyToken=7cec85d7bea7798e],[System.String, System.Private.CoreLib, Version=9.0.0.0, Culture=neutral, PublicKeyToken=7cec85d7bea7798e],[System.Boolean, System.Private.CoreLib, Version=9.0.0.0, Culture=neutral, PublicKeyToken=7cec85d7bea7798e],[System.DateTime, System.Private.CoreLib, Version=9.0.0.0, Culture=neutral, PublicKeyToken=7cec85d7bea7798e]], Portfolio Management System, Version=1.0.0.0, Culture=neutral, PublicKeyToken=null]]'.
2026-06-29 23:05:52.423 +05:30 [INF] Executed action Portfolio_Management_System.Controllers.AdminController.GetRecentMessages (Portfolio Management System) in 170.4154ms
2026-06-29 23:05:52.423 +05:30 [INF] Executed endpoint 'Portfolio_Management_System.Controllers.AdminController.GetRecentMessages (Portfolio Management System)'
2026-06-29 23:05:52.424 +05:30 [INF] Request finished HTTP/2 GET https://localhost:44341/Admin/GetUnreadMessagesCount - 200 null application/json; charset=utf-8 179.6456ms
2026-06-29 23:05:52.427 +05:30 [INF] HTTP GET /Admin/GetRecentMessages responded 200 in 180.3738 ms
2026-06-29 23:05:52.428 +05:30 [INF] Request finished HTTP/2 GET https://localhost:44341/Admin/GetRecentMessages - 200 null application/json; charset=utf-8 182.4899ms
2026-06-29 23:06:22.242 +05:30 [INF] Request starting HTTP/2 GET https://localhost:44341/Admin/GetUnreadMessagesCount - null null
2026-06-29 23:06:22.245 +05:30 [INF] Executing endpoint 'Portfolio_Management_System.Controllers.AdminController.GetUnreadMessagesCount (Portfolio Management System)'
2026-06-29 23:06:22.245 +05:30 [INF] Route matched with {action = "GetUnreadMessagesCount", controller = "Admin"}. Executing controller action with signature System.Threading.Tasks.Task`1[Microsoft.AspNetCore.Mvc.IActionResult] GetUnreadMessagesCount() on controller Portfolio_Management_System.Controllers.AdminController (Portfolio Management System).
2026-06-29 23:06:22.274 +05:30 [INF] Request starting HTTP/2 GET https://localhost:44341/Admin/GetRecentMessages - null null
2026-06-29 23:06:22.284 +05:30 [INF] Executing endpoint 'Portfolio_Management_System.Controllers.AdminController.GetRecentMessages (Portfolio Management System)'
2026-06-29 23:06:22.300 +05:30 [INF] Route matched with {action = "GetRecentMessages", controller = "Admin"}. Executing controller action with signature System.Threading.Tasks.Task`1[Microsoft.AspNetCore.Mvc.IActionResult] GetRecentMessages() on controller Portfolio_Management_System.Controllers.AdminController (Portfolio Management System).
2026-06-29 23:06:22.440 +05:30 [INF] Executing JsonResult, writing value of type 'System.Int32'.
2026-06-29 23:06:22.440 +05:30 [INF] Executed action Portfolio_Management_System.Controllers.AdminController.GetUnreadMessagesCount (Portfolio Management System) in 195.2686ms
2026-06-29 23:06:22.440 +05:30 [INF] Executed endpoint 'Portfolio_Management_System.Controllers.AdminController.GetUnreadMessagesCount (Portfolio Management System)'
2026-06-29 23:06:22.441 +05:30 [INF] HTTP GET /Admin/GetUnreadMessagesCount responded 200 in 198.3939 ms
2026-06-29 23:06:22.445 +05:30 [INF] Request finished HTTP/2 GET https://localhost:44341/Admin/GetUnreadMessagesCount - 200 null application/json; charset=utf-8 202.818ms
2026-06-29 23:06:22.468 +05:30 [INF] Executing JsonResult, writing value of type 'System.Collections.Generic.List`1[[<>f__AnonymousType17`7[[System.Int32, System.Private.CoreLib, Version=9.0.0.0, Culture=neutral, PublicKeyToken=7cec85d7bea7798e],[System.String, System.Private.CoreLib, Version=9.0.0.0, Culture=neutral, PublicKeyToken=7cec85d7bea7798e],[System.String, System.Private.CoreLib, Version=9.0.0.0, Culture=neutral, PublicKeyToken=7cec85d7bea7798e],[System.String, System.Private.CoreLib, Version=9.0.0.0, Culture=neutral, PublicKeyToken=7cec85d7bea7798e],[System.String, System.Private.CoreLib, Version=9.0.0.0, Culture=neutral, PublicKeyToken=7cec85d7bea7798e],[System.Boolean, System.Private.CoreLib, Version=9.0.0.0, Culture=neutral, PublicKeyToken=7cec85d7bea7798e],[System.DateTime, System.Private.CoreLib, Version=9.0.0.0, Culture=neutral, PublicKeyToken=7cec85d7bea7798e]], Portfolio Management System, Version=1.0.0.0, Culture=neutral, PublicKeyToken=null]]'.
2026-06-29 23:06:22.470 +05:30 [INF] Executed action Portfolio_Management_System.Controllers.AdminController.GetRecentMessages (Portfolio Management System) in 169.6397ms
2026-06-29 23:06:22.470 +05:30 [INF] Executed endpoint 'Portfolio_Management_System.Controllers.AdminController.GetRecentMessages (Portfolio Management System)'
2026-06-29 23:06:22.470 +05:30 [INF] HTTP GET /Admin/GetRecentMessages responded 200 in 196.3006 ms
2026-06-29 23:06:22.471 +05:30 [INF] Request finished HTTP/2 GET https://localhost:44341/Admin/GetRecentMessages - 200 null application/json; charset=utf-8 226.4837ms
2026-06-29 23:06:52.271 +05:30 [INF] Request starting HTTP/2 GET https://localhost:44341/Admin/GetRecentMessages - null null
2026-06-29 23:06:52.273 +05:30 [INF] Executing endpoint 'Portfolio_Management_System.Controllers.AdminController.GetRecentMessages (Portfolio Management System)'
2026-06-29 23:06:52.273 +05:30 [INF] Route matched with {action = "GetRecentMessages", controller = "Admin"}. Executing controller action with signature System.Threading.Tasks.Task`1[Microsoft.AspNetCore.Mvc.IActionResult] GetRecentMessages() on controller Portfolio_Management_System.Controllers.AdminController (Portfolio Management System).
2026-06-29 23:06:52.300 +05:30 [INF] Request starting HTTP/2 GET https://localhost:44341/Admin/GetUnreadMessagesCount - null null
2026-06-29 23:06:52.310 +05:30 [INF] Executing endpoint 'Portfolio_Management_System.Controllers.AdminController.GetUnreadMessagesCount (Portfolio Management System)'
2026-06-29 23:06:52.310 +05:30 [INF] Route matched with {action = "GetUnreadMessagesCount", controller = "Admin"}. Executing controller action with signature System.Threading.Tasks.Task`1[Microsoft.AspNetCore.Mvc.IActionResult] GetUnreadMessagesCount() on controller Portfolio_Management_System.Controllers.AdminController (Portfolio Management System).
2026-06-29 23:06:52.441 +05:30 [INF] Executing JsonResult, writing value of type 'System.Collections.Generic.List`1[[<>f__AnonymousType17`7[[System.Int32, System.Private.CoreLib, Version=9.0.0.0, Culture=neutral, PublicKeyToken=7cec85d7bea7798e],[System.String, System.Private.CoreLib, Version=9.0.0.0, Culture=neutral, PublicKeyToken=7cec85d7bea7798e],[System.String, System.Private.CoreLib, Version=9.0.0.0, Culture=neutral, PublicKeyToken=7cec85d7bea7798e],[System.String, System.Private.CoreLib, Version=9.0.0.0, Culture=neutral, PublicKeyToken=7cec85d7bea7798e],[System.String, System.Private.CoreLib, Version=9.0.0.0, Culture=neutral, PublicKeyToken=7cec85d7bea7798e],[System.Boolean, System.Private.CoreLib, Version=9.0.0.0, Culture=neutral, PublicKeyToken=7cec85d7bea7798e],[System.DateTime, System.Private.CoreLib, Version=9.0.0.0, Culture=neutral, PublicKeyToken=7cec85d7bea7798e]], Portfolio Management System, Version=1.0.0.0, Culture=neutral, PublicKeyToken=null]]'.
2026-06-29 23:06:52.442 +05:30 [INF] Executed action Portfolio_Management_System.Controllers.AdminController.GetRecentMessages (Portfolio Management System) in 168.3648ms
2026-06-29 23:06:52.442 +05:30 [INF] Executed endpoint 'Portfolio_Management_System.Controllers.AdminController.GetRecentMessages (Portfolio Management System)'
2026-06-29 23:06:52.442 +05:30 [INF] HTTP GET /Admin/GetRecentMessages responded 200 in 170.3284 ms
2026-06-29 23:06:52.442 +05:30 [INF] Request finished HTTP/2 GET https://localhost:44341/Admin/GetRecentMessages - 200 null application/json; charset=utf-8 171.4729ms
2026-06-29 23:06:52.482 +05:30 [INF] Executing JsonResult, writing value of type 'System.Int32'.
2026-06-29 23:06:52.482 +05:30 [INF] Executed action Portfolio_Management_System.Controllers.AdminController.GetUnreadMessagesCount (Portfolio Management System) in 172.3406ms
2026-06-29 23:06:52.482 +05:30 [INF] Executed endpoint 'Portfolio_Management_System.Controllers.AdminController.GetUnreadMessagesCount (Portfolio Management System)'
2026-06-29 23:06:52.483 +05:30 [INF] HTTP GET /Admin/GetUnreadMessagesCount responded 200 in 173.0755 ms
2026-06-29 23:06:52.483 +05:30 [INF] Request finished HTTP/2 GET https://localhost:44341/Admin/GetUnreadMessagesCount - 200 null application/json; charset=utf-8 183.2187ms
2026-06-29 23:07:22.315 +05:30 [INF] Request starting HTTP/2 GET https://localhost:44341/Admin/GetUnreadMessagesCount - null null
2026-06-29 23:07:22.287 +05:30 [INF] Request starting HTTP/2 GET https://localhost:44341/Admin/GetRecentMessages - null null
2026-06-29 23:07:22.324 +05:30 [INF] Executing endpoint 'Portfolio_Management_System.Controllers.AdminController.GetUnreadMessagesCount (Portfolio Management System)'
2026-06-29 23:07:22.324 +05:30 [INF] Executing endpoint 'Portfolio_Management_System.Controllers.AdminController.GetRecentMessages (Portfolio Management System)'
2026-06-29 23:07:22.325 +05:30 [INF] Route matched with {action = "GetUnreadMessagesCount", controller = "Admin"}. Executing controller action with signature System.Threading.Tasks.Task`1[Microsoft.AspNetCore.Mvc.IActionResult] GetUnreadMessagesCount() on controller Portfolio_Management_System.Controllers.AdminController (Portfolio Management System).
2026-06-29 23:07:22.325 +05:30 [INF] Route matched with {action = "GetRecentMessages", controller = "Admin"}. Executing controller action with signature System.Threading.Tasks.Task`1[Microsoft.AspNetCore.Mvc.IActionResult] GetRecentMessages() on controller Portfolio_Management_System.Controllers.AdminController (Portfolio Management System).
2026-06-29 23:07:22.500 +05:30 [INF] Executing JsonResult, writing value of type 'System.Int32'.
2026-06-29 23:07:22.499 +05:30 [INF] Executing JsonResult, writing value of type 'System.Collections.Generic.List`1[[<>f__AnonymousType17`7[[System.Int32, System.Private.CoreLib, Version=9.0.0.0, Culture=neutral, PublicKeyToken=7cec85d7bea7798e],[System.String, System.Private.CoreLib, Version=9.0.0.0, Culture=neutral, PublicKeyToken=7cec85d7bea7798e],[System.String, System.Private.CoreLib, Version=9.0.0.0, Culture=neutral, PublicKeyToken=7cec85d7bea7798e],[System.String, System.Private.CoreLib, Version=9.0.0.0, Culture=neutral, PublicKeyToken=7cec85d7bea7798e],[System.String, System.Private.CoreLib, Version=9.0.0.0, Culture=neutral, PublicKeyToken=7cec85d7bea7798e],[System.Boolean, System.Private.CoreLib, Version=9.0.0.0, Culture=neutral, PublicKeyToken=7cec85d7bea7798e],[System.DateTime, System.Private.CoreLib, Version=9.0.0.0, Culture=neutral, PublicKeyToken=7cec85d7bea7798e]], Portfolio Management System, Version=1.0.0.0, Culture=neutral, PublicKeyToken=null]]'.
2026-06-29 23:07:22.505 +05:30 [INF] Executed action Portfolio_Management_System.Controllers.AdminController.GetRecentMessages (Portfolio Management System) in 179.4633ms
2026-06-29 23:07:22.503 +05:30 [INF] Executed action Portfolio_Management_System.Controllers.AdminController.GetUnreadMessagesCount (Portfolio Management System) in 177.7496ms
2026-06-29 23:07:22.505 +05:30 [INF] Executed endpoint 'Portfolio_Management_System.Controllers.AdminController.GetRecentMessages (Portfolio Management System)'
2026-06-29 23:07:22.505 +05:30 [INF] Executed endpoint 'Portfolio_Management_System.Controllers.AdminController.GetUnreadMessagesCount (Portfolio Management System)'
2026-06-29 23:07:22.505 +05:30 [INF] HTTP GET /Admin/GetRecentMessages responded 200 in 188.2467 ms
2026-06-29 23:07:22.506 +05:30 [INF] Request finished HTTP/2 GET https://localhost:44341/Admin/GetRecentMessages - 200 null application/json; charset=utf-8 256.3817ms
2026-06-29 23:07:22.505 +05:30 [INF] HTTP GET /Admin/GetUnreadMessagesCount responded 200 in 188.6145 ms
2026-06-29 23:07:22.507 +05:30 [INF] Request finished HTTP/2 GET https://localhost:44341/Admin/GetUnreadMessagesCount - 200 null application/json; charset=utf-8 219.6104ms
